country,year,value
Austria,2010.0,4469.8
Austria,2011.0,4530.0
Austria,2012.0,3733.6
Austria,2013.0,4559.8
Austria,2014.0,4668.5
Austria,2015.0,4238.4
Belgium,2009.0,5188.7
Belgium,2010.0,5410.7
Belgium,2011.0,6054.0
Belgium,2012.0,5808.2
Belgium,2013.0,5557.3
Belgium,2014.0,5021.6
Belgium,2015.0,3455.6
Croatia,2013.0,3542.5
Croatia,2014.0,3273.8
Cyprus,2009.0,1505.3
Cyprus,2010.0,899.9
Cyprus,2011.0,959.1
Cyprus,2012.0,863.2
Cyprus,2013.0,666.8
Cyprus,2014.0,599.2
Cyprus,2015.0,557.7
Czechia,2009.0,2270.7
Czechia,2010.0,1598.1
Czechia,2011.0,1092.9
Czechia,2012.0,948.7
Czechia,2013.0,699.7
Czechia,2014.0,596.2
Czechia,2015.0,552.6
Denmark,2009.0,4353.8
Denmark,2010.0,4504.8
Denmark,2011.0,3879.7
Denmark,2012.0,3306.9
Denmark,2013.0,3056.5
Denmark,2014.0,2208.8
Denmark,2015.0,2342.8
Estonia,2009.0,432.0
Estonia,2010.0,632.1
Estonia,2011.0,607.1
Estonia,2012.0,528.8
Estonia,2013.0,778.8
Estonia,2014.0,814.3
Estonia,2015.0,884.2
Finland,2009.0,960.1
Finland,2010.0,1250.1
Finland,2011.0,1012.5
Finland,2012.0,1117.0
Finland,2013.0,736.4
Finland,2014.0,559.5
Finland,2015.0,816.5
France,2009.0,6269.3
France,2010.0,6377.6
France,2011.0,7835.3
France,2012.0,5748.1
France,2013.0,4624.7
France,2014.0,5038.1
France,2015.0,464.7
Germany,2009.0,1457.5
Germany,2010.0,1551.2
Germany,2011.0,1469.6
Germany,2012.0,1171.5
Germany,2013.0,1043.0
Germany,2014.0,1022.6
Germany,2015.0,940.7
Greece,2009.0,1066.4
Greece,2010.0,875.9
Greece,2011.0,834.6
Greece,2012.0,769.2
Greece,2013.0,713.4
Greece,2014.0,188.7
Greece,2015.0,361.6
Hungary,2009.0,660.2
Hungary,2010.0,540.2
Hungary,2011.0,426.4
Hungary,2012.0,293.7
Hungary,2013.0,418.2
Hungary,2014.0,458.2
Hungary,2015.0,749.9
Ireland,2012.0,701.7
Ireland,2013.0,1185.3
Ireland,2014.0,913.4
Ireland,2015.0,759.2
Italy,2009.0,0.0
Italy,2010.0,0.0
Italy,2011.0,0.0
Italy,2012.0,0.0
Italy,2013.0,0.0
Italy,2014.0,0.0
Italy,2015.0,0.0
Latvia,2010.0,0.0
Latvia,2011.0,48.9
Latvia,2012.0,30.7
Latvia,2013.0,38.6
Latvia,2014.0,34.0
Latvia,2015.0,32.3
Lithuania,2013.0,322.7
Lithuania,2014.0,361.0
Lithuania,2015.0,306.8
Luxembourg,2009.0,2753.8
Luxembourg,2010.0,3836.4
Luxembourg,2011.0,2743.8
Luxembourg,2012.0,2887.5
Luxembourg,2013.0,3133.7
Luxembourg,2014.0,6326.2
Luxembourg,2015.0,2505.9
Malta,2009.0,8579.9
Malta,2010.0,4244.8
Malta,2011.0,6257.7
Malta,2012.0,2086.3
Malta,2013.0,3795.2
Malta,2014.0,9365.2
Malta,2015.0,2707.9
Netherlands,2009.0,0.0
Netherlands,2010.0,0.0
Netherlands,2011.0,2793.8
Netherlands,2012.0,2274.6
Netherlands,2013.0,3128.6
Netherlands,2014.0,1751.1
Netherlands,2015.0,598.9
Norway,2009.0,2187.9
Norway,2010.0,1384.1
Norway,2011.0,725.1
Norway,2012.0,1366.5
Norway,2013.0,661.4
Norway,2014.0,387.1
Norway,2015.0,537.1
Portugal,2009.0,4731.1
Portugal,2010.0,4571.1
Portugal,2011.0,6404.8
Portugal,2012.0,7688.1
Portugal,2013.0,5145.9
Portugal,2014.0,6113.6
Portugal,2015.0,6559.9
Slovenia,2009.0,19573.0
Slovenia,2010.0,17538.9
Slovenia,2011.0,10146.6
Slovenia,2012.0,7753.9
Slovenia,2013.0,6955.5
Slovenia,2014.0,6412.9
Slovenia,2015.0,5040.1
Spain,2011.0,4283.1
Spain,2012.0,3583.7
Spain,2013.0,3547.3
Spain,2014.0,3923.0
Spain,2015.0,3809.8
Sweden,2009.0,0.0
Sweden,2010.0,0.0
Sweden,2011.0,0.0
Sweden,2012.0,0.0
Sweden,2013.0,0.0
Sweden,2014.0,0.0
Sweden,2015.0,0.0
Switzerland,2009.0,5851.4
Switzerland,2010.0,6431.8
Switzerland,2011.0,5383.0
Switzerland,2012.0,6106.5
Switzerland,2013.0,5985.9
Switzerland,2014.0,5783.3
Switzerland,2015.0,4994.4
United Kingdom,2009.0,0.0
United Kingdom,2010.0,0.0
United Kingdom,2011.0,0.0
United Kingdom,2012.0,0.0
United Kingdom,2013.0,0.0
United Kingdom,2014.0,5.3
United Kingdom,2015.0,0.0
