country,year,value
Albania,2017.0,63.1579
Andorra,2017.0,0
Antigua and Barbuda,2015.0,100
Azerbaijan,2017.0,61.86548
Australia,2015.0,48.60247
Austria,2017.0,2.05261
Bangladesh,2014.0,84.24644
Armenia,2017.0,100
Belgium,2017.0,0.88002
Bermuda,2017.0,10.44932
Bhutan,2017.0,60
Bosnia and Herzegovina,2017.0,76.59919
Botswana,2017.0,98.93179
Belize,2000.0,100
British Virgin Islands,2005.0,0
Bulgaria,2017.0,61.78571
Belarus,2017.0,77.56195
Cameroon,2009.0,99.63425
Cape Verde,2015.0,100
Chile,2014.0,100
China,2017.0,55.93446
Croatia,2017.0,72.4359
Cuba,2017.0,91.39356
Cyprus,2017.0,75.68556
Czechia,2017.0,48.44908
Denmark,2017.0,0.84388
Dominica,2005.0,100
Ecuador,2012.0,6.69014
Estonia,2017.0,19.06615
Finland,2017.0,0.92461
France,2017.0,21.58579
Germany,2017.0,0.87501
Ghana,2017.0,95.00001
Greece,2015.0,84.32082
Hong Kong,2015.0,64.58805
Hungary,2017.0,48.43418
Iceland,2017.0,63.55556
Ireland,2016.0,25.7329
Israel,2015.0,79.95201
Italy,2017.0,23.41548
Japan,2016.0,0.9868
Kazakhstan,2017.0,76.03514
Jordan,2015.0,99.36669
Kenya,2017.0,100
Korea,2016.0,14.70933
Kuwait,2017.0,92.70573
Kyrgyzstan,2017.0,100
Lebanon,2012.0,81.03093
Latvia,2017.0,27.14454
Liechtenstein,2017.0,0
Lithuania,2017.0,32.73717
Luxembourg,2017.0,6.90608
Madagascar,2007.0,96.69278
Malaysia,2017.0,78.95993
Malta,2017.0,86.21908
Mauritius,2017.0,97.07426
Mexico,2012.0,95.01223
Monaco,2017.0,0
Moldova,2017.0,100
Morocco,2015.0,90
Nepal,2012.0,80
Netherlands,2017.0,1.41118
Curacao,2017.0,91.75673
New Zealand,2017.0,100
Niger,2005.0,64
Norway,2017.0,3.46923
Panama,2015.0,100
Poland,2017.0,41.77458
Portugal,2017.0,47.26656
Romania,2017.0,70.79812
Anguilla,2008.0,100
Saint Lucia,2017.0,100
Saint Vincent and the Grenadines,2002.0,84.92063
Serbia,2015.0,98.98108
Singapore,2017.0,2.88361
Slovakia,2017.0,60.54422
Slovenia,2017.0,10.16427
Zimbabwe,2017.0,0
Spain,2017.0,53.58569
Suriname,2017.0,0.11935
Sweden,2017.0,0.43946
Switzerland,2017.0,0
Thailand,2017.0,47.13567
United Arab Emirates,2017.0,71.99693
Tunisia,2004.0,99.9453
Turkey,2017.0,84.38533
Ukraine,2017.0,57.39407
North Macedonia,2017.0,100
Egypt,2012.0,20.0331
United Kingdom,2017.0,16.91307
Tanzania,2015.0,17.64138
United States,2015.0,52.47705
Samoa,2017.0,93.41747
Yemen,2013.0,100
