country,year,value
Afghanistan,2009.0,58.6
Afghanistan,2012.0,50.1
Albania,2010.0,19.3
Argentina,2016.0,2.4
Bosnia and Herzegovina,2010.0,20.7
Burundi,2014.0,3.6
Cape Verde,2016.0,1.2
Chile,2006.0,0.5
Chile,2007.0,0.4
Chile,2008.0,0.7
Chile,2009.0,0.4
Chile,2010.0,0.4
Chile,2011.0,0.4
Chile,2012.0,0.3
Chile,2013.0,0.1
Chile,2014.0,0.1
Croatia,2010.0,11.2
Estonia,2004.0,3.3
Estonia,2009.0,0.5
France,2018.0,0.1
Georgia,2010.0,0.2
Palestine,2010.0,1.8
Palestine,2013.0,2.6
Palestine,2018.0,2.1
Guyana,2010.0,10.1
Guyana,2017.0,2.5
Guyana,2018.0,2.5
Iraq,2011.0,11.6
Italy,2016.0,1.2
Jamaica,2009.0,4.3
Korea,2008.0,0.0
Korea,2009.0,0.0
Korea,2010.0,0.0
Korea,2011.0,0.0
Korea,2012.0,0.0
Korea,2013.0,0.0
Korea,2014.0,0.03
Kosovo,2010.0,11.1
Kyrgyzstan,2015.0,14.21
Lithuania,2005.0,27.0
Lithuania,2007.0,28.1
Lithuania,2008.0,24.0
Lithuania,2011.0,22.4
Lithuania,2014.0,24.3
Lithuania,2016.0,15.5
Lithuania,2018.0,11.6
Luxembourg,2013.0,0.6
Mauritius,2014.0,13.0
Mexico,2013.0,12.1
Mexico,2015.0,12.6
Mexico,2017.0,14.6
Mexico,2018.0,14.6
Montenegro,2010.0,9.7
Morocco,2014.0,32.4
Nigeria,2016.0,32.3
Panama,2016.0,32.0
Paraguay,2008.0,5.7
Paraguay,2010.0,7.0
Peru,2004.0,3.6
Peru,2005.0,3.3
Peru,2006.0,4.0
Peru,2007.0,5.0
Peru,2008.0,5.7
Peru,2009.0,5.5
Peru,2010.0,5.0
Peru,2011.0,4.4
Peru,2012.0,3.7
Peru,2013.0,3.2
Peru,2014.0,2.9
Peru,2015.0,2.8
Peru,2016.0,3.6
Peru,2017.0,2.7
Peru,2018.0,2.7
Philippines,2013.0,4.3
Philippines,2016.0,3.2
Philippines,2017.0,2.5
Poland,2010.0,6.8
Timor-Leste,2011.0,4.0
Serbia,2010.0,9.3
South Africa,2010.0,5.92
Trinidad and Tobago,2007.0,1.3
Uganda,2016.0,16.5
North Macedonia,2010.0,6.2
Tanzania,2009.0,19.0
Venezuela,2006.0,11.2
