country,year,value
Austria,2010.0,92.42572
Austria,2013.0,117.30227
Austria,2016.0,158.38744
Belgium,2010.0,72.18744
Belgium,2013.0,101.28241
Belgium,2016.0,130.53665
Bulgaria,2010.0,23.05888
Bulgaria,2013.0,41.95275
Bulgaria,2016.0,50.78006
Canada,2001.0,42.70
Canada,2006.0,41.56
Canada,2011.0,83.14
Canada,2016.0,90.84
Croatia,2010.0,47.45434
Croatia,2013.0,68.06844
Croatia,2016.0,69.24911
Cyprus,2010.0,60.43751
Cyprus,2013.0,61.48909
Cyprus,2016.0,79.12906
Czechia,2010.0,52.68918
Czechia,2013.0,60.1639
Czechia,2016.0,63.9273
Denmark,2010.0,130.39315
Denmark,2013.0,112.11042
Denmark,2016.0,105.73671
Ethiopia,2014.0,4.29
Ethiopia,2016.0,4.44
Estonia,2010.0,44.98129
Estonia,2013.0,64.95339
Estonia,2016.0,69.58545
Finland,2010.0,113.15602
Finland,2013.0,113.20191
Finland,2016.0,109.38225
France,2010.0,70.47381
France,2013.0,71.25065
France,2016.0,65.30875
Germany,2010.0,96.44636
Germany,2013.0,107.93248
Germany,2016.0,118.97565
Greece,2010.0,54.78832
Greece,2013.0,72.27819
Greece,2016.0,77.38813
Hungary,2010.0,37.66643
Hungary,2013.0,35.48547
Hungary,2016.0,46.32656
India,2005.0,5.47
India,2012.0,8.05
Ireland,2010.0,38.82846
Ireland,2013.0,55.56457
Ireland,2016.0,62.20783
Italy,2010.0,91.97505
Italy,2013.0,114.42654
Italy,2016.0,132.65473
Latvia,2010.0,25.34425
Latvia,2013.0,57.83476
Latvia,2016.0,55.24979
Lithuania,2010.0,43.92227
Lithuania,2013.0,77.40149
Lithuania,2016.0,79.54702
Luxembourg,2010.0,61.54313
Luxembourg,2013.0,91.50768
Luxembourg,2016.0,107.46007
Malawi,2011.0,5.05
Malawi,2013.0,6.79
Malawi,2017.0,5.27
Mali,2014.0,7.80
Mali,2017.0,13.68
Malta,2010.0,45.12198
Malta,2013.0,75.94992
Malta,2016.0,78.05532
Netherlands,2010.0,59.43893
Netherlands,2013.0,82.90019
Netherlands,2016.0,73.58043
Niger,2011.0,5.13
Niger,2014.0,5.59
Nigeria,2016.0,4.03
Nigeria,2019.0,5.18
Poland,2010.0,29.58735
Poland,2013.0,44.68734
Poland,2016.0,59.00599
Portugal,2010.0,26.45595
Portugal,2013.0,44.43735
Portugal,2016.0,56.16259
Romania,2010.0,50.47367
Romania,2013.0,71.01935
Romania,2016.0,74.15165
Slovakia,2010.0,46.45349
Slovakia,2013.0,60.28442
Slovakia,2016.0,80.49177
Slovenia,2010.0,41.77922
Slovenia,2013.0,57.71135
Slovenia,2016.0,64.93442
Spain,2010.0,81.42605
Spain,2013.0,94.67572
Spain,2016.0,103.7881
Sweden,2010.0,102.30513
Sweden,2013.0,85.70129
Sweden,2016.0,99.6832
Uganda,2010.0,4.90
Uganda,2011.0,3.87
Uganda,2012.0,4.59
Uganda,2014.0,3.76
Uganda,2016.0,3.96
Tanzania,2009.0,3.42
Tanzania,2011.0,4.32
Tanzania,2013.0,3.68
Burkina Faso,2014.0,3.80
