country,year,value
World,2016.0,358.0
World,2017.0,444.0
World,2018.0,530.0
World,2019.0,653.0
World,2020.0,764.0
South America,2016.0,20.0
South America,2017.0,22.0
South America,2018.0,32.0
South America,2019.0,34.0
South America,2020.0,37.0
Oceania,2016.0,14.0
Oceania,2017.0,16.0
Oceania,2018.0,18.0
Oceania,2019.0,23.0
Oceania,2020.0,27.0
Central America,2016.0,6.0
Central America,2017.0,7.0
Central America,2018.0,8.0
Central America,2019.0,9.0
Central America,2020.0,9.0
Southern Africa,2016.0,13.0
Southern Africa,2017.0,13.0
Southern Africa,2018.0,13.0
Southern Africa,2019.0,14.0
Southern Africa,2020.0,14.0
Americas,2016.0,81.0
Americas,2017.0,93.0
Americas,2018.0,127.0
Americas,2019.0,162.0
Americas,2020.0,208.0
Northern America,2016.0,55.0
Northern America,2017.0,64.0
Northern America,2018.0,87.0
Northern America,2019.0,118.0
Northern America,2020.0,160.0
Eastern Asia,2016.0,53.0
Eastern Asia,2017.0,86.0
Eastern Asia,2018.0,96.0
Eastern Asia,2019.0,126.0
Eastern Asia,2020.0,132.0
Argentina,2016.0,2.0
Argentina,2017.0,3.0
Argentina,2018.0,5.0
Argentina,2019.0,5.0
Argentina,2020.0,5.0
Southern Asia,2016.0,17.0
Southern Asia,2017.0,17.0
Southern Asia,2018.0,17.0
Southern Asia,2019.0,25.0
Southern Asia,2020.0,28.0
South-Eastern Asia,2016.0,20.0
South-Eastern Asia,2017.0,29.0
South-Eastern Asia,2018.0,30.0
South-Eastern Asia,2019.0,37.0
South-Eastern Asia,2020.0,41.0
Australia,2016.0,14.0
Australia,2017.0,16.0
Australia,2018.0,17.0
Australia,2019.0,22.0
Australia,2020.0,26.0
Southern Europe,2016.0,23.0
Southern Europe,2017.0,29.0
Southern Europe,2018.0,37.0
Southern Europe,2019.0,42.0
Southern Europe,2020.0,42.0
Austria,2016.0,3.0
Austria,2017.0,4.0
Austria,2018.0,5.0
Austria,2019.0,5.0
Austria,2020.0,5.0
Bahrain,2019.0,1.0
Bahrain,2020.0,1.0
Australia and New Zealand,2016.0,14.0
Australia and New Zealand,2017.0,16.0
Australia and New Zealand,2018.0,18.0
Australia and New Zealand,2019.0,23.0
Australia and New Zealand,2020.0,27.0
Belgium,2016.0,1.0
Belgium,2017.0,1.0
Belgium,2018.0,2.0
Belgium,2019.0,3.0
Belgium,2020.0,3.0
Bermuda,2016.0,1.0
Bermuda,2017.0,2.0
Bermuda,2018.0,3.0
Bermuda,2019.0,4.0
Bermuda,2020.0,8.0
Central and Southern Asia,2016.0,17.0
Central and Southern Asia,2017.0,17.0
Central and Southern Asia,2018.0,17.0
Central and Southern Asia,2019.0,25.0
Central and Southern Asia,2020.0,28.0
Brazil,2016.0,10.0
Brazil,2017.0,9.0
Brazil,2018.0,10.0
Brazil,2019.0,12.0
Brazil,2020.0,14.0
Canada,2016.0,14.0
Canada,2017.0,14.0
Canada,2018.0,16.0
Canada,2019.0,18.0
Canada,2020.0,19.0
Asia,2016.0,108.0
Asia,2017.0,153.0
Asia,2018.0,170.0
Asia,2019.0,220.0
Asia,2020.0,242.0
Western Asia,2016.0,18.0
Western Asia,2017.0,21.0
Western Asia,2018.0,27.0
Western Asia,2019.0,32.0
Western Asia,2020.0,41.0
Europe,2016.0,124.0
Europe,2017.0,150.0
Europe,2018.0,183.0
Europe,2019.0,214.0
Europe,2020.0,252.0
Eastern Europe,2016.0,10.0
Eastern Europe,2017.0,15.0
Eastern Europe,2018.0,16.0
Eastern Europe,2019.0,18.0
Eastern Europe,2020.0,19.0
Chile,2016.0,3.0
Chile,2017.0,4.0
Chile,2018.0,6.0
Chile,2019.0,6.0
Chile,2020.0,7.0
Northern Europe,2016.0,54.0
Northern Europe,2017.0,62.0
Northern Europe,2018.0,78.0
Northern Europe,2019.0,95.0
Northern Europe,2020.0,126.0
Western Europe,2016.0,37.0
Western Europe,2017.0,44.0
Western Europe,2018.0,52.0
Western Europe,2019.0,59.0
Western Europe,2020.0,65.0
China,2016.0,17.0
China,2017.0,47.0
China,2018.0,51.0
China,2019.0,67.0
China,2020.0,72.0
Colombia,2016.0,4.0
Colombia,2017.0,5.0
Colombia,2018.0,7.0
Colombia,2019.0,8.0
Colombia,2020.0,8.0
Cyprus,2017.0,1.0
Cyprus,2018.0,1.0
Cyprus,2019.0,2.0
Cyprus,2020.0,2.0
Czechia,2016.0,1.0
Czechia,2017.0,2.0
Czechia,2018.0,2.0
Czechia,2019.0,2.0
Czechia,2020.0,2.0
Denmark,2016.0,4.0
Denmark,2017.0,5.0
Denmark,2018.0,6.0
Denmark,2019.0,7.0
Denmark,2020.0,7.0
Faeroe Islands,2020.0,1.0
Finland,2016.0,2.0
Finland,2017.0,2.0
Finland,2018.0,3.0
Finland,2019.0,4.0
Finland,2020.0,5.0
France,2016.0,9.0
France,2017.0,10.0
France,2018.0,12.0
France,2019.0,13.0
France,2020.0,13.0
Georgia,2018.0,1.0
Georgia,2019.0,1.0
Georgia,2020.0,1.0
Germany,2016.0,6.0
Germany,2017.0,7.0
Germany,2018.0,9.0
Germany,2019.0,12.0
Germany,2020.0,13.0
Greece,2016.0,3.0
Greece,2017.0,3.0
Greece,2018.0,3.0
Greece,2019.0,4.0
Greece,2020.0,4.0
"China, Hong Kong Special Administrative Region",2016.0,9.0
"China, Hong Kong Special Administrative Region",2017.0,10.0
"China, Hong Kong Special Administrative Region",2018.0,11.0
"China, Hong Kong Special Administrative Region",2019.0,15.0
"China, Hong Kong Special Administrative Region",2020.0,15.0
Hungary,2016.0,1.0
Hungary,2017.0,1.0
Hungary,2018.0,1.0
Hungary,2019.0,1.0
Hungary,2020.0,1.0
Iceland,2020.0,1.0
India,2016.0,17.0
India,2017.0,17.0
India,2018.0,17.0
India,2019.0,24.0
India,2020.0,27.0
Indonesia,2016.0,4.0
Indonesia,2017.0,5.0
Indonesia,2018.0,5.0
Indonesia,2019.0,6.0
Indonesia,2020.0,6.0
Ireland,2016.0,1.0
Ireland,2017.0,3.0
Ireland,2018.0,3.0
Ireland,2019.0,4.0
Ireland,2020.0,4.0
Israel,2016.0,3.0
Israel,2017.0,3.0
Israel,2018.0,3.0
Israel,2019.0,3.0
Israel,2020.0,3.0
Italy,2016.0,11.0
Italy,2017.0,16.0
Italy,2018.0,22.0
Italy,2019.0,25.0
Italy,2020.0,25.0
Japan,2016.0,17.0
Japan,2017.0,17.0
Japan,2018.0,21.0
Japan,2019.0,28.0
Japan,2020.0,29.0
Jordan,2016.0,1.0
Jordan,2017.0,1.0
Jordan,2018.0,1.0
Jordan,2019.0,1.0
Jordan,2020.0,4.0
South Korea,2016.0,10.0
South Korea,2017.0,12.0
South Korea,2018.0,13.0
South Korea,2019.0,16.0
South Korea,2020.0,16.0
Kuwait,2016.0,1.0
Kuwait,2017.0,1.0
Kuwait,2018.0,1.0
Kuwait,2019.0,1.0
Kuwait,2020.0,2.0
Latin America and the Caribbean,2016.0,26.0
Latin America and the Caribbean,2017.0,29.0
Latin America and the Caribbean,2018.0,40.0
Latin America and the Caribbean,2019.0,44.0
Latin America and the Caribbean,2020.0,48.0
Liechtenstein,2018.0,1.0
Liechtenstein,2019.0,2.0
Liechtenstein,2020.0,2.0
Luxembourg,2020.0,1.0
Malaysia,2016.0,5.0
Malaysia,2017.0,9.0
Malaysia,2018.0,9.0
Malaysia,2019.0,9.0
Malaysia,2020.0,9.0
Malta,2019.0,1.0
Malta,2020.0,1.0
Mexico,2016.0,6.0
Mexico,2017.0,7.0
Mexico,2018.0,8.0
Mexico,2019.0,9.0
Mexico,2020.0,9.0
Oman,2016.0,1.0
Oman,2017.0,1.0
Oman,2018.0,1.0
Oman,2019.0,1.0
Oman,2020.0,1.0
Europe and Northern America,2016.0,179.0
Europe and Northern America,2017.0,214.0
Europe and Northern America,2018.0,270.0
Europe and Northern America,2019.0,332.0
Europe and Northern America,2020.0,412.0
Netherlands,2016.0,7.0
Netherlands,2017.0,7.0
Netherlands,2018.0,7.0
Netherlands,2019.0,8.0
Netherlands,2020.0,8.0
New Zealand,2018.0,1.0
New Zealand,2019.0,1.0
New Zealand,2020.0,1.0
Nigeria,2019.0,1.0
Nigeria,2020.0,1.0
Norway,2016.0,2.0
Norway,2017.0,2.0
Norway,2018.0,9.0
Norway,2019.0,11.0
Norway,2020.0,12.0
Pakistan,2019.0,1.0
Pakistan,2020.0,1.0
Peru,2016.0,1.0
Peru,2017.0,1.0
Peru,2018.0,4.0
Peru,2019.0,3.0
Peru,2020.0,3.0
Philippines,2016.0,2.0
Philippines,2017.0,2.0
Philippines,2018.0,3.0
Philippines,2019.0,3.0
Philippines,2020.0,4.0
Poland,2016.0,6.0
Poland,2017.0,8.0
Poland,2018.0,8.0
Poland,2019.0,9.0
Poland,2020.0,10.0
Portugal,2016.0,1.0
Portugal,2017.0,1.0
Portugal,2018.0,1.0
Portugal,2019.0,1.0
Portugal,2020.0,1.0
Puerto Rico,2019.0,1.0
Puerto Rico,2020.0,2.0
Qatar,2016.0,1.0
Qatar,2017.0,1.0
Qatar,2018.0,2.0
Qatar,2019.0,2.0
Qatar,2020.0,2.0
Romania,2017.0,1.0
Romania,2018.0,1.0
Romania,2019.0,2.0
Romania,2020.0,2.0
Russia,2016.0,2.0
Russia,2017.0,3.0
Russia,2018.0,4.0
Russia,2019.0,4.0
Russia,2020.0,4.0
Saudi Arabia,2016.0,1.0
Saudi Arabia,2017.0,1.0
Saudi Arabia,2018.0,1.0
Saudi Arabia,2019.0,3.0
Saudi Arabia,2020.0,3.0
Singapore,2016.0,3.0
Singapore,2017.0,5.0
Singapore,2018.0,5.0
Singapore,2019.0,7.0
Singapore,2020.0,7.0
South Africa,2016.0,13.0
South Africa,2017.0,13.0
South Africa,2018.0,13.0
South Africa,2019.0,14.0
South Africa,2020.0,14.0
Spain,2016.0,8.0
Spain,2017.0,9.0
Spain,2018.0,11.0
Spain,2019.0,11.0
Spain,2020.0,11.0
Sweden,2016.0,5.0
Sweden,2017.0,7.0
Sweden,2018.0,13.0
Sweden,2019.0,15.0
Sweden,2020.0,18.0
Eastern and South-Eastern Asia,2016.0,73.0
Eastern and South-Eastern Asia,2017.0,115.0
Eastern and South-Eastern Asia,2018.0,126.0
Eastern and South-Eastern Asia,2019.0,163.0
Eastern and South-Eastern Asia,2020.0,173.0
Switzerland,2016.0,11.0
Switzerland,2017.0,15.0
Switzerland,2018.0,16.0
Switzerland,2019.0,16.0
Switzerland,2020.0,20.0
Thailand,2016.0,6.0
Thailand,2017.0,8.0
Thailand,2018.0,8.0
Thailand,2019.0,12.0
Thailand,2020.0,15.0
United Arab Emirates,2016.0,2.0
United Arab Emirates,2017.0,4.0
United Arab Emirates,2018.0,5.0
United Arab Emirates,2019.0,6.0
United Arab Emirates,2020.0,7.0
Turkey,2016.0,8.0
Turkey,2017.0,8.0
Turkey,2018.0,11.0
Turkey,2019.0,11.0
Turkey,2020.0,15.0
Egypt,2016.0,2.0
Egypt,2017.0,2.0
Egypt,2018.0,1.0
Egypt,2020.0,1.0
United Kingdom,2016.0,40.0
United Kingdom,2017.0,43.0
United Kingdom,2018.0,44.0
United Kingdom,2019.0,50.0
United Kingdom,2020.0,71.0
Guernsey,2019.0,3.0
Guernsey,2020.0,5.0
Jersey,2019.0,1.0
Jersey,2020.0,2.0
United States,2016.0,40.0
United States,2017.0,48.0
United States,2018.0,68.0
United States,2019.0,96.0
United States,2020.0,133.0
