country,year,value
Afghanistan,2011.0,39.18679
Afghanistan,2015.0,56.63217
Algeria,2013.0,100.0
Bangladesh,2006.0,92.31123
Bangladesh,2011.0,92.80605
Bangladesh,2014.0,97.10938
Bhutan,2010.0,81.46185
Bolivia,2000.0,71.61
Bolivia,2001.0,62.86
Bolivia,2002.0,73.3
Bolivia,2004.0,86.76
Bolivia,2005.0,91.2
Bolivia,2006.0,73.76
Bolivia,2007.0,94.73
Bolivia,2009.0,87.06
Bolivia,2011.0,90.22
Bolivia,2012.0,92.88
Bolivia,2013.0,94.92
Bolivia,2014.0,97.67
Bolivia,2015.0,96.57
Bolivia,2016.0,96.67
Bolivia,2017.0,100.0
Bolivia,2018.0,100.0
Bosnia and Herzegovina,2012.0,100.0
Brazil,2001.0,94.04
Brazil,2002.0,92.91
Brazil,2003.0,98.8
Brazil,2004.0,96.01
Brazil,2005.0,95.18
Brazil,2006.0,97.02
Brazil,2007.0,95.75
Brazil,2008.0,98.03
Brazil,2009.0,97.96
Brazil,2011.0,99.21
Brazil,2012.0,98.86
Brazil,2013.0,98.68
Brazil,2014.0,98.31
Brazil,2015.0,97.39
Brazil,2016.0,98.61
Brazil,2017.0,98.3
Brazil,2018.0,98.63
Belize,2016.0,100.0
Myanmar,2016.0,82.15788
Burundi,2000.0,23.84106
Burundi,2010.0,62.56521
Burundi,2017.0,67.95522
Cambodia,2005.0,77.92791
Cambodia,2010.0,93.00222
Cambodia,2014.0,95.75439
Cameroon,2011.0,92.56832
Central African Republic,2006.0,13.18928
Central African Republic,2010.0,49.04532
Sri Lanka,2006.0,99.61324
Chad,2014.0,31.90122
Chile,2000.0,96.46
Chile,2003.0,98.01
Chile,2006.0,98.53
Chile,2009.0,99.18
Chile,2011.0,100.0
Chile,2013.0,99.34
Chile,2015.0,99.27
Chile,2017.0,100.0
Colombia,2002.0,88.12
Colombia,2003.0,81.08
Colombia,2004.0,90.56
Colombia,2008.0,90.41
Colombia,2009.0,92.57
Colombia,2011.0,94.52
Colombia,2012.0,93.74
Colombia,2013.0,93.49
Colombia,2014.0,97.06
Colombia,2016.0,96.36
Colombia,2017.0,95.84
Colombia,2018.0,94.22
Comoros,2012.0,95.35028
Congo,2012.0,88.61803
Costa Rica,2000.0,94.41
Costa Rica,2001.0,96.54
Costa Rica,2002.0,95.59
Costa Rica,2003.0,98.39
Costa Rica,2004.0,98.01
Costa Rica,2005.0,93.34
Costa Rica,2006.0,97.41
Costa Rica,2007.0,97.61
Costa Rica,2008.0,94.21
Costa Rica,2009.0,96.62
Costa Rica,2010.0,98.49
Costa Rica,2012.0,99.68
Costa Rica,2013.0,100.0
Costa Rica,2014.0,100.0
Costa Rica,2015.0,100.0
Costa Rica,2016.0,97.85
Costa Rica,2017.0,100.0
Costa Rica,2018.0,100.0
Benin,2006.0,60.78561
Benin,2011.0,73.0989
Benin,2014.0,69.69783
Benin,2018.0,70.37958
Dominican Republic,2000.0,87.0
Dominican Republic,2002.0,84.52
Dominican Republic,2003.0,91.76
Dominican Republic,2004.0,95.83
Dominican Republic,2005.0,95.79
Dominican Republic,2006.0,90.75
Dominican Republic,2007.0,94.46036
Dominican Republic,2008.0,100.0
Dominican Republic,2009.0,91.35
Dominican Republic,2010.0,100.0
Dominican Republic,2011.0,90.25
Dominican Republic,2012.0,89.99
Dominican Republic,2014.0,100.0
Dominican Republic,2015.0,94.01
Ecuador,2001.0,93.99
Ecuador,2003.0,90.9
Ecuador,2005.0,92.12
Ecuador,2006.0,94.14
Ecuador,2007.0,92.47
Ecuador,2008.0,94.86
Ecuador,2009.0,96.25
Ecuador,2010.0,97.89
Ecuador,2011.0,94.98
Ecuador,2012.0,94.83
Ecuador,2013.0,97.17
Ecuador,2014.0,99.24
Ecuador,2015.0,99.37
Ecuador,2016.0,99.39
Ecuador,2017.0,99.1
Ecuador,2018.0,98.59
El Salvador,2000.0,74.86
El Salvador,2001.0,75.81
El Salvador,2002.0,69.38
El Salvador,2003.0,67.18
El Salvador,2004.0,81.91
El Salvador,2005.0,80.97
El Salvador,2006.0,82.51
El Salvador,2009.0,84.33
El Salvador,2010.0,84.46
El Salvador,2012.0,91.61
El Salvador,2013.0,93.47
El Salvador,2014.0,91.98
El Salvador,2015.0,94.17
El Salvador,2016.0,92.01
El Salvador,2017.0,90.97
El Salvador,2018.0,95.76
Ethiopia,2005.0,31.25843
Ethiopia,2011.0,50.47305
Ethiopia,2016.0,66.57656
Gambia,2006.0,86.43199
Gambia,2010.0,46.39624
Palestine,2014.0,100.0
Ghana,2009.0,80.06627
Guatemala,2000.0,53.49
Guatemala,2006.0,65.26
Guatemala,2014.0,71.52
Guatemala,2015.0,97.15051
Guinea,2016.0,59.56407
Guyana,2006.0,100.0
Guyana,2009.0,100.0
Guyana,2014.0,100.0
Haiti,2005.0,72.89179
Haiti,2012.0,70.93391
Haiti,2017.0,88.69807
Honduras,2001.0,76.09
Honduras,2004.0,80.32
Honduras,2005.0,75.21
Honduras,2009.0,88.53
Honduras,2010.0,91.63
Honduras,2011.0,96.73676
Honduras,2012.0,85.14
Honduras,2013.0,88.82
Honduras,2014.0,91.21
Honduras,2015.0,81.21
Honduras,2016.0,83.37
Honduras,2018.0,93.56
India,2006.0,96.82071
India,2016.0,98.87578
Indonesia,2003.0,90.24088
Indonesia,2008.0,98.57326
Indonesia,2017.0,98.67996
Iraq,2011.0,83.10668
Cote d'Ivoire,2016.0,73.50277
Jordan,2007.0,98.17297
Kenya,2003.0,73.33128
Kenya,2008.0,97.67208
Kenya,2014.0,97.49504
Laos,2006.0,98.28012
Laos,2012.0,97.72815
Laos,2017.0,100.0
Lesotho,2005.0,86.87212
Lesotho,2009.0,91.68725
Lesotho,2014.0,87.7123
Liberia,2007.0,33.99076
Liberia,2013.0,27.86778
Madagascar,2009.0,74.68086
Malawi,2004.0,81.06342
Malawi,2010.0,74.93506
Malawi,2016.0,71.04314
Mali,2006.0,30.18953
Mali,2013.0,67.36426
Mali,2015.0,66.21526
Mauritania,2011.0,57.66438
Mexico,2000.0,93.73
Mexico,2002.0,92.95
Mexico,2004.0,91.83
Mexico,2006.0,98.01
Mexico,2008.0,97.63
Mexico,2010.0,96.57
Mexico,2012.0,96.42
Mexico,2014.0,98.53
Mexico,2018.0,99.13
Mozambique,2003.0,28.51585
Mozambique,2008.0,55.0876
Mozambique,2011.0,66.83672
Nepal,2007.0,85.07551
Nepal,2011.0,94.86418
Nepal,2014.0,88.95193
Nicaragua,2001.0,62.28
Nicaragua,2005.0,73.23
Nicaragua,2009.0,63.67
Nicaragua,2014.0,90.18
Niger,2006.0,12.22379
Niger,2012.0,24.25201
Nigeria,2003.0,91.29458
Nigeria,2007.0,84.78404
Nigeria,2008.0,95.92398
Nigeria,2011.0,94.06461
Nigeria,2013.0,96.21661
Nigeria,2016.0,97.28678
Pakistan,2007.0,89.86394
Pakistan,2012.0,87.43039
Pakistan,2018.0,81.93088
Panama,2000.0,97.63
Panama,2001.0,92.61
Panama,2002.0,95.6
Panama,2003.0,96.53
Panama,2004.0,98.88
Panama,2005.0,98.41
Panama,2006.0,94.99
Panama,2007.0,99.31
Panama,2008.0,99.46
Panama,2009.0,96.66
Panama,2011.0,96.69
Panama,2013.0,100.0
Panama,2014.0,96.7
Panama,2015.0,100.0
Panama,2016.0,98.45
Panama,2017.0,100.0
Panama,2018.0,97.27
Paraguay,2001.0,81.51
Paraguay,2003.0,83.84
Paraguay,2004.0,81.05
Paraguay,2005.0,94.04
Paraguay,2006.0,92.04
Paraguay,2007.0,90.03
Paraguay,2008.0,87.74
Paraguay,2009.0,86.11
Paraguay,2010.0,86.57
Paraguay,2011.0,91.69
Paraguay,2012.0,88.67
Paraguay,2013.0,93.31
Paraguay,2014.0,88.87
Paraguay,2015.0,94.57
Paraguay,2017.0,100.0
Paraguay,2018.0,95.75
Peru,2000.0,80.67
Peru,2001.0,89.22
Peru,2002.0,89.15
Peru,2003.0,88.83
Peru,2004.0,91.18
Peru,2005.0,89.11
Peru,2006.0,94.64
Peru,2007.0,92.2
Peru,2008.0,93.67
Peru,2009.0,94.15
Peru,2010.0,94.73
Peru,2011.0,96.73
Peru,2012.0,97.68
Peru,2013.0,96.8
Peru,2014.0,95.94
Peru,2015.0,95.94
Peru,2016.0,96.69
Peru,2017.0,98.23
Peru,2018.0,98.81
Philippines,2004.0,98.30991
Philippines,2018.0,99.38599
Timor-Leste,2009.0,88.79573
Timor-Leste,2016.0,95.6802
Rwanda,2005.0,20.87437
Rwanda,2010.0,57.86998
Rwanda,2015.0,70.44589
Senegal,2005.0,12.22759
Senegal,2011.0,19.35583
Senegal,2016.0,43.36801
Senegal,2017.0,49.7626
Vietnam,2011.0,100.0
Vietnam,2014.0,100.0
Zimbabwe,2010.0,98.58529
South Sudan,2010.0,22.54409
Sudan,2014.0,96.4211
Suriname,2010.0,96.99327
Eswatini,2006.0,83.52105
Eswatini,2010.0,85.22318
Eswatini,2014.0,87.42548
Syria,2006.0,100.0
Tajikistan,2006.0,99.59454
Tajikistan,2012.0,100.0
Thailand,2013.0,100.0
Thailand,2016.0,93.53432
Turkey,2004.0,100.0
Uganda,2006.0,57.82974
Uganda,2011.0,58.73899
Uganda,2016.0,63.60826
Egypt,2005.0,98.4416
Egypt,2009.0,98.28909
Tanzania,2004.0,90.45827
Tanzania,2010.0,88.71333
Tanzania,2015.0,97.75256
Burkina Faso,2003.0,37.73457
Burkina Faso,2006.0,50.64871
Burkina Faso,2010.0,48.47667
Uruguay,2008.0,100.0
Uzbekistan,2006.0,100.0
Yemen,2006.0,54.75797
Yemen,2013.0,84.43134
Zambia,2001.0,89.91131
Zambia,2013.0,95.98627
