country,year,value
Antigua and Barbuda,2016.0,81.4
Azerbaijan,2016.0,95.3
Azerbaijan,2020.0,76.8
Argentina,2020.0,86.9
Australia,2013.0,72.6
Australia,2014.0,73.1
Australia,2020.0,100.0
Austria,2013.0,96.5
Austria,2014.0,98.8
Austria,2020.0,100.0
Armenia,2016.0,72.6
Armenia,2020.0,69.9
Barbados,2020.0,61.5
Belgium,2013.0,98.9
Belgium,2014.0,100.0
Belgium,2020.0,100.0
Bermuda,2020.0,100.0
Bolivia,2020.0,100.0
Bosnia and Herzegovina,2020.0,41.3
Botswana,2020.0,100.0
Brazil,2020.0,62.6
Belize,2020.0,42.0
Brunei,2020.0,100.0
Bulgaria,2013.0,100.0
Bulgaria,2014.0,100.0
Bulgaria,2016.0,100.0
Bulgaria,2020.0,82.5
Belarus,2020.0,100.0
Cambodia,2017.0,1.5
Cameroon,2020.0,1.5
Canada,2013.0,93.0
Canada,2014.0,95.8
Canada,2016.0,100.0
Canada,2020.0,100.0
Cape Verde,2017.0,71.2
Cape Verde,2020.0,63.8
Chile,2013.0,47.8
Chile,2014.0,47.5
Chile,2020.0,72.6
China,2020.0,100.0
Other non-specified areas in Eastern Asia,2020.0,89.8
Colombia,2016.0,53.0
Cook Islands,2020.0,100.0
Costa Rica,2020.0,46.1
Croatia,2020.0,63.1
Cyprus,2013.0,73.8
Cyprus,2014.0,76.8
Cyprus,2020.0,79.9
Czechia,2013.0,100.0
Czechia,2014.0,100.0
Czechia,2020.0,96.9
Denmark,2013.0,98.2
Denmark,2014.0,100.0
Denmark,2020.0,100.0
Dominica,2020.0,53.9
Ecuador,2020.0,53.9
Ethiopia,2020.0,3.5
Estonia,2013.0,100.0
Estonia,2014.0,100.0
Estonia,2020.0,100.0
Finland,2013.0,100.0
Finland,2014.0,100.0
Finland,2020.0,100.0
France,2013.0,100.0
France,2014.0,100.0
France,2020.0,100.0
French Guiana,2020.0,40.0
Georgia,2016.0,89.7
Georgia,2020.0,100.0
Germany,2013.0,66.4
Germany,2014.0,66.7
Germany,2016.0,100.0
Germany,2020.0,100.0
Ghana,2020.0,7.2
Greece,2020.0,79.1
Guadeloupe,2020.0,63.1
Guatemala,2017.0,18.1
Guatemala,2020.0,11.5
Guyana,2020.0,100.0
Hungary,2013.0,100.0
Hungary,2014.0,100.0
Hungary,2020.0,95.3
Iceland,2013.0,70.9
Iceland,2014.0,73.0
Iran,2017.0,3.0
Iran,2020.0,2.6
Ireland,2013.0,54.3
Ireland,2014.0,55.1
Ireland,2020.0,100.0
Israel,2020.0,100.0
Italy,2013.0,83.3
Italy,2014.0,82.5
Italy,2020.0,80.2
Japan,2020.0,100.0
Jordan,2019.0,16.2
Korea,2013.0,91.0
Korea,2014.0,95.9
Korea,2020.0,100.0
Kyrgyzstan,2020.0,100.0
Latvia,2013.0,100.0
Latvia,2014.0,100.0
Latvia,2020.0,92.1
Liechtenstein,2020.0,100.0
Lithuania,2013.0,100.0
Lithuania,2014.0,100.0
Luxembourg,2013.0,62.1
Luxembourg,2014.0,66.1
Luxembourg,2020.0,100.0
Macao,2016.0,64.8
Maldives,2020.0,100.0
Mali,2016.0,0.6
Malta,2013.0,41.9
Malta,2014.0,42.8
Malta,2020.0,100.0
Martinique,2020.0,62.1
Mauritius,2020.0,100.0
Mexico,2017.0,72.2
Mexico,2020.0,100.0
Mongolia,2020.0,100.0
Moldova,2020.0,46.1
Montenegro,2020.0,63.2
Namibia,2020.0,100.0
Netherlands,2013.0,97.3
Netherlands,2014.0,99.1
Netherlands,2020.0,100.0
Curacao,2020.0,100.0
Aruba,2016.0,100.0
New Zealand,2013.0,99.0
New Zealand,2014.0,100.0
New Zealand,2020.0,100.0
Nicaragua,2020.0,19.9
Norway,2013.0,82.0
Norway,2014.0,86.6
Norway,2020.0,100.0
Micronesia (region),2020.0,100.0
Palau,2020.0,100.0
Paraguay,2016.0,20.0
Philippines,2020.0,12.0
Poland,2013.0,99.8
Poland,2014.0,99.5
Poland,2020.0,71.6
Portugal,2013.0,73.1
Portugal,2014.0,73.1
Portugal,2020.0,84.6
Timor-Leste,2016.0,95.1
Timor-Leste,2020.0,100.0
Puerto Rico,2020.0,100.0
Qatar,2016.0,8.2
Romania,2013.0,100.0
Romania,2014.0,100.0
Romania,2020.0,81.5
Russia,2017.0,100.0
Russia,2020.0,100.0
Saint Kitts and Nevis,2020.0,52.1
Anguilla,2020.0,47.5
Saint Pierre and Miquelon,2020.0,100.0
Serbia,2020.0,49.2
Seychelles,2020.0,100.0
Slovakia,2013.0,100.0
Slovakia,2014.0,100.0
Slovakia,2020.0,94.2
Slovenia,2020.0,100.0
Spain,2013.0,43.5
Spain,2014.0,44.5
South Sudan,2020.0,0.0
Suriname,2020.0,100.0
Eswatini,2020.0,100.0
Sweden,2013.0,100.0
Sweden,2014.0,100.0
Sweden,2020.0,100.0
Switzerland,2013.0,100.0
Switzerland,2014.0,100.0
Switzerland,2020.0,100.0
Tunisia,2020.0,17.3
Turkey,2020.0,100.0
North Macedonia,2020.0,40.9
United Kingdom,2013.0,100.0
United Kingdom,2014.0,100.0
United Kingdom,2020.0,100.0
United States,2013.0,80.3
United States,2014.0,82.7
United States,2020.0,100.0
United States Virgin Islands,2020.0,100.0
Burkina Faso,2016.0,0.7
Uruguay,2016.0,77.7
Uruguay,2020.0,100.0
Uzbekistan,2020.0,100.0
Venezuela,2016.0,50.2
Zambia,2016.0,3.4
