country,year,value
Andorra,1998.0,2700.00005
Andorra,1999.0,2599.99991
Andorra,2000.0,2700.00005
Andorra,2008.0,8029.99973
Andorra,2009.0,9380.00011
Andorra,2010.0,8399.99962
Andorra,2011.0,6980.00002
Andorra,2012.0,6000
Andorra,2013.0,4966.00008
Andorra,2014.0,8420.7201
Andorra,2015.0,6837.46004
Andorra,2016.0,6884.77993
Andorra,2017.0,6591.84504
Andorra,2018.0,7524.97101
Andorra,2019.0,7547.61219
Antigua and Barbuda,2005.0,15199.99981
Antigua and Barbuda,2006.0,13149.99962
Antigua and Barbuda,2007.0,13199.99981
Antigua and Barbuda,2008.0,12399.99962
Antigua and Barbuda,2009.0,9600.00038
Antigua and Barbuda,2010.0,9399.99962
Antigua and Barbuda,2011.0,9199.99981
Antigua and Barbuda,2012.0,9399.99962
Antigua and Barbuda,2013.0,9100.00038
Antigua and Barbuda,2014.0,9800.00019
Antigua and Barbuda,2015.0,9500
Azerbaijan,2001.0,100
Azerbaijan,2002.0,100
Azerbaijan,2003.0,100
Azerbaijan,2004.0,100
Azerbaijan,2005.0,3799.99995
Azerbaijan,2006.0,337200.0122
Azerbaijan,2007.0,316200.0122
Azerbaijan,2008.0,284100.0061
Azerbaijan,2009.0,196500
Azerbaijan,2010.0,6199.99981
Azerbaijan,2011.0,55900.00153
Azerbaijan,2012.0,13899.99962
Azerbaijan,2013.0,62500
Azerbaijan,2014.0,63900.00153
Azerbaijan,2015.0,85300.00305
Azerbaijan,2016.0,100900.0015
Azerbaijan,2017.0,252000
Azerbaijan,2018.0,159500
Azerbaijan,2019.0,239500
Bahamas,2004.0,44076.00021
Bahamas,2005.0,67872.00165
Bahamas,2006.0,36109.00116
Bahrain,1997.0,107199.9969
Bahrain,1998.0,113300.0031
Bahrain,1999.0,112500
Armenia,1998.0,1100.00002
Armenia,1999.0,3799.99995
Armenia,2000.0,1799.99995
Armenia,2001.0,3900.0001
Armenia,2002.0,6099.99991
Armenia,2003.0,10000
Armenia,2004.0,24700.00076
Armenia,2005.0,24500
Armenia,2006.0,21700.00076
Armenia,2007.0,16799.99924
Armenia,2008.0,9600.00038
Armenia,2009.0,17600.00038
Armenia,2010.0,31399.99962
Armenia,2011.0,2740.00001
Armenia,2012.0,3990.00001
Armenia,2013.0,6739.99977
Armenia,2014.0,15829.99992
Armenia,2015.0,17680.00031
Armenia,2016.0,5800.00019
Armenia,2017.0,39400.00153
Armenia,2018.0,17500
Armenia,2019.0,8399.99962
Botswana,1995.0,2452.07
Botswana,1996.0,2589.30993
Botswana,1997.0,2733.48498
Botswana,1998.0,2886.05499
Botswana,1999.0,3047.01996
Botswana,2000.0,3215.65008
Botswana,2001.0,4258.3251
Botswana,2002.0,4376.39523
Botswana,2003.0,4520.41483
Botswana,2004.0,4641.38508
Botswana,2005.0,736
Belarus,2010.0,1367599.976
Belarus,2011.0,2452699.951
Belarus,2012.0,5222899.902
Belarus,2013.0,7302600.098
Belarus,2014.0,7041399.902
Belarus,2015.0,5190299.805
Belarus,2016.0,3282000
Belarus,2017.0,4123600.098
Belarus,2018.0,4404100.098
Belarus,2019.0,5335100.098
Cape Verde,2003.0,3976.00007
Chile,1998.0,29299.99924
Chile,2000.0,17294.25049
Chile,2001.0,32970.75653
Chile,2002.0,35792.85431
Chile,2003.0,56463.79089
Chile,2004.0,61923.78235
Chile,2005.0,64079.05579
Chile,2006.0,72325.15717
Chile,2007.0,73409.91974
Chile,2008.0,74411.69739
Chile,2009.0,82027.99988
Croatia,1999.0,673000
Croatia,2000.0,1026150.024
Croatia,2001.0,948818.9697
Croatia,2002.0,194751.9989
Croatia,2003.0,1770000
Croatia,2004.0,2083000
Croatia,2006.0,2151000
Croatia,2008.0,2127000
Croatia,2011.0,764885.9863
Croatia,2012.0,893000
French Guiana,2014.0,0
French Guiana,2015.0,0
French Guiana,2016.0,5000
Georgia,1990.0,16466000
Palestine,2003.0,42040.00092
Palestine,2004.0,180000
Palestine,2005.0,0
Palestine,2006.0,261940.0024
Palestine,2008.0,4380.00011
Palestine,2009.0,48220.00122
Palestine,2011.0,72059.99756
Ghana,1990.0,150777.3895
Ghana,1995.0,219042.4957
Ghana,1996.0,239394.3939
Ghana,1997.0,260656.5247
Ghana,1998.0,277719.5129
Ghana,1999.0,300770.2332
Ghana,2000.0,331339.6301
Ghana,2001.0,345957.2144
Ghana,2002.0,361122.6196
Ghana,2003.0,370872.9248
Ghana,2004.0,387029.8462
Ghana,2005.0,454262.4512
Ghana,2006.0,473817.0166
Ghana,2007.0,516555.2979
Ghana,2008.0,561256.1035
Ghana,2009.0,600098.0835
Ghana,2010.0,662614.624
Ghana,2011.0,679179.9927
Ghana,2012.0,696159.4849
Ghana,2013.0,713563.4766
Ghana,2014.0,731402.5879
Ghana,2015.0,783007.0801
Ghana,2016.0,802582.2754
Ghana,2017.0,822646.7896
Grenada,2012.0,6708.89998
Guadeloupe,2014.0,0
Guadeloupe,2015.0,21000
Guadeloupe,2016.0,27000
Guatemala,2001.0,40709.51462
Guatemala,2002.0,40123.93189
Guatemala,2003.0,39296.71097
Guatemala,2004.0,38673.75565
Guatemala,2005.0,38361.37772
Guatemala,2006.0,37860.17227
Guyana,2001.0,29850.99983
Guyana,2002.0,31299.99924
Guyana,2003.0,29739.99977
Guyana,2004.0,28198.99941
Guyana,2005.0,32037.9982
Guyana,2006.0,25319.9997
Guyana,2007.0,27964.0007
"China, Hong Kong Special Administrative Region",1990.0,1951000
"China, Hong Kong Special Administrative Region",1995.0,2707000
"China, Hong Kong Special Administrative Region",1996.0,2503000
"China, Hong Kong Special Administrative Region",1997.0,2468000
"China, Hong Kong Special Administrative Region",1998.0,2546000
"China, Hong Kong Special Administrative Region",1999.0,2534000
"China, Hong Kong Special Administrative Region",2000.0,2815000
"China, Hong Kong Special Administrative Region",2001.0,2981000
"China, Hong Kong Special Administrative Region",2002.0,3213000
"China, Hong Kong Special Administrative Region",2003.0,3701000
"China, Hong Kong Special Administrative Region",2004.0,3730000
"China, Hong Kong Special Administrative Region",2005.0,4162000
"China, Hong Kong Special Administrative Region",2006.0,4403000
"China, Hong Kong Special Administrative Region",2007.0,4406000
"China, Hong Kong Special Administrative Region",2008.0,4728000
"China, Hong Kong Special Administrative Region",2009.0,4711000
"China, Hong Kong Special Administrative Region",2010.0,5099000
"China, Hong Kong Special Administrative Region",2011.0,4536000
"China, Hong Kong Special Administrative Region",2012.0,3670000
"China, Hong Kong Special Administrative Region",2013.0,3600000
"China, Hong Kong Special Administrative Region",2014.0,3695000
"China, Hong Kong Special Administrative Region",2015.0,3653000
Iraq,2010.0,3112000
Iraq,2011.0,87000
Iraq,2012.0,86000
Iraq,2013.0,64000
Iraq,2014.0,427000
Iraq,2015.0,200000
Iraq,2016.0,276000
Iraq,2017.0,1023000
Iraq,2018.0,266000
Iraq,2019.0,873000
Israel,2000.0,99110.00061
Israel,2001.0,100000
Israel,2002.0,99694.00024
Israel,2003.0,102199.9969
Israel,2004.0,110864.9979
Israel,2005.0,99702.00348
Israel,2006.0,98022.00317
Israel,2007.0,105966.0034
Israel,2008.0,109333.9996
Jamaica,1996.0,126000
Jamaica,2003.0,7618.99996
Kazakhstan,2004.0,1678800.049
Kazakhstan,2005.0,4032000
Kazakhstan,2006.0,631900.0244
Kazakhstan,2007.0,625200.0122
Kazakhstan,2008.0,733900.0244
Kazakhstan,2009.0,650700.0122
Kazakhstan,2010.0,7041299.805
Kazakhstan,2011.0,3874500
Kazakhstan,2012.0,3278300.049
Kazakhstan,2013.0,3645899.902
Kazakhstan,2014.0,3988300.049
Kazakhstan,2015.0,3756899.902
Kazakhstan,2016.0,10538700.2
Kazakhstan,2017.0,4606100.098
Kazakhstan,2018.0,7376299.805
Kazakhstan,2019.0,8972599.609
Jordan,2010.0,11652.00043
Jordan,2011.0,8929.80003
Jordan,2014.0,18000
Kyrgyzstan,2010.0,3.05
Kyrgyzstan,2011.0,2.93
Kyrgyzstan,2012.0,2.855
Kyrgyzstan,2013.0,1669.99996
Kyrgyzstan,2014.0,3857.62596
Kyrgyzstan,2015.0,6462.08096
Kyrgyzstan,2016.0,4645.74719
Kyrgyzstan,2017.0,5047.33419
Lebanon,1996.0,7186.9998
Lesotho,2006.0,727863000
Macao,1996.0,36060.00137
Macao,1997.0,42540.00092
Macao,1998.0,36689.99863
Macao,1999.0,38319.9997
Macao,2000.0,50650.00153
Macao,2001.0,54240.00168
Macao,2002.0,51169.99817
Macao,2003.0,49540.00092
Macao,2004.0,50880.00107
Macao,2005.0,62189.99863
Macao,2006.0,63849.99847
Macao,2007.0,46069.9997
Macao,2008.0,47000
Macao,2009.0,98489.99786
Macao,2010.0,70480.00336
Macao,2011.0,69330.00183
Macao,2012.0,79779.99878
Macao,2013.0,86720.00122
Macao,2014.0,123680.0003
Macao,2015.0,163910.0037
Maldives,2002.0,69584.99908
Maldives,2003.0,31110.00061
Maldives,2004.0,33715.00015
Maldives,2005.0,32494.99893
Maldives,2006.0,143408.9966
Maldives,2007.0,146307.0068
Maldives,2008.0,139860.0006
Maldives,2009.0,146600.9979
Maldives,2010.0,140216.9952
Maldives,2011.0,131774.9939
Maldives,2012.0,117263.9999
Maldives,2013.0,351791.9922
Maldives,2014.0,113714.9963
Martinique,2014.0,0
Martinique,2015.0,0
Martinique,2016.0,0
Mauritius,2000.0,1870.00001
Mauritius,2001.0,5829.99992
Mauritius,2002.0,7409.99985
Mauritius,2003.0,6559.99994
Mauritius,2004.0,6389.99987
Mauritius,2005.0,12460.00004
Mauritius,2006.0,3752.00009
Mauritius,2007.0,9170.99953
Mauritius,2008.0,2750
Mauritius,2009.0,7473.00005
Mauritius,2010.0,3732.00011
Mauritius,2011.0,1455.00004
Mauritius,2012.0,2114.00008
Mauritius,2013.0,2243.00003
Mauritius,2014.0,2223.99998
Mauritius,2015.0,3680.00007
Mauritius,2016.0,2331.00009
Mauritius,2017.0,4511.00016
Monaco,1990.0,0
Monaco,1995.0,0
Monaco,1996.0,18180.00031
Monaco,1997.0,24729.99954
Monaco,1998.0,25530.00069
Monaco,1999.0,22239.99977
Monaco,2000.0,24979.99954
Monaco,2001.0,25950.00076
Monaco,2002.0,21450.00076
Monaco,2003.0,16450.00076
Monaco,2004.0,14529.99973
Monaco,2005.0,13909.99985
Monaco,2006.0,9840.00015
Monaco,2007.0,12479.99954
Monaco,2008.0,11437.00028
Monaco,2009.0,11739.99977
Monaco,2010.0,19941.99944
Monaco,2011.0,13293.00022
Monaco,2012.0,13296.99993
Monaco,2013.0,15564.00013
Monaco,2014.0,16790.00092
Monaco,2015.0,17516.00075
Mongolia,2017.0,8744.40002
Moldova,1995.0,6761000
Moldova,1996.0,5843000
Moldova,1997.0,4229000
Moldova,1998.0,260000
Moldova,1999.0,433000
Moldova,2000.0,515500
Moldova,2001.0,336899.9939
Moldova,2002.0,539000
Moldova,2003.0,621900.0244
Moldova,2004.0,927200.0122
Moldova,2005.0,960200.0122
Moldova,2006.0,598299.9878
Moldova,2007.0,604400.0244
Moldova,2008.0,911099.9756
Moldova,2009.0,716299.9878
Moldova,2010.0,826200.0122
Moldova,2011.0,700599.9756
Moldova,2012.0,1318300.049
Moldova,2013.0,1316300.049
Moldova,2014.0,605500
Moldova,2015.0,2626899.902
Moldova,2016.0,604599.9756
Moldova,2017.0,598400.0244
Moldova,2018.0,681000
Moldova,2019.0,551700.0122
Reunion,1997.0,305000
Reunion,2000.0,434000
Reunion,2014.0,26000
Reunion,2015.0,9000
Reunion,2016.0,17000
Russia,2004.0,56459000
Russia,2005.0,116840000
Russia,2006.0,203056000
Russia,2007.0,709964000
Russia,2008.0,42353000
Russia,2009.0,18958000
Russia,2010.0,16904000
Russia,2011.0,104840000
Russia,2012.0,18329000
Russia,2013.0,116754000
Russia,2014.0,28857000
Russia,2015.0,35123000
Russia,2016.0,77256000
Russia,2017.0,82462000
Russia,2018.0,72908000
Russia,2019.0,87563000
Saint Kitts and Nevis,2007.0,12039.99996
Saint Kitts and Nevis,2008.0,12359.99966
Saint Kitts and Nevis,2009.0,13279.99973
Saint Kitts and Nevis,2010.0,12840.00015
Saint Kitts and Nevis,2011.0,13439.99958
Saint Kitts and Nevis,2012.0,11829.99992
Saint Kitts and Nevis,2013.0,13079.99992
Saint Kitts and Nevis,2014.0,12289.99996
Saint Kitts and Nevis,2015.0,14739.99977
Anguilla,2001.0,1265.19001
Anguilla,2002.0,975.15339
Anguilla,2003.0,761.62499
Anguilla,2004.0,575.79452
Anguilla,2005.0,1051.12505
Anguilla,2006.0,1422.49501
Anguilla,2007.0,2069.02504
Anguilla,2008.0,3852.11253
Serbia,2012.0,238000
Serbia,2013.0,212000
Serbia,2014.0,358000
Serbia,2015.0,384000
Zimbabwe,2016.0,192237.0148
Zimbabwe,2017.0,261658.1116
Suriname,2008.0,5280.00021
Suriname,2009.0,4530.00021
Suriname,2010.0,4949.99981
Suriname,2011.0,4130.00011
Suriname,2012.0,3640.00011
Suriname,2013.0,4099.99991
Suriname,2014.0,8270.00046
Suriname,2015.0,8439.99958
Suriname,2016.0,5719.99979
Suriname,2017.0,3680.00007
Suriname,2018.0,2119.99989
Suriname,2019.0,1159.99997
Ukraine,1995.0,28925400.39
Ukraine,1999.0,48085398.44
Ukraine,2000.0,1025699.951
Ukraine,2001.0,1658599.976
Ukraine,2002.0,11987700.2
Ukraine,2003.0,4216799.805
Ukraine,2004.0,4009500
Ukraine,2005.0,3674699.951
Ukraine,2006.0,4162899.902
Ukraine,2007.0,4851600.098
Ukraine,2008.0,4325799.805
Ukraine,2009.0,4863399.902
Ukraine,2010.0,3110600.098
Ukraine,2011.0,9383099.609
Ukraine,2012.0,4889700.195
Ukraine,2013.0,2809500
Ukraine,2014.0,1774800.049
Ukraine,2015.0,1461400.024
Ukraine,2016.0,1305800.049
Ukraine,2017.0,1297199.951
Ukraine,2018.0,1076199.951
Ukraine,2019.0,1295300.049
North Macedonia,2005.0,2206272.949
North Macedonia,2012.0,6370410.156
North Macedonia,2014.0,25469.99931
Egypt,2007.0,14275629.88
Tanzania,1990.0,6599.99991
Tanzania,2004.0,6500
Tanzania,2005.0,6500
Tanzania,2006.0,6900.0001
Tanzania,2007.0,7400.0001
Tanzania,2008.0,7800.00019
Tanzania,2009.0,7500
Tanzania,2010.0,7400.0001
Tanzania,2011.0,9000
Tanzania,2012.0,8000
Tanzania,2013.0,7000
Tanzania,2014.0,7019.99998
Tanzania,2015.0,18000
Uruguay,2000.0,88000
Venezuela,2010.0,6630.00011
Venezuela,2011.0,6849.99991
Venezuela,2012.0,6989.99977
Venezuela,2013.0,6750
Venezuela,2014.0,6590.00015
