country,year,value
Afghanistan,2011.0,0.0
Afghanistan,2015.0,21.31829
Albania,2009.0,23.66712
Albania,2017.0,67.5592
Algeria,2013.0,21.12976
Angola,2015.0,0.84418
Azerbaijan,2006.0,58.37557
Argentina,2000.0,43.21
Argentina,2001.0,40.19
Argentina,2002.0,37.81
Argentina,2003.0,47.28
Argentina,2004.0,53.18
Argentina,2005.0,48.17
Argentina,2006.0,55.56
Argentina,2007.0,55.2
Argentina,2008.0,52.47
Argentina,2009.0,49.36
Argentina,2011.0,62.35
Argentina,2012.0,50.94
Argentina,2013.0,54.94
Argentina,2014.0,53.43
Argentina,2016.0,54.52
Argentina,2017.0,63.59
Argentina,2018.0,63.81
Bangladesh,2006.0,2.31476
Bangladesh,2011.0,4.29436
Bangladesh,2014.0,10.49215
Bangladesh,2019.0,18.91705
Armenia,2006.0,9.90414
Armenia,2011.0,81.70016
Armenia,2016.0,70.63091
Barbados,2012.0,89.94872
Bhutan,2010.0,0.0
Bolivia,2000.0,34.06
Bolivia,2001.0,54.12
Bolivia,2002.0,51.0
Bolivia,2003.0,31.04082
Bolivia,2004.0,48.62
Bolivia,2005.0,51.91
Bolivia,2006.0,64.74
Bolivia,2007.0,53.78
Bolivia,2008.0,42.25826
Bolivia,2009.0,65.9
Bolivia,2011.0,70.39
Bolivia,2012.0,66.77
Bolivia,2013.0,78.45
Bolivia,2014.0,72.24
Bolivia,2015.0,74.66
Bolivia,2016.0,70.97
Bolivia,2017.0,75.82
Bolivia,2018.0,73.88
Bosnia and Herzegovina,2012.0,0.0
Brazil,2001.0,28.42
Brazil,2002.0,34.29
Brazil,2003.0,37.79
Brazil,2004.0,40.82
Brazil,2005.0,45.25
Brazil,2006.0,48.27
Brazil,2007.0,47.98
Brazil,2008.0,51.4
Brazil,2009.0,57.15
Brazil,2011.0,57.3
Brazil,2012.0,57.23
Brazil,2013.0,60.75
Brazil,2014.0,62.7
Brazil,2015.0,64.74
Brazil,2016.0,60.45
Brazil,2017.0,60.52
Brazil,2018.0,63.15
Belize,2016.0,35.37994
Myanmar,2016.0,0.0
Burundi,2000.0,0.0
Burundi,2010.0,0.0
Burundi,2017.0,0.0
Belarus,2012.0,89.01714
Cambodia,2005.0,0.16158
Cambodia,2010.0,0.0
Cambodia,2014.0,8.68937
Cameroon,2004.0,0.0
Cameroon,2006.0,0.0
Cameroon,2011.0,0.0
Cameroon,2014.0,0.0
Cameroon,2018.0,5.3562
Central African Republic,2006.0,0.0
Central African Republic,2010.0,1.53899
Sri Lanka,2006.0,16.48783
Chad,2004.0,0.0
Chad,2014.0,0.0
Chile,2000.0,55.5
Chile,2003.0,66.16
Chile,2006.0,72.03
Chile,2009.0,74.23
Chile,2011.0,75.1
Chile,2013.0,79.96
Chile,2015.0,82.3
Chile,2017.0,85.82
Colombia,2002.0,47.42
Colombia,2003.0,49.7
Colombia,2004.0,51.19
Colombia,2005.0,44.95043
Colombia,2008.0,58.33
Colombia,2009.0,57.22
Colombia,2010.0,47.99863
Colombia,2011.0,62.3
Colombia,2012.0,63.06
Colombia,2013.0,65.77
Colombia,2014.0,66.24
Colombia,2015.0,62.54593
Colombia,2016.0,69.82
Colombia,2017.0,69.76
Colombia,2018.0,69.26
Comoros,2012.0,29.58455
Congo,2005.0,4.38991
Congo,2012.0,7.04089
Congo,2015.0,3.52024
Democratic Republic of Congo,2007.0,0.91568
Democratic Republic of Congo,2010.0,0.72785
Democratic Republic of Congo,2013.0,2.42105
Democratic Republic of Congo,2018.0,0.0
Costa Rica,2000.0,33.95
Costa Rica,2001.0,27.96
Costa Rica,2002.0,29.22
Costa Rica,2003.0,30.89
Costa Rica,2004.0,29.65
Costa Rica,2005.0,34.15
Costa Rica,2006.0,35.36
Costa Rica,2007.0,29.01
Costa Rica,2008.0,33.5
Costa Rica,2009.0,35.08
Costa Rica,2010.0,38.22
Costa Rica,2011.0,32.52417
Costa Rica,2012.0,38.1
Costa Rica,2013.0,47.36
Costa Rica,2014.0,45.55
Costa Rica,2015.0,50.47
Costa Rica,2016.0,46.75
Costa Rica,2017.0,51.67
Costa Rica,2018.0,42.49708
Cuba,2014.0,0.0
Benin,2006.0,0.93801
Benin,2011.0,2.89206
Benin,2014.0,0.0
Benin,2018.0,1.17576
Dominican Republic,2000.0,33.66
Dominican Republic,2001.0,37.73
Dominican Republic,2002.0,35.53
Dominican Republic,2003.0,37.85
Dominican Republic,2004.0,38.98
Dominican Republic,2005.0,38.46
Dominican Republic,2006.0,41.05
Dominican Republic,2007.0,26.67952
Dominican Republic,2008.0,52.22
Dominican Republic,2009.0,55.32
Dominican Republic,2010.0,50.1
Dominican Republic,2011.0,57.59
Dominican Republic,2012.0,54.73
Dominican Republic,2013.0,46.06885
Dominican Republic,2014.0,41.40395
Dominican Republic,2015.0,48.52
Dominican Republic,2016.0,57.82
Dominican Republic,2017.0,56.75
Dominican Republic,2018.0,61.06
Ecuador,2001.0,39.68
Ecuador,2003.0,43.42
Ecuador,2005.0,49.17
Ecuador,2006.0,50.58
Ecuador,2007.0,46.69
Ecuador,2008.0,53.33
Ecuador,2009.0,59.23
Ecuador,2010.0,52.66
Ecuador,2011.0,59.28
Ecuador,2012.0,60.76
Ecuador,2013.0,64.11
Ecuador,2014.0,59.67
Ecuador,2015.0,62.44
Ecuador,2016.0,63.19
Ecuador,2017.0,68.56
Ecuador,2018.0,72.41
El Salvador,2000.0,39.67
El Salvador,2001.0,41.34
El Salvador,2002.0,43.87
El Salvador,2003.0,38.73
El Salvador,2004.0,38.55
El Salvador,2005.0,46.98
El Salvador,2006.0,46.87
El Salvador,2009.0,47.2
El Salvador,2010.0,46.93
El Salvador,2012.0,48.83
El Salvador,2013.0,51.12
El Salvador,2014.0,51.22
El Salvador,2015.0,59.1
El Salvador,2016.0,59.13
El Salvador,2017.0,58.21
El Salvador,2018.0,59.01
Ethiopia,2000.0,0.0
Ethiopia,2005.0,0.0
Ethiopia,2011.0,0.0
Ethiopia,2016.0,0.0
Djibouti,2006.0,0.0
Gabon,2012.0,5.41186
Georgia,2018.0,76.77263
Gambia,2006.0,7.55889
Gambia,2010.0,15.78678
Gambia,2013.0,18.55469
Gambia,2018.0,0.0
Palestine,2014.0,63.2259
Ghana,2009.0,16.82442
Ghana,2014.0,0.0
Ghana,2018.0,25.17239
Guatemala,2000.0,14.06
Guatemala,2006.0,25.86
Guatemala,2014.0,25.82
Guatemala,2015.0,18.16816
Guinea,2005.0,0.0
Guinea,2012.0,0.0
Guinea,2016.0,0.0
Guyana,2006.0,0.0
Guyana,2009.0,49.5595
Guyana,2014.0,52.60856
Haiti,2005.0,0.0
Haiti,2012.0,0.0
Haiti,2017.0,0.0
Honduras,2001.0,19.89
Honduras,2004.0,20.2
Honduras,2005.0,21.88
Honduras,2009.0,33.84
Honduras,2010.0,42.93
Honduras,2011.0,21.90398
Honduras,2012.0,44.31
Honduras,2013.0,43.99
Honduras,2014.0,37.76
Honduras,2015.0,48.82
Honduras,2016.0,34.02
Honduras,2018.0,44.78
India,2006.0,6.19998
India,2016.0,17.92649
Indonesia,2003.0,29.57481
Indonesia,2008.0,25.32153
Indonesia,2017.0,52.61208
Iraq,2011.0,8.3929
Iraq,2018.0,23.25502
Cote d'Ivoire,2006.0,0.0
Cote d'Ivoire,2012.0,0.0
Cote d'Ivoire,2016.0,11.28927
Jamaica,2011.0,79.50479
Kazakhstan,2006.0,87.89532
Kazakhstan,2011.0,88.60315
Kazakhstan,2015.0,91.83711
Jordan,2007.0,47.02684
Jordan,2018.0,36.83109
Kenya,2003.0,0.0
Kenya,2008.0,0.0
Kenya,2014.0,25.10775
Kyrgyzstan,2006.0,81.09122
Kyrgyzstan,2012.0,0.0
Kyrgyzstan,2014.0,82.72877
Kyrgyzstan,2018.0,0.0
Laos,2006.0,0.0
Laos,2012.0,9.83747
Laos,2017.0,17.83953
Lesotho,2005.0,0.0
Lesotho,2009.0,0.0
Lesotho,2014.0,0.0
Lesotho,2018.0,0.0
Liberia,2007.0,2.01123
Liberia,2013.0,1.99643
Madagascar,2009.0,0.0
Madagascar,2018.0,0.0
Malawi,2004.0,0.0
Malawi,2010.0,3.44552
Malawi,2016.0,1.69399
Maldives,2008.0,0.0
Maldives,2017.0,0.0
Mali,2006.0,0.38431
Mali,2013.0,0.0
Mali,2015.0,0.0
Mauritania,2007.0,0.0
Mauritania,2011.0,3.29909
Mauritania,2015.0,8.30309
Mexico,2000.0,22.34
Mexico,2002.0,31.09
Mexico,2004.0,30.84
Mexico,2006.0,30.55
Mexico,2008.0,35.1
Mexico,2010.0,41.97
Mexico,2012.0,43.41
Mexico,2014.0,45.9
Mexico,2016.0,33.87276
Mexico,2018.0,53.82
Mongolia,2006.0,44.59931
Mongolia,2014.0,52.06484
Mongolia,2018.0,61.27814
Moldova,2005.0,31.31051
Moldova,2012.0,0.0
Montenegro,2013.0,73.18227
Montenegro,2018.0,82.57286
Morocco,2004.0,5.9341
Mozambique,2003.0,0.0
Mozambique,2008.0,0.0
Mozambique,2011.0,0.0
Namibia,2007.0,2.91163
Namibia,2013.0,8.58082
Nepal,2007.0,0.0
Vanuatu,2007.0,0.0
Nicaragua,2001.0,27.85
Nicaragua,2005.0,26.3
Nicaragua,2009.0,37.03
Nicaragua,2014.0,38.23
Niger,2006.0,0.0
Niger,2012.0,0.0
Nigeria,2003.0,31.15383
Nigeria,2007.0,12.2247
Nigeria,2008.0,18.28367
Nigeria,2011.0,20.23583
Nigeria,2013.0,26.58834
Nigeria,2016.0,52.81406
Nigeria,2018.0,38.30175
Pakistan,2007.0,7.68445
Pakistan,2012.0,7.20729
Pakistan,2018.0,5.04285
Panama,2000.0,42.92
Panama,2001.0,44.53
Panama,2002.0,50.59
Panama,2003.0,44.99
Panama,2004.0,52.07
Panama,2005.0,51.9
Panama,2006.0,59.66
Panama,2007.0,56.27
Panama,2008.0,48.6
Panama,2009.0,50.41
Panama,2011.0,57.9
Panama,2013.0,59.13
Panama,2014.0,58.83
Panama,2015.0,62.51
Panama,2016.0,62.91
Panama,2017.0,64.46
Panama,2018.0,63.53
Paraguay,2001.0,35.67
Paraguay,2003.0,42.36
Paraguay,2004.0,40.75
Paraguay,2005.0,41.9
Paraguay,2006.0,42.21
Paraguay,2007.0,43.65
Paraguay,2008.0,48.64
Paraguay,2009.0,45.1
Paraguay,2010.0,48.99
Paraguay,2011.0,59.18
Paraguay,2012.0,53.63
Paraguay,2013.0,58.04
Paraguay,2014.0,60.85
Paraguay,2015.0,52.78
Paraguay,2016.0,49.09016
Paraguay,2017.0,61.14
Paraguay,2018.0,62.95
Peru,2000.0,62.8
Peru,2001.0,59.86
Peru,2002.0,65.61
Peru,2003.0,67.87
Peru,2004.0,74.33
Peru,2005.0,70.68
Peru,2006.0,76.55
Peru,2007.0,77.99
Peru,2008.0,77.2
Peru,2009.0,76.07
Peru,2010.0,77.68
Peru,2011.0,81.42
Peru,2012.0,82.85
Peru,2013.0,83.97
Peru,2014.0,80.87
Peru,2015.0,82.64
Peru,2016.0,83.58
Peru,2017.0,83.42
Peru,2018.0,85.19
Philippines,2004.0,43.92512
Philippines,2018.0,69.77458
Guinea-Bissau,2014.0,2.04553
Timor,2009.0,31.08552
Timor,2016.0,41.55849
Qatar,2012.0,0.0
Rwanda,2005.0,1.8779
Rwanda,2010.0,0.0
Rwanda,2015.0,4.88748
Saint Lucia,2012.0,0.0
Sao Tome and Principe,2009.0,8.53999
Sao Tome and Principe,2014.0,4.57298
Senegal,2005.0,0.0
Senegal,2011.0,2.52751
Senegal,2016.0,3.43011
Senegal,2017.0,4.48123
Senegal,2018.0,1.55908
Senegal,2019.0,5.36488
Serbia,2011.0,63.31852
Serbia,2014.0,73.70245
Serbia,2019.0,74.93404
Sierra Leone,2008.0,0.0
Sierra Leone,2013.0,0.0
Sierra Leone,2017.0,7.23218
Vietnam,2011.0,30.04551
Vietnam,2014.0,47.36339
South Africa,2016.0,39.53188
Zimbabwe,2005.0,0.0
Zimbabwe,2010.0,0.0
Zimbabwe,2015.0,0.0
South Sudan,2010.0,3.75814
Sudan,2014.0,14.62477
Suriname,2010.0,13.42426
Suriname,2018.0,0.0
Eswatini,2006.0,0.0
Eswatini,2010.0,33.84763
Eswatini,2014.0,0.0
Syria,2006.0,16.58416
Tajikistan,2006.0,0.0
Tajikistan,2012.0,59.43398
Tajikistan,2017.0,0.0
Thailand,2013.0,37.63596
Thailand,2016.0,37.83128
Thailand,2019.0,72.12416
Togo,2006.0,0.0
Togo,2010.0,0.0
Togo,2014.0,0.0
Togo,2017.0,0.0
Tonga,2019.0,8.12589
Tunisia,2012.0,32.6925
Tunisia,2018.0,30.90686
Turkey,2004.0,37.20472
Turkey,2014.0,45.20853
Turkmenistan,2016.0,0.0
Uganda,2006.0,0.0
Uganda,2011.0,0.0
Uganda,2016.0,6.71294
Ukraine,2007.0,93.24048
Ukraine,2013.0,95.37438
North Macedonia,2011.0,58.88852
North Macedonia,2019.0,54.59005
Egypt,2005.0,12.36297
Egypt,2009.0,13.45998
Egypt,2014.0,26.15896
Tanzania,2004.0,0.0
Tanzania,2010.0,0.0
Tanzania,2015.0,0.0
Burkina Faso,2003.0,0.0
Burkina Faso,2006.0,0.0
Burkina Faso,2010.0,0.0
Uruguay,2000.0,17.35
Uruguay,2001.0,17.46
Uruguay,2002.0,16.84
Uruguay,2003.0,18.11
Uruguay,2004.0,19.47
Uruguay,2005.0,21.49
Uruguay,2008.0,19.73
Uruguay,2009.0,16.16
Uruguay,2010.0,18.74
Uruguay,2011.0,21.52
Uruguay,2012.0,16.64
Uruguay,2013.0,8.95423
Uruguay,2014.0,22.54
Uruguay,2015.0,24.5
Uruguay,2016.0,22.64
Uruguay,2017.0,26.71
Uruguay,2018.0,28.93
Uzbekistan,2006.0,58.47107
Yemen,2006.0,0.0
Yemen,2013.0,18.76137
Zambia,2001.0,0.0
Zambia,2007.0,0.0
Zambia,2013.0,8.51118
Zambia,2018.0,0.0
