country,year,value
Afghanistan,2011.0,0.14721
Afghanistan,2015.0,0.34916
Albania,2009.0,0.74362
Albania,2017.0,0.99709
Algeria,2013.0,1.29524
Angola,2015.0,0.35236
Azerbaijan,2006.0,0.88543
Bangladesh,2006.0,1.15653
Bangladesh,2011.0,0.89103
Bangladesh,2014.0,1.06473
Armenia,2006.0,0.82116
Armenia,2011.0,1.03112
Armenia,2016.0,1.04818
Barbados,2012.0,0.97483
Bhutan,2010.0,0.71917
Bolivia,2000.0,0.84356
Bolivia,2001.0,0.72727
Bolivia,2002.0,0.97271
Bolivia,2003.0,0.88541
Bolivia,2004.0,0.97563
Bolivia,2005.0,0.9908
Bolivia,2006.0,1.01904
Bolivia,2007.0,0.90906
Bolivia,2008.0,0.97542
Bolivia,2009.0,1.04583
Bolivia,2011.0,0.91611
Bolivia,2012.0,0.98606
Bolivia,2013.0,0.93437
Bolivia,2014.0,0.97052
Bolivia,2015.0,1.03748
Bolivia,2016.0,0.98662
Bolivia,2017.0,1.00213
Bolivia,2018.0,0.95761
Bosnia and Herzegovina,2012.0,1.10629
Brazil,2001.0,1.21818
Brazil,2002.0,1.21049
Brazil,2003.0,1.1722
Brazil,2004.0,1.14908
Brazil,2005.0,1.18148
Brazil,2006.0,1.16792
Brazil,2007.0,1.18226
Brazil,2008.0,1.17515
Brazil,2009.0,1.17249
Brazil,2011.0,1.15182
Brazil,2012.0,1.1231
Brazil,2013.0,1.13561
Brazil,2014.0,1.07949
Brazil,2015.0,1.08088
Brazil,2016.0,1.10764
Brazil,2017.0,1.1021
Brazil,2018.0,1.0957
Belize,2016.0,1.14099
Myanmar,2016.0,0.97873
Burundi,2000.0,1.24306
Burundi,2010.0,0.08518
Burundi,2017.0,0.39465
Belarus,2012.0,1.0
Cambodia,2005.0,0.61635
Cambodia,2010.0,0.54967
Cambodia,2014.0,0.8837
Cameroon,2004.0,0.49207
Cameroon,2006.0,0.24863
Cameroon,2011.0,0.58923
Cameroon,2014.0,0.82962
Central African Republic,2006.0,0.17887
Central African Republic,2010.0,0.25627
Sri Lanka,2006.0,1.10422
Chad,2014.0,0.25417
Chile,2000.0,1.0598
Chile,2003.0,1.05465
Chile,2006.0,1.04369
Chile,2009.0,1.03965
Chile,2011.0,1.01897
Chile,2013.0,1.04082
Chile,2015.0,1.0271
Chile,2017.0,1.00766
Colombia,2002.0,1.18345
Colombia,2003.0,1.15919
Colombia,2004.0,1.18149
Colombia,2005.0,1.23397
Colombia,2008.0,1.10571
Colombia,2009.0,1.12007
Colombia,2010.0,1.20015
Colombia,2011.0,1.144
Colombia,2012.0,1.17757
Colombia,2013.0,1.15096
Colombia,2014.0,1.18662
Colombia,2015.0,1.18151
Colombia,2016.0,1.13465
Colombia,2017.0,1.14482
Colombia,2018.0,1.10893
Comoros,2012.0,0.96535
Congo,2005.0,0.89612
Congo,2012.0,0.5368
Congo,2015.0,0.82454
Democratic Republic of Congo,2007.0,0.39577
Democratic Republic of Congo,2010.0,0.77822
Democratic Republic of Congo,2013.0,0.69006
Costa Rica,2000.0,1.2378
Costa Rica,2001.0,1.42212
Costa Rica,2002.0,1.21796
Costa Rica,2003.0,1.31597
Costa Rica,2004.0,1.00998
Costa Rica,2005.0,1.17074
Costa Rica,2006.0,1.15777
Costa Rica,2007.0,1.13396
Costa Rica,2008.0,1.11941
Costa Rica,2009.0,1.18762
Costa Rica,2010.0,1.07685
Costa Rica,2011.0,1.35727
Costa Rica,2012.0,1.2749
Costa Rica,2013.0,1.20848
Costa Rica,2014.0,1.1522
Costa Rica,2015.0,1.1442
Costa Rica,2016.0,1.19604
Costa Rica,2017.0,1.1107
Costa Rica,2018.0,1.15017
Benin,2006.0,0.10461
Benin,2011.0,0.12845
Benin,2014.0,0.26065
Benin,2018.0,0.41664
Dominican Republic,2000.0,1.30301
Dominican Republic,2001.0,1.13364
Dominican Republic,2002.0,1.13237
Dominican Republic,2003.0,1.10392
Dominican Republic,2004.0,1.15659
Dominican Republic,2005.0,1.22175
Dominican Republic,2006.0,1.15085
Dominican Republic,2007.0,1.15609
Dominican Republic,2008.0,1.17588
Dominican Republic,2009.0,1.22331
Dominican Republic,2010.0,1.19395
Dominican Republic,2011.0,1.2182
Dominican Republic,2012.0,1.18107
Dominican Republic,2013.0,1.13075
Dominican Republic,2014.0,1.22207
Dominican Republic,2015.0,1.13614
Dominican Republic,2016.0,1.07356
Dominican Republic,2017.0,1.09757
Dominican Republic,2018.0,1.13816
Ecuador,2001.0,1.14202
Ecuador,2003.0,1.12966
Ecuador,2005.0,1.14946
Ecuador,2006.0,0.9717
Ecuador,2007.0,1.12312
Ecuador,2008.0,1.10173
Ecuador,2009.0,1.08412
Ecuador,2010.0,0.98343
Ecuador,2011.0,1.16435
Ecuador,2012.0,1.11723
Ecuador,2013.0,1.06063
Ecuador,2014.0,1.05006
Ecuador,2015.0,0.95831
Ecuador,2016.0,1.01748
Ecuador,2017.0,1.0052
Ecuador,2018.0,0.97241
El Salvador,2000.0,0.9955
El Salvador,2001.0,1.11185
El Salvador,2002.0,0.95842
El Salvador,2003.0,0.89869
El Salvador,2004.0,0.82183
El Salvador,2005.0,0.81799
El Salvador,2006.0,0.96931
El Salvador,2009.0,1.22547
El Salvador,2010.0,1.09238
El Salvador,2012.0,1.06622
El Salvador,2013.0,1.00867
El Salvador,2014.0,1.02403
El Salvador,2015.0,1.10608
El Salvador,2016.0,1.05639
El Salvador,2017.0,1.06309
El Salvador,2018.0,0.99057
Ethiopia,2005.0,0.26982
Ethiopia,2011.0,1.26981
Ethiopia,2016.0,0.93416
Gabon,2012.0,1.13332
Gambia,2006.0,0.70894
Gambia,2010.0,0.72425
Gambia,2013.0,0.81504
Palestine,2014.0,1.14074
Ghana,2009.0,0.87783
Ghana,2015.0,1.06967
Guatemala,2000.0,0.38823
Guatemala,2006.0,0.695
Guatemala,2014.0,0.89503
Guatemala,2015.0,0.71933
Guinea,2005.0,0.11464
Guinea,2012.0,0.14062
Guinea,2016.0,0.34153
Guyana,2006.0,1.21807
Guyana,2009.0,1.22681
Guyana,2014.0,1.0899
Haiti,2005.0,0.88505
Haiti,2012.0,1.21675
Haiti,2017.0,1.1855
Honduras,2001.0,1.41069
Honduras,2004.0,1.64889
Honduras,2005.0,1.42446
Honduras,2009.0,1.43653
Honduras,2010.0,1.304
Honduras,2011.0,1.33192
Honduras,2012.0,1.24869
Honduras,2013.0,1.33785
Honduras,2014.0,1.1982
Honduras,2015.0,1.33599
Honduras,2016.0,1.27419
Honduras,2018.0,1.10432
India,2006.0,0.58482
India,2016.0,0.94923
Indonesia,2003.0,1.04462
Indonesia,2008.0,1.04151
Indonesia,2017.0,1.09265
Iraq,2011.0,0.84406
Cote d'Ivoire,2006.0,0.26709
Cote d'Ivoire,2012.0,0.39187
Cote d'Ivoire,2016.0,0.24301
Jamaica,2011.0,0.98246
Kazakhstan,2006.0,1.01493
Kazakhstan,2011.0,1.02844
Kazakhstan,2015.0,0.99709
Jordan,2007.0,1.05081
Kenya,2003.0,1.15427
Kenya,2008.0,0.93828
Kenya,2014.0,1.15762
Kyrgyzstan,2006.0,1.01559
Kyrgyzstan,2012.0,1.03362
Kyrgyzstan,2014.0,1.05463
Laos,2006.0,0.42558
Laos,2012.0,0.59931
Laos,2017.0,0.78448
Lesotho,2005.0,1.55304
Lesotho,2009.0,1.55648
Lesotho,2014.0,1.56147
Liberia,2007.0,1.33816
Liberia,2013.0,0.37174
Madagascar,2009.0,0.87092
Malawi,2004.0,0.19973
Malawi,2010.0,0.53324
Malawi,2016.0,0.48656
Maldives,2008.0,1.22065
Maldives,2017.0,1.09094
Mali,2006.0,0.33325
Mali,2013.0,0.32721
Mali,2015.0,0.52754
Mauritania,2007.0,0.46408
Mauritania,2011.0,0.26721
Mauritania,2015.0,0.82055
Mexico,2000.0,1.00032
Mexico,2002.0,1.03599
Mexico,2004.0,1.10484
Mexico,2006.0,1.00881
Mexico,2008.0,1.07231
Mexico,2010.0,1.10147
Mexico,2012.0,1.04133
Mexico,2014.0,1.03395
Mexico,2016.0,0.93652
Mexico,2018.0,1.02193
Mongolia,2006.0,1.20963
Mongolia,2014.0,1.06522
Moldova,2005.0,1.01614
Moldova,2012.0,1.03831
Montenegro,2013.0,1.0
Morocco,2004.0,0.41456
Mozambique,2008.0,0.43175
Mozambique,2011.0,0.14839
Namibia,2007.0,1.00014
Namibia,2013.0,1.26343
Nepal,2007.0,0.73949
Nepal,2011.0,0.87413
Nepal,2014.0,0.81589
Nepal,2016.0,1.03334
Vanuatu,2007.0,1.14517
Nicaragua,2001.0,1.51342
Nicaragua,2005.0,1.41056
Nicaragua,2009.0,1.40648
Nicaragua,2014.0,1.19448
Niger,2006.0,1.0
Niger,2012.0,1.12046
Nigeria,2003.0,0.81796
Nigeria,2007.0,0.7826
Nigeria,2008.0,0.43646
Nigeria,2011.0,0.76534
Nigeria,2013.0,0.46028
Nigeria,2016.0,0.58879
Pakistan,2007.0,0.36759
Pakistan,2012.0,0.44271
Pakistan,2018.0,0.59157
Panama,2000.0,1.08499
Panama,2001.0,1.22079
Panama,2002.0,1.27222
Panama,2003.0,1.18592
Panama,2004.0,1.11136
Panama,2005.0,1.23759
Panama,2006.0,1.16214
Panama,2007.0,1.15474
Panama,2008.0,1.15439
Panama,2009.0,1.19575
Panama,2011.0,1.02075
Panama,2013.0,1.15139
Panama,2014.0,1.20096
Panama,2015.0,1.13946
Panama,2016.0,1.06051
Panama,2017.0,1.06857
Panama,2018.0,1.08156
Paraguay,2001.0,1.26894
Paraguay,2003.0,1.14192
Paraguay,2004.0,1.16514
Paraguay,2005.0,1.04076
Paraguay,2006.0,1.15645
Paraguay,2007.0,1.11604
Paraguay,2008.0,1.27252
Paraguay,2009.0,1.16048
Paraguay,2010.0,1.13102
Paraguay,2011.0,0.94378
Paraguay,2012.0,1.06789
Paraguay,2013.0,1.1187
Paraguay,2014.0,1.1798
Paraguay,2015.0,1.09838
Paraguay,2016.0,1.10538
Paraguay,2017.0,1.03859
Paraguay,2018.0,1.17304
Peru,2000.0,0.96784
Peru,2001.0,1.03825
Peru,2002.0,1.0608
Peru,2003.0,0.95835
Peru,2004.0,0.9515
Peru,2005.0,0.92471
Peru,2006.0,1.02152
Peru,2007.0,1.02442
Peru,2008.0,1.05818
Peru,2009.0,1.01086
Peru,2010.0,0.96725
Peru,2011.0,1.03839
Peru,2012.0,1.04428
Peru,2013.0,1.04504
Peru,2014.0,1.04747
Peru,2015.0,1.07159
Peru,2016.0,1.01361
Peru,2017.0,1.07367
Peru,2018.0,1.00357
Philippines,2004.0,1.3752
Philippines,2018.0,1.13683
Guinea-Bissau,2014.0,0.66722
Timor-Leste,2009.0,1.15764
Timor-Leste,2016.0,1.10007
Rwanda,2005.0,0.21334
Rwanda,2010.0,1.09644
Rwanda,2015.0,1.10514
Saint Lucia,2012.0,1.18689
Sao Tome and Principe,2009.0,1.68147
Sao Tome and Principe,2014.0,1.26827
Senegal,2005.0,0.2365
Senegal,2011.0,0.47467
Senegal,2016.0,1.21169
Senegal,2017.0,0.80112
Serbia,2011.0,0.9704
Serbia,2014.0,1.01978
Sierra Leone,2008.0,0.02632
Sierra Leone,2013.0,0.48337
Sierra Leone,2017.0,0.63484
Vietnam,2011.0,0.95584
Vietnam,2014.0,1.07057
South Africa,2016.0,1.10738
Zimbabwe,2005.0,0.86848
Zimbabwe,2010.0,0.97278
Zimbabwe,2015.0,0.93328
South Sudan,2010.0,0.14319
Sudan,2014.0,0.91827
Suriname,2010.0,1.33769
Eswatini,2006.0,0.78176
Eswatini,2010.0,1.08308
Eswatini,2014.0,1.09603
Syria,2006.0,0.93772
Tajikistan,2006.0,0.78472
Tajikistan,2012.0,0.88566
Tajikistan,2017.0,0.92019
Thailand,2013.0,1.14814
Thailand,2016.0,1.18283
Togo,2006.0,0.38086
Togo,2010.0,0.20713
Togo,2014.0,0.35105
Tunisia,2012.0,1.08409
Turkey,2004.0,0.59333
Turkey,2014.0,0.94985
Turkmenistan,2016.0,1.01307
Uganda,2006.0,0.91477
Uganda,2011.0,0.46853
Uganda,2016.0,0.76744
Ukraine,2007.0,0.99014
Ukraine,2013.0,0.9945
North Macedonia,2011.0,0.9813
Egypt,2005.0,0.8995
Egypt,2009.0,0.90082
Egypt,2014.0,1.02564
Tanzania,2004.0,1.24126
Tanzania,2010.0,0.3223
Tanzania,2015.0,0.55027
Burkina Faso,2003.0,0.02232
Burkina Faso,2006.0,0.46096
Burkina Faso,2010.0,0.21181
Uruguay,2008.0,1.21933
Uruguay,2009.0,1.25706
Uruguay,2010.0,1.28469
Uruguay,2011.0,1.19513
Uruguay,2012.0,1.17031
Uruguay,2013.0,1.53928
Uruguay,2014.0,1.26419
Uruguay,2015.0,1.23435
Uruguay,2016.0,1.14581
Uruguay,2017.0,1.14502
Uruguay,2018.0,1.19747
Uzbekistan,2006.0,1.0166
Venezuela,2000.0,1.27639
Venezuela,2001.0,1.27502
Venezuela,2002.0,1.29454
Venezuela,2003.0,1.28737
Venezuela,2004.0,1.28598
Venezuela,2005.0,1.19425
Venezuela,2006.0,1.17577
Venezuela,2007.0,1.19218
Venezuela,2008.0,1.20243
Venezuela,2009.0,1.13694
Venezuela,2010.0,1.18484
Venezuela,2011.0,1.17496
Venezuela,2012.0,1.19734
Venezuela,2013.0,1.13968
Venezuela,2014.0,1.13827
Yemen,2006.0,0.22061
Yemen,2013.0,0.47591
Zambia,2001.0,0.79638
Zambia,2007.0,0.85129
Zambia,2013.0,0.88696
