country,year,value
Brazil,2016.0,7.48198
Brazil,2017.0,6.78229
Brazil,2018.0,5.46449
Brazil,2019.0,8.45849
Brazil,2020.0,9.62342
Brazil,2021.0,6.045
Chile,2016.0,5.3198
Chile,2017.0,6.696
Chile,2018.0,3.80675
Chile,2019.0,2.48418
Chile,2020.0,7.16843
Chile,2021.0,5.05
Spain,2016.0,5.96193
Spain,2017.0,4.93514
Spain,2018.0,3.33678
Spain,2019.0,3.59011
Spain,2020.0,3.80661
Spain,2021.0,3.35333
United States,2016.0,5.9233
United States,2017.0,6.19503
United States,2018.0,3.36887
United States,2019.0,3.85814
United States,2020.0,2.99833
United States,2021.0,3.31333
