country,year,value
Afghanistan,2011.0,30.05576
Afghanistan,2015.0,43.70939
Albania,2009.0,59.02978
Albania,2017.0,93.41885
Algeria,2013.0,40.59709
Angola,2015.0,13.92639
Azerbaijan,2006.0,91.70947
Bangladesh,2006.0,41.3526
Bangladesh,2011.0,46.26062
Bangladesh,2014.0,52.5895
Bangladesh,2019.0,58.00964
Armenia,2006.0,71.29939
Armenia,2011.0,95.8548
Armenia,2016.0,89.70273
Barbados,2012.0,97.7948
Bhutan,2010.0,30.84654
Bolivia,2000.0,50.7
Bolivia,2001.0,55.06
Bolivia,2002.0,53.43
Bolivia,2003.0,60.87928
Bolivia,2004.0,69.13
Bolivia,2005.0,72.19
Bolivia,2006.0,74.03
Bolivia,2007.0,77.86
Bolivia,2008.0,73.99861
Bolivia,2009.0,78.08
Bolivia,2011.0,80.5
Bolivia,2012.0,77.76
Bolivia,2013.0,77.49
Bolivia,2014.0,77.03
Bolivia,2015.0,81.64
Bolivia,2016.0,82.6
Bolivia,2017.0,86.66
Bolivia,2018.0,85.44
Bosnia and Herzegovina,2012.0,96.19608
Brazil,2001.0,35.48
Brazil,2002.0,35.32
Brazil,2003.0,43.34
Brazil,2004.0,43.9
Brazil,2005.0,47.4
Brazil,2006.0,49.86
Brazil,2007.0,53.64
Brazil,2008.0,56.11
Brazil,2009.0,58.35
Brazil,2011.0,63.95
Brazil,2012.0,65.95
Brazil,2013.0,69.41
Brazil,2014.0,71.46
Brazil,2015.0,73.1
Brazil,2016.0,67.47
Brazil,2017.0,67.93
Brazil,2018.0,69.74
Belize,2016.0,47.50782
Myanmar,2016.0,32.23397
Burundi,2000.0,6.12745
Burundi,2010.0,13.12815
Burundi,2017.0,25.76598
Belarus,2012.0,100
Cambodia,2005.0,26.48738
Cambodia,2008.0,28.54957
Cambodia,2010.0,34.57641
Cambodia,2014.0,36.02431
Cameroon,2004.0,10.99798
Cameroon,2005.0,25.7201
Cameroon,2006.0,14.60077
Cameroon,2011.0,16.3475
Cameroon,2014.0,26.29005
Cameroon,2018.0,32.24938
Central African Republic,2006.0,4.39651
Central African Republic,2010.0,5.21858
Sri Lanka,2006.0,87.34203
Chad,2004.0,5.67756
Chad,2014.0,8.07439
Chile,2000.0,76.53
Chile,2002.0,81.86707
Chile,2003.0,84.85
Chile,2006.0,90.04
Chile,2009.0,90.49
Chile,2011.0,90.99
Chile,2013.0,91.28
Chile,2015.0,94.29
Chile,2017.0,93.01
Colombia,2002.0,28.15
Colombia,2003.0,31.51
Colombia,2004.0,34.71
Colombia,2005.0,29.28633
Colombia,2008.0,43.45
Colombia,2009.0,39.04
Colombia,2010.0,44.43357
Colombia,2011.0,44.21
Colombia,2012.0,46.57
Colombia,2013.0,47.62
Colombia,2014.0,49.26
Colombia,2015.0,52.26609
Colombia,2016.0,55.96
Colombia,2017.0,53.07
Colombia,2018.0,54.83
Comoros,2012.0,41.36033
Congo,2005.0,12.58229
Congo,2012.0,16.09435
Congo,2015.0,21.6318
Democratic Republic of Congo,2007.0,20.47274
Democratic Republic of Congo,2010.0,24.05315
Democratic Republic of Congo,2013.0,46.03547
Democratic Republic of Congo,2018.0,44.20061
Costa Rica,2000.0,25.83
Costa Rica,2001.0,26.59
Costa Rica,2002.0,27.61
Costa Rica,2003.0,29.49
Costa Rica,2004.0,35.93
Costa Rica,2005.0,36.25
Costa Rica,2006.0,37.99
Costa Rica,2007.0,41.19
Costa Rica,2008.0,44.93
Costa Rica,2009.0,45.9
Costa Rica,2010.0,49.04
Costa Rica,2011.0,42.90594
Costa Rica,2012.0,48.63
Costa Rica,2013.0,52
Costa Rica,2014.0,51.73
Costa Rica,2015.0,58.37
Costa Rica,2016.0,59.71
Costa Rica,2017.0,59.72
Costa Rica,2018.0,63.18862
Cuba,2014.0,96.55793
Benin,2006.0,20.99483
Benin,2011.0,29.26924
Benin,2014.0,27.75919
Benin,2018.0,17.83685
Dominican Republic,2000.0,39.55
Dominican Republic,2001.0,41.25
Dominican Republic,2002.0,42.29
Dominican Republic,2003.0,51.94
Dominican Republic,2004.0,54.63
Dominican Republic,2005.0,58.49
Dominican Republic,2006.0,58.82
Dominican Republic,2007.0,57.60884
Dominican Republic,2008.0,58.62
Dominican Republic,2009.0,59.42
Dominican Republic,2010.0,65.36
Dominican Republic,2011.0,65.82
Dominican Republic,2012.0,69.67
Dominican Republic,2013.0,72.59055
Dominican Republic,2014.0,66.94563
Dominican Republic,2015.0,69.81
Dominican Republic,2016.0,70.98
Dominican Republic,2017.0,74.74
Dominican Republic,2018.0,76.88
Ecuador,2001.0,31.12
Ecuador,2003.0,33.63
Ecuador,2005.0,44.66
Ecuador,2006.0,45.56
Ecuador,2007.0,45.78
Ecuador,2008.0,51.49
Ecuador,2009.0,57.58
Ecuador,2010.0,61.5
Ecuador,2011.0,64.79
Ecuador,2012.0,70.08
Ecuador,2013.0,76.77
Ecuador,2014.0,78.85
Ecuador,2015.0,79.9
Ecuador,2016.0,86.75
Ecuador,2017.0,83.29
Ecuador,2018.0,86.26
El Salvador,2000.0,34.05
El Salvador,2001.0,33.74
El Salvador,2002.0,37.07
El Salvador,2003.0,34.71
El Salvador,2004.0,40.62
El Salvador,2005.0,39.6
El Salvador,2006.0,46.06
El Salvador,2007.0,41.48953
El Salvador,2009.0,41.65
El Salvador,2010.0,47.86
El Salvador,2012.0,51.84
El Salvador,2013.0,53.15
El Salvador,2014.0,61.27
El Salvador,2015.0,56.94
El Salvador,2016.0,56.39
El Salvador,2017.0,60.52
El Salvador,2018.0,64.35
Ethiopia,2000.0,2.3466
Ethiopia,2005.0,3.84841
Ethiopia,2007.0,4.11749
Ethiopia,2011.0,6.53649
Ethiopia,2016.0,13.04678
Fiji,2007.0,71.11517
Djibouti,2006.0,31.18765
Gabon,2012.0,14.10885
Georgia,2018.0,95.79985
Gambia,2006.0,25.7295
Gambia,2010.0,22.10171
Gambia,2013.0,30.43489
Gambia,2018.0,19.34363
Palestine,2014.0,83.30074
Ghana,2009.0,36.92061
Ghana,2010.0,37.65637
Ghana,2014.0,37.41464
Ghana,2018.0,33.56859
Kiribati,2019.0,60.58953
Guatemala,2000.0,14.01
Guatemala,2006.0,21.09
Guatemala,2014.0,36.39
Guatemala,2015.0,40.28419
Guinea,2005.0,8.02588
Guinea,2012.0,14.20253
Guinea,2016.0,23.56263
Guinea,2018.0,12.7541
Guyana,2006.0,61.22514
Guyana,2009.0,70.30904
Guyana,2014.0,77.42061
Haiti,2003.0,11.43914
Haiti,2005.0,15.6264
Haiti,2012.0,15.30949
Haiti,2017.0,19.31843
Honduras,2001.0,9.39
Honduras,2004.0,9.11
Honduras,2005.0,12.66
Honduras,2009.0,22.81
Honduras,2010.0,26.63
Honduras,2011.0,27.68788
Honduras,2012.0,26.02
Honduras,2013.0,31.87
Honduras,2014.0,26.25
Honduras,2015.0,24.4
Honduras,2016.0,35.26
Honduras,2018.0,28.37
India,2006.0,61.45938
India,2016.0,81.02818
Indonesia,2003.0,53.2119
Indonesia,2008.0,61.73984
Indonesia,2017.0,77.25584
Iraq,2011.0,30.29161
Iraq,2018.0,41.55119
Cote d'Ivoire,2006.0,14.10148
Cote d'Ivoire,2012.0,9.9941
Cote d'Ivoire,2016.0,17.1341
Jamaica,2001.0,87.90786
Jamaica,2011.0,96.02718
Kazakhstan,2006.0,98.54333
Kazakhstan,2011.0,98.54081
Kazakhstan,2015.0,99.87402
Jordan,2007.0,90.99663
Jordan,2018.0,87.19005
Kenya,2003.0,29.89764
Kenya,2008.0,56.56104
Kenya,2009.0,36.98643
Kenya,2014.0,60.52995
Kyrgyzstan,2006.0,94.87892
Kyrgyzstan,2012.0,94.43381
Kyrgyzstan,2014.0,92.83941
Kyrgyzstan,2018.0,98.32212
Laos,2006.0,32.19308
Laos,2012.0,32.43511
Laos,2017.0,45.22561
Lesotho,2005.0,13.50853
Lesotho,2009.0,16.83163
Lesotho,2014.0,14.62768
Lesotho,2018.0,19.30749
Liberia,2007.0,5.53121
Liberia,2008.0,8.21318
Liberia,2013.0,8.54585
Madagascar,2009.0,7.24446
Madagascar,2018.0,19.23259
Malawi,2004.0,17.9156
Malawi,2008.0,21.13354
Malawi,2010.0,20.03888
Malawi,2016.0,17.87986
Maldives,2008.0,61.9705
Maldives,2017.0,80.45879
Mali,2006.0,7.78192
Mali,2009.0,9.83088
Mali,2013.0,14.48521
Mali,2015.0,24.24878
Mali,2018.0,21.24739
Mauritania,2007.0,18.62293
Mauritania,2011.0,25.26244
Mauritania,2015.0,36.69797
Mexico,2000.0,47.12
Mexico,2002.0,48.98
Mexico,2004.0,64.68
Mexico,2006.0,69.38
Mexico,2008.0,64.11
Mexico,2010.0,67.92
Mexico,2012.0,72.68
Mexico,2014.0,75.81
Mexico,2015.0,75.39628
Mexico,2016.0,80.97157
Mexico,2018.0,80.12
Mongolia,2006.0,59.55112
Mongolia,2014.0,70.27813
Mongolia,2018.0,82.51936
Moldova,2005.0,86.28138
Moldova,2012.0,93.88694
Montenegro,2013.0,98.77726
Montenegro,2018.0,97.06498
Morocco,2004.0,16.75971
Mozambique,2003.0,1.78182
Mozambique,2008.0,5.65292
Mozambique,2011.0,7.04558
Namibia,2007.0,23.97189
Namibia,2013.0,25.26222
Nepal,2007.0,43.90357
Nepal,2011.0,63.49002
Nepal,2014.0,65.58968
Nepal,2016.0,64.08818
Vanuatu,2007.0,25.82068
Nicaragua,2001.0,11.67
Nicaragua,2005.0,14.18
Nicaragua,2009.0,15.66
Nicaragua,2014.0,30.16
Niger,2006.0,1.4081
Niger,2012.0,2.83182
Nigeria,2003.0,35.2444
Nigeria,2007.0,43.15043
Nigeria,2008.0,48.05072
Nigeria,2010.0,59.74797
Nigeria,2011.0,57.04261
Nigeria,2013.0,46.92044
Nigeria,2016.0,63.18199
Nigeria,2018.0,52.54545
Pakistan,2007.0,39.87756
Pakistan,2012.0,45.86587
Pakistan,2018.0,47.03502
Panama,2000.0,44.48
Panama,2001.0,37.22
Panama,2002.0,38.91
Panama,2003.0,40.53
Panama,2004.0,48.84
Panama,2005.0,47.7
Panama,2006.0,51.82
Panama,2007.0,54.9
Panama,2008.0,50.25
Panama,2009.0,53.03
Panama,2010.0,52.85714
Panama,2011.0,57.62
Panama,2013.0,55.79
Panama,2014.0,63.8
Panama,2015.0,66.01
Panama,2016.0,63.31
Panama,2017.0,69.87
Panama,2018.0,71.2
Papua New Guinea,2018.0,48.50827
Paraguay,2001.0,31.58
Paraguay,2002.0,26.83248
Paraguay,2003.0,43.82
Paraguay,2004.0,43.82
Paraguay,2005.0,47.95
Paraguay,2006.0,50.64
Paraguay,2007.0,47.59
Paraguay,2008.0,43.89
Paraguay,2009.0,51.19
Paraguay,2010.0,54.62
Paraguay,2011.0,59.45
Paraguay,2012.0,60.41
Paraguay,2013.0,64.72
Paraguay,2014.0,62.07
Paraguay,2015.0,67.26
Paraguay,2016.0,62.63634
Paraguay,2017.0,63.57
Paraguay,2018.0,64.91
Peru,2000.0,40.85
Peru,2001.0,47.57
Peru,2002.0,51.81
Peru,2003.0,50.88
Peru,2004.0,59.29
Peru,2005.0,60.8
Peru,2006.0,58.33
Peru,2007.0,63.61
Peru,2008.0,64.01
Peru,2009.0,65.65
Peru,2010.0,67.89
Peru,2011.0,70.67
Peru,2012.0,73.67
Peru,2013.0,73.47
Peru,2014.0,74.31
Peru,2015.0,76.65
Peru,2016.0,77.04
Peru,2017.0,79.48
Peru,2018.0,84.92
Philippines,2004.0,45.83181
Philippines,2018.0,70.0174
Guinea-Bissau,2014.0,7.8134
Timor-Leste,2009.0,34.10302
Timor-Leste,2016.0,50.90438
Qatar,2012.0,0
Rwanda,2002.0,5.74674
Rwanda,2005.0,2.92005
Rwanda,2010.0,12.75831
Rwanda,2012.0,13.39452
Rwanda,2015.0,20.50344
Saint Lucia,2012.0,88.31207
Sao Tome and Principe,2009.0,23.19746
Sao Tome and Principe,2014.0,27.13335
Senegal,2002.0,6.34297
Senegal,2005.0,1.91449
Senegal,2011.0,6.76167
Senegal,2016.0,17.07398
Senegal,2017.0,17.83568
Senegal,2018.0,17.28817
Senegal,2019.0,15.37631
Serbia,2011.0,98.75187
Serbia,2014.0,97.91617
Serbia,2019.0,97.70094
Sierra Leone,2004.0,3.47496
Sierra Leone,2008.0,9.30911
Sierra Leone,2013.0,32.37807
Sierra Leone,2017.0,23.48178
Vietnam,2009.0,73.2458
Vietnam,2011.0,77.25923
Vietnam,2014.0,78.104
South Africa,2011.0,76.83573
South Africa,2016.0,78.33215
Zimbabwe,2005.0,50.15166
Zimbabwe,2010.0,61.66793
Zimbabwe,2012.0,58.84299
Zimbabwe,2015.0,63.09392
Zimbabwe,2019.0,38.74905
South Sudan,2010.0,15.73155
Sudan,2014.0,43.76518
Suriname,2010.0,25.36582
Suriname,2018.0,30.23221
Eswatini,2006.0,37.09395
Eswatini,2010.0,37.88698
Eswatini,2014.0,40.405
Syria,2006.0,43.79747
Tajikistan,2006.0,88.44747
Tajikistan,2012.0,91.86932
Tajikistan,2017.0,96.4054
Thailand,2000.0,66.11559
Thailand,2013.0,76.80457
Thailand,2016.0,74.97005
Thailand,2019.0,78.76932
Togo,2006.0,15.99213
Togo,2010.0,19.64108
Togo,2014.0,15.02119
Togo,2017.0,44.45272
Tonga,2019.0,89.10483
Tunisia,2012.0,53.25623
Tunisia,2018.0,53.90119
Turkey,2004.0,76.40366
Turkey,2014.0,95.17249
Turkmenistan,2016.0,99.16248
Turkmenistan,2019.0,98.54798
Uganda,2002.0,11.79838
Uganda,2006.0,11.90544
Uganda,2011.0,19.24059
Uganda,2016.0,20.70866
Ukraine,2007.0,98.24515
Ukraine,2013.0,99.26148
North Macedonia,2011.0,98.76678
North Macedonia,2019.0,93.36792
Egypt,2005.0,68.81419
Egypt,2009.0,70.41077
Egypt,2014.0,76.1618
Tanzania,2002.0,4.76405
Tanzania,2004.0,3.50277
Tanzania,2010.0,8.60029
Tanzania,2012.0,20.12365
Tanzania,2015.0,17.98295
Burkina Faso,2003.0,3.85066
Burkina Faso,2006.0,4.45852
Burkina Faso,2010.0,5.10891
Uruguay,2008.0,48.72
Uruguay,2009.0,47.06
Uruguay,2010.0,50.7
Uruguay,2011.0,51.24
Uruguay,2012.0,58.95
Uruguay,2013.0,75.81774
Uruguay,2014.0,49.15
Uruguay,2015.0,58.91
Uruguay,2016.0,59.21
Uruguay,2017.0,68.96
Uruguay,2018.0,61.77
Uzbekistan,2006.0,96.44888
Yemen,2006.0,52.23147
Yemen,2013.0,50.23637
Zambia,2001.0,20.87597
Zambia,2007.0,19.62107
Zambia,2013.0,35.0262
Zambia,2018.0,37.56276
