country,year,value
Afghanistan,2014.0,21.4
Angola,2016.0,18.7
Bangladesh,2019.0,6.8
Armenia,2015.0,4.1
Bolivia,2019.0,13.6
Brazil,2015.0,5.4
Belize,2013.0,3.3
Myanmar,2015.0,9.9
Burundi,2017.0,30.9
Cambodia,2012.0,12.6
Cameroon,2014.0,38.9
Sri Lanka,2016.0,0.8
Chad,2015.0,39.0
Chile,2012.0,5.9
Colombia,2017.0,3.6
Congo,2015.0,14.1
Democratic Republic of Congo,2018.0,14.7
Costa Rica,2018.0,3.8
Benin,2018.0,24.8
Dominican Republic,2014.0,7.0
El Salvador,2019.0,6.9
Georgia,2015.0,1.6
Gambia,2018.0,16.9
Kiribati,2019.0,16.5
Guinea,2016.0,24.2
Guyana,2014.0,10.8
Iraq,2018.0,4.5
Cote d'Ivoire,2016.0,22.1
Jamaica,2016.0,2.9
Jordan,2016.0,1.7
North Korea,2017.0,4.3
Kyrgyzstan,2018.0,22.3
Laos,2017.0,28.2
Lesotho,2018.0,13.9
Liberia,2010.0,14.0
Madagascar,2018.0,36.7
Malawi,2014.0,19.4
Mauritania,2015.0,14.0
Mexico,2017.0,4.7
Mongolia,2018.0,14.7
Montenegro,2018.0,7.7
Nepal,2014.0,21.7
Nigeria,2017.0,31.5
Panama,2016.0,2.3
Paraguay,2016.0,17.9
Peru,2015.0,14.5
Guinea-Bissau,2019.0,17.2
Timor-Leste,2016.0,9.2
Sao Tome and Principe,2014.0,18.2
Senegal,2016.0,22.8
Serbia,2019.0,9.5
Sierra Leone,2017.0,25.2
Vietnam,2014.0,13.1
Zimbabwe,2019.0,27.9
Sudan,2014.0,18.1
Suriname,2018.0,4.3
Togo,2017.0,38.5
Tonga,2019.0,26.1
Turkmenistan,2016.0,0.3
Uganda,2017.0,18.1
Egypt,2014.0,4.8
Tanzania,2014.0,24.8
Uruguay,2010.0,4.2
Zambia,2012.0,23.0
