country,year,value
Afghanistan,2010.0,-0.2
Afghanistan,2011.0,-0.3
Afghanistan,2012.0,-0.4
Afghanistan,2013.0,0.2
Afghanistan,2014.0,0.3
Afghanistan,2015.0,-0.1
Afghanistan,2016.0,0.2
Afghanistan,2017.0,0.1
Afghanistan,2018.0,-0.4
Afghanistan,2019.0,0.2
Albania,2010.0,0.4
Albania,2011.0,0.1
Albania,2012.0,-0.1
Albania,2013.0,0.6
Albania,2014.0,-0.2
Albania,2015.0,0.8
Albania,2016.0,0.4
Albania,2017.0,0.2
Albania,2018.0,-0.3
Albania,2019.0,0.1
Algeria,2010.0,-0.4
Algeria,2011.0,-0.6
Algeria,2012.0,0.7
Algeria,2013.0,-0.5
Algeria,2014.0,0.0
Algeria,2015.0,-0.5
Algeria,2016.0,-1.3
Algeria,2017.0,-0.2
Algeria,2018.0,-0.4
Algeria,2019.0,-0.9
Angola,2010.0,0.0
Angola,2011.0,-0.9
Angola,2012.0,-0.4
Angola,2013.0,-0.8
Angola,2014.0,-1.6
Angola,2015.0,-0.8
Angola,2016.0,-0.5
Angola,2017.0,-2.1
Angola,2018.0,-1.7
Angola,2019.0,0.2
Azerbaijan,2010.0,0.2
Azerbaijan,2011.0,0.3
Azerbaijan,2012.0,-0.4
Azerbaijan,2013.0,-0.4
Azerbaijan,2014.0,-0.3
Azerbaijan,2015.0,0.0
Azerbaijan,2016.0,0.3
Azerbaijan,2017.0,0.9
Azerbaijan,2018.0,-0.5
Azerbaijan,2019.0,0.0
Argentina,2010.0,-0.1
Argentina,2011.0,0.1
Argentina,2012.0,-0.1
Argentina,2013.0,-0.2
Argentina,2014.0,-6.8
Argentina,2015.0,-0.5
Argentina,2016.0,-0.3
Argentina,2017.0,0.3
Argentina,2018.0,0.2
Argentina,2019.0,0.6
Australia,2010.0,-0.8
Australia,2011.0,0.4
Australia,2012.0,-1.6
Australia,2013.0,-0.5
Australia,2014.0,0.2
Australia,2015.0,-0.1
Australia,2016.0,0.0
Australia,2017.0,-0.4
Australia,2018.0,-0.1
Australia,2019.0,1.2
Austria,2010.0,-0.9
Austria,2011.0,0.3
Austria,2012.0,0.2
Austria,2013.0,0.5
Austria,2014.0,-0.3
Austria,2015.0,-0.4
Austria,2016.0,-0.4
Austria,2017.0,0.0
Austria,2018.0,-0.7
Austria,2019.0,-0.5
Bahamas,2010.0,-0.8
Bahamas,2011.0,-2.1
Bahamas,2012.0,-0.4
Bahamas,2013.0,0.1
Bahamas,2014.0,-0.5
Bahamas,2015.0,2.7
Bahamas,2016.0,-0.9
Bahamas,2017.0,-0.8
Bahamas,2018.0,-0.3
Bahamas,2019.0,-1.1
Bahrain,2010.0,0.4
Bahrain,2011.0,0.0
Bahrain,2012.0,-0.3
Bahrain,2013.0,-0.7
Bahrain,2014.0,-0.3
Bahrain,2015.0,0.1
Bahrain,2016.0,-1.1
Bahrain,2017.0,-0.2
Bahrain,2018.0,-0.1
Bahrain,2019.0,0.3
Bangladesh,2010.0,-2.8
Bangladesh,2011.0,-0.1
Bangladesh,2012.0,-0.6
Bangladesh,2013.0,0.4
Bangladesh,2014.0,0.3
Bangladesh,2015.0,0.0
Bangladesh,2016.0,-0.1
Bangladesh,2017.0,0.6
Bangladesh,2018.0,0.2
Bangladesh,2019.0,0.0
Armenia,2010.0,-2.0
Armenia,2011.0,1.1
Armenia,2012.0,-0.3
Armenia,2013.0,-0.2
Armenia,2014.0,-0.3
Armenia,2015.0,-0.3
Armenia,2016.0,-0.4
Armenia,2017.0,0.8
Armenia,2018.0,-0.1
Armenia,2019.0,0.0
Barbados,2010.0,-1.0
Barbados,2011.0,-2.3
Barbados,2012.0,0.2
Barbados,2013.0,0.7
Barbados,2014.0,0.0
Barbados,2015.0,1.1
Barbados,2016.0,1.5
Barbados,2017.0,-0.3
Barbados,2018.0,-1.0
Barbados,2019.0,0.2
Belgium,2010.0,-0.7
Belgium,2011.0,-0.8
Belgium,2012.0,0.1
Belgium,2013.0,1.1
Belgium,2014.0,-0.8
Belgium,2015.0,0.3
Belgium,2016.0,-0.2
Belgium,2017.0,-0.7
Belgium,2018.0,-0.3
Belgium,2019.0,-0.5
Bhutan,2010.0,0.4
Bhutan,2011.0,-0.1
Bhutan,2012.0,0.0
Bhutan,2013.0,-0.2
Bhutan,2014.0,-0.2
Bhutan,2015.0,-0.8
Bhutan,2016.0,-0.3
Bhutan,2017.0,0.9
Bhutan,2018.0,0.3
Bhutan,2019.0,0.0
Bolivia,2010.0,-0.2
Bolivia,2011.0,0.1
Bolivia,2012.0,-0.5
Bolivia,2013.0,0.4
Bolivia,2014.0,-0.1
Bolivia,2015.0,-0.3
Bolivia,2016.0,0.0
Bolivia,2017.0,-0.4
Bolivia,2018.0,-0.4
Bolivia,2019.0,0.1
Bosnia and Herzegovina,2010.0,-1.2
Bosnia and Herzegovina,2011.0,0.4
Bosnia and Herzegovina,2012.0,-0.2
Bosnia and Herzegovina,2013.0,-0.4
Bosnia and Herzegovina,2014.0,-0.6
Bosnia and Herzegovina,2015.0,-0.1
Bosnia and Herzegovina,2016.0,-0.1
Bosnia and Herzegovina,2017.0,0.2
Bosnia and Herzegovina,2018.0,-0.6
Bosnia and Herzegovina,2019.0,0.3
Botswana,2010.0,-1.3
Botswana,2011.0,-0.3
Botswana,2012.0,0.1
Botswana,2013.0,-0.1
Botswana,2014.0,-0.4
Botswana,2015.0,-0.6
Botswana,2016.0,0.2
Botswana,2017.0,0.1
Botswana,2018.0,-1.4
Botswana,2019.0,0.0
Brazil,2010.0,0.2
Brazil,2011.0,0.1
Brazil,2012.0,0.4
Brazil,2013.0,0.7
Brazil,2014.0,-0.2
Brazil,2015.0,-0.3
Brazil,2016.0,0.2
Brazil,2017.0,-1.5
Brazil,2018.0,-0.7
Brazil,2019.0,0.2
Belize,2010.0,-1.6
Belize,2011.0,-0.3
Belize,2012.0,-0.1
Belize,2013.0,-0.2
Belize,2014.0,-0.4
Belize,2015.0,-0.3
Belize,2016.0,-0.5
Belize,2017.0,-0.8
Belize,2018.0,-0.4
Belize,2019.0,0.0
Solomon Islands,2010.0,-1.0
Solomon Islands,2011.0,-0.4
Solomon Islands,2012.0,-0.3
Solomon Islands,2013.0,-0.4
Solomon Islands,2014.0,-0.3
Solomon Islands,2015.0,-0.3
Solomon Islands,2016.0,0.2
Solomon Islands,2017.0,0.0
Solomon Islands,2018.0,0.1
Solomon Islands,2019.0,-0.1
Brunei,2010.0,-0.5
Brunei,2011.0,-0.5
Brunei,2012.0,-0.4
Brunei,2013.0,-0.7
Brunei,2014.0,-0.4
Brunei,2015.0,1.4
Brunei,2016.0,-0.6
Brunei,2017.0,1.3
Brunei,2018.0,0.3
Brunei,2019.0,-0.7
Bulgaria,2010.0,-0.5
Bulgaria,2011.0,0.7
Bulgaria,2012.0,0.0
Bulgaria,2013.0,0.4
Bulgaria,2014.0,0.0
Bulgaria,2015.0,0.0
Bulgaria,2016.0,0.0
Bulgaria,2017.0,0.4
Bulgaria,2018.0,-0.4
Bulgaria,2019.0,0.6
Myanmar,2010.0,-0.4
Myanmar,2011.0,0.2
Myanmar,2012.0,0.3
Myanmar,2013.0,0.0
Myanmar,2014.0,-0.2
Myanmar,2015.0,0.2
Myanmar,2016.0,-0.2
Myanmar,2017.0,-0.6
Myanmar,2018.0,-0.5
Myanmar,2019.0,-0.5
Burundi,2010.0,-0.5
Burundi,2011.0,-0.4
Burundi,2012.0,-1.0
Burundi,2013.0,0.2
Burundi,2014.0,-0.5
Burundi,2015.0,0.1
Burundi,2016.0,0.3
Burundi,2017.0,1.3
Burundi,2018.0,-2.0
Burundi,2019.0,-0.2
Belarus,2010.0,-0.1
Belarus,2011.0,1.7
Belarus,2012.0,-1.0
Belarus,2013.0,-2.0
Belarus,2014.0,-0.2
Belarus,2015.0,-0.3
Belarus,2016.0,-0.3
Belarus,2017.0,0.1
Belarus,2018.0,-0.2
Belarus,2019.0,0.1
Cambodia,2010.0,0.6
Cambodia,2011.0,0.4
Cambodia,2012.0,0.2
Cambodia,2013.0,0.4
Cambodia,2014.0,0.3
Cambodia,2015.0,0.5
Cambodia,2016.0,0.5
Cambodia,2017.0,0.0
Cambodia,2018.0,0.0
Cambodia,2019.0,0.0
Cameroon,2010.0,0.7
Cameroon,2011.0,-0.1
Cameroon,2012.0,0.6
Cameroon,2013.0,0.8
Cameroon,2014.0,-0.5
Cameroon,2015.0,0.1
Cameroon,2016.0,0.2
Cameroon,2017.0,0.0
Cameroon,2018.0,0.3
Cameroon,2019.0,0.4
Canada,2010.0,-0.6
Canada,2011.0,0.3
Canada,2012.0,-0.1
Canada,2013.0,-0.4
Canada,2014.0,0.0
Canada,2015.0,0.8
Canada,2016.0,-1.1
Canada,2017.0,-1.1
Canada,2018.0,-0.6
Canada,2019.0,0.5
Cape Verde,2010.0,-0.3
Cape Verde,2011.0,-0.1
Cape Verde,2012.0,-0.2
Cape Verde,2013.0,-1.0
Cape Verde,2014.0,-0.6
Cape Verde,2015.0,0.6
Cape Verde,2016.0,0.2
Cape Verde,2017.0,-0.8
Cape Verde,2018.0,-0.6
Cape Verde,2019.0,0.3
Cayman Islands,2010.0,0.8
Cayman Islands,2011.0,0.5
Cayman Islands,2012.0,0.7
Cayman Islands,2013.0,-0.2
Cayman Islands,2014.0,-0.3
Cayman Islands,2015.0,1.1
Cayman Islands,2016.0,-0.4
Cayman Islands,2017.0,-0.9
Cayman Islands,2018.0,0.0
Cayman Islands,2019.0,-2.3
Sri Lanka,2010.0,0.1
Sri Lanka,2011.0,0.1
Sri Lanka,2012.0,-0.2
Sri Lanka,2013.0,0.0
Sri Lanka,2014.0,0.6
Sri Lanka,2015.0,0.2
Sri Lanka,2016.0,0.0
Sri Lanka,2017.0,0.7
Sri Lanka,2018.0,-0.4
Sri Lanka,2019.0,-0.1
Chile,2010.0,-0.3
Chile,2011.0,0.2
Chile,2012.0,0.4
Chile,2013.0,-0.2
Chile,2014.0,-0.1
Chile,2015.0,-0.3
Chile,2016.0,-0.9
Chile,2017.0,-0.8
Chile,2018.0,-0.5
Chile,2019.0,-0.6
China,2010.0,0.1
China,2011.0,0.4
China,2012.0,-0.7
China,2013.0,-0.5
China,2014.0,-0.7
China,2015.0,-0.7
China,2016.0,-0.5
China,2017.0,-1.4
China,2018.0,-0.6
China,2019.0,1.3
Colombia,2010.0,-1.3
Colombia,2011.0,0.2
Colombia,2012.0,-0.3
Colombia,2013.0,-0.8
Colombia,2014.0,0.0
Colombia,2015.0,1.3
Colombia,2016.0,1.2
Colombia,2017.0,-1.4
Colombia,2018.0,-0.8
Colombia,2019.0,0.4
Comoros,2010.0,-0.9
Comoros,2011.0,0.1
Comoros,2012.0,0.3
Comoros,2013.0,1.3
Comoros,2014.0,-0.8
Comoros,2015.0,0.7
Comoros,2016.0,0.2
Comoros,2017.0,0.3
Comoros,2018.0,0.2
Comoros,2019.0,-0.2
Congo,2010.0,0.5
Congo,2011.0,0.6
Congo,2012.0,1.1
Congo,2013.0,0.3
Congo,2014.0,-0.9
Congo,2015.0,0.2
Congo,2016.0,-0.6
Congo,2017.0,-0.1
Congo,2018.0,0.3
Congo,2019.0,0.2
Democratic Republic of Congo,2010.0,3.6
Democratic Republic of Congo,2011.0,-0.2
Democratic Republic of Congo,2012.0,0.2
Democratic Republic of Congo,2013.0,0.5
Democratic Republic of Congo,2014.0,0.5
Democratic Republic of Congo,2015.0,0.4
Democratic Republic of Congo,2016.0,0.4
Democratic Republic of Congo,2017.0,-1.9
Democratic Republic of Congo,2018.0,-1.7
Democratic Republic of Congo,2019.0,-1.6
Cook Islands,2010.0,1.1
Cook Islands,2011.0,0.5
Cook Islands,2012.0,0.2
Cook Islands,2013.0,0.5
Cook Islands,2014.0,0.5
Cook Islands,2015.0,-0.2
Cook Islands,2016.0,0.6
Cook Islands,2017.0,0.2
Cook Islands,2018.0,0.4
Cook Islands,2019.0,0.9
Costa Rica,2010.0,-0.8
Costa Rica,2011.0,-0.5
Costa Rica,2012.0,-0.8
Costa Rica,2013.0,-0.5
Costa Rica,2014.0,-0.2
Costa Rica,2015.0,0.3
Costa Rica,2016.0,-0.7
Costa Rica,2017.0,-0.1
Costa Rica,2018.0,-0.4
Costa Rica,2019.0,-0.4
Croatia,2010.0,-0.8
Croatia,2011.0,0.5
Croatia,2012.0,0.1
Croatia,2013.0,0.4
Croatia,2014.0,-0.8
Croatia,2015.0,0.4
Croatia,2016.0,0.2
Croatia,2017.0,0.6
Croatia,2018.0,-0.4
Croatia,2019.0,-0.4
Cyprus,2010.0,-1.3
Cyprus,2011.0,-0.1
Cyprus,2012.0,-0.7
Cyprus,2013.0,0.0
Cyprus,2014.0,-0.2
Cyprus,2015.0,0.3
Cyprus,2016.0,0.1
Cyprus,2017.0,-0.4
Cyprus,2018.0,-0.3
Cyprus,2019.0,-0.1
Czechia,2010.0,0.7
Czechia,2011.0,0.9
Czechia,2012.0,0.9
Czechia,2013.0,0.7
Czechia,2014.0,0.2
Czechia,2015.0,-0.7
Czechia,2016.0,-0.5
Czechia,2017.0,0.7
Czechia,2018.0,-0.6
Czechia,2019.0,0.0
Benin,2010.0,0.2
Benin,2011.0,0.0
Benin,2012.0,-0.5
Benin,2013.0,0.0
Benin,2014.0,-0.3
Benin,2015.0,-0.1
Benin,2016.0,-0.2
Benin,2017.0,0.4
Benin,2018.0,-0.4
Benin,2019.0,-0.7
Denmark,2010.0,-0.7
Denmark,2011.0,0.4
Denmark,2012.0,0.4
Denmark,2013.0,-0.5
Denmark,2014.0,-0.6
Denmark,2015.0,0.2
Denmark,2016.0,-0.1
Denmark,2017.0,0.7
Denmark,2018.0,-0.6
Denmark,2019.0,0.2
Dominica,2010.0,-0.9
Dominica,2011.0,0.1
Dominica,2012.0,0.2
Dominica,2013.0,0.0
Dominica,2014.0,-0.6
Dominica,2015.0,0.1
Dominica,2016.0,-0.7
Dominica,2017.0,-0.7
Dominica,2018.0,0.0
Dominica,2019.0,-0.1
Dominican Republic,2010.0,-0.2
Dominican Republic,2011.0,0.2
Dominican Republic,2012.0,0.2
Dominican Republic,2013.0,-0.1
Dominican Republic,2014.0,0.3
Dominican Republic,2015.0,1.2
Dominican Republic,2016.0,-0.4
Dominican Republic,2017.0,-0.3
Dominican Republic,2018.0,-0.2
Dominican Republic,2019.0,0.5
Ecuador,2010.0,-0.3
Ecuador,2011.0,-0.1
Ecuador,2012.0,-0.5
Ecuador,2013.0,-0.9
Ecuador,2014.0,-0.2
Ecuador,2015.0,-0.5
Ecuador,2016.0,-0.3
Ecuador,2017.0,-0.5
Ecuador,2018.0,-0.8
Ecuador,2019.0,-0.4
El Salvador,2010.0,-0.1
El Salvador,2011.0,0.3
El Salvador,2012.0,-0.9
El Salvador,2013.0,0.4
El Salvador,2014.0,0.8
El Salvador,2015.0,0.3
El Salvador,2016.0,-0.8
El Salvador,2017.0,-0.4
El Salvador,2018.0,-0.4
El Salvador,2019.0,0.3
Equatorial Guinea,2010.0,-1.2
Equatorial Guinea,2011.0,1.5
Equatorial Guinea,2012.0,0.5
Equatorial Guinea,2013.0,0.9
Equatorial Guinea,2014.0,0.2
Equatorial Guinea,2015.0,0.1
Equatorial Guinea,2016.0,-1.5
Equatorial Guinea,2017.0,0.4
Equatorial Guinea,2018.0,0.3
Equatorial Guinea,2019.0,0.0
Ethiopia,2010.0,-9.1
Ethiopia,2011.0,0.6
Ethiopia,2012.0,0.2
Ethiopia,2013.0,0.0
Ethiopia,2014.0,0.1
Ethiopia,2015.0,0.3
Ethiopia,2016.0,0.1
Ethiopia,2017.0,0.2
Ethiopia,2018.0,0.2
Ethiopia,2019.0,0.4
Estonia,2010.0,0.3
Estonia,2011.0,0.9
Estonia,2012.0,-0.1
Estonia,2013.0,0.0
Estonia,2014.0,-0.2
Estonia,2015.0,-0.2
Estonia,2016.0,-0.2
Estonia,2017.0,0.7
Estonia,2018.0,-0.6
Estonia,2019.0,0.1
Fiji,2010.0,0.2
Fiji,2011.0,1.4
Fiji,2012.0,0.2
Fiji,2013.0,0.0
Fiji,2014.0,0.3
Fiji,2015.0,1.0
Fiji,2016.0,0.2
Fiji,2017.0,-2.2
Fiji,2018.0,-0.4
Fiji,2019.0,0.7
Finland,2010.0,-1.5
Finland,2011.0,0.5
Finland,2012.0,0.6
Finland,2013.0,0.6
Finland,2014.0,-0.6
Finland,2015.0,-0.8
Finland,2016.0,-0.6
Finland,2017.0,-0.4
Finland,2018.0,0.2
Finland,2019.0,0.0
Aland Islands,2013.0,60.1
Aland Islands,2014.0,-4969.4
Aland Islands,2015.0,-4.5
Aland Islands,2016.0,-1.2
Aland Islands,2017.0,-0.7
Aland Islands,2018.0,0.9
Aland Islands,2019.0,1.5
France,2010.0,-0.5
France,2011.0,0.2
France,2012.0,0.6
France,2013.0,-0.1
France,2014.0,-1.0
France,2015.0,0.3
France,2016.0,0.1
France,2017.0,0.1
France,2018.0,0.1
France,2019.0,0.8
Djibouti,2010.0,0.3
Djibouti,2011.0,-0.3
Djibouti,2012.0,0.5
Djibouti,2013.0,0.8
Djibouti,2014.0,-0.1
Djibouti,2015.0,1.4
Djibouti,2016.0,1.0
Djibouti,2017.0,0.3
Djibouti,2018.0,0.0
Djibouti,2019.0,0.5
Gabon,2010.0,1.4
Gabon,2011.0,0.8
Gabon,2012.0,0.6
Gabon,2013.0,-0.7
Gabon,2014.0,-0.6
Gabon,2015.0,0.8
Gabon,2016.0,-0.9
Gabon,2017.0,-1.0
Gabon,2018.0,-0.2
Gabon,2019.0,0.2
Georgia,2010.0,1.1
Georgia,2011.0,1.3
Georgia,2012.0,-0.9
Georgia,2013.0,-0.2
Georgia,2014.0,0.1
Georgia,2015.0,-0.3
Georgia,2016.0,-0.3
Georgia,2017.0,-0.1
Georgia,2018.0,-0.3
Georgia,2019.0,0.7
Gambia,2010.0,0.4
Gambia,2011.0,0.2
Gambia,2012.0,-0.4
Gambia,2013.0,-0.2
Gambia,2014.0,-0.2
Gambia,2015.0,0.2
Gambia,2016.0,-0.2
Gambia,2017.0,-0.6
Gambia,2018.0,-1.4
Gambia,2019.0,-1.1
Palestine,2010.0,-0.6
Palestine,2011.0,-0.7
Palestine,2012.0,-0.7
Palestine,2013.0,-0.5
Palestine,2014.0,-0.8
Palestine,2015.0,0.2
Palestine,2016.0,-0.7
Palestine,2017.0,-0.5
Palestine,2018.0,-0.1
Palestine,2019.0,0.6
Germany,2010.0,0.2
Germany,2011.0,0.2
Germany,2012.0,0.5
Germany,2013.0,0.9
Germany,2014.0,-0.4
Germany,2015.0,-0.2
Germany,2016.0,-0.2
Germany,2017.0,0.4
Germany,2018.0,-0.2
Germany,2019.0,-0.4
Ghana,2010.0,-0.8
Ghana,2011.0,-0.7
Ghana,2012.0,-0.7
Ghana,2013.0,-0.4
Ghana,2014.0,-1.6
Ghana,2015.0,-1.2
Ghana,2016.0,-0.7
Ghana,2017.0,0.1
Ghana,2018.0,0.8
Ghana,2019.0,1.2
Kiribati,2010.0,-1.9
Kiribati,2011.0,-0.6
Kiribati,2012.0,0.3
Kiribati,2013.0,0.1
Kiribati,2014.0,-0.4
Kiribati,2015.0,-0.1
Kiribati,2016.0,0.2
Kiribati,2017.0,0.4
Kiribati,2018.0,0.3
Kiribati,2019.0,0.1
Greece,2010.0,-1.6
Greece,2011.0,0.4
Greece,2012.0,0.1
Greece,2013.0,0.6
Greece,2014.0,0.1
Greece,2015.0,1.5
Greece,2016.0,-0.1
Greece,2017.0,-0.3
Greece,2018.0,-0.1
Greece,2019.0,-0.2
Greenland,2010.0,0.4
Greenland,2011.0,-0.5
Greenland,2012.0,-0.7
Greenland,2013.0,-0.3
Greenland,2014.0,0.1
Greenland,2015.0,0.1
Greenland,2016.0,1.3
Greenland,2017.0,0.3
Greenland,2018.0,-0.5
Greenland,2019.0,-0.8
Grenada,2010.0,-0.4
Grenada,2011.0,-0.1
Grenada,2012.0,-0.5
Grenada,2013.0,0.0
Grenada,2014.0,0.1
Grenada,2015.0,-0.2
Grenada,2016.0,-2.1
Grenada,2017.0,-0.2
Grenada,2018.0,-0.2
Grenada,2019.0,-0.5
Guadeloupe,2010.0,-0.6
Guadeloupe,2011.0,-1.0
Guadeloupe,2012.0,0.9
Guadeloupe,2013.0,0.6
Guadeloupe,2014.0,0.1
Guadeloupe,2015.0,0.9
Guadeloupe,2016.0,0.5
Guadeloupe,2017.0,0.2
Guadeloupe,2018.0,0.2
Guadeloupe,2019.0,-0.1
Guam,2010.0,-1.8
Guam,2011.0,-1.1
Guam,2012.0,-0.9
Guam,2013.0,-0.7
Guam,2014.0,-0.6
Guam,2015.0,0.1
Guam,2016.0,-0.5
Guam,2017.0,0.6
Guam,2018.0,1.7
Guam,2019.0,0.7
Guatemala,2010.0,0.5
Guatemala,2011.0,-0.5
Guatemala,2012.0,0.1
Guatemala,2013.0,0.6
Guatemala,2014.0,0.7
Guatemala,2015.0,1.7
Guatemala,2016.0,0.6
Guatemala,2017.0,0.3
Guatemala,2018.0,-0.2
Guatemala,2019.0,-0.2
Guinea,2010.0,0.3
Guinea,2011.0,0.3
Guinea,2012.0,-0.6
Guinea,2013.0,-0.4
Guinea,2014.0,-0.4
Guinea,2015.0,0.1
Guinea,2016.0,0.3
Guinea,2017.0,0.5
Guinea,2018.0,0.1
Guinea,2019.0,-0.2
Haiti,2010.0,-0.6
Haiti,2011.0,0.3
Haiti,2012.0,0.0
Haiti,2013.0,0.1
Haiti,2014.0,-0.4
Haiti,2015.0,0.1
Haiti,2016.0,0.3
Haiti,2017.0,0.1
Haiti,2018.0,0.4
Haiti,2019.0,0.4
Honduras,2010.0,-0.7
Honduras,2011.0,-0.3
Honduras,2012.0,-0.4
Honduras,2013.0,0.1
Honduras,2014.0,0.4
Honduras,2015.0,0.0
Honduras,2016.0,-0.6
Honduras,2017.0,-0.5
Honduras,2018.0,-0.2
Honduras,2019.0,-0.5
Hungary,2010.0,-0.7
Hungary,2011.0,0.4
Hungary,2012.0,-0.1
Hungary,2013.0,-0.2
Hungary,2014.0,-0.5
Hungary,2015.0,0.0
Hungary,2016.0,-0.5
Hungary,2017.0,-0.1
Hungary,2018.0,0.1
Hungary,2019.0,0.4
Iceland,2010.0,-0.3
Iceland,2011.0,0.1
Iceland,2012.0,0.2
Iceland,2013.0,0.1
Iceland,2014.0,-0.4
Iceland,2015.0,0.4
Iceland,2016.0,-0.3
Iceland,2017.0,-1.0
Iceland,2018.0,0.1
Iceland,2019.0,0.2
India,2010.0,-1.3
India,2011.0,-1.1
India,2012.0,0.1
India,2013.0,0.6
India,2014.0,0.0
India,2015.0,-0.3
India,2016.0,0.0
India,2017.0,-0.4
India,2018.0,-1.2
India,2019.0,-1.0
Indonesia,2010.0,0.4
Indonesia,2011.0,-0.1
Indonesia,2012.0,-0.4
Indonesia,2013.0,0.6
Indonesia,2014.0,-0.7
Indonesia,2015.0,-0.5
Indonesia,2016.0,0.4
Indonesia,2017.0,-1.4
Indonesia,2018.0,-0.3
Indonesia,2019.0,-0.9
Iran,2010.0,0.2
Iran,2011.0,-0.6
Iran,2012.0,1.4
Iran,2013.0,1.0
Iran,2014.0,-0.8
Iran,2015.0,-0.7
Iran,2016.0,-0.3
Iran,2017.0,0.3
Iran,2018.0,0.7
Iran,2019.0,1.1
Iraq,2010.0,0.2
Iraq,2011.0,0.0
Iraq,2012.0,0.1
Iraq,2013.0,0.3
Iraq,2014.0,0.3
Iraq,2015.0,0.3
Iraq,2016.0,0.3
Iraq,2017.0,0.2
Iraq,2018.0,0.6
Iraq,2019.0,0.4
Ireland,2010.0,-0.7
Ireland,2011.0,-0.1
Ireland,2012.0,0.3
Ireland,2013.0,0.5
Ireland,2014.0,-0.7
Ireland,2015.0,-0.2
Ireland,2016.0,-0.2
Ireland,2017.0,-0.4
Ireland,2018.0,-0.6
Ireland,2019.0,-0.1
Israel,2010.0,-0.2
Israel,2011.0,-0.7
Israel,2012.0,-0.4
Israel,2013.0,0.6
Israel,2014.0,-0.8
Israel,2015.0,0.2
Israel,2016.0,-0.5
Israel,2017.0,-0.3
Israel,2018.0,0.1
Israel,2019.0,0.1
Italy,2010.0,-1.3
Italy,2011.0,-0.3
Italy,2012.0,-0.2
Italy,2013.0,0.9
Italy,2014.0,-0.2
Italy,2015.0,0.7
Italy,2016.0,0.0
Italy,2017.0,0.3
Italy,2018.0,-0.3
Italy,2019.0,0.0
Cote d'Ivoire,2010.0,1.1
Cote d'Ivoire,2011.0,0.1
Cote d'Ivoire,2012.0,-0.7
Cote d'Ivoire,2013.0,-0.7
Cote d'Ivoire,2014.0,-1.0
Cote d'Ivoire,2015.0,-0.1
Cote d'Ivoire,2016.0,0.1
Cote d'Ivoire,2017.0,-0.3
Cote d'Ivoire,2018.0,-0.4
Cote d'Ivoire,2019.0,-0.8
Jamaica,2010.0,-1.0
Jamaica,2011.0,-0.3
Jamaica,2012.0,0.7
Jamaica,2013.0,0.0
Jamaica,2014.0,-0.1
Jamaica,2015.0,0.5
Jamaica,2016.0,-0.4
Jamaica,2017.0,-0.4
Jamaica,2018.0,-0.4
Jamaica,2019.0,0.4
Japan,2010.0,-0.1
Japan,2011.0,-0.6
Japan,2012.0,-0.4
Japan,2013.0,-0.5
Japan,2014.0,0.7
Japan,2015.0,1.4
Japan,2016.0,0.9
Japan,2017.0,-0.5
Japan,2018.0,-0.2
Japan,2019.0,-0.5
Kazakhstan,2010.0,1.0
Kazakhstan,2011.0,0.3
Kazakhstan,2012.0,0.6
Kazakhstan,2013.0,0.5
Kazakhstan,2014.0,0.2
Kazakhstan,2015.0,0.0
Kazakhstan,2016.0,-1.1
Kazakhstan,2017.0,0.2
Kazakhstan,2018.0,0.1
Kazakhstan,2019.0,-0.2
Jordan,2010.0,-0.7
Jordan,2011.0,-0.6
Jordan,2012.0,-0.5
Jordan,2013.0,-0.5
Jordan,2014.0,-1.1
Jordan,2015.0,0.4
Jordan,2016.0,-1.2
Jordan,2017.0,-1.1
Jordan,2018.0,-0.1
Jordan,2019.0,-0.1
Kenya,2010.0,-0.4
Kenya,2011.0,0.2
Kenya,2012.0,-0.8
Kenya,2013.0,-0.2
Kenya,2014.0,-0.3
Kenya,2015.0,0.3
Kenya,2016.0,0.1
Kenya,2017.0,0.1
Kenya,2018.0,-1.5
Kenya,2019.0,-2.9
Korea,2010.0,1.1
Korea,2011.0,0.4
Korea,2012.0,-0.1
Korea,2013.0,-0.8
Korea,2014.0,-0.6
Korea,2015.0,0.0
Korea,2016.0,0.1
Korea,2017.0,-0.1
Korea,2018.0,0.1
Korea,2019.0,-0.6
Kuwait,2010.0,0.3
Kuwait,2011.0,0.7
Kuwait,2012.0,0.1
Kuwait,2013.0,0.4
Kuwait,2014.0,0.0
Kuwait,2015.0,0.1
Kuwait,2016.0,-0.2
Kuwait,2017.0,-0.5
Kuwait,2018.0,0.1
Kuwait,2019.0,0.2
Kyrgyzstan,2010.0,-0.2
Kyrgyzstan,2011.0,0.7
Kyrgyzstan,2012.0,-1.1
Kyrgyzstan,2013.0,-0.3
Kyrgyzstan,2014.0,0.2
Kyrgyzstan,2015.0,-0.7
Kyrgyzstan,2016.0,-1.0
Kyrgyzstan,2017.0,0.1
Kyrgyzstan,2018.0,-0.4
Kyrgyzstan,2019.0,0.4
Laos,2010.0,-0.1
Laos,2011.0,0.0
Laos,2012.0,-0.5
Laos,2013.0,1.3
Laos,2014.0,-0.1
Laos,2015.0,0.2
Laos,2016.0,-0.2
Laos,2017.0,-1.6
Laos,2018.0,-1.1
Laos,2019.0,0.0
Lebanon,2010.0,-1.7
Lebanon,2011.0,-0.8
Lebanon,2012.0,-1.1
Lebanon,2013.0,-0.8
Lebanon,2014.0,-0.3
Lebanon,2015.0,-0.1
Lebanon,2016.0,-0.6
Lebanon,2017.0,-0.6
Lebanon,2018.0,-0.5
Lebanon,2019.0,-0.1
Lesotho,2010.0,-0.9
Lesotho,2011.0,0.0
Lesotho,2012.0,0.5
Lesotho,2013.0,-1.0
Lesotho,2014.0,-0.6
Lesotho,2015.0,0.6
Lesotho,2016.0,1.1
Lesotho,2017.0,-0.4
Lesotho,2018.0,-0.7
Lesotho,2019.0,0.0
Latvia,2010.0,0.2
Latvia,2011.0,0.7
Latvia,2012.0,-0.4
Latvia,2013.0,0.0
Latvia,2014.0,-0.7
Latvia,2015.0,-0.7
Latvia,2016.0,0.2
Latvia,2017.0,0.7
Latvia,2018.0,-1.0
Latvia,2019.0,-0.1
Liberia,2010.0,-0.3
Liberia,2011.0,0.1
Liberia,2012.0,0.2
Liberia,2013.0,0.0
Liberia,2014.0,-0.6
Liberia,2015.0,-0.1
Liberia,2016.0,-0.4
Liberia,2017.0,-1.6
Liberia,2018.0,-0.4
Liberia,2019.0,0.7
Lithuania,2010.0,-0.6
Lithuania,2011.0,0.6
Lithuania,2012.0,-0.3
Lithuania,2013.0,-0.2
Lithuania,2014.0,-0.1
Lithuania,2015.0,-0.3
Lithuania,2016.0,-0.2
Lithuania,2017.0,-0.3
Lithuania,2018.0,-0.9
Lithuania,2019.0,0.2
Luxembourg,2010.0,-1.2
Luxembourg,2011.0,-0.7
Luxembourg,2012.0,0.1
Luxembourg,2013.0,1.3
Luxembourg,2014.0,-0.3
Luxembourg,2015.0,0.2
Luxembourg,2016.0,0.5
Luxembourg,2017.0,0.6
Luxembourg,2018.0,0.1
Luxembourg,2019.0,-0.7
Madagascar,2010.0,-0.5
Madagascar,2011.0,0.6
Madagascar,2012.0,-0.4
Madagascar,2013.0,-0.2
Madagascar,2014.0,-0.3
Madagascar,2015.0,-0.2
Madagascar,2016.0,0.0
Madagascar,2017.0,0.4
Madagascar,2018.0,0.4
Madagascar,2019.0,-0.3
Malawi,2010.0,-0.8
Malawi,2011.0,-1.0
Malawi,2012.0,-0.2
Malawi,2013.0,-0.6
Malawi,2014.0,-1.5
Malawi,2015.0,0.7
Malawi,2016.0,0.9
Malawi,2017.0,0.1
Malawi,2018.0,0.1
Malawi,2019.0,1.0
Malaysia,2010.0,-0.3
Malaysia,2011.0,0.1
Malaysia,2012.0,-0.3
Malaysia,2013.0,0.0
Malaysia,2014.0,-0.8
Malaysia,2015.0,0.3
Malaysia,2016.0,0.3
Malaysia,2017.0,-0.5
Malaysia,2018.0,-0.5
Malaysia,2019.0,-0.2
Maldives,2010.0,-0.2
Maldives,2011.0,0.4
Maldives,2012.0,0.3
Maldives,2013.0,-0.1
Maldives,2014.0,-0.8
Maldives,2015.0,-0.5
Maldives,2016.0,-0.2
Maldives,2017.0,0.0
Maldives,2018.0,-0.5
Maldives,2019.0,-0.4
Mali,2010.0,0.3
Mali,2011.0,0.4
Mali,2012.0,-0.1
Mali,2013.0,-1.0
Mali,2014.0,-0.5
Mali,2015.0,0.2
Mali,2016.0,-0.5
Mali,2017.0,0.2
Mali,2018.0,-0.9
Mali,2019.0,-0.1
Malta,2010.0,-0.4
Malta,2011.0,-0.2
Malta,2012.0,0.3
Malta,2013.0,0.5
Malta,2014.0,-0.3
Malta,2015.0,0.0
Malta,2016.0,0.2
Malta,2017.0,0.1
Malta,2018.0,0.2
Malta,2019.0,-0.1
Martinique,2010.0,-0.7
Martinique,2011.0,-1.1
Martinique,2012.0,0.6
Martinique,2013.0,0.4
Martinique,2014.0,-0.2
Martinique,2015.0,0.3
Martinique,2016.0,0.1
Martinique,2017.0,-0.3
Martinique,2018.0,-0.7
Martinique,2019.0,-0.3
Mauritania,2010.0,-1.3
Mauritania,2011.0,-0.1
Mauritania,2012.0,-0.4
Mauritania,2013.0,0.0
Mauritania,2014.0,0.3
Mauritania,2015.0,0.6
Mauritania,2016.0,0.0
Mauritania,2017.0,0.0
Mauritania,2018.0,0.1
Mauritania,2019.0,-0.3
Mauritius,2010.0,-0.6
Mauritius,2011.0,-1.1
Mauritius,2012.0,-1.0
Mauritius,2013.0,-0.4
Mauritius,2014.0,-0.5
Mauritius,2015.0,0.2
Mauritius,2016.0,-0.2
Mauritius,2017.0,-0.6
Mauritius,2018.0,-0.5
Mauritius,2019.0,-0.2
Mexico,2010.0,-1.2
Mexico,2011.0,-0.3
Mexico,2012.0,1.1
Mexico,2013.0,-0.3
Mexico,2014.0,-0.3
Mexico,2015.0,-0.2
Mexico,2016.0,0.1
Mexico,2017.0,-0.4
Mexico,2018.0,-0.6
Mexico,2019.0,-0.3
Mongolia,2010.0,0.1
Mongolia,2011.0,-0.1
Mongolia,2012.0,0.4
Mongolia,2013.0,-0.3
Mongolia,2014.0,-0.7
Mongolia,2015.0,-1.0
Mongolia,2016.0,-0.4
Mongolia,2017.0,0.1
Mongolia,2018.0,0.0
Mongolia,2019.0,0.6
Moldova,2010.0,-0.3
Moldova,2011.0,-0.4
Moldova,2012.0,0.3
Moldova,2013.0,0.0
Moldova,2014.0,-0.1
Moldova,2015.0,-0.2
Moldova,2016.0,-0.1
Moldova,2017.0,0.1
Moldova,2018.0,0.1
Moldova,2019.0,0.5
Montenegro,2010.0,1.4
Montenegro,2011.0,0.6
Montenegro,2012.0,0.6
Montenegro,2013.0,0.6
Montenegro,2014.0,0.2
Montenegro,2015.0,0.7
Montenegro,2016.0,-0.1
Montenegro,2017.0,-0.2
Montenegro,2018.0,-0.5
Montenegro,2019.0,1.2
Montserrat,2010.0,-0.8
Montserrat,2011.0,0.2
Montserrat,2012.0,-0.1
Montserrat,2013.0,-0.5
Montserrat,2014.0,-0.9
Montserrat,2015.0,0.0
Montserrat,2016.0,-0.4
Montserrat,2017.0,-1.1
Montserrat,2018.0,-1.3
Montserrat,2019.0,-1.1
Morocco,2010.0,-0.1
Morocco,2011.0,-0.2
Morocco,2012.0,0.1
Morocco,2013.0,-0.3
Morocco,2014.0,-1.1
Morocco,2015.0,0.3
Morocco,2016.0,0.2
Morocco,2017.0,-0.6
Morocco,2018.0,-0.8
Morocco,2019.0,-0.7
Mozambique,2010.0,0.2
Mozambique,2011.0,-0.2
Mozambique,2012.0,-0.3
Mozambique,2013.0,-0.3
Mozambique,2014.0,0.0
Mozambique,2015.0,0.2
Mozambique,2016.0,2.4
Mozambique,2017.0,-0.7
Mozambique,2018.0,-1.5
Mozambique,2019.0,-0.1
Oman,2010.0,-0.7
Oman,2011.0,-0.3
Oman,2012.0,-0.5
Oman,2013.0,0.2
Oman,2014.0,-0.2
Oman,2015.0,-0.5
Oman,2016.0,-0.9
Oman,2017.0,-0.3
Oman,2018.0,-0.5
Oman,2019.0,0.3
Namibia,2010.0,0.4
Namibia,2011.0,0.2
Namibia,2012.0,0.3
Namibia,2013.0,0.2
Namibia,2014.0,0.3
Namibia,2015.0,0.2
Namibia,2016.0,0.3
Namibia,2017.0,-0.1
Namibia,2018.0,-0.1
Namibia,2019.0,0.1
Nepal,2010.0,-0.6
Nepal,2011.0,-0.3
Nepal,2012.0,-0.5
Nepal,2013.0,-0.3
Nepal,2014.0,-0.4
Nepal,2015.0,0.8
Nepal,2016.0,0.1
Nepal,2017.0,-0.3
Nepal,2018.0,-0.2
Nepal,2019.0,0.5
Netherlands,2010.0,-0.3
Netherlands,2011.0,0.1
Netherlands,2012.0,0.0
Netherlands,2013.0,0.0
Netherlands,2014.0,-0.3
Netherlands,2015.0,0.3
Netherlands,2016.0,0.4
Netherlands,2017.0,0.9
Netherlands,2018.0,-0.5
Netherlands,2019.0,0.9
Aruba,2010.0,-1.0
Aruba,2011.0,-0.4
Aruba,2012.0,0.2
Aruba,2013.0,0.0
Aruba,2014.0,0.2
Aruba,2015.0,-0.2
Aruba,2016.0,-0.2
Aruba,2017.0,1.6
Aruba,2018.0,1.1
Aruba,2019.0,1.0
New Caledonia,2010.0,-6.9
New Caledonia,2011.0,0.1
New Caledonia,2012.0,-0.2
New Caledonia,2013.0,0.0
New Caledonia,2014.0,-0.2
New Caledonia,2015.0,0.4
New Caledonia,2016.0,0.7
New Caledonia,2017.0,0.4
New Caledonia,2018.0,-1.9
New Caledonia,2019.0,-1.8
Vanuatu,2010.0,0.6
Vanuatu,2011.0,-0.8
Vanuatu,2012.0,-0.6
Vanuatu,2013.0,-0.5
Vanuatu,2014.0,-0.1
Vanuatu,2015.0,0.8
Vanuatu,2016.0,0.4
Vanuatu,2017.0,1.2
Vanuatu,2018.0,0.2
Vanuatu,2019.0,0.5
New Zealand,2010.0,-0.8
New Zealand,2011.0,0.0
New Zealand,2012.0,-0.9
New Zealand,2013.0,-0.3
New Zealand,2014.0,-0.5
New Zealand,2015.0,-0.3
New Zealand,2016.0,-0.3
New Zealand,2017.0,0.4
New Zealand,2018.0,-0.6
New Zealand,2019.0,0.0
Nicaragua,2010.0,1.0
Nicaragua,2011.0,0.5
Nicaragua,2012.0,0.4
Nicaragua,2013.0,0.5
Nicaragua,2014.0,0.6
Nicaragua,2015.0,0.0
Nicaragua,2016.0,-0.4
Nicaragua,2017.0,-0.4
Nicaragua,2018.0,-0.1
Nicaragua,2019.0,0.0
Niger,2010.0,-0.6
Niger,2011.0,-0.7
Niger,2012.0,-0.1
Niger,2013.0,-0.6
Niger,2014.0,0.0
Niger,2015.0,0.0
Niger,2016.0,0.2
Niger,2017.0,0.1
Niger,2018.0,-0.8
Niger,2019.0,-0.3
Nigeria,2010.0,-0.1
Nigeria,2011.0,-0.3
Nigeria,2012.0,-0.3
Nigeria,2013.0,0.1
Nigeria,2014.0,0.1
Nigeria,2015.0,0.0
Nigeria,2016.0,-0.4
Nigeria,2017.0,0.6
Nigeria,2018.0,0.3
Nigeria,2019.0,0.3
Norway,2010.0,-1.6
Norway,2011.0,-0.5
Norway,2012.0,0.1
Norway,2013.0,-0.2
Norway,2014.0,0.4
Norway,2015.0,0.3
Norway,2016.0,-0.6
Norway,2017.0,-1.0
Norway,2018.0,0.0
Norway,2019.0,-0.5
Palau,2010.0,-0.2
Palau,2011.0,-0.2
Palau,2012.0,-0.1
Palau,2013.0,-0.3
Palau,2014.0,-0.8
Palau,2015.0,-0.1
Palau,2016.0,-0.5
Palau,2017.0,0.1
Palau,2018.0,0.9
Palau,2019.0,0.0
Pakistan,2010.0,-4.1
Pakistan,2011.0,-1.0
Pakistan,2012.0,-0.2
Pakistan,2013.0,0.6
Pakistan,2014.0,0.1
Pakistan,2015.0,0.0
Pakistan,2016.0,0.2
Pakistan,2017.0,0.3
Pakistan,2018.0,-0.5
Pakistan,2019.0,0.8
Panama,2010.0,-0.8
Panama,2011.0,-0.4
Panama,2012.0,0.3
Panama,2013.0,0.0
Panama,2014.0,-0.4
Panama,2015.0,-0.8
Panama,2016.0,-0.3
Panama,2017.0,-1.1
Panama,2018.0,-0.7
Panama,2019.0,0.1
Papua New Guinea,2010.0,-1.4
Papua New Guinea,2011.0,-1.2
Papua New Guinea,2012.0,-1.1
Papua New Guinea,2013.0,-1.0
Papua New Guinea,2014.0,0.5
Papua New Guinea,2015.0,0.3
Papua New Guinea,2016.0,0.1
Papua New Guinea,2017.0,-0.1
Papua New Guinea,2018.0,-0.5
Papua New Guinea,2019.0,0.5
Paraguay,2010.0,-0.1
Paraguay,2011.0,0.0
Paraguay,2012.0,-1.6
Paraguay,2013.0,-0.1
Paraguay,2014.0,-0.2
Paraguay,2015.0,-0.4
Paraguay,2016.0,0.2
Paraguay,2017.0,0.2
Paraguay,2018.0,-0.5
Paraguay,2019.0,-0.6
Peru,2010.0,0.5
Peru,2011.0,0.3
Peru,2012.0,0.0
Peru,2013.0,-1.0
Peru,2014.0,-0.5
Peru,2015.0,-0.1
Peru,2016.0,-0.5
Peru,2017.0,-0.8
Peru,2018.0,-1.8
Peru,2019.0,-0.3
Philippines,2010.0,-0.5
Philippines,2011.0,-0.3
Philippines,2012.0,-0.4
Philippines,2013.0,-0.4
Philippines,2014.0,0.8
Philippines,2015.0,0.0
Philippines,2016.0,-0.4
Philippines,2017.0,-0.5
Philippines,2018.0,0.5
Philippines,2019.0,-1.0
Poland,2010.0,-0.2
Poland,2011.0,-0.1
Poland,2012.0,0.1
Poland,2013.0,0.0
Poland,2014.0,-1.2
Poland,2015.0,-0.5
Poland,2016.0,0.6
Poland,2017.0,1.1
Poland,2018.0,-0.1
Poland,2019.0,1.1
Portugal,2010.0,-0.3
Portugal,2011.0,-0.3
Portugal,2012.0,0.7
Portugal,2013.0,0.9
Portugal,2014.0,-0.2
Portugal,2015.0,0.4
Portugal,2016.0,0.0
Portugal,2017.0,0.3
Portugal,2018.0,0.0
Portugal,2019.0,0.1
Guinea-Bissau,2010.0,0.0
Guinea-Bissau,2011.0,0.5
Guinea-Bissau,2012.0,0.2
Guinea-Bissau,2013.0,-0.3
Guinea-Bissau,2014.0,0.0
Guinea-Bissau,2015.0,0.5
Guinea-Bissau,2016.0,0.1
Guinea-Bissau,2017.0,-0.6
Guinea-Bissau,2018.0,-0.3
Guinea-Bissau,2019.0,-0.4
Timor-Leste,2010.0,-0.2
Timor-Leste,2011.0,0.9
Timor-Leste,2012.0,-0.4
Timor-Leste,2013.0,-0.5
Timor-Leste,2014.0,0.0
Timor-Leste,2015.0,-0.2
Timor-Leste,2016.0,-0.2
Timor-Leste,2017.0,0.2
Timor-Leste,2018.0,-0.3
Timor-Leste,2019.0,0.1
Puerto Rico,2010.0,-0.8
Puerto Rico,2011.0,0.0
Puerto Rico,2012.0,-0.3
Puerto Rico,2013.0,-0.4
Puerto Rico,2014.0,-0.6
Puerto Rico,2015.0,0.7
Puerto Rico,2016.0,-0.5
Puerto Rico,2017.0,-1.3
Puerto Rico,2018.0,0.1
Puerto Rico,2019.0,0.1
Qatar,2010.0,0.3
Qatar,2011.0,0.2
Qatar,2012.0,0.0
Qatar,2013.0,-0.3
Qatar,2014.0,-0.7
Qatar,2015.0,-0.2
Qatar,2016.0,-0.9
Qatar,2017.0,0.7
Qatar,2018.0,-0.2
Qatar,2019.0,0.1
Romania,2010.0,0.1
Romania,2011.0,0.7
Romania,2012.0,-0.5
Romania,2013.0,-0.4
Romania,2014.0,1.6
Romania,2015.0,0.5
Romania,2016.0,0.8
Romania,2017.0,0.9
Romania,2018.0,0.4
Romania,2019.0,0.7
Russia,2010.0,-0.1
Russia,2011.0,0.0
Russia,2012.0,-0.5
Russia,2013.0,-0.3
Russia,2014.0,0.6
Russia,2015.0,1.0
Russia,2016.0,-0.6
Russia,2017.0,-0.6
Russia,2018.0,-0.4
Russia,2019.0,0.1
Rwanda,2010.0,-0.8
Rwanda,2011.0,-0.4
Rwanda,2012.0,0.8
Rwanda,2013.0,0.1
Rwanda,2014.0,-0.5
Rwanda,2015.0,0.1
Rwanda,2016.0,0.8
Rwanda,2017.0,0.2
Rwanda,2018.0,-2.0
Rwanda,2019.0,0.2
Saint Kitts and Nevis,2010.0,0.8
Saint Kitts and Nevis,2011.0,0.6
Saint Kitts and Nevis,2012.0,0.1
Saint Kitts and Nevis,2013.0,0.1
Saint Kitts and Nevis,2014.0,-0.5
Saint Kitts and Nevis,2015.0,-3.3
Saint Kitts and Nevis,2016.0,-1.1
Saint Kitts and Nevis,2017.0,0.2
Saint Kitts and Nevis,2018.0,0.9
Saint Kitts and Nevis,2019.0,0.6
Anguilla,2010.0,0.3
Anguilla,2011.0,0.4
Anguilla,2012.0,0.3
Anguilla,2013.0,0.3
Anguilla,2014.0,0.3
Anguilla,2015.0,0.1
Anguilla,2016.0,-0.1
Anguilla,2017.0,0.1
Anguilla,2018.0,-0.7
Anguilla,2019.0,-0.6
Saint Lucia,2010.0,-1.2
Saint Lucia,2011.0,-0.2
Saint Lucia,2012.0,0.2
Saint Lucia,2013.0,0.0
Saint Lucia,2014.0,-0.4
Saint Lucia,2015.0,-0.3
Saint Lucia,2016.0,-0.3
Saint Lucia,2017.0,-0.6
Saint Lucia,2018.0,0.1
Saint Lucia,2019.0,0.1
Saint Vincent and the Grenadines,2010.0,0.4
Saint Vincent and the Grenadines,2011.0,0.3
Saint Vincent and the Grenadines,2012.0,0.3
Saint Vincent and the Grenadines,2013.0,0.4
Saint Vincent and the Grenadines,2014.0,0.2
Saint Vincent and the Grenadines,2015.0,-0.2
Saint Vincent and the Grenadines,2016.0,0.1
Saint Vincent and the Grenadines,2017.0,0.3
Saint Vincent and the Grenadines,2018.0,-0.1
Saint Vincent and the Grenadines,2019.0,0.1
San Marino,2010.0,-1.8
San Marino,2011.0,-1.2
San Marino,2012.0,-0.6
San Marino,2013.0,1.3
San Marino,2014.0,0.1
San Marino,2015.0,1.0
San Marino,2016.0,-0.7
San Marino,2017.0,-0.5
San Marino,2018.0,0.7
San Marino,2019.0,0.1
Sao Tome and Principe,2010.0,0.8
Sao Tome and Principe,2011.0,0.7
Sao Tome and Principe,2012.0,0.9
Sao Tome and Principe,2013.0,1.2
Sao Tome and Principe,2014.0,1.1
Sao Tome and Principe,2015.0,1.2
Sao Tome and Principe,2016.0,0.9
Sao Tome and Principe,2017.0,0.6
Sao Tome and Principe,2018.0,0.5
Sao Tome and Principe,2019.0,0.6
Saudi Arabia,2010.0,-0.1
Saudi Arabia,2011.0,0.3
Saudi Arabia,2012.0,0.4
Saudi Arabia,2013.0,0.3
Saudi Arabia,2014.0,0.1
Saudi Arabia,2015.0,0.1
Saudi Arabia,2016.0,-0.2
Saudi Arabia,2017.0,0.4
Saudi Arabia,2018.0,0.7
Saudi Arabia,2019.0,0.4
Senegal,2010.0,0.4
Senegal,2011.0,0.4
Senegal,2012.0,-0.2
Senegal,2013.0,-0.5
Senegal,2014.0,-0.8
Senegal,2015.0,0.1
Senegal,2016.0,0.4
Senegal,2017.0,0.2
Senegal,2018.0,-0.2
Senegal,2019.0,-0.5
Serbia,2010.0,-0.7
Serbia,2011.0,0.2
Serbia,2012.0,-0.1
Serbia,2013.0,-0.5
Serbia,2014.0,-0.5
Serbia,2015.0,-0.1
Serbia,2016.0,-0.3
Serbia,2017.0,0.0
Serbia,2018.0,0.0
Serbia,2019.0,0.1
Seychelles,2010.0,-0.5
Seychelles,2011.0,-0.1
Seychelles,2012.0,-0.8
Seychelles,2013.0,0.4
Seychelles,2014.0,-0.8
Seychelles,2015.0,-0.9
Seychelles,2016.0,0.0
Seychelles,2017.0,-0.8
Seychelles,2018.0,-1.2
Seychelles,2019.0,-0.2
Sierra Leone,2010.0,0.5
Sierra Leone,2011.0,0.4
Sierra Leone,2012.0,0.2
Sierra Leone,2013.0,0.2
Sierra Leone,2014.0,0.1
Sierra Leone,2015.0,0.6
Sierra Leone,2016.0,0.5
Sierra Leone,2017.0,0.4
Sierra Leone,2018.0,0.1
Sierra Leone,2019.0,-2.1
Singapore,2010.0,-1.2
Singapore,2011.0,-1.4
Singapore,2012.0,-1.3
Singapore,2013.0,0.0
Singapore,2014.0,1.0
Singapore,2015.0,0.6
Singapore,2016.0,0.9
Singapore,2017.0,0.0
Singapore,2018.0,0.0
Singapore,2019.0,-0.1
Slovakia,2010.0,0.9
Slovakia,2011.0,0.7
Slovakia,2012.0,0.4
Slovakia,2013.0,0.5
Slovakia,2014.0,-0.2
Slovakia,2015.0,0.1
Slovakia,2016.0,-0.7
Slovakia,2017.0,1.1
Slovakia,2018.0,0.2
Slovakia,2019.0,0.4
Vietnam,2010.0,-0.3
Vietnam,2011.0,0.7
Vietnam,2012.0,-1.5
Vietnam,2013.0,-1.3
Vietnam,2014.0,-0.3
Vietnam,2015.0,-0.2
Vietnam,2016.0,-0.5
Vietnam,2017.0,-1.3
Vietnam,2018.0,0.0
Vietnam,2019.0,0.3
Slovenia,2010.0,-0.3
Slovenia,2011.0,0.6
Slovenia,2012.0,0.2
Slovenia,2013.0,0.2
Slovenia,2014.0,-0.6
Slovenia,2015.0,0.2
Slovenia,2016.0,0.0
Slovenia,2017.0,0.0
Slovenia,2018.0,-0.1
Slovenia,2019.0,-0.3
South Africa,2010.0,-2.0
South Africa,2011.0,0.4
South Africa,2012.0,-0.2
South Africa,2013.0,-0.6
South Africa,2014.0,0.2
South Africa,2015.0,-0.3
South Africa,2016.0,1.3
South Africa,2017.0,-0.2
South Africa,2018.0,-1.1
South Africa,2019.0,-0.5
Zimbabwe,2010.0,-32928.345
Zimbabwe,2011.0,-0.2
Zimbabwe,2012.0,0.2
Zimbabwe,2013.0,-0.2
Zimbabwe,2014.0,-1.3
Zimbabwe,2015.0,-0.3
Zimbabwe,2016.0,-0.4
Zimbabwe,2017.0,0.7
Zimbabwe,2018.0,-1.5
Zimbabwe,2019.0,-1.6
Spain,2010.0,-2.0
Spain,2011.0,-0.3
Spain,2012.0,0.1
Spain,2013.0,1.1
Spain,2014.0,0.0
Spain,2015.0,1.0
Spain,2016.0,0.6
Spain,2017.0,-0.3
Spain,2018.0,-0.2
Spain,2019.0,0.2
South Sudan,2010.0,-1.1
South Sudan,2011.0,-0.7
South Sudan,2012.0,-0.8
South Sudan,2013.0,-0.7
South Sudan,2014.0,-0.5
South Sudan,2015.0,-0.1
South Sudan,2016.0,-0.5
South Sudan,2017.0,-0.8
South Sudan,2018.0,-1.4
South Sudan,2019.0,-1.2
Sudan,2010.0,-1.7
Sudan,2011.0,-2.4
Sudan,2012.0,-1.2
Sudan,2013.0,-1.6
Sudan,2014.0,-0.9
Sudan,2015.0,-0.8
Sudan,2016.0,-0.7
Sudan,2017.0,-0.1
Sudan,2018.0,0.0
Sudan,2019.0,0.2
Suriname,2010.0,0.2
Suriname,2011.0,-0.5
Suriname,2012.0,-0.1
Suriname,2013.0,-0.2
Suriname,2014.0,0.2
Suriname,2015.0,-0.3
Suriname,2016.0,-1.0
Suriname,2017.0,0.6
Suriname,2018.0,0.1
Suriname,2019.0,0.0
Eswatini,2010.0,-2.8
Eswatini,2011.0,-0.6
Eswatini,2012.0,0.4
Eswatini,2013.0,-0.6
Eswatini,2014.0,-0.4
Eswatini,2015.0,-0.6
Eswatini,2016.0,1.5
Eswatini,2017.0,-0.3
Eswatini,2018.0,-1.6
Eswatini,2019.0,-0.2
Sweden,2010.0,-0.3
Sweden,2011.0,-1.1
Sweden,2012.0,0.3
Sweden,2013.0,0.6
Sweden,2014.0,0.1
Sweden,2015.0,0.9
Sweden,2016.0,-0.5
Sweden,2017.0,-0.1
Sweden,2018.0,-0.2
Sweden,2019.0,0.2
Switzerland,2010.0,-0.7
Switzerland,2011.0,-2.0
Switzerland,2012.0,0.6
Switzerland,2013.0,1.1
Switzerland,2014.0,0.6
Switzerland,2015.0,0.3
Switzerland,2016.0,0.6
Switzerland,2017.0,-0.1
Switzerland,2018.0,0.2
Switzerland,2019.0,-0.2
Syria,2010.0,-0.2
Syria,2011.0,-0.2
Syria,2012.0,0.0
Syria,2013.0,1.4
Syria,2014.0,-0.6
Syria,2015.0,-0.4
Syria,2016.0,0.2
Syria,2017.0,-0.4
Syria,2018.0,-0.4
Syria,2019.0,-0.1
Tajikistan,2010.0,0.0
Tajikistan,2011.0,0.8
Tajikistan,2012.0,-0.8
Tajikistan,2013.0,-0.2
Tajikistan,2014.0,0.3
Tajikistan,2015.0,0.0
Tajikistan,2016.0,-0.4
Tajikistan,2017.0,0.3
Tajikistan,2018.0,-0.5
Tajikistan,2019.0,0.8
Thailand,2010.0,-0.9
Thailand,2011.0,-0.3
Thailand,2012.0,0.1
Thailand,2013.0,0.0
Thailand,2014.0,0.2
Thailand,2015.0,0.2
Thailand,2016.0,-0.1
Thailand,2017.0,-0.9
Thailand,2018.0,-0.7
Thailand,2019.0,0.2
Togo,2010.0,-0.9
Togo,2011.0,-0.7
Togo,2012.0,-0.1
Togo,2013.0,-0.5
Togo,2014.0,-0.9
Togo,2015.0,1.2
Togo,2016.0,0.2
Togo,2017.0,-0.6
Togo,2018.0,-0.2
Togo,2019.0,-0.4
Tonga,2010.0,-0.1
Tonga,2011.0,-0.1
Tonga,2012.0,0.1
Tonga,2013.0,0.3
Tonga,2014.0,0.2
Tonga,2015.0,0.6
Tonga,2016.0,-0.6
Tonga,2017.0,0.1
Tonga,2018.0,0.5
Tonga,2019.0,-0.2
Trinidad and Tobago,2010.0,-0.4
Trinidad and Tobago,2011.0,-0.8
Trinidad and Tobago,2012.0,0.0
Trinidad and Tobago,2013.0,-0.9
Trinidad and Tobago,2014.0,-0.5
Trinidad and Tobago,2015.0,-0.7
Trinidad and Tobago,2016.0,-0.5
Trinidad and Tobago,2017.0,-0.9
Trinidad and Tobago,2018.0,-1.0
Trinidad and Tobago,2019.0,-0.7
United Arab Emirates,2010.0,1.6
United Arab Emirates,2011.0,1.4
United Arab Emirates,2012.0,0.6
United Arab Emirates,2013.0,0.1
United Arab Emirates,2014.0,-0.3
United Arab Emirates,2015.0,-0.7
United Arab Emirates,2016.0,-0.3
United Arab Emirates,2017.0,-0.1
United Arab Emirates,2018.0,0.0
United Arab Emirates,2019.0,0.0
Tunisia,2010.0,-0.2
Tunisia,2011.0,-0.1
Tunisia,2012.0,0.5
Tunisia,2013.0,0.3
Tunisia,2014.0,-0.9
Tunisia,2015.0,-1.1
Tunisia,2016.0,-1.3
Tunisia,2017.0,-0.2
Tunisia,2018.0,-0.7
Tunisia,2019.0,-0.3
Turkey,2010.0,0.4
Turkey,2011.0,-0.5
Turkey,2012.0,-0.5
Turkey,2013.0,0.3
Turkey,2014.0,0.8
Turkey,2015.0,0.6
Turkey,2016.0,-1.0
Turkey,2017.0,0.1
Turkey,2018.0,0.2
Turkey,2019.0,0.6
Uganda,2010.0,-1.5
Uganda,2011.0,0.4
Uganda,2012.0,-0.4
Uganda,2013.0,-0.6
Uganda,2014.0,-0.2
Uganda,2015.0,0.0
Uganda,2016.0,-0.2
Uganda,2017.0,0.3
Uganda,2018.0,-0.8
Uganda,2019.0,-0.5
Ukraine,2010.0,0.3
Ukraine,2011.0,-0.3
Ukraine,2012.0,-0.4
Ukraine,2013.0,-0.2
Ukraine,2014.0,0.2
Ukraine,2015.0,-0.2
Ukraine,2016.0,-1.0
Ukraine,2017.0,0.3
Ukraine,2018.0,0.2
Ukraine,2019.0,0.4
North Macedonia,2010.0,-0.3
North Macedonia,2011.0,0.5
North Macedonia,2012.0,-0.4
North Macedonia,2013.0,0.1
North Macedonia,2014.0,-0.3
North Macedonia,2015.0,-0.1
North Macedonia,2016.0,-0.5
North Macedonia,2017.0,-0.3
North Macedonia,2018.0,-0.3
North Macedonia,2019.0,0.4
Egypt,2010.0,0.8
Egypt,2011.0,0.4
Egypt,2012.0,0.0
Egypt,2013.0,0.2
Egypt,2014.0,-0.1
Egypt,2015.0,-0.2
Egypt,2016.0,0.1
Egypt,2017.0,1.0
Egypt,2018.0,-0.6
Egypt,2019.0,-1.0
United Kingdom,2010.0,-0.2
United Kingdom,2011.0,-0.4
United Kingdom,2012.0,-0.3
United Kingdom,2013.0,-0.1
United Kingdom,2014.0,-1.3
United Kingdom,2015.0,-1.5
United Kingdom,2016.0,-1.3
United Kingdom,2017.0,0.1
United Kingdom,2018.0,-0.2
United Kingdom,2019.0,0.0
Tanzania,2010.0,0.6
Tanzania,2011.0,-0.5
Tanzania,2012.0,0.8
Tanzania,2013.0,-0.1
Tanzania,2014.0,0.1
Tanzania,2015.0,0.5
Tanzania,2016.0,0.2
Tanzania,2017.0,0.7
Tanzania,2018.0,-0.8
Tanzania,2019.0,-0.4
United States,2010.0,-0.5
United States,2011.0,0.6
United States,2012.0,-0.2
United States,2013.0,-0.4
United States,2014.0,0.3
United States,2015.0,0.2
United States,2016.0,-1.6
United States,2017.0,-0.9
United States,2018.0,-0.7
United States,2019.0,-0.2
Burkina Faso,2010.0,0.0
Burkina Faso,2011.0,0.2
Burkina Faso,2012.0,-0.2
Burkina Faso,2013.0,-0.7
Burkina Faso,2014.0,-0.8
Burkina Faso,2015.0,0.3
Burkina Faso,2016.0,-0.3
Burkina Faso,2017.0,-0.1
Burkina Faso,2018.0,0.0
Burkina Faso,2019.0,-0.9
Uruguay,2010.0,-0.4
Uruguay,2011.0,-0.1
Uruguay,2012.0,-0.2
Uruguay,2013.0,0.0
Uruguay,2014.0,0.0
Uruguay,2015.0,-0.3
Uruguay,2016.0,-0.4
Uruguay,2017.0,-1.3
Uruguay,2018.0,-0.1
Uruguay,2019.0,0.3
Venezuela,2010.0,0.2
Venezuela,2011.0,0.0
Venezuela,2012.0,-0.1
Venezuela,2013.0,0.1
Venezuela,2014.0,199887.9
Venezuela,2015.0,789356.1
Venezuela,2016.0,2.4
Venezuela,2017.0,0.7
Venezuela,2018.0,0.4
Venezuela,2019.0,-1.2
Samoa,2010.0,-0.9
Samoa,2011.0,0.1
Samoa,2012.0,-0.6
Samoa,2013.0,-0.3
Samoa,2014.0,-0.6
Samoa,2015.0,0.5
Samoa,2016.0,0.8
Samoa,2017.0,-0.3
Samoa,2018.0,0.0
Samoa,2019.0,-0.1
Zambia,2010.0,-0.2
Zambia,2011.0,0.1
Zambia,2012.0,0.6
Zambia,2013.0,0.2
Zambia,2014.0,0.2
Zambia,2015.0,0.9
Zambia,2016.0,1.2
Zambia,2017.0,-0.2
Zambia,2018.0,0.1
Zambia,2019.0,0.7
