country,year,value
Afghanistan,2011.0,28.59874
Afghanistan,2015.0,41.20252
Albania,2009.0,100
Albania,2017.0,91.00129
Algeria,2013.0,95.81165
Angola,2015.0,0
Azerbaijan,2006.0,94.36253
Bangladesh,2006.0,90.51299
Bangladesh,2011.0,94.20455
Bangladesh,2014.0,92.48105
Bangladesh,2019.0,93.82187
Armenia,2006.0,0
Armenia,2011.0,0
Armenia,2016.0,0
Barbados,2012.0,0
Bhutan,2010.0,83.36091
Bolivia,2000.0,57.65
Bolivia,2001.0,56.57
Bolivia,2002.0,55.44
Bolivia,2003.0,88.90336
Bolivia,2004.0,75.59
Bolivia,2005.0,79.03
Bolivia,2006.0,0
Bolivia,2007.0,92.39
Bolivia,2008.0,90.28658
Bolivia,2009.0,90.42
Bolivia,2011.0,85.7
Bolivia,2012.0,81.38
Bolivia,2013.0,97.86
Bolivia,2014.0,84.82
Bolivia,2015.0,99.25
Bolivia,2016.0,87.33
Bolivia,2017.0,94.94
Bolivia,2018.0,95.52
Bosnia and Herzegovina,2012.0,100
Brazil,2001.0,91.64
Brazil,2002.0,91.92
Brazil,2003.0,96.08
Brazil,2004.0,94.68
Brazil,2005.0,94.48
Brazil,2006.0,92.51
Brazil,2007.0,92.55
Brazil,2008.0,96.98
Brazil,2009.0,94.27
Brazil,2011.0,94.75
Brazil,2012.0,95.73
Brazil,2013.0,95.25
Brazil,2014.0,97.03
Brazil,2015.0,98.72
Brazil,2016.0,96.79
Brazil,2017.0,97.06
Brazil,2018.0,96.68
Belize,2016.0,100
Myanmar,2016.0,92.86877
Burundi,2000.0,10.82474
Burundi,2010.0,39.6524
Burundi,2017.0,62.96146
Belarus,2012.0,0
Cambodia,2005.0,77.84432
Cambodia,2010.0,87.74474
Cambodia,2014.0,89.92559
Cameroon,2004.0,65.76669
Cameroon,2006.0,73.49678
Cameroon,2011.0,83.86559
Cameroon,2014.0,94.81229
Cameroon,2018.0,79.21139
Central African Republic,2006.0,9.90335
Central African Republic,2010.0,28.49613
Sri Lanka,2006.0,99.63084
Chad,2004.0,9.54991
Chad,2014.0,16.25324
Chile,2000.0,94.85
Chile,2003.0,96.05
Chile,2006.0,96.78
Chile,2009.0,98.9
Chile,2011.0,98.18
Chile,2013.0,95.4
Chile,2015.0,98.34
Chile,2017.0,97.76
Colombia,2002.0,76.46
Colombia,2003.0,86.73
Colombia,2004.0,78.34
Colombia,2005.0,97.25294
Colombia,2008.0,85.75
Colombia,2009.0,89.66
Colombia,2010.0,0
Colombia,2011.0,88.48
Colombia,2012.0,93.24
Colombia,2013.0,91.83
Colombia,2014.0,94.74
Colombia,2015.0,0
Colombia,2016.0,92.43
Colombia,2017.0,97.09
Colombia,2018.0,95.89
Comoros,2012.0,83.07156
Congo,2005.0,0
Congo,2012.0,45.4994
Congo,2015.0,81.79661
Democratic Republic of Congo,2007.0,28.79506
Democratic Republic of Congo,2010.0,39.49853
Democratic Republic of Congo,2013.0,62.95604
Democratic Republic of Congo,2018.0,70.26824
Costa Rica,2000.0,83.36
Costa Rica,2001.0,86.81
Costa Rica,2002.0,89.23
Costa Rica,2003.0,92.41
Costa Rica,2004.0,90.71
Costa Rica,2005.0,90.43
Costa Rica,2006.0,95.67
Costa Rica,2007.0,90.86
Costa Rica,2008.0,92.54
Costa Rica,2009.0,92.52
Costa Rica,2010.0,97.38
Costa Rica,2011.0,100
Costa Rica,2012.0,97.79
Costa Rica,2013.0,98.55
Costa Rica,2014.0,97.05
Costa Rica,2015.0,98.15
Costa Rica,2016.0,98.22
Costa Rica,2017.0,97.54
Costa Rica,2018.0,0
Cuba,2014.0,0
Benin,2006.0,42.64505
Benin,2011.0,69.87396
Benin,2014.0,53.45978
Benin,2018.0,50.24501
Dominican Republic,2000.0,75.36
Dominican Republic,2001.0,86.89
Dominican Republic,2002.0,72.11
Dominican Republic,2003.0,94.56
Dominican Republic,2004.0,81.29
Dominican Republic,2005.0,82.61
Dominican Republic,2006.0,88.65
Dominican Republic,2007.0,96.83453
Dominican Republic,2008.0,89.02
Dominican Republic,2009.0,89.53
Dominican Republic,2010.0,90.99
Dominican Republic,2011.0,89.55
Dominican Republic,2012.0,93.68
Dominican Republic,2013.0,98.50555
Dominican Republic,2014.0,98.93253
Dominican Republic,2015.0,91.34
Dominican Republic,2016.0,100
Dominican Republic,2017.0,100
Dominican Republic,2018.0,0
Ecuador,2001.0,91.87
Ecuador,2003.0,85.25
Ecuador,2005.0,89.84
Ecuador,2006.0,91.87
Ecuador,2007.0,90.83
Ecuador,2008.0,91.25
Ecuador,2009.0,92.36
Ecuador,2010.0,94.41
Ecuador,2011.0,92.46
Ecuador,2012.0,96.25
Ecuador,2013.0,96.89
Ecuador,2014.0,97.89
Ecuador,2015.0,96.09
Ecuador,2016.0,99.48
Ecuador,2017.0,97.6
Ecuador,2018.0,99.35
El Salvador,2000.0,66.57
El Salvador,2001.0,63.89
El Salvador,2002.0,66.35
El Salvador,2003.0,65.51
El Salvador,2004.0,69.89
El Salvador,2005.0,75.28
El Salvador,2006.0,73.2
El Salvador,2009.0,79.37
El Salvador,2010.0,79.44
El Salvador,2012.0,85.41
El Salvador,2013.0,87.55
El Salvador,2014.0,89.59
El Salvador,2015.0,89.62
El Salvador,2016.0,88.48
El Salvador,2017.0,92.2
El Salvador,2018.0,90.55
Ethiopia,2000.0,0
Ethiopia,2005.0,20.59031
Ethiopia,2011.0,38.50382
Ethiopia,2016.0,54.89595
Djibouti,2006.0,0
Gabon,2012.0,0
Gambia,2006.0,50.77557
Gambia,2010.0,40.12099
Gambia,2013.0,28.69653
Gambia,2018.0,0
Palestine,2014.0,100
Ghana,2009.0,76.09167
Ghana,2014.0,80.88592
Ghana,2018.0,74.10544
Kiribati,2019.0,0
Guatemala,2000.0,26.35
Guatemala,2006.0,56.48
Guatemala,2014.0,72.39
Guatemala,2015.0,90.59075
Guinea,2005.0,27.13255
Guinea,2012.0,40.74914
Guinea,2016.0,54.88266
Guinea,2018.0,37.44727
Guyana,2006.0,98.71901
Guyana,2009.0,98.84362
Guyana,2014.0,99.74158
Haiti,2005.0,62.11013
Haiti,2012.0,64.07471
Haiti,2017.0,71.75169
Honduras,2001.0,72.89
Honduras,2004.0,69.1
Honduras,2005.0,76.34
Honduras,2009.0,80.59
Honduras,2010.0,84.65
Honduras,2011.0,97.9256
Honduras,2012.0,85.25
Honduras,2013.0,83.54
Honduras,2014.0,77.12
Honduras,2015.0,86.83
Honduras,2016.0,85.32
Honduras,2018.0,89.99
India,2006.0,92.68743
India,2016.0,98.00325
Indonesia,2003.0,90.89534
Indonesia,2008.0,99.02897
Indonesia,2017.0,97.65342
Iraq,2011.0,77.18272
Iraq,2018.0,90.82469
Cote d'Ivoire,2006.0,41.63632
Cote d'Ivoire,2012.0,20.66611
Cote d'Ivoire,2016.0,68.44141
Jamaica,2011.0,100
Kazakhstan,2006.0,100
Kazakhstan,2011.0,100
Kazakhstan,2015.0,100
Jordan,2007.0,99.50212
Jordan,2018.0,100
Kenya,2003.0,74.39435
Kenya,2008.0,91.66142
Kenya,2014.0,95.19285
Kyrgyzstan,2006.0,100
Kyrgyzstan,2012.0,100
Kyrgyzstan,2014.0,100
Kyrgyzstan,2018.0,97.58634
Laos,2006.0,80.31113
Laos,2012.0,87.15244
Laos,2017.0,95.90649
Lesotho,2005.0,72.34662
Lesotho,2009.0,88.89075
Lesotho,2014.0,85.11667
Lesotho,2018.0,96.26537
Liberia,2007.0,9.92689
Liberia,2013.0,23.73163
Madagascar,2009.0,53.31625
Madagascar,2018.0,80.31773
Malawi,2004.0,56.86179
Malawi,2010.0,61.82083
Malawi,2016.0,60.2547
Maldives,2008.0,99.3658
Maldives,2017.0,100
Mali,2006.0,16.91377
Mali,2013.0,43.07815
Mali,2015.0,47.08628
Mali,2018.0,52.61564
Mauritania,2007.0,56.253
Mauritania,2011.0,46.12093
Mauritania,2015.0,61.21474
Mexico,2000.0,88.76
Mexico,2002.0,93.25
Mexico,2004.0,97.01
Mexico,2006.0,96.93
Mexico,2008.0,95.49
Mexico,2010.0,96.39
Mexico,2012.0,97.75
Mexico,2014.0,99.31
Mexico,2016.0,84.76322
Mexico,2018.0,97.78
Mongolia,2006.0,100
Mongolia,2014.0,100
Mongolia,2018.0,100
Moldova,2005.0,100
Moldova,2012.0,100
Montenegro,2013.0,0
Montenegro,2018.0,0
Morocco,2004.0,0
Mozambique,2003.0,5.54339
Mozambique,2008.0,35.49569
Mozambique,2011.0,45.1156
Namibia,2007.0,87.2049
Namibia,2013.0,95.17248
Nepal,2007.0,74.4369
Nepal,2011.0,83.87191
Nepal,2014.0,80.94952
Nepal,2016.0,75.05204
Vanuatu,2007.0,91.95332
Nicaragua,2001.0,51.17
Nicaragua,2005.0,58.01
Nicaragua,2009.0,63.07
Nicaragua,2014.0,85.77
Niger,2006.0,7.20126
Niger,2012.0,17.30849
Nigeria,2003.0,74.12496
Nigeria,2007.0,85.26752
Nigeria,2008.0,89.47272
Nigeria,2011.0,86.46898
Nigeria,2013.0,91.91959
Nigeria,2016.0,93.67831
Nigeria,2018.0,89.30019
Pakistan,2007.0,76.0993
Pakistan,2012.0,82.426
Pakistan,2018.0,76.62202
Panama,2000.0,96.91
Panama,2001.0,90.44
Panama,2002.0,89.17
Panama,2003.0,86.84
Panama,2004.0,92.53
Panama,2005.0,92.26
Panama,2006.0,98.01
Panama,2007.0,96.2
Panama,2008.0,92.01
Panama,2009.0,97.26
Panama,2011.0,93.59
Panama,2013.0,94.42
Panama,2014.0,97.07
Panama,2015.0,95.19
Panama,2016.0,96.66
Panama,2017.0,99.37
Panama,2018.0,100
Papua New Guinea,2018.0,70.94198
Paraguay,2001.0,75.64
Paraguay,2003.0,82.91
Paraguay,2004.0,87.68
Paraguay,2005.0,93.31
Paraguay,2006.0,80.54
Paraguay,2007.0,85.8
Paraguay,2008.0,90.19
Paraguay,2009.0,97.99
Paraguay,2010.0,97.17
Paraguay,2011.0,88.07
Paraguay,2012.0,95.05
Paraguay,2013.0,87.88
Paraguay,2014.0,90.15
Paraguay,2015.0,97.89
Paraguay,2016.0,97.90231
Paraguay,2017.0,91.77
Paraguay,2018.0,94.49
Peru,2000.0,94.73
Peru,2001.0,82.18
Peru,2002.0,79.88
Peru,2003.0,81.18
Peru,2004.0,87.28
Peru,2005.0,84.99
Peru,2006.0,82.89
Peru,2007.0,85.66
Peru,2008.0,87.57
Peru,2009.0,91.38
Peru,2010.0,92.32
Peru,2011.0,91.58
Peru,2012.0,90.86
Peru,2013.0,94.32
Peru,2014.0,96.24
Peru,2015.0,96.85
Peru,2016.0,94.32
Peru,2017.0,97.84
Peru,2018.0,96.44
Philippines,2004.0,94.33734
Philippines,2018.0,99.19983
Guinea-Bissau,2014.0,17.42688
Timor-Leste,2009.0,72.80885
Timor-Leste,2016.0,91.81255
Qatar,2012.0,0
Rwanda,2005.0,8.51498
Rwanda,2010.0,46.64147
Rwanda,2015.0,69.46581
Saint Lucia,2012.0,0
Sao Tome and Principe,2009.0,88.87574
Sao Tome and Principe,2014.0,90.48769
Senegal,2005.0,18.85518
Senegal,2011.0,19.36281
Senegal,2016.0,36.08878
Senegal,2017.0,38.07865
Senegal,2018.0,47.53631
Senegal,2019.0,38.64435
Serbia,2011.0,0
Serbia,2014.0,0
Serbia,2019.0,0
Sierra Leone,2008.0,43.25264
Sierra Leone,2013.0,66.13145
Sierra Leone,2017.0,67.64352
Vietnam,2011.0,98.30775
Vietnam,2014.0,100
South Africa,2016.0,0
Zimbabwe,2005.0,95.85115
Zimbabwe,2010.0,93.93697
Zimbabwe,2015.0,90.6795
Zimbabwe,2019.0,95.35237
South Sudan,2010.0,19.524
Sudan,2014.0,84.10235
Suriname,2010.0,96.30315
Suriname,2018.0,100
Eswatini,2006.0,79.74734
Eswatini,2010.0,86.14835
Eswatini,2014.0,89.72851
Syria,2006.0,99.51923
Tajikistan,2006.0,98.47983
Tajikistan,2012.0,98.77069
Tajikistan,2017.0,100
Thailand,2013.0,98.85552
Thailand,2016.0,100
Thailand,2019.0,99.67062
Togo,2006.0,63.25684
Togo,2010.0,59.39384
Togo,2014.0,66.12438
Togo,2017.0,86.11313
Tonga,2019.0,100
Tunisia,2012.0,100
Tunisia,2018.0,0
Turkey,2004.0,88.79649
Turkey,2014.0,0
Turkmenistan,2016.0,100
Turkmenistan,2019.0,100
Uganda,2006.0,30.06928
Uganda,2011.0,54.66982
Uganda,2016.0,55.92736
Ukraine,2007.0,0
Ukraine,2013.0,0
North Macedonia,2011.0,0
North Macedonia,2019.0,0
Egypt,2005.0,97.03999
Egypt,2009.0,97.79572
Egypt,2014.0,97.72063
Tanzania,2004.0,66.49036
Tanzania,2010.0,80.70544
Tanzania,2015.0,92.35781
Burkina Faso,2003.0,9.9257
Burkina Faso,2006.0,21.41782
Burkina Faso,2010.0,28.17291
Uruguay,2008.0,95.82
Uruguay,2009.0,100
Uruguay,2010.0,0
Uruguay,2011.0,100
Uruguay,2012.0,100
Uruguay,2013.0,0
Uruguay,2014.0,0
Uruguay,2015.0,0
Uruguay,2016.0,0
Uruguay,2017.0,0
Uruguay,2018.0,0
Uzbekistan,2006.0,100
Yemen,2006.0,51.32391
Yemen,2013.0,68.59778
Zambia,2001.0,67.30572
Zambia,2007.0,69.52094
Zambia,2013.0,85.67681
Zambia,2018.0,88.12265
