country,year,value
Albania,2018.0,184.0
Argentina,2018.0,101.0
Austria,2010.0,8.9
Austria,2014.0,9.6
Austria,2018.0,10.5
Bangladesh,2017.0,39.0
Armenia,2014.0,458.2
Armenia,2015.0,362.8
Armenia,2016.0,354.8
Armenia,2017.0,390.6
Armenia,2018.0,365.2
Armenia,2019.0,406.6
Belgium,2010.0,12.0
Belgium,2014.0,13.8
Belgium,2015.0,12.5
Belgium,2016.0,12.5
Belgium,2018.0,13.0
Bolivia,2005.0,2.8
Bolivia,2006.0,3.3
Bolivia,2007.0,3.4
Bolivia,2008.0,4.5
Bolivia,2009.0,4.7
Bolivia,2011.0,6.2
Bolivia,2012.0,6.9
Bolivia,2013.0,8.3
Bolivia,2014.0,9.5
Bolivia,2015.0,10.6
Bolivia,2016.0,10.1
Bolivia,2017.0,11.3
Bolivia,2018.0,12.5
Bolivia,2019.0,13.1
Bosnia and Herzegovina,2010.0,2.8
Bosnia and Herzegovina,2011.0,2.6
Bosnia and Herzegovina,2012.0,2.9
Bosnia and Herzegovina,2013.0,2.7
Bosnia and Herzegovina,2014.0,2.8
Bosnia and Herzegovina,2015.0,2.8
Bosnia and Herzegovina,2016.0,2.9
Bosnia and Herzegovina,2017.0,3.3
Bosnia and Herzegovina,2018.0,3.0
Bosnia and Herzegovina,2019.0,3.3
Botswana,2019.0,7.2
Brazil,2012.0,4.4
Brazil,2013.0,4.8
Brazil,2014.0,5.3
Brazil,2015.0,5.8
Brazil,2016.0,6.4
Brazil,2017.0,6.9
Brazil,2018.0,7.3
Brazil,2019.0,7.5
Belize,2017.0,15.0
Belize,2018.0,5.5
Belize,2019.0,3.5
Brunei,2014.0,2.3
Brunei,2017.0,2.5
Bulgaria,2014.0,2.5
Bulgaria,2018.0,4.0
Myanmar,2017.0,524.7
Myanmar,2018.0,598.0
Myanmar,2019.0,761.2
Belarus,2019.0,2.7
Cambodia,2012.0,2298.3
Cameroon,2014.0,397.9
Cape Verde,2015.0,176.6
Sri Lanka,2013.0,52.4
Sri Lanka,2014.0,57.4
Sri Lanka,2015.0,61.4
Sri Lanka,2016.0,66.5
Sri Lanka,2017.0,71.7
Sri Lanka,2018.0,81.2
Chad,2018.0,214.2
Chile,2015.0,1689.1
Chile,2017.0,1903.3
Costa Rica,2012.0,1391.2
Costa Rica,2013.0,1507.8
Costa Rica,2014.0,1496.9
Costa Rica,2015.0,1541.8
Costa Rica,2016.0,1588.7
Costa Rica,2017.0,1664.6
Costa Rica,2018.0,1709.8
Costa Rica,2019.0,1684.9
Croatia,2018.0,27.0
Cyprus,2010.0,5.9
Cyprus,2014.0,5.9
Cyprus,2018.0,6.0
Czechia,2012.0,76.4
Czechia,2013.0,77.7
Czechia,2014.0,79.8
Czechia,2015.0,82.2
Czechia,2016.0,87.8
Czechia,2017.0,96.5
Czechia,2018.0,103.6
Denmark,2014.0,148.6
Denmark,2018.0,160.0
Dominican Republic,2015.0,40.6
Dominican Republic,2016.0,36.0
Dominican Republic,2017.0,49.3
Dominican Republic,2018.0,41.1
Dominican Republic,2019.0,44.5
Ecuador,2013.0,1.7
Ecuador,2014.0,1.9
Ecuador,2015.0,2.0
Ecuador,2016.0,2.1
Ecuador,2017.0,2.1
Ecuador,2018.0,2.2
Ecuador,2019.0,2.2
Estonia,2010.0,2.4
Estonia,2014.0,3.1
Estonia,2018.0,4.0
Finland,2010.0,11.6
Finland,2013.0,12.1
Finland,2014.0,12.2
Finland,2016.0,12.2
Finland,2017.0,12.4
France,2010.0,10.3
France,2014.0,10.8
France,2018.0,12.0
Gambia,2012.0,10.0
Germany,2010.0,9.4
Germany,2014.0,9.6
Ghana,2015.0,2.9
Greece,2010.0,7.0
Greece,2014.0,5.6
Greece,2018.0,5.0
Guatemala,2006.0,7.0
Guatemala,2010.0,6.9
Guatemala,2011.0,6.8
Guatemala,2012.0,7.0
Guatemala,2013.0,9.2
Guatemala,2014.0,7.8
Guatemala,2015.0,7.7
Guatemala,2016.0,7.9
Guatemala,2017.0,8.5
Guyana,2018.0,325.4
Honduras,2015.0,21.9
Honduras,2016.0,22.6
Honduras,2017.0,23.0
Honduras,2018.0,20.7
Honduras,2019.0,22.0
Hungary,2014.0,855.4
Hungary,2018.0,963.0
Iceland,2014.0,1840.0
Iceland,2015.0,1970.0
Iceland,2016.0,2180.0
Iceland,2017.0,2200.0
Iceland,2018.0,2330.0
Indonesia,2017.0,6633.8
Indonesia,2019.0,7390.7
Ireland,2010.0,13.5
Ireland,2014.0,14.3
Ireland,2018.0,13.0
Israel,2014.0,24.0
Israel,2015.0,25.0
Israel,2016.0,25.0
Israel,2018.0,26.1
Italy,2010.0,8.7
Italy,2014.0,9.3
Italy,2018.0,10.0
Jordan,2017.0,1.1
Jordan,2018.0,1.1
Jordan,2019.0,1.1
Korea,2009.0,6414.0
Korea,2010.0,6667.0
Korea,2011.0,7175.0
Korea,2012.0,7740.0
Korea,2013.0,8451.0
Korea,2014.0,8696.0
Korea,2015.0,8525.0
Korea,2016.0,9146.0
Korea,2017.0,9710.0
Korea,2018.0,11586.0
Korea,2019.0,12454.0
Laos,2017.0,14062.0
Lebanon,2019.0,3481.9
Latvia,2010.0,2.1
Latvia,2014.0,2.4
Latvia,2018.0,3.0
Lithuania,2010.0,1.8
Lithuania,2014.0,2.1
Lithuania,2018.0,2.8
Luxembourg,2010.0,12.3
Luxembourg,2014.0,12.9
Luxembourg,2018.0,14.0
Madagascar,2015.0,510.4
Malawi,2013.0,129.4
Malaysia,2011.0,3.6
Malaysia,2012.0,4.1
Malaysia,2013.0,4.2
Malaysia,2014.0,4.4
Malaysia,2015.0,4.7
Malaysia,2016.0,5.1
Malaysia,2017.0,7.1
Malaysia,2018.0,7.2
Maldives,2016.0,59.0
Mali,2013.0,176.4
Malta,2010.0,5.0
Malta,2014.0,5.8
Malta,2018.0,7.0
Mauritius,2011.0,39.0
Mauritius,2012.0,39.5
Mauritius,2013.0,43.1
Mauritius,2014.0,46.0
Mauritius,2015.0,52.4
Mauritius,2016.0,56.5
Mauritius,2017.0,58.8
Mauritius,2018.0,63.9
Mauritius,2019.0,64.9
Mexico,2016.0,20.6
Mongolia,2019.0,2697.5
Montenegro,2014.0,2.2
Nepal,2017.0,80.7
Netherlands,2010.0,10.4
Netherlands,2014.0,10.5
Netherlands,2018.0,11.0
Curacao,2018.0,45.3
Norway,2014.0,177.9
Norway,2018.0,204.0
Pakistan,2016.0,36.0
Pakistan,2017.0,37.1
Pakistan,2018.0,38.0
Paraguay,2002.0,1929.5
Paraguay,2003.0,1958.4
Paraguay,2004.0,1919.0
Paraguay,2005.0,2101.4
Paraguay,2006.0,2243.5
Paraguay,2007.0,2550.0
Paraguay,2008.0,3125.8
Paraguay,2009.0,3171.7
Paraguay,2010.0,3919.1
Paraguay,2011.0,4416.5
Paraguay,2012.0,5047.0
Paraguay,2013.0,5024.2
Paraguay,2014.0,5712.2
Paraguay,2015.0,6053.3
Paraguay,2016.0,6185.5
Paraguay,2017.0,6486.3
Paraguay,2018.0,8834.7
Paraguay,2019.0,9556.1
Poland,2014.0,12.0
Portugal,2007.0,2.9
Portugal,2008.0,3.1
Portugal,2009.0,3.1
Portugal,2010.0,3.3
Portugal,2011.0,3.3
Portugal,2012.0,3.3
Portugal,2013.0,3.3
Portugal,2014.0,3.9
Portugal,2015.0,3.4
Portugal,2016.0,3.5
Portugal,2017.0,3.4
Portugal,2018.0,3.7
Timor-Leste,2010.0,0.7
Timor-Leste,2013.0,1.1
Romania,2014.0,6.8
Russia,2015.0,83.0
Russia,2017.0,101.0
Rwanda,2017.0,223.0
Serbia,2014.0,124.6
Serbia,2015.0,126.9
Serbia,2016.0,131.1
Serbia,2017.0,133.1
Serbia,2018.0,146.7
Serbia,2019.0,159.7
Slovakia,2014.0,2.9
Slovakia,2015.0,3.1
Slovakia,2019.0,4.3
Vietnam,2009.0,1511.4
Vietnam,2011.0,9654.1
Vietnam,2012.0,11282.2
Vietnam,2013.0,12479.3
Vietnam,2014.0,13413.3
Vietnam,2015.0,15135.0
Vietnam,2016.0,16132.7
Vietnam,2017.0,16943.6
Vietnam,2018.0,18703.5
Vietnam,2019.0,21750.2
Slovenia,2010.0,5.1
Slovenia,2014.0,4.9
Slovenia,2018.0,6.0
South Africa,2019.0,14.5
Zimbabwe,2014.0,0.7
Spain,2010.0,7.1
Spain,2012.0,9.0
Spain,2013.0,9.0
Spain,2014.0,9.0
Spain,2015.0,9.0
Spain,2016.0,9.0
Spain,2017.0,9.0
Spain,2018.0,10.0
Eswatini,2016.0,18.7
Sweden,2014.0,130.0
Sweden,2015.0,129.1
Sweden,2016.0,132.0
Sweden,2017.0,133.1
Sweden,2018.0,136.6
Switzerland,2014.0,27.6
Switzerland,2018.0,28.0
Togo,2011.0,87.3
Togo,2015.0,633.3
Togo,2017.0,176.0
Tonga,2018.0,7.1
Turkey,2010.0,4.4
Turkey,2014.0,6.5
Uganda,2012.0,782.8
Uganda,2017.0,626.6
Ukraine,2016.0,16.3
North Macedonia,2014.0,98.4
United Kingdom,2014.0,7.7
United Kingdom,2015.0,7.7
United Kingdom,2016.0,8.2
United Kingdom,2017.0,8.5
United Kingdom,2018.0,8.9
United Kingdom,2019.0,9.4
Burkina Faso,2018.0,200.6
Uruguay,2011.0,64.9
Uruguay,2012.0,72.6
Uruguay,2013.0,81.8
Uruguay,2014.0,95.7
Uruguay,2015.0,104.4
Uruguay,2016.0,116.4
Uruguay,2017.0,128.5
Uruguay,2018.0,142.4
Uruguay,2019.0,152.0
Samoa,2012.0,3.6
Samoa,2017.0,28.8
Zambia,2017.0,9.4
Zambia,2018.0,7.0
