country,year,value
Albania,2018.0,282.0
Argentina,2000.0,4.0
Argentina,2001.0,3.9
Argentina,2002.0,3.6
Argentina,2003.0,4.6
Argentina,2004.0,4.7
Argentina,2005.0,5.9
Argentina,2006.0,6.9
Argentina,2007.0,8.4
Argentina,2008.0,10.9
Argentina,2009.0,13.0
Argentina,2010.0,16.6
Argentina,2011.0,21.5
Argentina,2012.0,26.8
Argentina,2013.0,34.0
Argentina,2014.0,45.8
Argentina,2018.0,131.0
Austria,2010.0,12.5
Austria,2014.0,13.7
Austria,2018.0,15.2
Bangladesh,2017.0,62.6
Armenia,2014.0,490.2
Armenia,2015.0,496.1
Armenia,2016.0,515.1
Armenia,2017.0,514.4
Armenia,2018.0,542.0
Armenia,2019.0,573.1
Belgium,2010.0,17.8
Belgium,2014.0,19.2
Belgium,2015.0,17.7
Belgium,2016.0,17.7
Belgium,2018.0,20.0
Bolivia,2000.0,5.6
Bolivia,2001.0,5.3
Bolivia,2002.0,5.8
Bolivia,2005.0,6.5
Bolivia,2006.0,7.2
Bolivia,2007.0,7.8
Bolivia,2008.0,8.3
Bolivia,2009.0,9.4
Bolivia,2011.0,11.3
Bolivia,2012.0,12.8
Bolivia,2013.0,14.2
Bolivia,2014.0,15.3
Bolivia,2015.0,16.4
Bolivia,2016.0,17.8
Bolivia,2017.0,18.6
Bolivia,2018.0,19.5
Bolivia,2019.0,19.9
Bosnia and Herzegovina,2010.0,3.8
Bosnia and Herzegovina,2011.0,3.7
Bosnia and Herzegovina,2012.0,3.8
Bosnia and Herzegovina,2013.0,3.8
Bosnia and Herzegovina,2014.0,3.9
Bosnia and Herzegovina,2015.0,3.9
Bosnia and Herzegovina,2016.0,3.9
Bosnia and Herzegovina,2017.0,3.9
Bosnia and Herzegovina,2018.0,4.1
Bosnia and Herzegovina,2019.0,4.2
Botswana,2019.0,23.5
Brazil,2001.0,3.3
Brazil,2002.0,3.6
Brazil,2003.0,4.0
Brazil,2004.0,4.2
Brazil,2005.0,4.7
Brazil,2006.0,5.2
Brazil,2007.0,5.8
Brazil,2008.0,6.0
Brazil,2009.0,6.6
Brazil,2011.0,9.1
Brazil,2012.0,7.9
Brazil,2013.0,8.5
Brazil,2014.0,9.2
Brazil,2015.0,10.3
Brazil,2016.0,11.5
Brazil,2017.0,12.1
Brazil,2018.0,12.7
Brazil,2019.0,13.3
Belize,2017.0,7.0
Belize,2018.0,8.2
Belize,2019.0,5.8
Brunei,2014.0,12.0
Brunei,2017.0,8.9
Bulgaria,2014.0,4.2
Bulgaria,2018.0,6.0
Myanmar,2017.0,845.4
Myanmar,2018.0,981.8
Myanmar,2019.0,1100.2
Belarus,2019.0,4.9
Cambodia,2012.0,2259.5
Cameroon,2014.0,633.5
Cape Verde,2015.0,202.5
Sri Lanka,2013.0,91.8
Sri Lanka,2014.0,101.5
Sri Lanka,2015.0,119.8
Sri Lanka,2016.0,127.6
Sri Lanka,2017.0,138.8
Sri Lanka,2018.0,151.0
Chad,2018.0,1171.2
Chile,2000.0,1319.0
Chile,2003.0,1617.0
Chile,2006.0,1817.0
Chile,2009.0,2351.0
Chile,2011.0,2700.0
Chile,2013.0,3085.0
Chile,2015.0,2713.0
Chile,2017.0,3169.3
Colombia,2001.0,2244.0
Colombia,2002.0,3428.0
Colombia,2003.0,2839.0
Colombia,2004.0,3074.0
Colombia,2005.0,3354.0
Costa Rica,2000.0,695.0
Costa Rica,2001.0,800.0
Costa Rica,2004.0,1019.0
Costa Rica,2005.0,1084.0
Costa Rica,2008.0,1670.0
Costa Rica,2009.0,2030.0
Costa Rica,2010.0,2048.0
Costa Rica,2012.0,2520.8
Costa Rica,2013.0,2736.3
Costa Rica,2014.0,2735.8
Costa Rica,2015.0,2900.7
Costa Rica,2016.0,3099.2
Costa Rica,2017.0,3034.6
Costa Rica,2018.0,3073.8
Costa Rica,2019.0,3142.0
Croatia,2018.0,44.0
Cyprus,2010.0,10.9
Cyprus,2014.0,10.3
Cyprus,2018.0,11.0
Czechia,2012.0,130.2
Czechia,2013.0,132.4
Czechia,2014.0,135.6
Czechia,2015.0,139.3
Czechia,2016.0,146.1
Czechia,2017.0,157.5
Czechia,2018.0,171.2
Denmark,2014.0,189.0
Denmark,2018.0,203.0
Dominican Republic,2005.0,52.8
Dominican Republic,2006.0,54.1
Dominican Republic,2007.0,54.7
Dominican Republic,2008.0,66.3
Dominican Republic,2009.0,68.1
Dominican Republic,2010.0,75.2
Dominican Republic,2011.0,73.4
Dominican Republic,2012.0,74.7
Dominican Republic,2013.0,82.5
Dominican Republic,2014.0,82.3
Dominican Republic,2015.0,54.7
Dominican Republic,2016.0,58.7
Dominican Republic,2017.0,74.3
Dominican Republic,2018.0,96.9
Dominican Republic,2019.0,89.8
Ecuador,2003.0,1.5
Ecuador,2004.0,1.6
Ecuador,2005.0,1.5
Ecuador,2006.0,1.7
Ecuador,2007.0,1.7
Ecuador,2008.0,1.7
Ecuador,2009.0,1.8
Ecuador,2010.0,2.1
Ecuador,2011.0,2.1
Ecuador,2012.0,2.4
Ecuador,2013.0,2.7
Ecuador,2014.0,2.9
Ecuador,2015.0,3.0
Ecuador,2016.0,3.0
Ecuador,2017.0,3.0
Ecuador,2018.0,3.2
Ecuador,2019.0,3.2
El Salvador,2000.0,11.6
El Salvador,2001.0,11.1
El Salvador,2002.0,11.3
El Salvador,2003.0,11.4
El Salvador,2004.0,1.4
El Salvador,2005.0,1.5
El Salvador,2006.0,1.6
El Salvador,2007.0,1.5
El Salvador,2008.0,1.6
El Salvador,2009.0,1.6
El Salvador,2010.0,1.6
El Salvador,2011.0,1.7
El Salvador,2012.0,1.7
El Salvador,2013.0,1.9
El Salvador,2014.0,1.8
El Salvador,2015.0,1.8
El Salvador,2016.0,1.8
El Salvador,2017.0,1.9
El Salvador,2018.0,2.0
Estonia,2010.0,4.2
Estonia,2014.0,5.0
Estonia,2018.0,7.0
Finland,2010.0,16.2
Finland,2013.0,17.6
Finland,2014.0,17.8
Finland,2016.0,17.9
Finland,2017.0,18.1
France,2010.0,14.8
France,2014.0,15.9
France,2018.0,16.0
Gambia,2012.0,17.7
Germany,2010.0,14.6
Germany,2014.0,15.4
Ghana,2015.0,6.9
Greece,2010.0,10.0
Greece,2014.0,8.8
Greece,2018.0,8.0
Guatemala,2000.0,6.9
Guatemala,2002.0,10.2
Guatemala,2003.0,9.1
Guatemala,2004.0,8.7
Guatemala,2006.0,12.0
Guatemala,2010.0,13.2
Guatemala,2011.0,13.2
Guatemala,2012.0,14.0
Guatemala,2013.0,16.0
Guatemala,2014.0,15.5
Guatemala,2015.0,16.7
Guatemala,2016.0,16.1
Guatemala,2017.0,16.7
Guyana,2018.0,408.7
Haiti,2001.0,8.9
Honduras,2001.0,19.7
Honduras,2002.0,19.8
Honduras,2003.0,22.3
Honduras,2004.0,21.7
Honduras,2005.0,28.7
Honduras,2006.0,26.2
Honduras,2007.0,29.2
Honduras,2008.0,34.1
Honduras,2009.0,41.1
Honduras,2010.0,41.9
Honduras,2012.0,44.8
Honduras,2013.0,43.0
Honduras,2014.0,45.1
Honduras,2015.0,41.8
Honduras,2016.0,43.4
Honduras,2017.0,41.6
Honduras,2018.0,42.9
Honduras,2019.0,46.1
Hungary,2014.0,1311.3
Hungary,2018.0,1607.0
Iceland,2014.0,2490.0
Iceland,2015.0,2720.0
Iceland,2016.0,2920.0
Iceland,2017.0,3120.0
Iceland,2018.0,3230.0
Indonesia,2017.0,12522.7
Indonesia,2019.0,13112.6
Ireland,2010.0,20.6
Ireland,2014.0,22.6
Ireland,2018.0,22.0
Israel,2014.0,49.0
Israel,2015.0,50.6
Israel,2016.0,50.0
Israel,2018.0,55.7
Italy,2010.0,14.0
Italy,2014.0,14.9
Italy,2018.0,15.0
Jamaica,2001.0,135.0
Jamaica,2002.0,127.0
Jordan,2017.0,2.0
Jordan,2018.0,2.0
Jordan,2019.0,2.0
Korea,2009.0,10589.0
Korea,2010.0,11174.0
Korea,2011.0,11931.0
Korea,2012.0,12923.0
Korea,2013.0,13954.0
Korea,2014.0,14389.0
Korea,2015.0,13545.0
Korea,2016.0,14220.0
Korea,2017.0,14890.0
Korea,2018.0,17076.0
Korea,2019.0,18252.0
Laos,2017.0,15077.4
Lebanon,2019.0,8190.6
Latvia,2010.0,3.5
Latvia,2014.0,4.0
Latvia,2018.0,6.0
Lithuania,2010.0,3.2
Lithuania,2014.0,3.7
Lithuania,2018.0,4.8
Luxembourg,2010.0,20.7
Luxembourg,2014.0,22.2
Luxembourg,2018.0,25.0
Madagascar,2015.0,1186.5
Malawi,2013.0,189.9
Malaysia,2011.0,9.3
Malaysia,2012.0,10.0
Malaysia,2013.0,10.7
Malaysia,2014.0,11.4
Malaysia,2015.0,12.3
Malaysia,2016.0,12.9
Malaysia,2017.0,15.1
Malaysia,2018.0,16.1
Maldives,2016.0,67.0
Mali,2013.0,401.1
Malta,2010.0,8.1
Malta,2014.0,9.3
Malta,2018.0,11.0
Mauritius,2011.0,72.0
Mauritius,2012.0,77.6
Mauritius,2013.0,88.5
Mauritius,2014.0,100.7
Mauritius,2015.0,106.9
Mauritius,2016.0,106.1
Mauritius,2017.0,114.5
Mauritius,2018.0,118.9
Mauritius,2019.0,114.0
Mexico,2000.0,18.5
Mexico,2002.0,21.7
Mexico,2008.0,30.4
Mexico,2010.0,30.9
Mexico,2012.0,32.6
Mexico,2014.0,35.1
Mexico,2016.0,34.4
Mongolia,2019.0,3800.2
Montenegro,2014.0,3.9
Nepal,2017.0,87.8
Netherlands,2010.0,15.6
Netherlands,2014.0,16.3
Netherlands,2018.0,17.0
Curacao,2018.0,69.6
Nicaragua,2001.0,13.1
Nicaragua,2005.0,13.6
Nicaragua,2009.0,24.0
Nicaragua,2014.0,40.9
Norway,2014.0,236.5
Norway,2018.0,266.0
Pakistan,2016.0,66.0
Pakistan,2017.0,71.6
Pakistan,2018.0,71.0
Panama,2000.0,2.8
Panama,2001.0,2.3
Panama,2009.0,3.0
Panama,2010.0,3.2
Panama,2011.0,3.6
Panama,2012.0,4.0
Panama,2013.0,4.2
Panama,2014.0,4.3
Paraguay,2001.0,4922.9
Paraguay,2002.0,3812.1
Paraguay,2003.0,4606.2
Paraguay,2004.0,4229.6
Paraguay,2005.0,4851.2
Paraguay,2006.0,5322.5
Paraguay,2007.0,5733.8
Paraguay,2008.0,6405.7
Paraguay,2009.0,6636.0
Paraguay,2010.0,7303.4
Paraguay,2011.0,8706.5
Paraguay,2012.0,9583.0
Paraguay,2013.0,10316.7
Paraguay,2014.0,10989.6
Paraguay,2015.0,11747.1
Paraguay,2016.0,11449.7
Paraguay,2017.0,12069.5
Paraguay,2018.0,13741.6
Paraguay,2019.0,14720.5
Peru,2000.0,2.9
Peru,2001.0,3.4
Peru,2002.0,3.7
Peru,2003.0,3.5
Peru,2004.0,3.1
Peru,2005.0,3.3
Peru,2006.0,3.5
Peru,2007.0,4.1
Peru,2008.0,4.3
Peru,2009.0,4.7
Peru,2010.0,4.8
Peru,2011.0,5.3
Peru,2012.0,5.6
Peru,2013.0,5.9
Peru,2014.0,6.2
Poland,2014.0,22.7
Portugal,2007.0,4.1
Portugal,2008.0,4.2
Portugal,2009.0,4.4
Portugal,2010.0,4.5
Portugal,2011.0,4.5
Portugal,2012.0,4.6
Portugal,2013.0,4.5
Portugal,2014.0,6.9
Portugal,2015.0,4.6
Portugal,2016.0,4.7
Portugal,2017.0,4.8
Portugal,2018.0,5.0
Timor-Leste,2010.0,1.1
Timor-Leste,2013.0,3.4
Romania,2014.0,12.1
Romania,2018.0,25.7
Russia,2015.0,164.0
Russia,2017.0,192.0
Rwanda,2017.0,312.4
Serbia,2014.0,183.3
Serbia,2015.0,187.4
Serbia,2016.0,191.5
Serbia,2017.0,192.6
Serbia,2018.0,205.1
Serbia,2019.0,220.9
Slovakia,2010.0,4.2
Slovakia,2014.0,4.7
Slovakia,2015.0,5.4
Slovakia,2019.0,6.9
Vietnam,2009.0,2450.5
Vietnam,2011.0,14660.3
Vietnam,2012.0,17844.1
Vietnam,2013.0,19830.1
Vietnam,2014.0,21596.5
Vietnam,2015.0,24713.3
Vietnam,2016.0,26309.3
Vietnam,2017.0,25427.5
Vietnam,2018.0,27110.0
Vietnam,2019.0,30944.4
Slovenia,2010.0,9.1
Slovenia,2014.0,8.5
Slovenia,2018.0,9.0
South Africa,2019.0,19.0
Zimbabwe,2014.0,1.8
Spain,2010.0,10.4
Spain,2012.0,13.0
Spain,2013.0,13.0
Spain,2014.0,14.0
Spain,2015.0,14.0
Spain,2016.0,14.0
Spain,2017.0,14.0
Spain,2018.0,14.0
Eswatini,2016.0,25.5
Sweden,2014.0,174.1
Sweden,2015.0,173.8
Sweden,2016.0,178.5
Sweden,2017.0,184.3
Sweden,2018.0,189.5
Switzerland,2014.0,36.7
Switzerland,2018.0,37.0
Togo,2011.0,452.9
Togo,2015.0,537.6
Togo,2017.0,555.1
Tonga,2018.0,11.6
Turkey,2014.0,11.3
Uganda,2012.0,1038.8
Uganda,2017.0,1608.3
Ukraine,2016.0,29.7
North Macedonia,2014.0,157.5
United Kingdom,2014.0,13.4
United Kingdom,2015.0,13.2
United Kingdom,2016.0,13.7
United Kingdom,2017.0,14.1
United Kingdom,2018.0,14.6
United Kingdom,2019.0,15.2
Burkina Faso,2018.0,571.0
Uruguay,2000.0,39.3
Uruguay,2001.0,37.4
Uruguay,2002.0,36.3
Uruguay,2003.0,36.2
Uruguay,2004.0,40.9
Uruguay,2005.0,43.9
Uruguay,2006.0,52.0
Uruguay,2007.0,57.3
Uruguay,2008.0,62.5
Uruguay,2009.0,73.3
Uruguay,2010.0,79.4
Uruguay,2011.0,97.7
Uruguay,2012.0,108.1
Uruguay,2013.0,119.5
Uruguay,2014.0,136.7
Uruguay,2015.0,151.6
Uruguay,2016.0,162.1
Uruguay,2017.0,186.3
Uruguay,2018.0,200.5
Uruguay,2019.0,218.0
Venezuela,2000.0,1354.0
Venezuela,2001.0,1552.0
Venezuela,2002.0,1752.0
Venezuela,2003.0,1967.0
Venezuela,2004.0,2440.0
Venezuela,2005.0,3091.0
Venezuela,2006.0,4132.0
Samoa,2012.0,7.9
Samoa,2017.0,9.9
Zambia,2017.0,24.9
Zambia,2018.0,20.1
