country,year,value
Least Developed Countries (LDCs),1959.0,0.0
Least Developed Countries (LDCs),1960.0,0.0
Least Developed Countries (LDCs),1961.0,0.0
Least Developed Countries (LDCs),1962.0,2.0
Least Developed Countries (LDCs),1963.0,3.0
Least Developed Countries (LDCs),1964.0,8.0
Least Developed Countries (LDCs),1965.0,9.0
Least Developed Countries (LDCs),1966.0,11.0
Least Developed Countries (LDCs),1967.0,15.0
Least Developed Countries (LDCs),1968.0,17.0
Least Developed Countries (LDCs),1969.0,19.0
Least Developed Countries (LDCs),1970.0,19.0
Least Developed Countries (LDCs),1971.0,20.0
Least Developed Countries (LDCs),1972.0,22.0
Least Developed Countries (LDCs),1973.0,23.0
Least Developed Countries (LDCs),1974.0,23.0
Least Developed Countries (LDCs),1975.0,25.0
Least Developed Countries (LDCs),1976.0,25.0
Least Developed Countries (LDCs),1977.0,25.0
Least Developed Countries (LDCs),1978.0,29.0
Least Developed Countries (LDCs),1979.0,29.0
Least Developed Countries (LDCs),1980.0,31.0
Least Developed Countries (LDCs),1981.0,32.0
Least Developed Countries (LDCs),1982.0,32.0
Least Developed Countries (LDCs),1983.0,33.0
Least Developed Countries (LDCs),1984.0,34.0
Least Developed Countries (LDCs),1985.0,37.0
Least Developed Countries (LDCs),1986.0,37.0
Least Developed Countries (LDCs),1987.0,38.0
Least Developed Countries (LDCs),1988.0,38.0
Least Developed Countries (LDCs),1989.0,39.0
Least Developed Countries (LDCs),1990.0,42.0
Least Developed Countries (LDCs),1991.0,42.0
Least Developed Countries (LDCs),1992.0,42.0
Least Developed Countries (LDCs),1993.0,43.0
Least Developed Countries (LDCs),1994.0,45.0
Least Developed Countries (LDCs),1995.0,47.0
Least Developed Countries (LDCs),1996.0,51.0
Least Developed Countries (LDCs),1997.0,55.0
Least Developed Countries (LDCs),1998.0,63.0
Least Developed Countries (LDCs),1999.0,68.0
Least Developed Countries (LDCs),2000.0,71.0
Least Developed Countries (LDCs),2001.0,76.0
Least Developed Countries (LDCs),2002.0,80.0
Least Developed Countries (LDCs),2003.0,86.0
Least Developed Countries (LDCs),2004.0,88.0
Least Developed Countries (LDCs),2005.0,90.0
Least Developed Countries (LDCs),2006.0,92.0
Least Developed Countries (LDCs),2007.0,93.0
Least Developed Countries (LDCs),2008.0,93.0
Least Developed Countries (LDCs),2009.0,95.0
Least Developed Countries (LDCs),2010.0,97.0
Least Developed Countries (LDCs),2011.0,99.0
Least Developed Countries (LDCs),2012.0,99.0
Least Developed Countries (LDCs),2013.0,100.0
Least Developed Countries (LDCs),2014.0,101.0
Least Developed Countries (LDCs),2015.0,101.0
Least Developed Countries (LDCs),2016.0,101.0
Least Developed Countries (LDCs),2017.0,102.0
Least Developed Countries (LDCs),2018.0,102.0
Least Developed Countries (LDCs),2019.0,102.0
Least Developed Countries (LDCs),2020.0,102.0
Least Developed Countries (LDCs),2021.0,102.0
Developing regions,1959.0,0.0
Developing regions,1960.0,0.0
Developing regions,1961.0,0.0
Developing regions,1962.0,5.0
Developing regions,1963.0,10.0
Developing regions,1964.0,16.0
Developing regions,1965.0,19.0
Developing regions,1966.0,27.0
Developing regions,1967.0,31.0
Developing regions,1968.0,37.0
Developing regions,1969.0,40.0
Developing regions,1970.0,40.0
Developing regions,1971.0,42.0
Developing regions,1972.0,44.0
Developing regions,1973.0,47.0
Developing regions,1974.0,47.0
Developing regions,1975.0,49.0
Developing regions,1976.0,50.0
Developing regions,1977.0,52.0
Developing regions,1978.0,57.0
Developing regions,1979.0,59.0
Developing regions,1980.0,61.0
Developing regions,1981.0,63.0
Developing regions,1982.0,66.0
Developing regions,1983.0,69.0
Developing regions,1984.0,69.0
Developing regions,1985.0,72.0
Developing regions,1986.0,75.0
Developing regions,1987.0,78.0
Developing regions,1988.0,80.0
Developing regions,1989.0,85.0
Developing regions,1990.0,90.0
Developing regions,1991.0,106.0
Developing regions,1992.0,113.0
Developing regions,1993.0,122.0
Developing regions,1994.0,131.0
Developing regions,1995.0,137.0
Developing regions,1996.0,144.0
Developing regions,1997.0,156.0
Developing regions,1998.0,159.0
Developing regions,1999.0,162.0
Developing regions,2000.0,164.0
Developing regions,2001.0,166.0
Developing regions,2002.0,166.0
Developing regions,2003.0,168.0
Developing regions,2004.0,170.0
Developing regions,2005.0,171.0
Developing regions,2006.0,172.0
Developing regions,2007.0,172.0
Developing regions,2008.0,172.0
Developing regions,2009.0,173.0
Developing regions,2010.0,173.0
Developing regions,2011.0,173.0
Developing regions,2012.0,173.0
Developing regions,2013.0,173.0
Developing regions,2014.0,173.0
Developing regions,2015.0,173.0
Developing regions,2016.0,174.0
Developing regions,2017.0,176.0
Developing regions,2018.0,176.0
Developing regions,2019.0,176.0
Developing regions,2020.0,176.0
Developing regions,2021.0,176.0
