country,year,value
World,2000.0,31.91499
World,2010.0,31.52252
World,2015.0,31.34963
World,2016.0,31.32217
World,2017.0,31.26975
World,2018.0,31.23248
World,2019.0,31.19349
World,2020.0,31.15578
Africa,2000.0,23.76113
Africa,2010.0,22.6217
Africa,2015.0,21.96784
Africa,2016.0,21.83403
Africa,2017.0,21.70246
Africa,2018.0,21.57094
Africa,2019.0,21.43674
Africa,2020.0,21.30391
Afghanistan,2000.0,1.85099
Afghanistan,2010.0,1.85099
Afghanistan,2015.0,1.85099
Afghanistan,2016.0,1.85099
Afghanistan,2017.0,1.85099
Afghanistan,2018.0,1.85099
Afghanistan,2019.0,1.85099
Afghanistan,2020.0,1.85099
South America,2000.0,52.83845
South America,2010.0,49.83222
South America,2015.0,49.05521
South America,2016.0,48.8966
South America,2017.0,48.71315
South America,2018.0,48.59517
South America,2019.0,48.46661
South America,2020.0,48.34493
Albania,2000.0,28.07664
Albania,2010.0,28.5427
Albania,2015.0,28.80246
Albania,2016.0,28.80219
Albania,2017.0,28.79206
Albania,2018.0,28.79197
Albania,2019.0,28.79197
Albania,2020.0,28.79197
Oceania,2000.0,21.60272
Oceania,2010.0,21.33012
Oceania,2015.0,21.73311
Oceania,2016.0,21.81554
Oceania,2017.0,21.81039
Oceania,2018.0,21.80615
Oceania,2019.0,21.80406
Oceania,2020.0,21.80395
Western Africa,2000.0,15.82836
Western Africa,2010.0,14.79614
Western Africa,2015.0,14.34315
Western Africa,2016.0,14.26084
Western Africa,2017.0,14.17855
Western Africa,2018.0,14.09054
Western Africa,2019.0,14.00254
Western Africa,2020.0,13.91453
Algeria,2000.0,0.66296
Algeria,2010.0,0.80529
Algeria,2015.0,0.82125
Algeria,2016.0,0.82125
Algeria,2017.0,0.81579
Algeria,2018.0,0.81033
Algeria,2019.0,0.81411
Algeria,2020.0,0.81831
Central America,2000.0,38.41367
Central America,2010.0,36.96534
Central America,2015.0,36.48018
Central America,2016.0,36.36973
Central America,2017.0,36.2592
Central America,2018.0,36.14783
Central America,2019.0,36.03731
Central America,2020.0,35.92678
Eastern Africa,2000.0,32.05634
Eastern Africa,2010.0,30.59252
Eastern Africa,2015.0,29.81186
Eastern Africa,2016.0,29.63096
Eastern Africa,2017.0,29.46339
Eastern Africa,2018.0,29.30139
Eastern Africa,2019.0,29.12398
Eastern Africa,2020.0,28.95182
Northern Africa,2000.0,3.88669
Northern Africa,2010.0,3.73184
Northern Africa,2015.0,3.62576
Northern Africa,2016.0,3.60695
Northern Africa,2017.0,3.58502
Northern Africa,2018.0,3.56297
Northern Africa,2019.0,3.54372
Northern Africa,2020.0,3.52459
American Samoa,2000.0,88.65
American Samoa,2010.0,87.15
American Samoa,2015.0,86.4
American Samoa,2016.0,86.25
American Samoa,2017.0,86.1
American Samoa,2018.0,85.95
American Samoa,2019.0,85.8
American Samoa,2020.0,85.65
Middle Africa,2000.0,49.41341
Middle Africa,2010.0,47.20386
Middle Africa,2015.0,45.73907
Middle Africa,2016.0,45.44719
Middle Africa,2017.0,45.15577
Middle Africa,2018.0,44.8642
Middle Africa,2019.0,44.57308
Middle Africa,2020.0,44.28259
Southern Africa,2000.0,16.58663
Southern Africa,2010.0,15.73969
Southern Africa,2015.0,15.31623
Southern Africa,2016.0,15.23153
Southern Africa,2017.0,15.14684
Southern Africa,2018.0,15.06214
Southern Africa,2019.0,14.97745
Southern Africa,2020.0,14.89275
Americas,2000.0,43.30483
Americas,2010.0,42.01208
Americas,2015.0,41.6707
Americas,2016.0,41.5928
Americas,2017.0,41.49474
Americas,2018.0,41.43366
Americas,2019.0,41.36786
Americas,2020.0,41.30518
Andorra,2000.0,34.04255
Andorra,2010.0,34.04255
Andorra,2015.0,34.04255
Andorra,2016.0,34.04255
Andorra,2017.0,34.04255
Andorra,2018.0,34.04255
Andorra,2019.0,34.04255
Andorra,2020.0,34.04255
Northern America,2000.0,35.13498
Northern America,2010.0,35.41643
Northern America,2015.0,35.4795
Northern America,2016.0,35.47736
Northern America,2017.0,35.45917
Northern America,2018.0,35.45717
Northern America,2019.0,35.45517
Northern America,2020.0,35.45318
Angola,2000.0,62.33144
Angola,2010.0,57.8792
Angola,2015.0,55.65308
Angola,2016.0,55.20784
Angola,2017.0,54.76263
Angola,2018.0,54.31741
Angola,2019.0,53.87217
Angola,2020.0,53.42695
Antigua and Barbuda,2000.0,21.47727
Antigua and Barbuda,2010.0,19.95455
Antigua and Barbuda,2015.0,19.20455
Antigua and Barbuda,2016.0,19.04545
Antigua and Barbuda,2017.0,18.90909
Antigua and Barbuda,2018.0,18.75
Antigua and Barbuda,2019.0,18.59091
Antigua and Barbuda,2020.0,18.45455
Caribbean,2000.0,29.98736
Caribbean,2010.0,33.16063
Caribbean,2015.0,34.80741
Caribbean,2016.0,35.11262
Caribbean,2017.0,35.19588
Caribbean,2018.0,35.23731
Caribbean,2019.0,35.27787
Caribbean,2020.0,35.31893
Eastern Asia,2000.0,19.81648
Eastern Asia,2010.0,21.83232
Eastern Asia,2015.0,22.64638
Eastern Asia,2016.0,22.83025
Eastern Asia,2017.0,22.98968
Eastern Asia,2018.0,23.1494
Eastern Asia,2019.0,23.30913
Eastern Asia,2020.0,23.46886
Azerbaijan,2000.0,11.95109
Azerbaijan,2010.0,12.49147
Azerbaijan,2015.0,13.03953
Azerbaijan,2016.0,13.15441
Azerbaijan,2017.0,13.27315
Azerbaijan,2018.0,13.41393
Azerbaijan,2019.0,13.55337
Azerbaijan,2020.0,13.69286
Argentina,2000.0,12.19649
Argentina,2010.0,11.04034
Argentina,2015.0,10.63219
Argentina,2016.0,10.6004
Argentina,2017.0,10.55984
Argentina,2018.0,10.52037
Argentina,2019.0,10.48018
Argentina,2020.0,10.44071
Southern Asia,2000.0,14.88603
Southern Asia,2010.0,15.33517
Southern Asia,2015.0,15.5248
Southern Asia,2016.0,15.5577
Southern Asia,2017.0,15.59761
Southern Asia,2018.0,15.63524
Southern Asia,2019.0,15.6728
Southern Asia,2020.0,15.70909
South-Eastern Asia,2000.0,50.70487
South-Eastern Asia,2010.0,49.74587
South-Eastern Asia,2015.0,48.23862
South-Eastern Asia,2016.0,48.22036
South-Eastern Asia,2017.0,47.81122
South-Eastern Asia,2018.0,47.57004
South-Eastern Asia,2019.0,47.32892
South-Eastern Asia,2020.0,47.08781
Australia,2000.0,17.15816
Australia,2010.0,16.86293
Australia,2015.0,17.32482
Australia,2016.0,17.42549
Australia,2017.0,17.42291
Australia,2018.0,17.42131
Australia,2019.0,17.42131
Australia,2020.0,17.42131
Southern Europe,2000.0,32.69485
Southern Europe,2010.0,34.89949
Southern Europe,2015.0,35.25021
Southern Europe,2016.0,35.316
Southern Europe,2017.0,35.37512
Southern Europe,2018.0,35.41891
Southern Europe,2019.0,35.46421
Southern Europe,2020.0,35.50968
Austria,2000.0,46.47784
Austria,2010.0,46.7864
Austria,2015.0,47.03333
Austria,2016.0,47.07695
Austria,2017.0,47.12046
Austria,2018.0,47.16396
Austria,2019.0,47.20746
Austria,2020.0,47.25097
Bahamas,2000.0,50.93506
Bahamas,2010.0,50.93506
Bahamas,2015.0,50.93506
Bahamas,2016.0,50.93506
Bahamas,2017.0,50.93506
Bahamas,2018.0,50.93506
Bahamas,2019.0,50.93506
Bahamas,2020.0,50.93506
Bahrain,2000.0,0.52113
Bahrain,2010.0,0.68241
Bahrain,2015.0,0.77121
Bahrain,2016.0,0.79589
Bahrain,2017.0,0.82051
Bahrain,2018.0,0.84615
Bahrain,2019.0,0.87179
Bahrain,2020.0,0.89744
Bangladesh,2000.0,14.75246
Bangladesh,2010.0,14.50674
Bangladesh,2015.0,14.46877
Bangladesh,2016.0,14.46877
Bangladesh,2017.0,14.46877
Bangladesh,2018.0,14.46877
Bangladesh,2019.0,14.46877
Bangladesh,2020.0,14.46877
Armenia,2000.0,11.68388
Armenia,2010.0,11.61082
Armenia,2015.0,11.57429
Armenia,2016.0,11.56691
Armenia,2017.0,11.55954
Armenia,2018.0,11.55216
Armenia,2019.0,11.54478
Armenia,2020.0,11.53741
Barbados,2000.0,14.65116
Barbados,2010.0,14.65116
Barbados,2015.0,14.65116
Barbados,2016.0,14.65116
Barbados,2017.0,14.65116
Barbados,2018.0,14.65116
Barbados,2019.0,14.65116
Barbados,2020.0,14.65116
Australia and New Zealand,2000.0,17.82926
Australia and New Zealand,2010.0,17.54353
Australia and New Zealand,2015.0,17.98992
Australia and New Zealand,2016.0,18.08645
Australia and New Zealand,2017.0,18.08448
Australia and New Zealand,2018.0,18.08348
Australia and New Zealand,2019.0,18.08478
Australia and New Zealand,2020.0,18.08818
Melanesia,2000.0,77.61133
Melanesia,2010.0,77.53871
Melanesia,2015.0,77.30222
Melanesia,2016.0,77.24804
Melanesia,2017.0,77.19577
Melanesia,2018.0,77.14351
Melanesia,2019.0,77.09124
Melanesia,2020.0,77.03897
Belgium,2000.0,22.03765
Belgium,2010.0,22.78303
Belgium,2015.0,22.7642
Belgium,2016.0,22.7642
Belgium,2017.0,22.7642
Belgium,2018.0,22.7642
Belgium,2019.0,22.7642
Belgium,2020.0,22.7642
Micronesia (country),2000.0,53.62145
Micronesia (country),2010.0,53.49842
Micronesia (country),2015.0,53.73186
Micronesia (country),2016.0,53.09779
Micronesia (country),2017.0,53.13249
Micronesia (country),2018.0,53.17035
Micronesia (country),2019.0,53.20505
Micronesia (country),2020.0,53.23975
Bermuda,2000.0,18.51852
Bermuda,2010.0,18.51852
Bermuda,2015.0,18.51852
Bermuda,2016.0,18.51852
Bermuda,2017.0,18.51852
Bermuda,2018.0,18.51852
Bermuda,2019.0,18.51852
Bermuda,2020.0,18.51852
Polynesia,2000.0,49.22622
Polynesia,2010.0,48.69275
Polynesia,2015.0,48.37695
Polynesia,2016.0,48.31404
Polynesia,2017.0,48.25113
Polynesia,2018.0,48.18822
Polynesia,2019.0,48.12531
Polynesia,2020.0,48.06241
Central and Southern Asia,2000.0,10.36204
Central and Southern Asia,2010.0,10.67448
Central and Southern Asia,2015.0,10.83231
Central and Southern Asia,2016.0,10.85952
Central and Southern Asia,2017.0,10.88997
Central and Southern Asia,2018.0,10.92034
Central and Southern Asia,2019.0,10.95077
Central and Southern Asia,2020.0,10.98042
Bhutan,2000.0,65.47739
Bhutan,2010.0,70.97332
Bhutan,2015.0,71.23278
Bhutan,2016.0,71.23427
Bhutan,2017.0,71.28618
Bhutan,2018.0,71.34557
Bhutan,2019.0,71.39748
Bhutan,2020.0,71.4494
Bolivia,2000.0,50.86439
Bolivia,2010.0,49.00398
Bolivia,2015.0,48.0266
Bolivia,2016.0,47.77133
Bolivia,2017.0,47.53274
Bolivia,2018.0,47.31214
Bolivia,2019.0,47.10954
Bolivia,2020.0,46.92491
Bosnia and Herzegovina,2000.0,41.24316
Bosnia and Herzegovina,2010.0,41.06758
Bosnia and Herzegovina,2015.0,42.19727
Bosnia and Herzegovina,2016.0,42.50996
Bosnia and Herzegovina,2017.0,42.73262
Bosnia and Herzegovina,2018.0,42.73262
Bosnia and Herzegovina,2019.0,42.73262
Bosnia and Herzegovina,2020.0,42.73262
Botswana,2000.0,31.09188
Botswana,2010.0,29.00446
Botswana,2015.0,27.96076
Botswana,2016.0,27.75202
Botswana,2017.0,27.54327
Botswana,2018.0,27.33453
Botswana,2019.0,27.12579
Botswana,2020.0,26.91705
Brazil,2000.0,65.93436
Brazil,2010.0,61.20748
Brazil,2015.0,60.28671
Brazil,2016.0,60.07103
Brazil,2017.0,59.83288
Brazil,2018.0,59.70843
Brazil,2019.0,59.55853
Brazil,2020.0,59.41748
Belize,2000.0,63.97633
Belize,2010.0,60.99912
Belize,2015.0,58.43183
Belize,2016.0,57.94301
Belize,2017.0,57.45375
Belize,2018.0,56.96493
Belize,2019.0,56.47567
Belize,2020.0,55.98641
Solomon Islands,2000.0,90.66095
Solomon Islands,2010.0,90.39943
Solomon Islands,2015.0,90.26867
Solomon Islands,2016.0,90.24259
Solomon Islands,2017.0,90.21651
Solomon Islands,2018.0,90.19043
Solomon Islands,2019.0,90.16434
Solomon Islands,2020.0,90.13826
British Virgin Islands,2000.0,24.46667
British Virgin Islands,2010.0,24.26667
British Virgin Islands,2015.0,24.13333
British Virgin Islands,2016.0,24.13333
British Virgin Islands,2017.0,24.13333
British Virgin Islands,2018.0,24.13333
British Virgin Islands,2019.0,24.13333
British Virgin Islands,2020.0,24.13333
Brunei,2000.0,75.33207
Brunei,2010.0,72.10626
Brunei,2015.0,72.10626
Brunei,2016.0,72.10626
Brunei,2017.0,72.10626
Brunei,2018.0,72.10626
Brunei,2019.0,72.10626
Brunei,2020.0,72.10626
Bulgaria,2000.0,30.5071
Bulgaria,2010.0,34.42336
Bulgaria,2015.0,35.30766
Bulgaria,2016.0,35.38136
Bulgaria,2017.0,35.50111
Bulgaria,2018.0,35.62085
Bulgaria,2019.0,35.7406
Bulgaria,2020.0,35.86035
Myanmar,2000.0,53.35268
Myanmar,2010.0,48.12938
Myanmar,2015.0,45.9246
Myanmar,2016.0,45.481
Myanmar,2017.0,45.0574
Myanmar,2018.0,44.6136
Myanmar,2019.0,44.16979
Myanmar,2020.0,43.72599
Burundi,2000.0,7.55218
Burundi,2010.0,7.55218
Burundi,2015.0,10.88941
Burundi,2016.0,10.88941
Burundi,2017.0,10.88941
Burundi,2018.0,10.88941
Burundi,2019.0,10.88941
Burundi,2020.0,10.88941
Belarus,2000.0,40.78584
Belarus,2010.0,42.53327
Belarus,2015.0,42.53417
Belarus,2016.0,42.90697
Belarus,2017.0,42.97798
Belarus,2018.0,43.05153
Belarus,2019.0,43.12297
Belarus,2020.0,43.1944
Cambodia,2000.0,61.07523
Cambodia,2010.0,59.98884
Cambodia,2015.0,50.11795
Cambodia,2016.0,49.23595
Cambodia,2017.0,48.35395
Cambodia,2018.0,47.47196
Cambodia,2019.0,46.58996
Cambodia,2020.0,45.70797
Cameroon,2000.0,45.68867
Cameroon,2010.0,44.21417
Cameroon,2015.0,43.62184
Cameroon,2016.0,43.50337
Cameroon,2017.0,43.38491
Cameroon,2018.0,43.26644
Cameroon,2019.0,43.14798
Cameroon,2020.0,43.02951
Canada,2000.0,38.79298
Canada,2010.0,38.73947
Canada,2015.0,38.71644
Canada,2016.0,38.71201
Canada,2017.0,38.70789
Canada,2018.0,38.70376
Canada,2019.0,38.69964
Canada,2020.0,38.69551
Cape Verde,2000.0,9.85608
Cape Verde,2010.0,10.6005
Cape Verde,2015.0,10.9727
Cape Verde,2016.0,11.04715
Cape Verde,2017.0,11.12159
Cape Verde,2018.0,11.19603
Cape Verde,2019.0,11.27047
Cape Verde,2020.0,11.34491
Caucasus and Central Asia,2000.0,3.86524
Caucasus and Central Asia,2010.0,3.97871
Caucasus and Central Asia,2015.0,4.09766
Caucasus and Central Asia,2016.0,4.11706
Caucasus and Central Asia,2017.0,4.13382
Caucasus and Central Asia,2018.0,4.15436
Caucasus and Central Asia,2019.0,4.17514
Caucasus and Central Asia,2020.0,4.19592
Cayman Islands,2000.0,53.875
Cayman Islands,2010.0,53.0
Cayman Islands,2015.0,53.0
Cayman Islands,2016.0,53.0
Cayman Islands,2017.0,53.0
Cayman Islands,2018.0,53.375
Cayman Islands,2019.0,53.0
Cayman Islands,2020.0,53.0
Central African Republic,2000.0,36.76362
Central African Republic,2010.0,36.28206
Central African Republic,2015.0,36.04129
Central African Republic,2016.0,35.99313
Central African Republic,2017.0,35.94497
Central African Republic,2018.0,35.89682
Central African Republic,2019.0,35.84866
Central African Republic,2020.0,35.80051
Asia,2000.0,18.89274
Asia,2010.0,19.64685
Asia,2015.0,19.8084
Asia,2016.0,19.88273
Asia,2017.0,19.89817
Asia,2018.0,19.93889
Asia,2019.0,19.97963
Asia,2020.0,20.02012
Central Asia,2000.0,3.00615
Central Asia,2010.0,3.09819
Central Asia,2015.0,3.21214
Central Asia,2016.0,3.23006
Central Asia,2017.0,3.24516
Central Asia,2018.0,3.26377
Central Asia,2019.0,3.28263
Central Asia,2020.0,3.30149
Sri Lanka,2000.0,34.54664
Sri Lanka,2010.0,33.54521
Sri Lanka,2015.0,34.39517
Sri Lanka,2016.0,34.34411
Sri Lanka,2017.0,34.29305
Sri Lanka,2018.0,34.25805
Sri Lanka,2019.0,34.20697
Sri Lanka,2020.0,34.15589
Western Asia,2000.0,5.81683
Western Asia,2010.0,6.0533
Western Asia,2015.0,6.18632
Western Asia,2016.0,6.18312
Western Asia,2017.0,6.2107
Western Asia,2018.0,6.24571
Western Asia,2019.0,6.28073
Western Asia,2020.0,6.31577
Chad,2000.0,5.04527
Chad,2010.0,4.39168
Chad,2015.0,3.88342
Chad,2016.0,3.78733
Chad,2017.0,3.69361
Chad,2018.0,3.60149
Chad,2019.0,3.51175
Chad,2020.0,3.42519
Europe,2000.0,45.26767
Europe,2010.0,45.80808
Europe,2015.0,45.89375
Europe,2016.0,45.91679
Europe,2017.0,45.93745
Europe,2018.0,45.94628
Europe,2019.0,45.95641
Europe,2020.0,45.96646
Eastern Europe,2000.0,47.21754
Eastern Europe,2010.0,47.63228
Eastern Europe,2015.0,47.65929
Eastern Europe,2016.0,47.67729
Eastern Europe,2017.0,47.69055
Eastern Europe,2018.0,47.69301
Eastern Europe,2019.0,47.69555
Eastern Europe,2020.0,47.69809
Chile,2000.0,21.27287
Chile,2010.0,22.49434
Chile,2015.0,23.66553
Chile,2016.0,23.83086
Chile,2017.0,23.9962
Chile,2018.0,24.16153
Chile,2019.0,24.32686
Chile,2020.0,24.49215
Northern Europe,2000.0,43.75424
Northern Europe,2010.0,43.94661
Northern Europe,2015.0,44.24098
Northern Europe,2016.0,44.25856
Northern Europe,2017.0,44.28813
Northern Europe,2018.0,44.29087
Northern Europe,2019.0,44.3075
Northern Europe,2020.0,44.32297
Western Europe,2000.0,30.22016
Western Europe,2010.0,31.41977
Western Europe,2015.0,31.83206
Western Europe,2016.0,31.90157
Western Europe,2017.0,31.98545
Western Europe,2018.0,32.06932
Western Europe,2019.0,32.15349
Western Europe,2020.0,32.23766
China,2000.0,18.7805
China,2010.0,21.2856
China,2015.0,22.31309
China,2016.0,22.54288
China,2017.0,22.74231
China,2018.0,22.94174
China,2019.0,23.14117
China,2020.0,23.3406
Colombia,2000.0,56.54394
Colombia,2010.0,54.80648
Colombia,2015.0,54.19978
Colombia,2016.0,54.0419
Colombia,2017.0,53.84387
Colombia,2018.0,53.66425
Colombia,2019.0,53.48463
Colombia,2020.0,53.30501
Comoros,2000.0,22.39656
Comoros,2010.0,20.04299
Comoros,2015.0,18.8662
Comoros,2016.0,18.62977
Comoros,2017.0,18.39334
Comoros,2018.0,18.16228
Comoros,2019.0,17.92585
Comoros,2020.0,17.68941
Mayotte,2000.0,41.8984
Mayotte,2010.0,38.52941
Mayotte,2015.0,37.80749
Mayotte,2016.0,37.66417
Mayotte,2017.0,37.54011
Mayotte,2018.0,37.40642
Mayotte,2019.0,37.27273
Mayotte,2020.0,37.13904
Congo,2000.0,64.99268
Congo,2010.0,64.64129
Congo,2015.0,64.46559
Congo,2016.0,64.43045
Congo,2017.0,64.39531
Congo,2018.0,64.35139
Congo,2019.0,64.30747
Congo,2020.0,64.26354
Democratic Republic of Congo,2000.0,63.47412
Democratic Republic of Congo,2010.0,60.5055
Democratic Republic of Congo,2015.0,58.07641
Democratic Republic of Congo,2016.0,57.59059
Democratic Republic of Congo,2017.0,57.10477
Democratic Republic of Congo,2018.0,56.61895
Democratic Republic of Congo,2019.0,56.13313
Democratic Republic of Congo,2020.0,55.64731
Cook Islands,2000.0,64.875
Cook Islands,2010.0,64.95833
Cook Islands,2015.0,64.95833
Cook Islands,2016.0,64.95833
Cook Islands,2017.0,64.95833
Cook Islands,2018.0,64.95833
Cook Islands,2019.0,64.95833
Cook Islands,2020.0,64.95833
Costa Rica,2000.0,55.95809
Costa Rica,2010.0,56.23188
Costa Rica,2015.0,57.83451
Costa Rica,2016.0,58.15511
Costa Rica,2017.0,58.47571
Costa Rica,2018.0,58.79612
Costa Rica,2019.0,59.11673
Costa Rica,2020.0,59.43733
Croatia,2000.0,33.71369
Croatia,2010.0,34.30777
Croatia,2015.0,34.34351
Croatia,2016.0,34.38139
Croatia,2017.0,34.5152
Croatia,2018.0,34.5599
Croatia,2019.0,34.60457
Croatia,2020.0,34.64924
Cuba,2000.0,22.67225
Cuba,2010.0,27.54604
Cuba,2015.0,30.58598
Cuba,2016.0,31.15148
Cuba,2017.0,31.23314
Cuba,2018.0,31.23314
Cuba,2019.0,31.23314
Cuba,2020.0,31.23314
Cyprus,2000.0,18.57251
Cyprus,2010.0,18.70563
Cyprus,2015.0,18.69156
Cyprus,2016.0,18.68074
Cyprus,2017.0,18.67857
Cyprus,2018.0,18.67641
Cyprus,2019.0,18.67424
Cyprus,2020.0,18.67208
Least Developed Countries (LDCs),2000.0,29.71768
Least Developed Countries (LDCs),2010.0,28.19883
Least Developed Countries (LDCs),2015.0,27.23472
Least Developed Countries (LDCs),2016.0,27.04156
Least Developed Countries (LDCs),2017.0,26.85276
Least Developed Countries (LDCs),2018.0,26.66554
Least Developed Countries (LDCs),2019.0,26.47476
Least Developed Countries (LDCs),2020.0,26.28593
Sub-Saharan Africa,2000.0,30.84672
Sub-Saharan Africa,2010.0,29.35604
Sub-Saharan Africa,2015.0,28.50682
Sub-Saharan Africa,2016.0,28.33191
Sub-Saharan Africa,2017.0,28.16126
Sub-Saharan Africa,2018.0,27.99071
Sub-Saharan Africa,2019.0,27.81554
Sub-Saharan Africa,2020.0,27.64217
Czechia,2000.0,34.13084
Czechia,2010.0,34.40419
Czechia,2015.0,34.56016
Czechia,2016.0,34.57459
Czechia,2017.0,34.60251
Czechia,2018.0,34.63044
Czechia,2019.0,34.65389
Czechia,2020.0,34.67733
Benin,2000.0,36.67214
Benin,2010.0,32.23794
Benin,2015.0,30.02084
Benin,2016.0,29.57742
Benin,2017.0,29.134
Benin,2018.0,28.69058
Benin,2019.0,28.24716
Benin,2020.0,27.80374
Denmark,2000.0,14.29
Denmark,2010.0,14.66225
Denmark,2015.0,15.617
Denmark,2016.0,15.6165
Denmark,2017.0,15.64
Denmark,2018.0,15.664
Denmark,2019.0,15.6875
Denmark,2020.0,15.711
Dominica,2000.0,63.82667
Dominica,2010.0,63.82667
Dominica,2015.0,63.82667
Dominica,2016.0,63.82667
Dominica,2017.0,63.82667
Dominica,2018.0,63.82667
Dominica,2019.0,63.82667
Dominica,2020.0,63.82667
Dominican Republic,2000.0,40.82943
Dominican Republic,2010.0,42.91285
Dominican Republic,2015.0,43.54481
Dominican Republic,2016.0,43.71227
Dominican Republic,2017.0,43.87974
Dominican Republic,2018.0,44.0472
Dominican Republic,2019.0,44.21466
Dominican Republic,2020.0,44.38212
Ecuador,2000.0,55.28467
Ecuador,2010.0,52.45688
Ecuador,2015.0,51.61532
Ecuador,2016.0,51.35654
Ecuador,2017.0,51.09776
Ecuador,2018.0,50.83898
Ecuador,2019.0,50.58021
Ecuador,2020.0,50.32143
El Salvador,2000.0,32.52317
El Salvador,2010.0,30.35135
El Salvador,2015.0,29.26544
El Salvador,2016.0,29.04826
El Salvador,2017.0,28.83108
El Salvador,2018.0,28.6139
El Salvador,2019.0,28.39672
El Salvador,2020.0,28.17954
Equatorial Guinea,2000.0,93.24706
Equatorial Guinea,2010.0,90.26774
Equatorial Guinea,2015.0,88.7779
Equatorial Guinea,2016.0,88.47986
Equatorial Guinea,2017.0,88.18182
Equatorial Guinea,2018.0,87.88378
Equatorial Guinea,2019.0,87.58574
Equatorial Guinea,2020.0,87.2877
Ethiopia,2000.0,16.40774
Ethiopia,2010.0,15.7613
Ethiopia,2015.0,15.43781
Ethiopia,2016.0,15.37274
Ethiopia,2017.0,15.30843
Ethiopia,2018.0,15.24351
Ethiopia,2019.0,15.17887
Ethiopia,2020.0,15.11422
Eritrea,2000.0,11.07386
Eritrea,2010.0,10.76099
Eritrea,2015.0,10.60455
Eritrea,2016.0,10.57327
Eritrea,2017.0,10.54198
Eritrea,2018.0,10.51069
Eritrea,2019.0,10.47941
Eritrea,2020.0,10.44812
Estonia,2000.0,52.81647
Estonia,2010.0,55.10781
Estonia,2015.0,55.69381
Estonia,2016.0,55.69933
Estonia,2017.0,56.09386
Estonia,2018.0,56.09386
Estonia,2019.0,56.09386
Estonia,2020.0,56.09386
Faeroe Islands,2000.0,0.0573
Faeroe Islands,2010.0,0.0573
Faeroe Islands,2015.0,0.0573
Faeroe Islands,2016.0,0.0573
Faeroe Islands,2017.0,0.0573
Faeroe Islands,2018.0,0.0573
Faeroe Islands,2019.0,0.0573
Faeroe Islands,2020.0,0.0573
Falkland Islands,2000.0,0.0
Falkland Islands,2010.0,0.0
Falkland Islands,2015.0,0.0
Falkland Islands,2016.0,0.0
Falkland Islands,2017.0,0.0
Falkland Islands,2018.0,0.0
Falkland Islands,2019.0,0.0
Falkland Islands,2020.0,0.0
Fiji,2000.0,55.08867
Fiji,2010.0,58.7433
Fiji,2015.0,60.57033
Fiji,2016.0,60.93596
Fiji,2017.0,61.30159
Fiji,2018.0,61.66721
Fiji,2019.0,62.03284
Fiji,2020.0,62.39847
Finland,2000.0,73.69132
Finland,2010.0,73.18855
Finland,2015.0,73.73565
Finland,2016.0,73.73565
Finland,2017.0,73.73322
Finland,2018.0,73.73322
Finland,2019.0,73.73322
Finland,2020.0,73.73322
France,2000.0,27.91987
France,2010.0,29.98592
France,2015.0,30.74748
France,2016.0,30.8998
France,2017.0,31.05211
France,2018.0,31.20442
France,2019.0,31.35674
France,2020.0,31.50905
French Guiana,2000.0,97.68396
French Guiana,2010.0,97.09436
French Guiana,2015.0,96.84821
French Guiana,2016.0,96.80679
French Guiana,2017.0,96.76537
French Guiana,2018.0,96.72395
French Guiana,2019.0,96.68253
French Guiana,2020.0,96.64111
French Polynesia,2000.0,42.79746
French Polynesia,2010.0,43.05964
French Polynesia,2015.0,43.05964
French Polynesia,2016.0,43.05964
French Polynesia,2017.0,43.05964
French Polynesia,2018.0,43.05964
French Polynesia,2019.0,43.05964
French Polynesia,2020.0,43.05964
Djibouti,2000.0,0.24159
Djibouti,2010.0,0.24159
Djibouti,2015.0,0.24159
Djibouti,2016.0,0.24159
Djibouti,2017.0,0.24202
Djibouti,2018.0,0.24331
Djibouti,2019.0,0.2459
Djibouti,2020.0,0.25022
Gabon,2000.0,91.97811
Gabon,2010.0,91.78178
Gabon,2015.0,91.55121
Gabon,2016.0,91.5051
Gabon,2017.0,91.459
Gabon,2018.0,91.41289
Gabon,2019.0,91.36679
Gabon,2020.0,91.32068
Georgia,2000.0,39.72658
Georgia,2010.0,40.61592
Georgia,2015.0,40.61592
Georgia,2016.0,40.61592
Georgia,2017.0,40.61592
Georgia,2018.0,40.61592
Georgia,2019.0,40.61592
Georgia,2020.0,40.61592
Gambia,2000.0,35.30929
Gambia,2010.0,29.64427
Gambia,2015.0,26.81225
Gambia,2016.0,26.24506
Gambia,2017.0,25.67885
Gambia,2018.0,25.11265
Gambia,2019.0,24.54545
Gambia,2020.0,23.97925
Palestine,2000.0,1.50831
Palestine,2010.0,1.65282
Palestine,2015.0,1.68439
Palestine,2016.0,1.68439
Palestine,2017.0,1.68439
Palestine,2018.0,1.68439
Palestine,2019.0,1.68439
Palestine,2020.0,1.68439
Germany,2000.0,32.53761
Germany,2010.0,32.73087
Germany,2015.0,32.73233
Germany,2016.0,32.68548
Germany,2017.0,32.68455
Germany,2018.0,32.68361
Germany,2019.0,32.68361
Germany,2020.0,32.68361
Ghana,2000.0,38.88815
Ghana,2010.0,34.90784
Ghana,2015.0,34.63321
Ghana,2016.0,34.81691
Ghana,2017.0,35.00062
Ghana,2018.0,35.03235
Ghana,2019.0,35.06408
Ghana,2020.0,35.09585
Gibraltar,2000.0,0.0
Gibraltar,2010.0,0.0
Gibraltar,2015.0,0.0
Gibraltar,2016.0,0.0
Gibraltar,2017.0,0.0
Gibraltar,2018.0,0.0
Gibraltar,2019.0,0.0
Gibraltar,2020.0,0.0
Kiribati,2000.0,1.45679
Kiribati,2010.0,1.45679
Kiribati,2015.0,1.45679
Kiribati,2016.0,1.45679
Kiribati,2017.0,1.45679
Kiribati,2018.0,1.45679
Kiribati,2019.0,1.45679
Kiribati,2020.0,1.45679
Greece,2000.0,27.93041
Greece,2010.0,30.27
Greece,2015.0,30.27
Greece,2016.0,30.26998
Greece,2017.0,30.26998
Greece,2018.0,30.26998
Greece,2019.0,30.26998
Greece,2020.0,30.26998
Greenland,2000.0,0.000536
Greenland,2010.0,0.000536
Greenland,2015.0,0.000536
Greenland,2016.0,0.000536
Greenland,2017.0,0.000536
Greenland,2018.0,0.000536
Greenland,2019.0,0.000536
Greenland,2020.0,0.000536
Grenada,2000.0,52.05882
Grenada,2010.0,52.05882
Grenada,2015.0,52.05882
Grenada,2016.0,52.05882
Grenada,2017.0,52.05882
Grenada,2018.0,52.05882
Grenada,2019.0,52.05882
Grenada,2020.0,52.05882
Guadeloupe,2000.0,42.76331
Guadeloupe,2010.0,42.33728
Guadeloupe,2015.0,44.58025
Guadeloupe,2016.0,44.54321
Guadeloupe,2017.0,44.50591
Guadeloupe,2018.0,44.46914
Guadeloupe,2019.0,44.4321
Guadeloupe,2020.0,44.39506
Guam,2000.0,44.44444
Guam,2010.0,44.44444
Guam,2015.0,46.2963
Guam,2016.0,51.85185
Guam,2017.0,51.85185
Guam,2018.0,51.85185
Guam,2019.0,51.85185
Guam,2020.0,51.85185
Guatemala,2000.0,39.27958
Guatemala,2010.0,34.73871
Guatemala,2015.0,33.46211
Guatemala,2016.0,33.35386
Guatemala,2017.0,33.24561
Guatemala,2018.0,33.13736
Guatemala,2019.0,33.02912
Guatemala,2020.0,32.92087
Guinea,2000.0,28.19876
Guinea,2010.0,26.73368
Guinea,2015.0,26.00114
Guinea,2016.0,25.83835
Guinea,2017.0,25.67557
Guinea,2018.0,25.51278
Guinea,2019.0,25.34999
Guinea,2020.0,25.1872
Guyana,2000.0,94.30643
Guyana,2010.0,94.08082
Guyana,2015.0,93.7839
Guyana,2016.0,93.73716
Guyana,2017.0,93.69037
Guyana,2018.0,93.64364
Guyana,2019.0,93.59685
Guyana,2020.0,93.55011
Haiti,2000.0,13.81168
Haiti,2010.0,13.72932
Haiti,2015.0,13.16582
Haiti,2016.0,13.05298
Haiti,2017.0,12.94013
Haiti,2018.0,12.82729
Haiti,2019.0,12.71444
Haiti,2020.0,12.6016
Vatican,2000.0,0.0
Vatican,2010.0,0.0
Vatican,2015.0,0.0
Vatican,2016.0,0.0
Vatican,2017.0,0.0
Vatican,2018.0,0.0
Vatican,2019.0,0.0
Vatican,2020.0,0.0
Honduras,2000.0,60.57977
Honduras,2010.0,58.76727
Honduras,2015.0,57.76951
Honduras,2016.0,57.58379
Honduras,2017.0,57.39664
Honduras,2018.0,57.2094
Honduras,2019.0,57.02216
Honduras,2020.0,56.83493
Hungary,2000.0,21.43684
Hungary,2010.0,22.60455
Hungary,2015.0,22.58185
Hungary,2016.0,22.55895
Hungary,2017.0,22.54295
Hungary,2018.0,22.52816
Hungary,2019.0,22.51227
Hungary,2020.0,22.49627
Iceland,2000.0,0.29756
Iceland,2010.0,0.44559
Iceland,2015.0,0.4804
Iceland,2016.0,0.48539
Iceland,2017.0,0.49257
Iceland,2018.0,0.49628
Iceland,2019.0,0.50273
Iceland,2020.0,0.50927
India,2000.0,22.7335
India,2010.0,23.37422
India,2015.0,23.82222
India,2016.0,23.91183
India,2017.0,24.00143
India,2018.0,24.09103
India,2019.0,24.18063
India,2020.0,24.27023
Indonesia,2000.0,53.94353
Indonesia,2010.0,53.08026
Indonesia,2015.0,50.61355
Indonesia,2016.0,50.74345
Indonesia,2017.0,50.03933
Indonesia,2018.0,49.71682
Indonesia,2019.0,49.3943
Indonesia,2020.0,49.07178
Iran,2000.0,5.72562
Iran,2010.0,6.56449
Iran,2015.0,6.56449
Iran,2016.0,6.57069
Iran,2017.0,6.57592
Iran,2018.0,6.58601
Iran,2019.0,6.5961
Iran,2020.0,6.60126
Iraq,2000.0,1.87027
Iraq,2010.0,1.89952
Iraq,2015.0,1.90036
Iraq,2016.0,1.90036
Iraq,2017.0,1.90036
Iraq,2018.0,1.90036
Iraq,2019.0,1.90036
Iraq,2020.0,1.90036
Ireland,2000.0,9.15024
Ireland,2010.0,10.45696
Ireland,2015.0,10.95471
Ireland,2016.0,11.06619
Ireland,2017.0,11.17753
Ireland,2018.0,11.23559
Ireland,2019.0,11.29366
Ireland,2020.0,11.35172
Israel,2000.0,7.07024
Israel,2010.0,7.11645
Israel,2015.0,7.62477
Israel,2016.0,6.4695
Israel,2017.0,6.4695
Israel,2018.0,6.4695
Israel,2019.0,6.4695
Israel,2020.0,6.4695
Italy,2000.0,28.30146
Italy,2010.0,30.52922
Italy,2015.0,31.43901
Italy,2016.0,31.62097
Italy,2017.0,31.80293
Italy,2018.0,31.9849
Italy,2019.0,32.16686
Italy,2020.0,32.34883
Cote d'Ivoire,2000.0,16.02028
Cote d'Ivoire,2010.0,12.47038
Cote d'Ivoire,2015.0,10.69544
Cote d'Ivoire,2016.0,10.34044
Cote d'Ivoire,2017.0,9.98544
Cote d'Ivoire,2018.0,9.63044
Cote d'Ivoire,2019.0,9.27547
Cote d'Ivoire,2020.0,8.92047
Jamaica,2000.0,48.10711
Jamaica,2010.0,51.5651
Jamaica,2015.0,53.32041
Jamaica,2016.0,53.67867
Jamaica,2017.0,54.03786
Jamaica,2018.0,54.39705
Jamaica,2019.0,54.75531
Jamaica,2020.0,55.1145
Japan,2000.0,68.24691
Japan,2010.0,68.49383
Japan,2015.0,68.43347
Japan,2016.0,68.4225
Japan,2017.0,68.40878
Japan,2018.0,68.40878
Japan,2019.0,68.40878
Japan,2020.0,68.40878
Kazakhstan,2000.0,1.16936
Kazakhstan,2010.0,1.14167
Kazakhstan,2015.0,1.22549
Kazakhstan,2016.0,1.23633
Kazakhstan,2017.0,1.24716
Kazakhstan,2018.0,1.25799
Kazakhstan,2019.0,1.26882
Kazakhstan,2020.0,1.27965
Jordan,2000.0,1.10494
Jordan,2010.0,1.09822
Jordan,2015.0,1.09822
Jordan,2016.0,1.09822
Jordan,2017.0,1.09822
Jordan,2018.0,1.09822
Jordan,2019.0,1.09822
Jordan,2020.0,1.09822
Kenya,2000.0,6.95996
Kenya,2010.0,6.35404
Kenya,2015.0,6.189
Kenya,2016.0,6.24094
Kenya,2017.0,6.29288
Kenya,2018.0,6.34482
Kenya,2019.0,6.34482
Kenya,2020.0,6.34482
North Korea,2000.0,53.60593
North Korea,2010.0,51.84279
North Korea,2015.0,50.96122
North Korea,2016.0,50.7849
North Korea,2017.0,50.60859
North Korea,2018.0,50.43227
North Korea,2019.0,50.25596
North Korea,2020.0,50.07964
Korea,2000.0,67.13664
Korea,2010.0,65.70988
Korea,2015.0,65.03156
Korea,2016.0,64.87911
Korea,2017.0,64.7831
Korea,2018.0,64.67391
Korea,2019.0,64.57137
Korea,2020.0,64.46883
Kuwait,2000.0,0.27217
Kuwait,2010.0,0.35073
Kuwait,2015.0,0.35073
Kuwait,2016.0,0.35073
Kuwait,2017.0,0.35073
Kuwait,2018.0,0.35073
Kuwait,2019.0,0.35073
Kuwait,2020.0,0.35073
Kyrgyzstan,2000.0,6.15693
Kyrgyzstan,2010.0,6.41126
Kyrgyzstan,2015.0,6.52664
Kyrgyzstan,2016.0,6.54974
Kyrgyzstan,2017.0,6.57281
Kyrgyzstan,2018.0,6.66788
Kyrgyzstan,2019.0,6.76298
Kyrgyzstan,2020.0,6.85808
Laos,2000.0,75.49827
Laos,2010.0,73.39905
Laos,2015.0,72.65165
Laos,2016.0,72.50217
Laos,2017.0,72.35269
Laos,2018.0,72.20321
Laos,2019.0,72.05373
Laos,2020.0,71.90425
Latin America and the Caribbean,2000.0,50.82459
Latin America and the Caribbean,2010.0,48.07842
Latin America and the Caribbean,2015.0,47.36577
Latin America and the Caribbean,2016.0,47.21821
Latin America and the Caribbean,2017.0,47.04674
Latin America and the Caribbean,2018.0,46.9313
Latin America and the Caribbean,2019.0,46.80682
Latin America and the Caribbean,2020.0,46.6883
Lebanon,2000.0,13.50733
Lebanon,2010.0,13.4262
Lebanon,2015.0,13.7175
Lebanon,2016.0,13.77615
Lebanon,2017.0,13.8348
Lebanon,2018.0,13.89345
Lebanon,2019.0,13.9521
Lebanon,2020.0,14.01075
Lesotho,2000.0,1.13702
Lesotho,2010.0,1.13702
Lesotho,2015.0,1.13702
Lesotho,2016.0,1.13702
Lesotho,2017.0,1.13702
Lesotho,2018.0,1.13702
Lesotho,2019.0,1.13702
Lesotho,2020.0,1.13702
Latvia,2000.0,52.10946
Latvia,2010.0,54.17931
Latvia,2015.0,54.58619
Latvia,2016.0,54.65728
Latvia,2017.0,54.72839
Latvia,2018.0,54.80834
Latvia,2019.0,54.87067
Latvia,2020.0,54.933
Liberia,2000.0,85.36794
Liberia,2010.0,82.22633
Liberia,2015.0,80.65552
Liberia,2016.0,80.34136
Liberia,2017.0,80.0272
Liberia,2018.0,79.71304
Liberia,2019.0,79.39888
Liberia,2020.0,79.08472
Landlocked developing countries (LLDCs),2000.0,18.02822
Landlocked developing countries (LLDCs),2010.0,17.3832
Landlocked developing countries (LLDCs),2015.0,16.99867
Landlocked developing countries (LLDCs),2016.0,16.93232
Landlocked developing countries (LLDCs),2017.0,16.85255
Landlocked developing countries (LLDCs),2018.0,16.78179
Landlocked developing countries (LLDCs),2019.0,16.71243
Landlocked developing countries (LLDCs),2020.0,16.64447
Libya,2000.0,0.12333
Libya,2010.0,0.12333
Libya,2015.0,0.12333
Libya,2016.0,0.12333
Libya,2017.0,0.12333
Libya,2018.0,0.12333
Libya,2019.0,0.12333
Libya,2020.0,0.12333
Liechtenstein,2000.0,41.875
Liechtenstein,2010.0,41.87
Liechtenstein,2015.0,41.875
Liechtenstein,2016.0,41.875
Liechtenstein,2017.0,41.875
Liechtenstein,2018.0,41.875
Liechtenstein,2019.0,41.875
Liechtenstein,2020.0,41.875
Lithuania,2000.0,32.22719
Lithuania,2010.0,34.62306
Lithuania,2015.0,34.90822
Lithuania,2016.0,34.96057
Lithuania,2017.0,35.05691
Lithuania,2018.0,35.095
Lithuania,2019.0,35.12694
Lithuania,2020.0,35.1429
Luxembourg,2000.0,35.67901
Luxembourg,2010.0,36.50206
Luxembourg,2015.0,36.50206
Luxembourg,2016.0,36.50206
Luxembourg,2017.0,36.50206
Luxembourg,2018.0,36.50206
Luxembourg,2019.0,36.50206
Luxembourg,2020.0,36.50206
Madagascar,2000.0,22.40718
Madagascar,2010.0,21.60123
Madagascar,2015.0,21.47798
Madagascar,2016.0,21.45528
Madagascar,2017.0,21.43255
Madagascar,2018.0,21.40983
Madagascar,2019.0,21.38713
Madagascar,2020.0,21.3644
Malawi,2000.0,32.68668
Malawi,2010.0,28.23186
Malawi,2015.0,26.00445
Malawi,2016.0,25.55897
Malawi,2017.0,25.11349
Malawi,2018.0,24.66801
Malawi,2019.0,24.22253
Malawi,2020.0,23.77705
Malaysia,2000.0,59.9341
Malaysia,2010.0,57.67052
Malaysia,2015.0,59.24279
Malaysia,2016.0,58.78752
Malaysia,2017.0,58.63488
Malaysia,2018.0,58.48224
Malaysia,2019.0,58.3296
Malaysia,2020.0,58.17696
Maldives,2000.0,2.73333
Maldives,2010.0,2.73333
Maldives,2015.0,2.73333
Maldives,2016.0,2.73333
Maldives,2017.0,2.73333
Maldives,2018.0,2.73333
Maldives,2019.0,2.73333
Maldives,2020.0,2.73333
Mali,2000.0,10.89666
Mali,2010.0,10.89666
Mali,2015.0,10.89666
Mali,2016.0,10.89666
Mali,2017.0,10.89666
Mali,2018.0,10.89666
Mali,2019.0,10.89666
Mali,2020.0,10.89666
Malta,2000.0,1.09375
Malta,2010.0,1.09375
Malta,2015.0,1.09375
Malta,2016.0,1.1875
Malta,2017.0,1.3125
Malta,2018.0,1.4375
Malta,2019.0,1.4375
Malta,2020.0,1.4375
Martinique,2000.0,45.98113
Martinique,2010.0,47.4434
Martinique,2015.0,48.38679
Martinique,2016.0,48.57547
Martinique,2017.0,48.76321
Martinique,2018.0,48.95283
Martinique,2019.0,49.14151
Martinique,2020.0,49.33019
Mauritania,2000.0,0.40908
Mauritania,2010.0,0.3563
Mauritania,2015.0,0.32991
Mauritania,2016.0,0.32463
Mauritania,2017.0,0.31939
Mauritania,2018.0,0.31406
Mauritania,2019.0,0.30882
Mauritania,2020.0,0.30348
Mauritius,2000.0,20.65517
Mauritius,2010.0,18.91133
Mauritius,2015.0,18.867
Mauritius,2016.0,18.86207
Mauritius,2017.0,19.03941
Mauritius,2018.0,19.05911
Mauritius,2019.0,19.07882
Mauritius,2020.0,19.09852
Mexico,2000.0,35.1765
Mexico,2010.0,34.43674
Mexico,2015.0,34.12172
Mexico,2016.0,34.05599
Mexico,2017.0,33.99027
Mexico,2018.0,33.92454
Mexico,2019.0,33.85882
Mexico,2020.0,33.79309
"Western Asia (exc. Armenia, Azerbaijan, Cyprus, Israel and Georgia)",2000.0,5.12411
"Western Asia (exc. Armenia, Azerbaijan, Cyprus, Israel and Georgia)",2010.0,5.34777
"Western Asia (exc. Armenia, Azerbaijan, Cyprus, Israel and Georgia)",2015.0,5.47483
"Western Asia (exc. Armenia, Azerbaijan, Cyprus, Israel and Georgia)",2016.0,5.47493
"Western Asia (exc. Armenia, Azerbaijan, Cyprus, Israel and Georgia)",2017.0,5.50171
"Western Asia (exc. Armenia, Azerbaijan, Cyprus, Israel and Georgia)",2018.0,5.53585
"Western Asia (exc. Armenia, Azerbaijan, Cyprus, Israel and Georgia)",2019.0,5.57002
"Western Asia (exc. Armenia, Azerbaijan, Cyprus, Israel and Georgia)",2020.0,5.60421
Monaco,2000.0,0.0
Monaco,2010.0,0.0
Monaco,2015.0,0.0
Monaco,2016.0,0.0
Monaco,2017.0,0.0
Monaco,2018.0,0.0
Monaco,2019.0,0.0
Monaco,2020.0,0.0
Mongolia,2000.0,9.18143
Mongolia,2010.0,9.12993
Mongolia,2015.0,9.10469
Mongolia,2016.0,9.10398
Mongolia,2017.0,9.10327
Mongolia,2018.0,9.10256
Mongolia,2019.0,9.10184
Mongolia,2020.0,9.10113
Moldova,2000.0,10.47445
Moldova,2010.0,11.4003
Moldova,2015.0,11.75182
Moldova,2016.0,11.75487
Moldova,2017.0,11.75129
Moldova,2018.0,11.75297
Moldova,2019.0,11.75297
Moldova,2020.0,11.75297
Montenegro,2000.0,46.54275
Montenegro,2010.0,61.48699
Montenegro,2015.0,61.48699
Montenegro,2016.0,61.48699
Montenegro,2017.0,61.48699
Montenegro,2018.0,61.48699
Montenegro,2019.0,61.48699
Montenegro,2020.0,61.48699
Montserrat,2000.0,25.0
Montserrat,2010.0,25.0
Montserrat,2015.0,25.0
Montserrat,2016.0,25.0
Montserrat,2017.0,25.0
Montserrat,2018.0,25.0
Montserrat,2019.0,25.0
Montserrat,2020.0,25.0
Morocco,2000.0,12.3382
Morocco,2010.0,12.7147
Morocco,2015.0,12.73737
Morocco,2016.0,12.77121
Morocco,2017.0,12.79765
Morocco,2018.0,12.82005
Morocco,2019.0,12.84358
Morocco,2020.0,12.86688
Mozambique,2000.0,52.37671
Mozambique,2010.0,49.55892
Mozambique,2015.0,48.24639
Mozambique,2016.0,47.85001
Mozambique,2017.0,47.5681
Mozambique,2018.0,47.33611
Mozambique,2019.0,47.00795
Mozambique,2020.0,46.7252
Oman,2000.0,0.00969
Oman,2010.0,0.00969
Oman,2015.0,0.00969
Oman,2016.0,0.00905
Oman,2017.0,0.00872
Oman,2018.0,0.0084
Oman,2019.0,0.00808
Oman,2020.0,0.00808
Europe and North America,2000.0,40.65002
Europe and North America,2010.0,41.07379
Europe and North America,2015.0,41.14899
Europe and North America,2016.0,41.16059
Europe and North America,2017.0,41.16355
Europe and North America,2018.0,41.16752
Europe and North America,2019.0,41.17213
Europe and North America,2020.0,41.17669
"Developed regions (Europe, Cyprus, Israel, Northern America, Japan, Australia & New Zealand)",2000.0,37.13723
"Developed regions (Europe, Cyprus, Israel, Northern America, Japan, Australia & New Zealand)",2010.0,37.44299
"Developed regions (Europe, Cyprus, Israel, Northern America, Japan, Australia & New Zealand)",2015.0,37.57743
"Developed regions (Europe, Cyprus, Israel, Northern America, Japan, Australia & New Zealand)",2016.0,37.59827
"Developed regions (Europe, Cyprus, Israel, Northern America, Japan, Australia & New Zealand)",2017.0,37.6003
"Developed regions (Europe, Cyprus, Israel, Northern America, Japan, Australia & New Zealand)",2018.0,37.60348
"Developed regions (Europe, Cyprus, Israel, Northern America, Japan, Australia & New Zealand)",2019.0,37.60751
"Developed regions (Europe, Cyprus, Israel, Northern America, Japan, Australia & New Zealand)",2020.0,37.61185
Developing regions,2000.0,28.76508
Developing regions,2010.0,27.9527
Developing regions,2015.0,27.5948
Developing regions,2016.0,27.53744
Developing regions,2017.0,27.45217
Developing regions,2018.0,27.39046
Developing regions,2019.0,27.32552
Developing regions,2020.0,27.26246
Namibia,2000.0,9.78888
Namibia,2010.0,8.92637
Namibia,2015.0,8.49512
Namibia,2016.0,8.40887
Namibia,2017.0,8.32262
Namibia,2018.0,8.23637
Namibia,2019.0,8.15012
Namibia,2020.0,8.06387
Eastern Asia (excluding Japan),2000.0,18.23964
Eastern Asia (excluding Japan),2010.0,20.31317
Eastern Asia (excluding Japan),2015.0,21.15623
Eastern Asia (excluding Japan),2016.0,21.34645
Eastern Asia (excluding Japan),2017.0,21.51152
Eastern Asia (excluding Japan),2018.0,21.67643
Eastern Asia (excluding Japan),2019.0,21.84136
Eastern Asia (excluding Japan),2020.0,22.0063
Nauru,2000.0,0.0
Nauru,2010.0,0.0
Nauru,2015.0,0.0
Nauru,2016.0,0.0
Nauru,2017.0,0.0
Nauru,2018.0,0.0
Nauru,2019.0,0.0
Nauru,2020.0,0.0
Nepal,2000.0,41.65162
Nepal,2010.0,41.59072
Nepal,2015.0,41.59072
Nepal,2016.0,41.59072
Nepal,2017.0,41.59072
Nepal,2018.0,41.59072
Nepal,2019.0,41.59072
Nepal,2020.0,41.59072
Netherlands,2000.0,10.6487
Netherlands,2010.0,11.07264
Netherlands,2015.0,10.83546
Netherlands,2016.0,10.86308
Netherlands,2017.0,10.891
Netherlands,2018.0,10.91862
Netherlands,2019.0,10.94654
Netherlands,2020.0,10.97416
Curacao,2000.0,0.15766
Curacao,2010.0,0.15766
Curacao,2015.0,0.15766
Curacao,2016.0,0.15766
Curacao,2017.0,0.15766
Curacao,2018.0,0.15766
Curacao,2019.0,0.15766
Curacao,2020.0,0.15766
Aruba,2000.0,2.33333
Aruba,2010.0,2.33333
Aruba,2015.0,2.33333
Aruba,2016.0,2.33333
Aruba,2017.0,2.33333
Aruba,2018.0,2.33333
Aruba,2019.0,2.33333
Aruba,2020.0,2.33333
Sint Maarten (Dutch part),2000.0,10.88235
Sint Maarten (Dutch part),2010.0,10.88235
Sint Maarten (Dutch part),2015.0,10.88235
Sint Maarten (Dutch part),2016.0,10.88235
Sint Maarten (Dutch part),2017.0,10.88235
Sint Maarten (Dutch part),2018.0,10.88235
Sint Maarten (Dutch part),2019.0,10.88235
Sint Maarten (Dutch part),2020.0,10.88235
Bonaire Sint Eustatius and Saba,2000.0,5.93168
Bonaire Sint Eustatius and Saba,2010.0,5.93168
Bonaire Sint Eustatius and Saba,2015.0,5.93168
Bonaire Sint Eustatius and Saba,2016.0,5.93168
Bonaire Sint Eustatius and Saba,2017.0,5.93168
Bonaire Sint Eustatius and Saba,2018.0,5.93168
Bonaire Sint Eustatius and Saba,2019.0,5.93168
Bonaire Sint Eustatius and Saba,2020.0,5.93168
New Caledonia,2000.0,45.83425
New Caledonia,2010.0,45.89825
New Caledonia,2015.0,45.8709
New Caledonia,2016.0,45.86543
New Caledonia,2017.0,45.85996
New Caledonia,2018.0,45.85449
New Caledonia,2019.0,45.84902
New Caledonia,2020.0,45.84354
Oceania (exc. Australia and New Zealand),2000.0,77.05345
Oceania (exc. Australia and New Zealand),2010.0,76.97376
Oceania (exc. Australia and New Zealand),2015.0,76.73885
Oceania (exc. Australia and New Zealand),2016.0,76.68115
Oceania (exc. Australia and New Zealand),2017.0,76.62923
Oceania (exc. Australia and New Zealand),2018.0,76.57734
Oceania (exc. Australia and New Zealand),2019.0,76.52543
Oceania (exc. Australia and New Zealand),2020.0,76.47351
Vanuatu,2000.0,36.28384
Vanuatu,2010.0,36.28384
Vanuatu,2015.0,36.28384
Vanuatu,2016.0,36.28384
Vanuatu,2017.0,36.28384
Vanuatu,2018.0,36.28384
Vanuatu,2019.0,36.28384
Vanuatu,2020.0,36.28384
New Zealand,2000.0,37.41005
New Zealand,2010.0,37.40124
New Zealand,2015.0,37.3955
New Zealand,2016.0,37.39604
New Zealand,2017.0,37.41161
New Zealand,2018.0,37.42794
New Zealand,2019.0,37.46732
New Zealand,2020.0,37.57013
Nicaragua,2000.0,44.86721
Nicaragua,2010.0,34.80264
Nicaragua,2015.0,32.47075
Nicaragua,2016.0,31.63977
Nicaragua,2017.0,30.80879
Nicaragua,2018.0,29.97781
Nicaragua,2019.0,29.14683
Nicaragua,2020.0,28.31586
Niger,2000.0,1.04847
Niger,2010.0,0.95042
Niger,2015.0,0.9014
Niger,2016.0,0.89159
Niger,2017.0,0.88179
Niger,2018.0,0.87198
Niger,2019.0,0.86218
Niger,2020.0,0.85237
Nigeria,2000.0,27.33186
Nigeria,2010.0,25.53881
Nigeria,2015.0,24.64228
Nigeria,2016.0,24.46298
Nigeria,2017.0,24.28368
Nigeria,2018.0,24.10438
Nigeria,2019.0,23.92509
Nigeria,2020.0,23.74579
Niue,2000.0,72.42308
Niue,2010.0,72.19231
Niue,2015.0,72.38462
Niue,2016.0,72.42308
Niue,2017.0,72.46154
Niue,2018.0,72.5
Niue,2019.0,72.53846
Niue,2020.0,72.57692
Norfolk Island,2000.0,12.25
Norfolk Island,2010.0,12.25
Norfolk Island,2015.0,12.25
Norfolk Island,2016.0,12.25
Norfolk Island,2017.0,12.25
Norfolk Island,2018.0,12.25
Norfolk Island,2019.0,12.25
Norfolk Island,2020.0,12.25
Norway,2000.0,39.81318
Norway,2010.0,39.77702
Norway,2015.0,39.9122
Norway,2016.0,39.94375
Norway,2017.0,39.97239
Norway,2018.0,40.00002
Norway,2019.0,40.02567
Norway,2020.0,40.05132
Northern Mariana Islands,2000.0,69.47826
Northern Mariana Islands,2010.0,65.91304
Northern Mariana Islands,2015.0,64.1087
Northern Mariana Islands,2016.0,52.95652
Northern Mariana Islands,2017.0,52.95652
Northern Mariana Islands,2018.0,52.95652
Northern Mariana Islands,2019.0,52.95652
Northern Mariana Islands,2020.0,52.95652
Micronesia (region),2000.0,91.22857
Micronesia (region),2010.0,91.61429
Micronesia (region),2015.0,91.81429
Micronesia (region),2016.0,91.85714
Micronesia (region),2017.0,91.9
Micronesia (region),2018.0,91.94286
Micronesia (region),2019.0,91.98571
Micronesia (region),2020.0,92.02857
Marshall Islands,2000.0,52.22222
Marshall Islands,2010.0,52.22222
Marshall Islands,2015.0,52.22222
Marshall Islands,2016.0,52.22222
Marshall Islands,2017.0,52.22222
Marshall Islands,2018.0,52.22222
Marshall Islands,2019.0,52.22222
Marshall Islands,2020.0,52.22222
Palau,2000.0,86.04348
Palau,2010.0,88.17391
Palau,2015.0,89.1087
Palau,2016.0,89.30435
Palau,2017.0,89.47826
Palau,2018.0,89.67391
Palau,2019.0,89.84783
Palau,2020.0,90.02174
Pakistan,2000.0,5.85209
Pakistan,2010.0,5.31046
Pakistan,2015.0,5.10144
Pakistan,2016.0,5.01795
Pakistan,2017.0,4.99419
Pakistan,2018.0,4.94056
Pakistan,2019.0,4.88693
Pakistan,2020.0,4.83331
Panama,2000.0,59.75437
Panama,2010.0,58.21886
Panama,2015.0,57.62156
Panama,2016.0,57.46762
Panama,2017.0,57.31355
Panama,2018.0,57.11568
Panama,2019.0,56.96173
Panama,2020.0,56.80791
Papua New Guinea,2000.0,80.10857
Papua New Guinea,2010.0,79.88978
Papua New Guinea,2015.0,79.54869
Papua New Guinea,2016.0,79.47242
Papua New Guinea,2017.0,79.39838
Papua New Guinea,2018.0,79.32434
Papua New Guinea,2019.0,79.2503
Papua New Guinea,2020.0,79.17626
Paraguay,2000.0,57.86975
Paraguay,2010.0,49.25802
Paraguay,2015.0,44.04465
Paraguay,2016.0,43.62731
Paraguay,2017.0,42.63848
Paraguay,2018.0,41.93539
Paraguay,2019.0,41.23232
Paraguay,2020.0,40.52922
Peru,2000.0,58.82643
Peru,2010.0,57.85141
Peru,2015.0,57.18323
Peru,2016.0,57.03928
Peru,2017.0,56.90217
Peru,2018.0,56.77816
Peru,2019.0,56.64313
Peru,2020.0,56.5081
Philippines,2000.0,24.51373
Philippines,2010.0,22.93899
Philippines,2015.0,23.524
Philippines,2016.0,23.64101
Philippines,2017.0,23.75802
Philippines,2018.0,23.875
Philippines,2019.0,23.99202
Philippines,2020.0,24.10903
Pitcairn,2000.0,74.46809
Pitcairn,2010.0,74.46809
Pitcairn,2015.0,74.46809
Pitcairn,2016.0,74.46809
Pitcairn,2017.0,74.46809
Pitcairn,2018.0,74.46809
Pitcairn,2019.0,74.46809
Pitcairn,2020.0,74.46809
Poland,2000.0,29.57655
Poland,2010.0,30.45906
Poland,2015.0,30.76521
Poland,2016.0,30.8142
Poland,2017.0,30.85339
Poland,2018.0,30.8946
Poland,2019.0,30.93379
Poland,2020.0,30.97299
Portugal,2000.0,35.85792
Portugal,2010.0,35.50606
Portugal,2015.0,36.15499
Portugal,2016.0,36.15499
Portugal,2017.0,36.15499
Portugal,2018.0,36.15499
Portugal,2019.0,36.15499
Portugal,2020.0,36.15499
Guinea-Bissau,2000.0,76.41821
Guinea-Bissau,2010.0,73.41501
Guinea-Bissau,2015.0,71.91358
Guinea-Bissau,2016.0,71.61344
Guinea-Bissau,2017.0,71.3133
Guinea-Bissau,2018.0,71.01316
Guinea-Bissau,2019.0,70.71302
Guinea-Bissau,2020.0,70.41287
Timor-Leste,2000.0,63.8265
Timor-Leste,2010.0,62.885
Timor-Leste,2015.0,62.41426
Timor-Leste,2016.0,62.32011
Timor-Leste,2017.0,62.24613
Timor-Leste,2018.0,62.13181
Timor-Leste,2019.0,62.03766
Timor-Leste,2020.0,61.94351
Puerto Rico,2000.0,48.38219
Puerto Rico,2010.0,55.40586
Puerto Rico,2015.0,55.67982
Puerto Rico,2016.0,55.73506
Puerto Rico,2017.0,55.7903
Puerto Rico,2018.0,55.84555
Puerto Rico,2019.0,55.90079
Puerto Rico,2020.0,55.95603
Qatar,2000.0,0.0
Qatar,2010.0,0.0
Qatar,2015.0,0.0
Qatar,2016.0,0.0
Qatar,2017.0,0.0
Qatar,2018.0,0.0
Qatar,2019.0,0.0
Qatar,2020.0,0.0
Reunion,2000.0,36.388
Reunion,2010.0,37.596
Reunion,2015.0,38.26295
Reunion,2016.0,38.45418
Reunion,2017.0,38.64542
Reunion,2018.0,38.83665
Reunion,2019.0,39.02789
Reunion,2020.0,39.21912
Romania,2000.0,27.7132
Romania,2010.0,28.31993
Romania,2015.0,29.99374
Romania,2016.0,30.11583
Romania,2017.0,30.11583
Romania,2018.0,30.11583
Romania,2019.0,30.11583
Romania,2020.0,30.11583
Russia,2000.0,49.40185
Russia,2010.0,49.77359
Russia,2015.0,49.76106
Russia,2016.0,49.7727
Russia,2017.0,49.78434
Russia,2018.0,49.78434
Russia,2019.0,49.78434
Russia,2020.0,49.78434
Rwanda,2000.0,11.63356
Rwanda,2010.0,10.74179
Rwanda,2015.0,10.94447
Rwanda,2016.0,11.02554
Rwanda,2017.0,11.06607
Rwanda,2018.0,11.10661
Rwanda,2019.0,11.14714
Rwanda,2020.0,11.18768
Saint Barthlemy,2000.0,8.5
Saint Barthlemy,2010.0,8.5
Saint Barthlemy,2015.0,8.5
Saint Barthlemy,2016.0,8.5
Saint Barthlemy,2017.0,8.5
Saint Barthlemy,2018.0,8.5
Saint Barthlemy,2019.0,8.5
Saint Barthlemy,2020.0,8.5
Saint Helena,2000.0,5.12821
Saint Helena,2010.0,5.12821
Saint Helena,2015.0,5.12821
Saint Helena,2016.0,5.12821
Saint Helena,2017.0,5.12821
Saint Helena,2018.0,5.12821
Saint Helena,2019.0,5.12821
Saint Helena,2020.0,5.12821
Saint Kitts and Nevis,2000.0,42.30769
Saint Kitts and Nevis,2010.0,42.30769
Saint Kitts and Nevis,2015.0,42.30769
Saint Kitts and Nevis,2016.0,42.30769
Saint Kitts and Nevis,2017.0,42.30769
Saint Kitts and Nevis,2018.0,42.30769
Saint Kitts and Nevis,2019.0,42.30769
Saint Kitts and Nevis,2020.0,42.30769
Anguilla,2000.0,61.11111
Anguilla,2010.0,61.11111
Anguilla,2015.0,61.11111
Anguilla,2016.0,61.11111
Anguilla,2017.0,61.11111
Anguilla,2018.0,61.11111
Anguilla,2019.0,61.11111
Anguilla,2020.0,61.11111
Saint Lucia,2000.0,34.44262
Saint Lucia,2010.0,34.04918
Saint Lucia,2015.0,34.04918
Saint Lucia,2016.0,34.04918
Saint Lucia,2017.0,34.04918
Saint Lucia,2018.0,34.04918
Saint Lucia,2019.0,34.04918
Saint Lucia,2020.0,34.04918
Saint Martin (French part),2000.0,24.8
Saint Martin (French part),2010.0,24.8
Saint Martin (French part),2015.0,24.8
Saint Martin (French part),2016.0,24.8
Saint Martin (French part),2017.0,24.8
Saint Martin (French part),2018.0,24.8
Saint Martin (French part),2019.0,24.8
Saint Martin (French part),2020.0,24.8
Saint Pierre and Miquelon,2000.0,7.26087
Saint Pierre and Miquelon,2010.0,6.26087
Saint Pierre and Miquelon,2015.0,5.78261
Saint Pierre and Miquelon,2016.0,5.69565
Saint Pierre and Miquelon,2017.0,5.6087
Saint Pierre and Miquelon,2018.0,5.47826
Saint Pierre and Miquelon,2019.0,5.3913
Saint Pierre and Miquelon,2020.0,5.30435
Saint Vincent and the Grenadines,2000.0,73.17949
Saint Vincent and the Grenadines,2010.0,73.17949
Saint Vincent and the Grenadines,2015.0,73.17949
Saint Vincent and the Grenadines,2016.0,73.17949
Saint Vincent and the Grenadines,2017.0,73.17949
Saint Vincent and the Grenadines,2018.0,73.17949
Saint Vincent and the Grenadines,2019.0,73.17949
Saint Vincent and the Grenadines,2020.0,73.17949
San Marino,2000.0,16.66667
San Marino,2010.0,16.66667
San Marino,2015.0,16.66667
San Marino,2016.0,16.66667
San Marino,2017.0,16.66667
San Marino,2018.0,16.66667
San Marino,2019.0,16.66667
San Marino,2020.0,16.66667
Sao Tome and Principe,2000.0,60.79167
Sao Tome and Principe,2010.0,60.52083
Sao Tome and Principe,2015.0,57.29167
Sao Tome and Principe,2016.0,56.64583
Sao Tome and Principe,2017.0,56.0
Sao Tome and Principe,2018.0,55.35417
Sao Tome and Principe,2019.0,54.70833
Sao Tome and Principe,2020.0,54.0625
Saudi Arabia,2000.0,0.45448
Saudi Arabia,2010.0,0.45448
Saudi Arabia,2015.0,0.45448
Saudi Arabia,2016.0,0.45448
Saudi Arabia,2017.0,0.45448
Saudi Arabia,2018.0,0.45448
Saudi Arabia,2019.0,0.45448
Saudi Arabia,2020.0,0.45448
Senegal,2000.0,45.98328
Senegal,2010.0,43.98359
Senegal,2015.0,42.94479
Senegal,2016.0,42.73703
Senegal,2017.0,42.52927
Senegal,2018.0,42.32151
Senegal,2019.0,42.11375
Senegal,2020.0,41.90599
Serbia,2000.0,28.12714
Serbia,2010.0,31.01989
Serbia,2015.0,31.09456
Serbia,2016.0,31.10199
Serbia,2017.0,31.1212
Serbia,2018.0,31.1228
Serbia,2019.0,31.12531
Serbia,2020.0,31.13023
Seychelles,2000.0,73.26087
Seychelles,2010.0,73.26087
Seychelles,2015.0,73.26087
Seychelles,2016.0,73.26087
Seychelles,2017.0,73.26087
Seychelles,2018.0,73.26087
Seychelles,2019.0,73.26087
Seychelles,2020.0,73.26087
Sierra Leone,2000.0,40.58507
Sierra Leone,2010.0,37.85204
Sierra Leone,2015.0,36.48559
Sierra Leone,2016.0,36.21225
Sierra Leone,2017.0,35.9389
Sierra Leone,2018.0,35.66556
Sierra Leone,2019.0,35.39221
Sierra Leone,2020.0,35.11887
Singapore,2000.0,25.39322
Singapore,2010.0,25.2712
Singapore,2015.0,23.23188
Singapore,2016.0,22.96968
Singapore,2017.0,22.72214
Singapore,2018.0,22.46827
Singapore,2019.0,22.21439
Singapore,2020.0,21.96051
Slovakia,2000.0,39.53035
Slovakia,2010.0,39.88085
Slovakia,2015.0,39.96818
Slovakia,2016.0,40.00354
Slovakia,2017.0,40.05616
Slovakia,2018.0,40.05616
Slovakia,2019.0,40.05616
Slovakia,2020.0,40.05616
Vietnam,2000.0,37.88369
Vietnam,2010.0,43.17754
Vietnam,2015.0,45.3506
Vietnam,2016.0,46.36914
Vietnam,2017.0,46.49076
Vietnam,2018.0,46.73554
Vietnam,2019.0,46.98033
Vietnam,2020.0,47.22511
Slovenia,2000.0,61.22145
Slovenia,2010.0,61.89753
Slovenia,2015.0,61.95824
Slovenia,2016.0,61.8593
Slovenia,2017.0,61.76998
Slovenia,2018.0,61.67438
Slovenia,2019.0,61.57307
Slovenia,2020.0,61.47226
Somalia,2000.0,11.97915
Somalia,2010.0,10.75573
Somalia,2015.0,10.14402
Somalia,2016.0,10.02168
Somalia,2017.0,9.89934
Somalia,2018.0,9.77699
Somalia,2019.0,9.65465
Somalia,2020.0,9.53231
South Africa,2000.0,14.65521
South Africa,2010.0,14.35515
South Africa,2015.0,14.20512
South Africa,2016.0,14.17511
South Africa,2017.0,14.14511
South Africa,2018.0,14.1151
South Africa,2019.0,14.0851
South Africa,2020.0,14.05509
Zimbabwe,2000.0,47.47571
Zimbabwe,2010.0,46.28481
Zimbabwe,2015.0,45.68936
Zimbabwe,2016.0,45.57027
Zimbabwe,2017.0,45.45118
Zimbabwe,2018.0,45.33209
Zimbabwe,2019.0,45.213
Zimbabwe,2020.0,45.09391
Small island developing States (SIDS),2000.0,72.96713
Small island developing States (SIDS),2010.0,73.35007
Small island developing States (SIDS),2015.0,73.4436
Small island developing States (SIDS),2016.0,73.44085
Small island developing States (SIDS),2017.0,73.40872
Small island developing States (SIDS),2018.0,73.35601
Small island developing States (SIDS),2019.0,73.30351
Small island developing States (SIDS),2020.0,73.25104
Spain,2000.0,34.25637
Spain,2010.0,37.08994
Spain,2015.0,37.12753
Spain,2016.0,37.14287
Spain,2017.0,37.15223
Spain,2018.0,37.15665
Spain,2019.0,37.16523
Spain,2020.0,37.17382
South Sudan,2000.0,11.32513
South Sudan,2010.0,11.32513
South Sudan,2015.0,11.32513
South Sudan,2016.0,11.32535
South Sudan,2017.0,11.32537
South Sudan,2018.0,11.32566
South Sudan,2019.0,11.32566
South Sudan,2020.0,11.32566
Sudan,2000.0,11.80206
Sudan,2010.0,10.85849
Sudan,2015.0,10.38739
Sudan,2016.0,10.30055
Sudan,2017.0,10.20746
Sudan,2018.0,10.11439
Sudan,2019.0,10.02129
Sudan,2020.0,9.92819
Western Sahara,2000.0,2.5162
Western Sahara,2010.0,2.50041
Western Sahara,2015.0,2.49887
Western Sahara,2016.0,2.50041
Western Sahara,2017.0,2.49887
Western Sahara,2018.0,2.50053
Western Sahara,2019.0,2.50019
Western Sahara,2020.0,2.50026
Sub-Saharan Africa (inc. Sudan),2000.0,29.37173
Sub-Saharan Africa (inc. Sudan),2010.0,27.92347
Sub-Saharan Africa (inc. Sudan),2015.0,27.10355
Sub-Saharan Africa (inc. Sudan),2016.0,26.93554
Sub-Saharan Africa (inc. Sudan),2017.0,26.77089
Sub-Saharan Africa (inc. Sudan),2018.0,26.60635
Sub-Saharan Africa (inc. Sudan),2019.0,26.43754
Sub-Saharan Africa (inc. Sudan),2020.0,26.27038
Suriname,2000.0,98.33891
Suriname,2010.0,98.07603
Suriname,2015.0,97.76712
Suriname,2016.0,97.69436
Suriname,2017.0,97.64756
Suriname,2018.0,97.5691
Suriname,2019.0,97.49058
Suriname,2020.0,97.41212
Svalbard and Jan Mayen,2000.0,0.0
Svalbard and Jan Mayen,2010.0,0.0
Svalbard and Jan Mayen,2015.0,0.0
Svalbard and Jan Mayen,2016.0,0.0
Svalbard and Jan Mayen,2017.0,0.0
Svalbard and Jan Mayen,2018.0,0.0
Svalbard and Jan Mayen,2019.0,0.0
Svalbard and Jan Mayen,2020.0,0.0
Northern Africa (exc. Sudan),2000.0,1.44876
Northern Africa (exc. Sudan),2010.0,1.53683
Northern Africa (exc. Sudan),2015.0,1.54319
Northern Africa (exc. Sudan),2016.0,1.54545
Northern Africa (exc. Sudan),2017.0,1.54544
Northern Africa (exc. Sudan),2018.0,1.54527
Northern Africa (exc. Sudan),2019.0,1.54875
Northern Africa (exc. Sudan),2020.0,1.55241
Northern Africa and Western Asia,2000.0,4.61839
Northern Africa and Western Asia,2010.0,4.6116
Northern Africa and Western Asia,2015.0,4.59609
Northern Africa and Western Asia,2016.0,4.5832
Northern Africa and Western Asia,2017.0,4.58004
Northern Africa and Western Asia,2018.0,4.57961
Northern Africa and Western Asia,2019.0,4.58092
Northern Africa and Western Asia,2020.0,4.58232
Eswatini,2000.0,27.51628
Eswatini,2010.0,28.22267
Eswatini,2015.0,28.57558
Eswatini,2016.0,28.64651
Eswatini,2017.0,28.71686
Eswatini,2018.0,28.78721
Eswatini,2019.0,28.85756
Eswatini,2020.0,28.92791
Sweden,2000.0,68.63333
Sweden,2010.0,68.414
Sweden,2015.0,68.69461
Sweden,2016.0,68.69461
Sweden,2017.0,68.69461
Sweden,2018.0,68.69461
Sweden,2019.0,68.69461
Sweden,2020.0,68.69461
Eastern and South-Eastern Asia,2000.0,28.34328
Eastern and South-Eastern Asia,2010.0,29.53599
Eastern and South-Eastern Asia,2015.0,29.70746
Eastern and South-Eastern Asia,2016.0,29.83554
Eastern and South-Eastern Asia,2017.0,29.83777
Eastern and South-Eastern Asia,2018.0,29.88687
Eastern and South-Eastern Asia,2019.0,29.93602
Eastern and South-Eastern Asia,2020.0,29.98516
Switzerland,2000.0,30.26465
Switzerland,2010.0,31.24608
Switzerland,2015.0,31.68107
Switzerland,2016.0,31.76812
Switzerland,2017.0,31.85517
Switzerland,2018.0,31.94223
Switzerland,2019.0,32.02928
Switzerland,2020.0,32.11633
Syria,2000.0,2.35107
Syria,2010.0,2.67974
Syria,2015.0,2.84311
Syria,2016.0,2.84311
Syria,2017.0,2.84311
Syria,2018.0,2.84311
Syria,2019.0,2.84311
Syria,2020.0,2.84311
Tajikistan,2000.0,2.92941
Tajikistan,2010.0,2.92941
Tajikistan,2015.0,3.03912
Tajikistan,2016.0,3.03912
Tajikistan,2017.0,3.03912
Tajikistan,2018.0,3.03912
Tajikistan,2019.0,3.04633
Tajikistan,2020.0,3.05353
Thailand,2000.0,37.18609
Thailand,2010.0,39.29026
Thailand,2015.0,39.26677
Thailand,2016.0,39.18065
Thailand,2017.0,39.11018
Thailand,2018.0,39.03972
Thailand,2019.0,38.96925
Thailand,2020.0,38.89878
Togo,2000.0,23.32164
Togo,2010.0,22.77753
Togo,2015.0,22.50542
Togo,2016.0,22.451
Togo,2017.0,22.39658
Togo,2018.0,22.34216
Togo,2019.0,22.28774
Togo,2020.0,22.23331
Tokelau,2000.0,0.0
Tokelau,2010.0,0.0
Tokelau,2015.0,0.0
Tokelau,2016.0,0.0
Tokelau,2017.0,0.0
Tokelau,2018.0,0.0
Tokelau,2019.0,0.0
Tokelau,2020.0,0.0
Tonga,2000.0,12.43056
Tonga,2010.0,12.43056
Tonga,2015.0,12.43056
Tonga,2016.0,12.43056
Tonga,2017.0,12.43056
Tonga,2018.0,12.43056
Tonga,2019.0,12.43056
Tonga,2020.0,12.43056
Trinidad and Tobago,2000.0,46.1306
Trinidad and Tobago,2010.0,45.30409
Trinidad and Tobago,2015.0,44.89084
Trinidad and Tobago,2016.0,44.80897
Trinidad and Tobago,2017.0,44.7271
Trinidad and Tobago,2018.0,44.64522
Trinidad and Tobago,2019.0,44.56335
Trinidad and Tobago,2020.0,44.48148
United Arab Emirates,2000.0,4.35694
United Arab Emirates,2010.0,4.46776
United Arab Emirates,2015.0,4.46776
United Arab Emirates,2016.0,4.46776
United Arab Emirates,2017.0,4.46776
United Arab Emirates,2018.0,4.46776
United Arab Emirates,2019.0,4.46776
United Arab Emirates,2020.0,4.46776
Tunisia,2000.0,4.29873
Tunisia,2010.0,4.42476
Tunisia,2015.0,4.474
Tunisia,2016.0,4.48384
Tunisia,2017.0,4.49369
Tunisia,2018.0,4.50354
Tunisia,2019.0,4.51339
Tunisia,2020.0,4.52324
Turkey,2000.0,26.17927
Turkey,2010.0,27.39379
Turkey,2015.0,28.1048
Turkey,2016.0,28.1048
Turkey,2017.0,28.26353
Turkey,2018.0,28.46609
Turkey,2019.0,28.66879
Turkey,2020.0,28.87148
Turkmenistan,2000.0,8.78216
Turkmenistan,2010.0,8.78216
Turkmenistan,2015.0,8.78216
Turkmenistan,2016.0,8.78216
Turkmenistan,2017.0,8.78216
Turkmenistan,2018.0,8.78216
Turkmenistan,2019.0,8.78216
Turkmenistan,2020.0,8.78216
Turks and Caicos Islands,2000.0,11.07368
Turks and Caicos Islands,2010.0,11.07368
Turks and Caicos Islands,2015.0,11.07368
Turks and Caicos Islands,2016.0,11.07368
Turks and Caicos Islands,2017.0,11.07368
Turks and Caicos Islands,2018.0,11.07368
Turks and Caicos Islands,2019.0,11.07368
Turks and Caicos Islands,2020.0,11.07368
Tuvalu,2000.0,33.33333
Tuvalu,2010.0,33.33333
Tuvalu,2015.0,33.33333
Tuvalu,2016.0,33.33333
Tuvalu,2017.0,33.33333
Tuvalu,2018.0,33.33333
Tuvalu,2019.0,33.33333
Tuvalu,2020.0,33.33333
Uganda,2000.0,15.82979
Uganda,2010.0,13.71644
Uganda,2015.0,12.68781
Uganda,2016.0,12.4821
Uganda,2017.0,12.27638
Uganda,2018.0,12.07067
Uganda,2019.0,11.8649
Uganda,2020.0,11.65919
Ukraine,2000.0,16.41495
Ukraine,2010.0,16.48139
Ukraine,2015.0,16.67041
Ukraine,2016.0,16.68249
Ukraine,2017.0,16.69429
Ukraine,2018.0,16.70349
Ukraine,2019.0,16.71384
Ukraine,2020.0,16.7242
North Macedonia,2000.0,37.65435
North Macedonia,2010.0,38.08208
North Macedonia,2015.0,39.42902
North Macedonia,2016.0,39.71729
North Macedonia,2017.0,39.71015
North Macedonia,2018.0,39.71015
North Macedonia,2019.0,39.71015
North Macedonia,2020.0,39.71015
Egypt,2000.0,0.0595
Egypt,2010.0,0.0659
Egypt,2015.0,0.0486
Egypt,2016.0,0.0452
Egypt,2017.0,0.0452
Egypt,2018.0,0.0452
Egypt,2019.0,0.0452
Egypt,2020.0,0.0452
United Kingdom,2000.0,12.21014
United Kingdom,2010.0,12.64415
United Kingdom,2015.0,13.04096
United Kingdom,2016.0,13.0575
United Kingdom,2017.0,13.07816
United Kingdom,2018.0,13.11536
United Kingdom,2019.0,13.15256
United Kingdom,2020.0,13.18563
Guernsey,2000.0,2.94872
Guernsey,2010.0,5.38462
Guernsey,2015.0,5.38462
Guernsey,2016.0,5.38462
Guernsey,2017.0,5.38462
Guernsey,2018.0,5.38462
Guernsey,2019.0,5.38462
Guernsey,2020.0,5.38462
Jersey,2000.0,5.0
Jersey,2010.0,5.0
Jersey,2015.0,5.0
Jersey,2016.0,5.0
Jersey,2017.0,5.0
Jersey,2018.0,5.0
Jersey,2019.0,5.0
Jersey,2020.0,5.0
Isle of Man,2000.0,6.07018
Isle of Man,2010.0,6.07018
Isle of Man,2015.0,6.07018
Isle of Man,2016.0,6.07018
Isle of Man,2017.0,6.07018
Isle of Man,2018.0,6.07018
Isle of Man,2019.0,6.07018
Isle of Man,2020.0,6.07018
Tanzania,2000.0,60.58931
Tanzania,2010.0,56.38972
Tanzania,2015.0,54.28991
Tanzania,2016.0,53.76044
Tanzania,2017.0,53.23098
Tanzania,2018.0,52.70151
Tanzania,2019.0,52.17205
Tanzania,2020.0,51.64258
United States,2000.0,33.13017
United States,2010.0,33.74941
United States,2015.0,33.89972
United States,2016.0,33.89972
United States,2017.0,33.86693
United States,2018.0,33.86693
United States,2019.0,33.86693
United States,2020.0,33.86693
United States Virgin Islands,2000.0,58.48571
United States Virgin Islands,2010.0,52.65714
United States Virgin Islands,2015.0,54.74286
United States Virgin Islands,2016.0,55.17143
United States Virgin Islands,2017.0,55.6
United States Virgin Islands,2018.0,56.02857
United States Virgin Islands,2019.0,56.45714
United States Virgin Islands,2020.0,56.88571
Burkina Faso,2000.0,26.3761
Burkina Faso,2010.0,24.54861
Burkina Faso,2015.0,23.6345
Burkina Faso,2016.0,23.45175
Burkina Faso,2017.0,23.26901
Burkina Faso,2018.0,23.08626
Burkina Faso,2019.0,22.90351
Burkina Faso,2020.0,22.72076
Uruguay,2000.0,7.82196
Uruguay,2010.0,9.89201
Uruguay,2015.0,10.97017
Uruguay,2016.0,11.12444
Uruguay,2017.0,11.24443
Uruguay,2018.0,11.36442
Uruguay,2019.0,11.4844
Uruguay,2020.0,11.60439
Uzbekistan,2000.0,6.79289
Uzbekistan,2010.0,7.68447
Uzbekistan,2015.0,8.05583
Uzbekistan,2016.0,8.13975
Uzbekistan,2017.0,8.19844
Uzbekistan,2018.0,8.25712
Uzbekistan,2019.0,8.31577
Uzbekistan,2020.0,8.37442
Venezuela,2000.0,55.7236
Venezuela,2010.0,53.85749
Venezuela,2015.0,52.92557
Venezuela,2016.0,52.76714
Venezuela,2017.0,52.63668
Venezuela,2018.0,52.53416
Venezuela,2019.0,52.45961
Venezuela,2020.0,52.41302
Wallis and Futuna,2000.0,41.5
Wallis and Futuna,2010.0,41.57143
Wallis and Futuna,2015.0,41.64286
Wallis and Futuna,2016.0,41.64286
Wallis and Futuna,2017.0,41.64286
Wallis and Futuna,2018.0,41.64286
Wallis and Futuna,2019.0,41.64286
Wallis and Futuna,2020.0,41.64286
Samoa,2000.0,60.53357
Samoa,2010.0,58.83039
Samoa,2015.0,57.97527
Samoa,2016.0,57.80565
Samoa,2017.0,57.63604
Samoa,2018.0,57.46643
Samoa,2019.0,57.29682
Samoa,2020.0,57.12721
Yemen,2000.0,1.03983
Yemen,2010.0,1.03983
Yemen,2015.0,1.03983
Yemen,2016.0,1.03983
Yemen,2017.0,1.03983
Yemen,2018.0,1.03983
Yemen,2019.0,1.03983
Yemen,2020.0,1.03983
Zambia,2000.0,63.29652
Zambia,2010.0,62.81494
Zambia,2015.0,61.54925
Zambia,2016.0,61.29596
Zambia,2017.0,61.04288
Zambia,2018.0,60.78971
Zambia,2019.0,60.53652
Zambia,2020.0,60.28334
