country,year,value
Australia,2000.0,584
Australia,2001.0,481
Australia,2002.0,495
Australia,2003.0,470
Australia,2004.0,518
Australia,2005.0,535
Australia,2006.0,637
Australia,2007.0,733
Australia,2008.0,776
Australia,2009.0,773
Australia,2010.0,973
Australia,2011.0,1003
Australia,2012.0,1183
Australia,2013.0,1030
Australia,2014.0,1030
Australia,2015.0,950
Australia,2016.0,856
Australia,2017.0,815
Australia,2018.0,833
Australia,2019.0,666.9
Austria,2000.0,193
Austria,2001.0,240
Austria,2002.0,285
Austria,2003.0,226
Austria,2004.0,202
Austria,2005.0,281
Austria,2006.0,279
Austria,2007.0,255
Austria,2008.0,272
Austria,2009.0,330
Austria,2010.0,454
Austria,2011.0,273
Austria,2012.0,239
Austria,2013.0,319
Austria,2014.0,332
Austria,2015.0,238
Austria,2016.0,264
Austria,2017.0,301
Austria,2018.0,308
Austria,2019.0,314.8
Belgium,2000.0,423
Belgium,2001.0,539
Belgium,2002.0,596
Belgium,2003.0,1417
Belgium,2004.0,765
Belgium,2005.0,688
Belgium,2006.0,794
Belgium,2007.0,763
Belgium,2008.0,873
Belgium,2009.0,904
Belgium,2010.0,1409
Belgium,2011.0,969
Belgium,2012.0,680
Belgium,2013.0,751
Belgium,2014.0,760
Belgium,2015.0,659
Belgium,2016.0,679
Belgium,2017.0,666
Belgium,2018.0,717
Belgium,2019.0,724.9
Canada,2000.0,572
Canada,2001.0,513
Canada,2002.0,674
Canada,2003.0,1029
Canada,2004.0,1015
Canada,2005.0,1243
Canada,2006.0,1337
Canada,2007.0,1523
Canada,2008.0,1742
Canada,2009.0,1507
Canada,2010.0,2049
Canada,2011.0,1611
Canada,2012.0,1611
Canada,2013.0,1552
Canada,2014.0,1235
Canada,2015.0,1610
Canada,2016.0,1426
Canada,2017.0,1508
Canada,2018.0,1637
Canada,2019.0,1489.5
Czechia,2000.0,9
Czechia,2001.0,12
Czechia,2002.0,13
Czechia,2003.0,19
Czechia,2004.0,32
Czechia,2005.0,37
Czechia,2006.0,44
Czechia,2007.0,53
Czechia,2008.0,86
Czechia,2009.0,68
Czechia,2010.0,68
Czechia,2011.0,56
Czechia,2012.0,57
Czechia,2013.0,50
Czechia,2014.0,51
Czechia,2015.0,48
Czechia,2016.0,63
Czechia,2017.0,70
Czechia,2018.0,64
Czechia,2019.0,64.8
Denmark,2000.0,930
Denmark,2001.0,957
Denmark,2002.0,875
Denmark,2003.0,892
Denmark,2004.0,898
Denmark,2005.0,917
Denmark,2006.0,943
Denmark,2007.0,1029
Denmark,2008.0,965
Denmark,2009.0,989
Denmark,2010.0,1019
Denmark,2011.0,943
Denmark,2012.0,916
Denmark,2013.0,812
Denmark,2014.0,782
Denmark,2015.0,632
Denmark,2016.0,675
Denmark,2017.0,731
Denmark,2018.0,693
Denmark,2019.0,787.2
Finland,2000.0,192
Finland,2001.0,205
Finland,2002.0,248
Finland,2003.0,244
Finland,2004.0,257
Finland,2005.0,286
Finland,2006.0,337
Finland,2007.0,366
Finland,2008.0,379
Finland,2009.0,425
Finland,2010.0,474
Finland,2011.0,421
Finland,2012.0,428
Finland,2013.0,462
Finland,2014.0,508
Finland,2015.0,452
Finland,2016.0,341
Finland,2017.0,335
Finland,2018.0,303
Finland,2019.0,368.5
France,2000.0,1965
France,2001.0,1976
France,2002.0,2718
France,2003.0,3685
France,2004.0,3722
France,2005.0,2342
France,2006.0,2688
France,2007.0,2710
France,2008.0,2676
France,2009.0,2869
France,2010.0,3349
France,2011.0,3110
France,2012.0,2330
France,2013.0,2873
France,2014.0,2247
France,2015.0,2475
France,2016.0,2185
France,2017.0,2794
France,2018.0,3255
France,2019.0,2919.2
Germany,2000.0,2115
Germany,2001.0,1991
Germany,2002.0,2201
Germany,2003.0,3166
Germany,2004.0,2644
Germany,2005.0,2093
Germany,2006.0,2873
Germany,2007.0,2973
Germany,2008.0,3447
Germany,2009.0,3176
Germany,2010.0,3566
Germany,2011.0,3383
Germany,2012.0,3612
Germany,2013.0,3139
Germany,2014.0,3515
Germany,2015.0,2795
Germany,2016.0,3818
Germany,2017.0,4219
Germany,2018.0,4804
Germany,2019.0,4453.8
Greece,2000.0,44
Greece,2001.0,48
Greece,2002.0,83
Greece,2003.0,64
Greece,2004.0,67
Greece,2005.0,79
Greece,2006.0,96
Greece,2007.0,93
Greece,2008.0,118
Greece,2009.0,90
Greece,2010.0,86
Greece,2011.0,51
Greece,2012.0,42
Greece,2013.0,37
Greece,2014.0,42
Greece,2015.0,38
Greece,2016.0,48
Greece,2017.0,56
Greece,2018.0,57
Greece,2019.0,49.8
Hungary,2000.0,0
Hungary,2001.0,0
Hungary,2002.0,0
Hungary,2003.0,4
Hungary,2004.0,16
Hungary,2005.0,38
Hungary,2006.0,24
Hungary,2007.0,48
Hungary,2008.0,30
Hungary,2009.0,35
Hungary,2010.0,38
Hungary,2011.0,29
Hungary,2012.0,25
Hungary,2013.0,26
Hungary,2014.0,27
Hungary,2015.0,29
Hungary,2016.0,44
Hungary,2017.0,30
Hungary,2018.0,66
Hungary,2019.0,65.2
Iceland,2000.0,6
Iceland,2001.0,9
Iceland,2002.0,6
Iceland,2003.0,7
Iceland,2004.0,7
Iceland,2005.0,11
Iceland,2006.0,20
Iceland,2007.0,18
Iceland,2008.0,22
Iceland,2009.0,19
Iceland,2010.0,18
Iceland,2011.0,14
Iceland,2012.0,15
Iceland,2013.0,19
Iceland,2014.0,17
Iceland,2015.0,19
Iceland,2016.0,19
Iceland,2017.0,18
Iceland,2018.0,30
Iceland,2019.0,24.4
Ireland,2000.0,202
Ireland,2001.0,248
Ireland,2002.0,330
Ireland,2003.0,332
Ireland,2004.0,363
Ireland,2005.0,380
Ireland,2006.0,523
Ireland,2007.0,546
Ireland,2008.0,581
Ireland,2009.0,477
Ireland,2010.0,499
Ireland,2011.0,451
Ireland,2012.0,416
Ireland,2013.0,407
Ireland,2014.0,379
Ireland,2015.0,366
Ireland,2016.0,378
Ireland,2017.0,367
Ireland,2018.0,376
Ireland,2019.0,372.7
Italy,2000.0,862
Italy,2001.0,971
Italy,2002.0,1839
Italy,2003.0,1432
Italy,2004.0,915
Italy,2005.0,1559
Italy,2006.0,826
Italy,2007.0,1219
Italy,2008.0,1448
Italy,2009.0,1013
Italy,2010.0,1046
Italy,2011.0,1325
Italy,2012.0,651
Italy,2013.0,851
Italy,2014.0,848
Italy,2015.0,910
Italy,2016.0,1017
Italy,2017.0,1173
Italy,2018.0,1259
Italy,2019.0,1145.9
Japan,2000.0,2394
Japan,2001.0,2109
Japan,2002.0,2150
Japan,2003.0,2153
Japan,2004.0,1976
Japan,2005.0,2333
Japan,2006.0,3486
Japan,2007.0,2647
Japan,2008.0,2436
Japan,2009.0,2647
Japan,2010.0,3599
Japan,2011.0,3112
Japan,2012.0,3515
Japan,2013.0,6430
Japan,2014.0,3637
Japan,2015.0,4083
Japan,2016.0,3979
Japan,2017.0,5170
Japan,2018.0,5470
Japan,2019.0,5327.6
Korea,2000.0,84
Korea,2001.0,78
Korea,2002.0,109
Korea,2003.0,147
Korea,2004.0,159
Korea,2005.0,240
Korea,2006.0,135
Korea,2007.0,207
Korea,2008.0,267
Korea,2009.0,316
Korea,2010.0,495
Korea,2011.0,496
Korea,2012.0,609
Korea,2013.0,722
Korea,2014.0,691
Korea,2015.0,734
Korea,2016.0,768
Korea,2017.0,753
Korea,2018.0,906
Korea,2019.0,965.7
Luxembourg,2000.0,77
Luxembourg,2001.0,87
Luxembourg,2002.0,100
Luxembourg,2003.0,95
Luxembourg,2004.0,107
Luxembourg,2005.0,117
Luxembourg,2006.0,135
Luxembourg,2007.0,159
Luxembourg,2008.0,163
Luxembourg,2009.0,156
Luxembourg,2010.0,158
Luxembourg,2011.0,142
Luxembourg,2012.0,144
Luxembourg,2013.0,153
Luxembourg,2014.0,158
Luxembourg,2015.0,169
Luxembourg,2016.0,179
Luxembourg,2017.0,191
Luxembourg,2018.0,219
Luxembourg,2019.0,213.2
Netherlands,2000.0,1381
Netherlands,2001.0,1687
Netherlands,2002.0,1841
Netherlands,2003.0,1765
Netherlands,2004.0,1880
Netherlands,2005.0,1807
Netherlands,2006.0,1450
Netherlands,2007.0,1710
Netherlands,2008.0,1792
Netherlands,2009.0,1475
Netherlands,2010.0,1748
Netherlands,2011.0,1304
Netherlands,2012.0,1114
Netherlands,2013.0,1248
Netherlands,2014.0,1022
Netherlands,2015.0,1122
Netherlands,2016.0,1280
Netherlands,2017.0,1094
Netherlands,2018.0,1320
Netherlands,2019.0,1273.9
New Zealand,2000.0,63
New Zealand,2001.0,65
New Zealand,2002.0,60
New Zealand,2003.0,71
New Zealand,2004.0,87
New Zealand,2005.0,82
New Zealand,2006.0,90
New Zealand,2007.0,87
New Zealand,2008.0,109
New Zealand,2009.0,119
New Zealand,2010.0,89
New Zealand,2011.0,106
New Zealand,2012.0,118
New Zealand,2013.0,113
New Zealand,2014.0,121
New Zealand,2015.0,142
New Zealand,2016.0,116
New Zealand,2017.0,122
New Zealand,2018.0,128
New Zealand,2019.0,140.0
Norway,2000.0,778
Norway,2001.0,837
Norway,2002.0,1082
Norway,2003.0,1158
Norway,2004.0,1141
Norway,2005.0,1138
Norway,2006.0,1169
Norway,2007.0,1190
Norway,2008.0,1153
Norway,2009.0,1141
Norway,2010.0,1153
Norway,2011.0,1090
Norway,2012.0,991
Norway,2013.0,1089
Norway,2014.0,1075
Norway,2015.0,1093
Norway,2016.0,1091
Norway,2017.0,1163
Norway,2018.0,1143
Norway,2019.0,1167.0
Poland,2000.0,15
Poland,2001.0,40
Poland,2002.0,5
Poland,2003.0,6
Poland,2004.0,51
Poland,2005.0,59
Poland,2006.0,159
Poland,2007.0,68
Poland,2008.0,87
Poland,2009.0,95
Poland,2010.0,97
Poland,2011.0,75
Poland,2012.0,71
Poland,2013.0,111
Poland,2014.0,115
Poland,2015.0,131
Poland,2016.0,201
Poland,2017.0,116
Poland,2018.0,214
Poland,2019.0,132.8
Portugal,2000.0,270
Portugal,2001.0,274
Portugal,2002.0,306
Portugal,2003.0,213
Portugal,2004.0,970
Portugal,2005.0,182
Portugal,2006.0,204
Portugal,2007.0,194
Portugal,2008.0,204
Portugal,2009.0,190
Portugal,2010.0,269
Portugal,2011.0,310
Portugal,2012.0,173
Portugal,2013.0,133
Portugal,2014.0,109
Portugal,2015.0,97
Portugal,2016.0,106
Portugal,2017.0,127
Portugal,2018.0,124
Portugal,2019.0,125.3
Slovakia,2000.0,0
Slovakia,2001.0,0
Slovakia,2002.0,3
Slovakia,2003.0,7
Slovakia,2004.0,10
Slovakia,2005.0,41
Slovakia,2006.0,33
Slovakia,2007.0,33
Slovakia,2008.0,38
Slovakia,2009.0,15
Slovakia,2010.0,18
Slovakia,2011.0,15
Slovakia,2012.0,14
Slovakia,2013.0,19
Slovakia,2014.0,16
Slovakia,2015.0,20
Slovakia,2016.0,20
Slovakia,2017.0,23
Slovakia,2018.0,25
Slovakia,2019.0,20.8
Slovenia,2000.0,0
Slovenia,2001.0,0
Slovenia,2002.0,0
Slovenia,2003.0,0
Slovenia,2004.0,0
Slovenia,2005.0,0
Slovenia,2006.0,0
Slovenia,2007.0,0
Slovenia,2008.0,12
Slovenia,2009.0,13
Slovenia,2010.0,13
Slovenia,2011.0,11
Slovenia,2012.0,10
Slovenia,2013.0,10
Slovenia,2014.0,10
Slovenia,2015.0,10
Slovenia,2016.0,14
Slovenia,2017.0,13
Slovenia,2018.0,13
Slovenia,2019.0,12.6
Spain,2000.0,297
Spain,2001.0,427
Spain,2002.0,508
Spain,2003.0,526
Spain,2004.0,545
Spain,2005.0,825
Spain,2006.0,749
Spain,2007.0,972
Spain,2008.0,1249
Spain,2009.0,1421
Spain,2010.0,1411
Spain,2011.0,893
Spain,2012.0,433
Spain,2013.0,394
Spain,2014.0,429
Spain,2015.0,324
Spain,2016.0,580
Spain,2017.0,595
Spain,2018.0,660
Spain,2019.0,582.9
Sweden,2000.0,728
Sweden,2001.0,729
Sweden,2002.0,890
Sweden,2003.0,956
Sweden,2004.0,856
Sweden,2005.0,1144
Sweden,2006.0,1133
Sweden,2007.0,1219
Sweden,2008.0,1323
Sweden,2009.0,1333
Sweden,2010.0,1252
Sweden,2011.0,1534
Sweden,2012.0,1262
Sweden,2013.0,1407
Sweden,2014.0,1315
Sweden,2015.0,1431
Sweden,2016.0,1365
Sweden,2017.0,1623
Sweden,2018.0,1808
Sweden,2019.0,1766.3
Switzerland,2000.0,510
Switzerland,2001.0,496
Switzerland,2002.0,436
Switzerland,2003.0,600
Switzerland,2004.0,544
Switzerland,2005.0,536
Switzerland,2006.0,586
Switzerland,2007.0,593
Switzerland,2008.0,543
Switzerland,2009.0,748
Switzerland,2010.0,635
Switzerland,2011.0,700
Switzerland,2012.0,654
Switzerland,2013.0,755
Switzerland,2014.0,790
Switzerland,2015.0,896
Switzerland,2016.0,890
Switzerland,2017.0,919
Switzerland,2018.0,935
Switzerland,2019.0,930.3
United Kingdom,2000.0,1901
United Kingdom,2001.0,2200
United Kingdom,2002.0,1641
United Kingdom,2003.0,2556
United Kingdom,2004.0,2938
United Kingdom,2005.0,2547
United Kingdom,2006.0,3418
United Kingdom,2007.0,3238
United Kingdom,2008.0,3673
United Kingdom,2009.0,3830
United Kingdom,2010.0,4532
United Kingdom,2011.0,4758
United Kingdom,2012.0,4208
United Kingdom,2013.0,5624
United Kingdom,2014.0,5608
United Kingdom,2015.0,5554
United Kingdom,2016.0,5661
United Kingdom,2017.0,6292
United Kingdom,2018.0,6259
United Kingdom,2019.0,5769.5
United States,2000.0,2880
United States,2001.0,3118
United States,2002.0,4227
United States,2003.0,6386
United States,2004.0,6569
United States,2005.0,7243
United States,2006.0,8053
United States,2007.0,7446
United States,2008.0,9844
United States,2009.0,11124
United States,2010.0,12365
United States,2011.0,13202
United States,2012.0,12523
United States,2013.0,11949
United States,2014.0,11748
United States,2015.0,11521
United States,2016.0,12584
United States,2017.0,12602
United States,2018.0,11563
United States,2019.0,11425.0
