country,year,value
Afghanistan,2015.0,0.37943
Albania,2017.0,0.72394
Algeria,2013.0,0.58126
Argentina,2000.0,0.62992
Argentina,2001.0,0.68677
Argentina,2002.0,0.77082
Argentina,2003.0,0.70988
Argentina,2004.0,0.723
Argentina,2005.0,0.6087
Argentina,2006.0,0.71077
Argentina,2007.0,0.68669
Argentina,2008.0,0.81648
Argentina,2009.0,0.6469
Argentina,2011.0,0.73818
Argentina,2012.0,0.70751
Argentina,2013.0,0.73537
Argentina,2014.0,0.72964
Argentina,2016.0,0.76014
Argentina,2017.0,0.78041
Argentina,2018.0,0.82549
Bangladesh,2006.0,0.17791
Bangladesh,2011.0,0.39434
Bangladesh,2014.0,0.50726
Armenia,2006.0,0.60692
Bolivia,2000.0,1.09628
Bolivia,2001.0,0.82335
Bolivia,2002.0,0.99085
Bolivia,2004.0,0.85361
Bolivia,2005.0,1.02716
Bolivia,2006.0,0.93581
Bolivia,2007.0,1.022
Bolivia,2009.0,1.02214
Bolivia,2011.0,0.93798
Bolivia,2012.0,0.91838
Bolivia,2013.0,0.91211
Bolivia,2014.0,0.97177
Bolivia,2015.0,0.98229
Bolivia,2016.0,0.87299
Bolivia,2017.0,0.96328
Bolivia,2018.0,0.96897
Brazil,2001.0,0.49636
Brazil,2002.0,0.55484
Brazil,2003.0,0.64247
Brazil,2004.0,0.65943
Brazil,2005.0,0.68703
Brazil,2006.0,0.73001
Brazil,2007.0,0.73644
Brazil,2008.0,0.76612
Brazil,2009.0,0.75344
Brazil,2011.0,0.79676
Brazil,2012.0,0.83092
Brazil,2013.0,0.8229
Brazil,2014.0,0.84125
Brazil,2015.0,0.86944
Brazil,2016.0,0.80596
Brazil,2017.0,0.79216
Brazil,2018.0,0.82806
Cambodia,2005.0,0.03265
Central African Republic,2006.0,0.06053
Chad,2014.0,0.00444
Chile,2000.0,0.91359
Chile,2003.0,0.91714
Chile,2006.0,0.9268
Chile,2009.0,0.94104
Chile,2011.0,0.97696
Chile,2013.0,0.92657
Chile,2015.0,0.92508
Chile,2017.0,0.95918
Colombia,2002.0,0.63751
Colombia,2003.0,0.73505
Colombia,2004.0,0.68007
Colombia,2005.0,0.4487
Colombia,2008.0,0.6855
Colombia,2009.0,0.71653
Colombia,2010.0,0.56524
Colombia,2011.0,0.73023
Colombia,2012.0,0.73496
Colombia,2013.0,0.73517
Colombia,2014.0,0.73019
Colombia,2015.0,0.60914
Colombia,2016.0,0.76977
Colombia,2017.0,0.76736
Colombia,2018.0,0.76358
Comoros,2012.0,0.61712
Democratic Republic of Congo,2013.0,0.52971
Costa Rica,2000.0,0.45648
Costa Rica,2001.0,0.57619
Costa Rica,2002.0,0.62608
Costa Rica,2003.0,0.44935
Costa Rica,2004.0,0.51091
Costa Rica,2005.0,0.48188
Costa Rica,2006.0,0.53925
Costa Rica,2007.0,0.53299
Costa Rica,2008.0,0.4897
Costa Rica,2009.0,0.49399
Costa Rica,2010.0,0.61919
Costa Rica,2011.0,0.69797
Costa Rica,2012.0,0.588
Costa Rica,2013.0,0.62992
Costa Rica,2014.0,0.63418
Costa Rica,2015.0,0.60976
Costa Rica,2016.0,0.56728
Costa Rica,2017.0,0.51317
Costa Rica,2018.0,0.6035
Benin,2011.0,0.09911
Benin,2014.0,0.02455
Benin,2018.0,0.10985
Dominican Republic,2000.0,0.69699
Dominican Republic,2001.0,0.56448
Dominican Republic,2002.0,0.78799
Dominican Republic,2003.0,0.73481
Dominican Republic,2004.0,0.78976
Dominican Republic,2005.0,0.79687
Dominican Republic,2006.0,0.80337
Dominican Republic,2007.0,0.53102
Dominican Republic,2008.0,0.83477
Dominican Republic,2009.0,0.77651
Dominican Republic,2010.0,0.77303
Dominican Republic,2011.0,0.83415
Dominican Republic,2012.0,0.8732
Dominican Republic,2013.0,0.70726
Dominican Republic,2014.0,0.68422
Dominican Republic,2015.0,1.13705
Dominican Republic,2016.0,0.8774
Dominican Republic,2017.0,0.8711
Dominican Republic,2018.0,0.8712
Ecuador,2001.0,0.72001
Ecuador,2003.0,0.6441
Ecuador,2005.0,0.76307
Ecuador,2006.0,0.72253
Ecuador,2007.0,0.77275
Ecuador,2008.0,0.81537
Ecuador,2009.0,0.85422
Ecuador,2010.0,0.8115
Ecuador,2011.0,0.80789
Ecuador,2012.0,0.93919
Ecuador,2013.0,0.91293
Ecuador,2014.0,0.82759
Ecuador,2015.0,0.91854
Ecuador,2016.0,0.89812
Ecuador,2017.0,0.90695
Ecuador,2018.0,0.9149
El Salvador,2000.0,0.5683
El Salvador,2001.0,0.57582
El Salvador,2002.0,0.59225
El Salvador,2003.0,0.58318
El Salvador,2004.0,0.51604
El Salvador,2005.0,0.57219
El Salvador,2006.0,0.56128
El Salvador,2009.0,0.57676
El Salvador,2010.0,0.61818
El Salvador,2012.0,0.59855
El Salvador,2013.0,0.68234
El Salvador,2014.0,0.6647
El Salvador,2015.0,0.6935
El Salvador,2016.0,0.75583
El Salvador,2017.0,0.65731
El Salvador,2018.0,0.72799
Gabon,2012.0,0.18996
Gambia,2013.0,0.42757
Palestine,2014.0,0.8736
Ghana,2015.0,0.44247
Guatemala,2000.0,0.17037
Guatemala,2006.0,0.27077
Guatemala,2014.0,0.49859
Guatemala,2015.0,0.32844
Honduras,2001.0,0.56537
Honduras,2004.0,0.41176
Honduras,2005.0,0.52991
Honduras,2009.0,0.6364
Honduras,2010.0,0.59847
Honduras,2011.0,0.27221
Honduras,2012.0,0.66823
Honduras,2013.0,0.71057
Honduras,2014.0,0.72783
Honduras,2015.0,0.68411
Honduras,2016.0,0.58503
Honduras,2018.0,0.60362
India,2006.0,0.1742
India,2016.0,0.49293
Indonesia,2003.0,0.49787
Indonesia,2008.0,0.54511
Indonesia,2017.0,0.78369
Iraq,2011.0,0.1917
Jamaica,2011.0,0.92207
Kazakhstan,2006.0,0.97571
Kazakhstan,2011.0,0.96611
Kazakhstan,2015.0,1.0
Jordan,2007.0,0.80284
Kenya,2014.0,0.55667
Kyrgyzstan,2006.0,1.00266
Liberia,2013.0,0.08566
Mali,2015.0,0.00798
Mexico,2000.0,0.84901
Mexico,2002.0,0.84303
Mexico,2004.0,0.7077
Mexico,2006.0,0.70124
Mexico,2008.0,0.79304
Mexico,2010.0,0.78821
Mexico,2012.0,0.82364
Mexico,2014.0,0.85088
Mexico,2016.0,0.7052
Mexico,2018.0,0.8518
Nepal,2007.0,0.09511
Nepal,2016.0,0.61178
Nicaragua,2001.0,0.5034
Nicaragua,2005.0,0.56641
Nicaragua,2009.0,0.51471
Nicaragua,2014.0,0.59384
Nigeria,2008.0,0.18694
Nigeria,2011.0,0.41835
Nigeria,2013.0,0.20401
Pakistan,2007.0,0.0562
Pakistan,2012.0,0.22903
Pakistan,2018.0,0.16772
Panama,2000.0,0.80976
Panama,2001.0,0.83035
Panama,2002.0,1.01334
Panama,2003.0,0.85286
Panama,2004.0,0.84136
Panama,2005.0,0.92076
Panama,2006.0,0.91794
Panama,2007.0,0.83323
Panama,2008.0,0.91327
Panama,2009.0,0.80099
Panama,2011.0,0.7868
Panama,2013.0,0.79046
Panama,2014.0,0.79563
Panama,2015.0,0.90862
Panama,2016.0,0.83048
Panama,2017.0,0.8664
Panama,2018.0,0.89694
Paraguay,2001.0,0.75666
Paraguay,2003.0,0.61234
Paraguay,2004.0,0.79248
Paraguay,2005.0,0.64581
Paraguay,2006.0,0.62324
Paraguay,2007.0,0.72513
Paraguay,2008.0,0.85965
Paraguay,2009.0,0.86045
Paraguay,2010.0,0.59157
Paraguay,2011.0,0.73433
Paraguay,2012.0,0.85709
Paraguay,2013.0,0.83459
Paraguay,2014.0,0.75197
Paraguay,2015.0,0.8067
Paraguay,2016.0,0.59817
Paraguay,2017.0,0.75121
Paraguay,2018.0,0.85262
Peru,2000.0,0.6869
Peru,2001.0,0.77692
Peru,2002.0,0.96429
Peru,2003.0,0.75045
Peru,2004.0,0.83866
Peru,2005.0,0.88798
Peru,2006.0,0.86396
Peru,2007.0,0.83786
Peru,2008.0,0.97873
Peru,2009.0,0.87641
Peru,2010.0,0.87077
Peru,2011.0,0.8866
Peru,2012.0,0.96511
Peru,2013.0,0.83748
Peru,2014.0,0.9137
Peru,2015.0,0.88601
Peru,2016.0,0.89302
Peru,2017.0,0.89453
Peru,2018.0,0.8709
Philippines,2004.0,0.44561
Philippines,2018.0,0.61936
Timor-Leste,2009.0,0.45078
Rwanda,2010.0,0.27516
Rwanda,2015.0,0.47073
Sao Tome and Principe,2014.0,0.03135
Senegal,2011.0,0.77152
Senegal,2017.0,0.20416
Sierra Leone,2013.0,0.19623
Vietnam,2011.0,0.58693
Vietnam,2014.0,0.6909
South Africa,2016.0,0.60996
South Sudan,2010.0,0.10134
Suriname,2010.0,0.17742
Syria,2006.0,0.29324
Thailand,2013.0,0.83098
Thailand,2016.0,0.77106
Tunisia,2012.0,0.47584
Turkey,2004.0,0.30991
Turkey,2014.0,0.74775
Uganda,2016.0,0.16811
Egypt,2005.0,0.36582
Egypt,2009.0,0.42184
Egypt,2014.0,0.80727
Tanzania,2015.0,0.13293
Uruguay,2000.0,0.3732
Uruguay,2001.0,0.48256
Uruguay,2002.0,0.49329
Uruguay,2003.0,0.52886
Uruguay,2004.0,0.49463
Uruguay,2005.0,0.52123
Uruguay,2008.0,0.46016
Uruguay,2009.0,0.49158
Uruguay,2010.0,0.47388
Uruguay,2011.0,0.45115
Uruguay,2012.0,0.51514
Uruguay,2013.0,0.17422
Uruguay,2014.0,0.53097
Uruguay,2015.0,0.55565
Uruguay,2016.0,0.51989
Uruguay,2017.0,0.58491
Uruguay,2018.0,0.58442
