country,year,value
World,2016.0,24.7
World,2020.0,28.9
Afghanistan,2020.0,5.9
South America,2016.0,33.9
Oceania,2016.0,38.5
Oceania,2020.0,74.8
Western Africa,2016.0,3.6
Central America,2016.0,54.7
Eastern Africa,2016.0,7.4
Northern Africa,2016.0,19.7
Northern Africa,2020.0,19.1
Middle Africa,2016.0,4.7
Southern Africa,2016.0,31.7
Northern America,2016.0,37.8
Northern America,2020.0,38.0
Angola,2017.0,5.5
Angola,2020.0,5.1
Antigua and Barbuda,2020.0,3.9
Caribbean,2016.0,26.6
Eastern Asia,2016.0,32.5
Eastern Asia,2020.0,38.3
Azerbaijan,2016.0,12.6
Azerbaijan,2020.0,13.4
Argentina,2016.0,45.3
Argentina,2020.0,32.8
Southern Asia,2016.0,3.0
Southern Asia,2020.0,14.4
South-Eastern Asia,2016.0,13.6
South-Eastern Asia,2020.0,21.0
Australia,2016.0,53.0
Australia,2020.0,100.0
Southern Europe,2016.0,61.6
Austria,2016.0,93.0
Austria,2020.0,93.0
Bahamas,2020.0,2.1
Bahrain,2020.0,43.3
Bangladesh,2016.0,4.3
Bangladesh,2020.0,14.9
Armenia,2016.0,16.2
Armenia,2020.0,19.6
Barbados,2020.0,9.6
Australia and New Zealand,2016.0,46.2
Australia and New Zealand,2020.0,100.0
Melanesia,2016.0,16.6
Belgium,2016.0,100.0
Belgium,2020.0,100.0
Bermuda,2020.0,28.0
Polynesia,2016.0,14.1
Central and Southern Asia,2016.0,4.3
Central and Southern Asia,2020.0,15.0
Bhutan,2020.0,5.0
Bolivia,2016.0,34.4
Bolivia,2020.0,37.2
Botswana,2016.0,8.4
Botswana,2020.0,8.2
Brazil,2016.0,37.0
Brazil,2020.0,45.9
Belize,2020.0,4.6
Solomon Islands,2019.0,0.4
Brunei,2020.0,14.7
Bulgaria,2016.0,28.8
Bulgaria,2020.0,28.8
Myanmar,2020.0,1.1
Cambodia,2020.0,4.3
Cameroon,2016.0,0.2
Cameroon,2020.0,0.9
Canada,2016.0,99.0
Canada,2020.0,100.0
Cape Verde,2016.0,5.8
Cape Verde,2020.0,19.8
Asia,2016.0,17.6
Central Asia,2016.0,40.3
Central Asia,2020.0,30.7
Sri Lanka,2016.0,4.4
Sri Lanka,2020.0,16.0
Western Asia,2016.0,37.8
Western Asia,2020.0,39.6
Europe,2016.0,71.5
Europe,2020.0,69.7
Eastern Europe,2016.0,57.8
Chile,2016.0,18.8
Chile,2020.0,38.1
Northern Europe,2016.0,79.3
Western Europe,2016.0,95.8
China,2017.0,31.0
China,2020.0,33.2
Other non-specified areas in Eastern Asia,2020.0,19.9
Colombia,2016.0,14.1
Colombia,2020.0,33.9
Democratic Republic of Congo,2016.0,5.6
Democratic Republic of Congo,2020.0,5.6
Cook Islands,2020.0,85.8
Costa Rica,2016.0,66.5
Costa Rica,2020.0,30.1
Cyprus,2016.0,24.1
Cyprus,2020.0,24.1
Least Developed Countries (LDCs),2020.0,9.0
Sub-Saharan Africa,2016.0,7.1
Sub-Saharan Africa,2020.0,7.1
Czechia,2020.0,32.0
Denmark,2016.0,63.7
Denmark,2020.0,63.7
Dominica,2020.0,28.2
Dominican Republic,2020.0,41.5
Ecuador,2016.0,11.3
Ecuador,2020.0,10.7
El Salvador,2019.0,6.9
El Salvador,2020.0,7.6
Ethiopia,2016.0,8.0
Ethiopia,2020.0,3.2
Estonia,2016.0,91.7
Estonia,2020.0,91.7
Fiji,2019.0,25.0
Fiji,2020.0,28.2
Finland,2016.0,100.0
Finland,2020.0,100.0
France,2016.0,100.0
France,2020.0,100.0
French Guiana,2020.0,49.4
Djibouti,2020.0,4.6
Georgia,2016.0,12.0
Georgia,2020.0,92.9
Gambia,2016.0,0.5
Gambia,2020.0,0.5
Palestine,2019.0,27.0
Palestine,2020.0,15.0
Germany,2020.0,96.0
Ghana,2016.0,3.3
Ghana,2020.0,5.1
Kiribati,2020.0,5.1
Grenada,2020.0,20.0
Guadeloupe,2020.0,26.7
Guatemala,2017.0,2.0
Guatemala,2020.0,6.8
Guyana,2020.0,100.0
Haiti,2020.0,3.2
Honduras,2020.0,18.2
"China, Hong Kong Special Administrative Region",2020.0,28.3
Hungary,2016.0,56.0
Hungary,2020.0,56.0
India,2016.0,10.4
India,2020.0,16.4
Indonesia,2020.0,16.5
Iran,2020.0,9.3
Iraq,2020.0,26.4
Ireland,2016.0,73.8
Ireland,2020.0,73.8
Italy,2020.0,42.6
Jamaica,2020.0,14.3
Japan,2020.0,100.0
Kazakhstan,2016.0,100.0
Kazakhstan,2020.0,74.2
Jordan,2020.0,16.6
Kenya,2016.0,5.8
Kenya,2019.0,2.5
South Korea,2018.0,26.3
South Korea,2020.0,48.9
Kuwait,2020.0,3.0
Kyrgyzstan,2020.0,14.1
Laos,2018.0,0.0
Laos,2020.0,7.7
Latin America and the Caribbean,2016.0,39.2
Latin America and the Caribbean,2020.0,36.0
Lebanon,2020.0,33.6
Lesotho,2016.0,7.8
Lesotho,2020.0,7.8
Latvia,2016.0,85.0
Latvia,2020.0,85.0
Liberia,2020.0,2.7
Landlocked developing countries (LLDCs),2016.0,14.0
Landlocked developing countries (LLDCs),2020.0,12.5
Lithuania,2016.0,51.3
Lithuania,2020.0,51.3
Macao,2020.0,12.7
Malawi,2016.0,19.6
Malawi,2020.0,19.6
Malaysia,2020.0,2.1
Maldives,2020.0,8.1
Mali,2020.0,5.8
Martinique,2020.0,34.5
Mexico,2017.0,29.0
Mexico,2020.0,48.0
Mongolia,2016.0,35.1
Mongolia,2020.0,88.5
Mozambique,2016.0,8.2
Mozambique,2020.0,10.1
Oman,2020.0,3.3
Europe and Northern America,2016.0,60.5
Europe and Northern America,2020.0,59.2
Namibia,2020.0,18.9
Nauru,2020.0,45.4
Nepal,2020.0,14.8
Netherlands,2016.0,90.3
Netherlands,2020.0,90.3
Aruba,2020.0,15.5
Oceania (exc. Australia and New Zealand),2016.0,16.6
Oceania (exc. Australia and New Zealand),2020.0,7.8
Vanuatu,2020.0,53.3
New Zealand,2016.0,9.7
New Zealand,2020.0,100.0
Nicaragua,2020.0,2.3
Niger,2016.0,16.4
Nigeria,2019.0,1.8
Norway,2016.0,83.1
Norway,2020.0,83.1
Micronesia (country),2019.0,2.2
Micronesia (country),2020.0,2.2
Marshall Islands,2020.0,1.7
Palau,2020.0,17.8
Pakistan,2020.0,5.0
Panama,2020.0,21.5
Paraguay,2020.0,17.6
Peru,2020.0,15.1
Philippines,2016.0,7.8
Philippines,2020.0,22.4
Poland,2016.0,52.0
Poland,2020.0,52.0
Portugal,2016.0,59.3
Portugal,2020.0,59.3
Timor,2020.0,26.5
Puerto Rico,2020.0,4.6
Qatar,2018.0,1.0
Qatar,2020.0,1.0
Romania,2016.0,82.6
Romania,2020.0,82.6
Russia,2016.0,54.5
Russia,2017.0,76.0
Russia,2020.0,76.0
Rwanda,2020.0,4.1
Saint Kitts and Nevis,2020.0,22.3
Anguilla,2020.0,5.6
Saint Lucia,2020.0,2.5
Saint Martin (French part),2020.0,61.0
Saint Pierre and Miquelon,2020.0,100.0
Saint Vincent and the Grenadines,2020.0,7.0
Saudi Arabia,2020.0,70.7
Senegal,2019.0,17.0
Sierra Leone,2020.0,1.4
Singapore,2020.0,100.0
Slovakia,2016.0,70.0
Slovakia,2020.0,70.0
Vietnam,2016.0,10.0
Vietnam,2020.0,24.6
Slovenia,2016.0,100.0
Slovenia,2020.0,100.0
South Africa,2016.0,35.6
South Africa,2020.0,32.4
Zimbabwe,2020.0,5.8
Small island developing States (SIDS),2016.0,22.4
Small island developing States (SIDS),2020.0,25.4
Spain,2016.0,45.0
Spain,2020.0,45.0
South Sudan,2020.0,16.4
Sudan [former],2020.0,7.5
Suriname,2020.0,29.6
Northern Africa and Western Asia,2016.0,28.6
Northern Africa and Western Asia,2020.0,30.1
Eswatini,2020.0,20.2
Sweden,2016.0,100.0
Sweden,2020.0,100.0
Eastern and South-Eastern Asia,2016.0,27.1
Eastern and South-Eastern Asia,2020.0,33.4
Switzerland,2016.0,70.2
Switzerland,2020.0,70.2
Tajikistan,2020.0,7.5
Thailand,2020.0,54.3
Tonga,2020.0,6.2
Trinidad and Tobago,2020.0,24.0
United Arab Emirates,2020.0,1.2
Tunisia,2020.0,21.3
Turks and Caicos Islands,2020.0,1.8
Uganda,2016.0,0.6
Uganda,2020.0,1.2
Ukraine,2018.0,39.0
United Kingdom,2016.0,76.6
United Kingdom,2020.0,76.6
Tanzania,2019.0,2.0
Tanzania,2020.0,3.0
United States,2016.0,31.0
United States,2020.0,31.0
United States Virgin Islands,2020.0,1.8
Burkina Faso,2016.0,3.6
Uruguay,2020.0,84.3
Uzbekistan,2017.0,16.0
Uzbekistan,2020.0,15.6
Samoa,2020.0,5.3
Yemen,2020.0,38.0
Zambia,2016.0,10.2
Zambia,2020.0,19.8
