country,year,value
World,2017.0,9.85982
World,2018.0,10.11031
World,2019.0,7.51343
World,2020.0,7.31181
Africa,2017.0,6.52955
Africa,2018.0,6.99998
Africa,2019.0,6.0707
Africa,2020.0,6.70247
Afghanistan,2017.0,2.6415
Afghanistan,2018.0,3.40656
Afghanistan,2019.0,0.62994
Afghanistan,2020.0,0.17305
South America,2017.0,8.40719
South America,2018.0,7.35926
South America,2019.0,5.66807
South America,2020.0,6.15034
Albania,2017.0,6.29483
Albania,2018.0,7.35218
Albania,2019.0,4.54648
Albania,2020.0,6.32897
Oceania,2017.0,4.25303
Oceania,2018.0,3.86521
Oceania,2019.0,3.26473
Oceania,2020.0,3.23935
Western Africa,2017.0,6.07294
Western Africa,2018.0,5.01836
Western Africa,2019.0,4.57868
Western Africa,2020.0,5.45419
Algeria,2017.0,2.35492
Algeria,2018.0,2.40785
Algeria,2019.0,3.47425
Algeria,2020.0,2.64313
Central America,2017.0,9.41714
Central America,2018.0,7.30842
Central America,2019.0,6.85512
Central America,2020.0,7.7417
Eastern Africa,2017.0,5.88471
Eastern Africa,2018.0,7.83692
Eastern Africa,2019.0,6.35803
Eastern Africa,2020.0,7.42859
Northern Africa,2017.0,3.52912
Northern Africa,2018.0,3.66959
Northern Africa,2019.0,3.46263
Northern Africa,2020.0,3.78316
Middle Africa,2017.0,10.3019
Middle Africa,2018.0,11.54908
Middle Africa,2019.0,10.18808
Middle Africa,2020.0,10.49125
Southern Africa,2017.0,8.59186
Southern Africa,2018.0,7.76054
Southern Africa,2019.0,6.10356
Southern Africa,2020.0,6.77203
Americas,2017.0,11.3165
Americas,2018.0,10.75117
Americas,2019.0,7.66692
Americas,2020.0,7.97574
Northern America,2017.0,14.2915
Northern America,2018.0,14.42261
Northern America,2019.0,9.65276
Northern America,2020.0,9.72286
Angola,2017.0,19.74004
Angola,2018.0,19.50288
Angola,2019.0,21.20402
Angola,2020.0,18.71084
Caribbean,2017.0,9.9646
Caribbean,2018.0,5.23509
Caribbean,2019.0,6.04063
Caribbean,2020.0,6.41805
Eastern Asia,2017.0,10.64754
Eastern Asia,2018.0,12.45555
Eastern Asia,2019.0,9.86717
Eastern Asia,2020.0,8.30049
Azerbaijan,2017.0,2.38546
Azerbaijan,2018.0,2.64644
Azerbaijan,2019.0,4.72161
Azerbaijan,2020.0,3.7948
Argentina,2017.0,4.06719
Argentina,2018.0,3.42444
Argentina,2019.0,2.81042
Argentina,2020.0,2.78889
Southern Asia,2017.0,10.04019
Southern Asia,2018.0,10.55787
Southern Asia,2019.0,8.9805
Southern Asia,2020.0,8.08726
South-Eastern Asia,2017.0,17.92798
South-Eastern Asia,2018.0,19.63179
South-Eastern Asia,2019.0,16.52928
South-Eastern Asia,2020.0,12.59069
Australia,2017.0,3.31615
Australia,2018.0,2.56588
Australia,2019.0,2.19163
Australia,2020.0,2.2322
Southern Europe,2017.0,12.61188
Southern Europe,2018.0,12.72612
Southern Europe,2019.0,7.30011
Southern Europe,2020.0,5.95181
Austria,2017.0,7.06271
Austria,2018.0,4.92376
Austria,2019.0,2.66765
Austria,2020.0,4.21681
Bahamas,2017.0,2.24366
Bahamas,2018.0,2.61543
Bahamas,2019.0,1.74361
Bahamas,2020.0,2.90054
Bangladesh,2017.0,7.97747
Bangladesh,2018.0,8.92324
Bangladesh,2019.0,6.31426
Bangladesh,2020.0,8.81838
Armenia,2017.0,8.00558
Armenia,2018.0,5.20774
Armenia,2019.0,0.94656
Armenia,2020.0,0.95167
Australia and New Zealand,2017.0,3.79292
Australia and New Zealand,2018.0,3.23816
Australia and New Zealand,2019.0,2.72408
Australia and New Zealand,2020.0,2.65691
Melanesia,2017.0,11.86525
Melanesia,2018.0,14.23928
Melanesia,2019.0,12.20941
Melanesia,2020.0,12.87554
Central and Southern Asia,2017.0,8.25101
Central and Southern Asia,2018.0,8.97649
Central and Southern Asia,2019.0,6.70139
Central and Southern Asia,2020.0,6.25219
Bolivia,2017.0,14.99554
Bolivia,2018.0,9.64592
Bolivia,2019.0,6.49757
Bolivia,2020.0,6.67155
Bosnia and Herzegovina,2017.0,12.24677
Bosnia and Herzegovina,2018.0,2.93304
Bosnia and Herzegovina,2019.0,3.27486
Bosnia and Herzegovina,2020.0,7.84461
Botswana,2017.0,14.11927
Botswana,2018.0,12.30126
Botswana,2019.0,15.82087
Botswana,2020.0,11.90772
Brazil,2017.0,7.06153
Brazil,2018.0,7.10022
Brazil,2019.0,5.86787
Brazil,2020.0,6.6466
Belize,2017.0,8.49152
Belize,2018.0,5.66568
Belize,2019.0,7.16089
Belize,2020.0,6.60273
Solomon Islands,2017.0,6.53702
Solomon Islands,2018.0,15.928
Solomon Islands,2019.0,22.97377
Solomon Islands,2020.0,15.08181
Bulgaria,2017.0,24.05367
Bulgaria,2018.0,22.4277
Bulgaria,2019.0,13.0781
Bulgaria,2020.0,14.90272
Myanmar,2017.0,10.45315
Myanmar,2018.0,11.31239
Myanmar,2019.0,6.50653
Myanmar,2020.0,7.19314
Burundi,2017.0,7.69546
Burundi,2018.0,14.67859
Burundi,2019.0,2.12507
Burundi,2020.0,13.29014
Cambodia,2017.0,2.98994
Cambodia,2018.0,3.72971
Cambodia,2019.0,13.59171
Cambodia,2020.0,9.30287
Cameroon,2017.0,6.19828
Cameroon,2018.0,7.05299
Cameroon,2019.0,5.37515
Cameroon,2020.0,5.74651
Canada,2017.0,17.59073
Canada,2018.0,18.0107
Canada,2019.0,11.99958
Canada,2020.0,12.90979
Central African Republic,2017.0,15.44167
Central African Republic,2018.0,18.87711
Central African Republic,2019.0,18.00967
Central African Republic,2020.0,12.61817
Asia,2017.0,10.94842
Asia,2018.0,12.46394
Asia,2019.0,9.88773
Asia,2020.0,8.18056
Central Asia,2017.0,5.42835
Central Asia,2018.0,6.48168
Central Asia,2019.0,3.10581
Central Asia,2020.0,3.35716
Sri Lanka,2017.0,19.12495
Sri Lanka,2018.0,13.76178
Sri Lanka,2019.0,13.367
Sri Lanka,2020.0,11.41088
Chad,2017.0,1.15814
Chad,2018.0,1.26251
Chad,2019.0,1.28797
Chad,2020.0,1.60502
Europe,2017.0,12.53876
Europe,2018.0,12.57709
Europe,2019.0,7.81648
Europe,2020.0,7.4354
Eastern Europe,2017.0,12.66514
Eastern Europe,2018.0,12.73154
Eastern Europe,2019.0,7.93424
Eastern Europe,2020.0,7.43769
Chile,2017.0,11.89657
Chile,2018.0,11.76805
Chile,2019.0,10.18086
Chile,2020.0,10.51986
Northern Europe,2017.0,13.50895
Northern Europe,2018.0,13.14441
Northern Europe,2019.0,9.50144
Northern Europe,2020.0,11.0455
Western Europe,2017.0,8.72558
Western Europe,2018.0,8.84564
Western Europe,2019.0,3.66483
Western Europe,2020.0,3.25452
China,2017.0,10.45658
China,2018.0,12.44431
China,2019.0,10.27565
China,2020.0,8.703
Colombia,2017.0,6.95903
Colombia,2018.0,6.77052
Colombia,2019.0,8.28435
Colombia,2020.0,7.14237
Congo,2017.0,12.81681
Congo,2018.0,10.34141
Congo,2019.0,12.82881
Congo,2020.0,10.42105
Democratic Republic of Congo,2017.0,8.45462
Democratic Republic of Congo,2018.0,11.60702
Democratic Republic of Congo,2019.0,7.11894
Democratic Republic of Congo,2020.0,11.08368
Costa Rica,2017.0,9.50944
Costa Rica,2018.0,9.09804
Costa Rica,2019.0,7.23628
Costa Rica,2020.0,6.6653
Croatia,2017.0,3.40718
Croatia,2018.0,3.99137
Croatia,2019.0,0.89628
Croatia,2020.0,1.63515
Cuba,2017.0,15.47855
Cuba,2018.0,7.64144
Cuba,2019.0,6.19729
Cuba,2020.0,5.8344
Least Developed Countries (LDCs),2017.0,7.12345
Least Developed Countries (LDCs),2018.0,7.98962
Least Developed Countries (LDCs),2019.0,6.74949
Least Developed Countries (LDCs),2020.0,7.74013
Sub-Saharan Africa,2017.0,7.5771
Sub-Saharan Africa,2018.0,8.16273
Sub-Saharan Africa,2019.0,6.98126
Sub-Saharan Africa,2020.0,7.72169
Czechia,2017.0,21.98485
Czechia,2018.0,21.68831
Czechia,2019.0,13.6636
Czechia,2020.0,13.22456
Benin,2017.0,5.80455
Benin,2018.0,7.36328
Benin,2019.0,6.47759
Benin,2020.0,6.91851
Denmark,2017.0,5.25836
Denmark,2018.0,4.71881
Denmark,2019.0,4.216
Denmark,2020.0,4.04582
Dominican Republic,2017.0,0.0106
Dominican Republic,2018.0,0
Dominican Republic,2019.0,0
Dominican Republic,2020.0,0.02183
Ecuador,2017.0,1.12205
Ecuador,2018.0,3.73426
Ecuador,2019.0,2.73953
Ecuador,2020.0,11.58709
El Salvador,2017.0,13.07089
El Salvador,2018.0,22.07021
El Salvador,2019.0,12.61173
El Salvador,2020.0,6.27252
Ethiopia,2017.0,2.96204
Ethiopia,2018.0,3.75753
Ethiopia,2019.0,2.35714
Ethiopia,2020.0,4.56693
Estonia,2017.0,4.95677
Estonia,2018.0,1.16113
Estonia,2019.0,2.2093
Estonia,2020.0,3.07154
Finland,2017.0,15.92238
Finland,2018.0,16.46324
Finland,2019.0,9.00727
Finland,2020.0,11.00754
France,2017.0,6.6851
France,2018.0,10.05505
France,2019.0,3.30675
France,2020.0,2.17838
French Guiana,2017.0,10.68248
French Guiana,2018.0,11.8431
French Guiana,2019.0,7.24579
French Guiana,2020.0,10.29348
Djibouti,2017.0,0.24589
Djibouti,2018.0,0.22112
Djibouti,2019.0,0.31252
Djibouti,2020.0,0.24292
Gabon,2017.0,17.34275
Gabon,2018.0,14.95669
Gabon,2019.0,13.80509
Gabon,2020.0,12.59074
Gambia,2017.0,0
Gambia,2018.0,0
Gambia,2019.0,0
Gambia,2020.0,0.26698
Germany,2017.0,12.25869
Germany,2018.0,8.31172
Germany,2019.0,4.42566
Germany,2020.0,4.38229
Ghana,2017.0,4.19321
Ghana,2018.0,3.35884
Ghana,2019.0,3.3161
Ghana,2020.0,3.96649
Greece,2017.0,4.90957
Greece,2018.0,16.16537
Greece,2019.0,6.96041
Greece,2020.0,1.08346
Greenland,2017.0,8.88415
Greenland,2018.0,7.52311
Greenland,2019.0,9.0145
Greenland,2020.0,6.95242
Guatemala,2017.0,11.20971
Guatemala,2018.0,11.37725
Guatemala,2019.0,4.78481
Guatemala,2020.0,6.62726
Guinea,2017.0,23.62724
Guinea,2018.0,22.52339
Guinea,2019.0,17.24832
Guinea,2020.0,14.74329
Haiti,2017.0,9.44993
Haiti,2018.0,6.30006
Haiti,2019.0,17.59994
Haiti,2020.0,21.10582
Honduras,2017.0,16.57726
Honduras,2018.0,14.74455
Honduras,2019.0,12.9024
Honduras,2020.0,14.43979
Hungary,2017.0,0.58166
Hungary,2018.0,0.27343
Hungary,2019.0,0.34319
Hungary,2020.0,0.24118
Iceland,2017.0,12.39071
Iceland,2018.0,7.04465
Iceland,2019.0,2.88662
Iceland,2020.0,7.63362
India,2017.0,7.46021
India,2018.0,7.31236
India,2019.0,5.55912
India,2020.0,6.63829
Indonesia,2017.0,27.67565
Indonesia,2018.0,32.03519
Indonesia,2019.0,25.36403
Indonesia,2020.0,17.48452
Iran,2017.0,19.78443
Iran,2018.0,19.4594
Iran,2019.0,16.45301
Iran,2020.0,11.73113
Iraq,2017.0,7.24424
Iraq,2018.0,15.80111
Iraq,2019.0,13.04756
Iraq,2020.0,5.30258
Ireland,2017.0,20.2228
Ireland,2018.0,22.54729
Ireland,2019.0,14.64628
Ireland,2020.0,14.17685
Israel,2017.0,8.44231
Israel,2018.0,16.64096
Israel,2019.0,8.11298
Israel,2020.0,11.40041
Italy,2017.0,20.87852
Italy,2018.0,21.79038
Italy,2019.0,14.71748
Italy,2020.0,11.88568
Cote d'Ivoire,2017.0,11.8263
Cote d'Ivoire,2018.0,11.00447
Cote d'Ivoire,2019.0,9.24624
Cote d'Ivoire,2020.0,9.96437
Japan,2017.0,21.01452
Japan,2018.0,27.1679
Japan,2019.0,13.07609
Japan,2020.0,11.39395
Kazakhstan,2017.0,5.77808
Kazakhstan,2018.0,7.4127
Kazakhstan,2019.0,3.09721
Kazakhstan,2020.0,3.39234
Jordan,2017.0,6.48719
Jordan,2018.0,32.64319
Jordan,2019.0,9.46081
Jordan,2020.0,16.30846
Kenya,2017.0,3.25337
Kenya,2018.0,6.37963
Kenya,2019.0,6.21869
Kenya,2020.0,4.05611
North Korea,2017.0,26.57302
North Korea,2018.0,26.16284
North Korea,2019.0,17.73021
North Korea,2020.0,11.11103
Kyrgyzstan,2017.0,15.50863
Kyrgyzstan,2018.0,9.53506
Kyrgyzstan,2019.0,7.21012
Kyrgyzstan,2020.0,7.94472
Laos,2017.0,2.66083
Laos,2018.0,1.471
Laos,2019.0,2.51344
Laos,2020.0,3.25146
Latin America and the Caribbean,2017.0,8.54652
Latin America and the Caribbean,2018.0,7.33274
Latin America and the Caribbean,2019.0,5.81793
Latin America and the Caribbean,2020.0,6.34903
Latvia,2017.0,7.70487
Latvia,2018.0,10.15629
Latvia,2019.0,3.31545
Latvia,2020.0,5.08968
Landlocked developing countries (LLDCs),2017.0,6.71594
Landlocked developing countries (LLDCs),2018.0,6.46207
Landlocked developing countries (LLDCs),2019.0,5.01484
Landlocked developing countries (LLDCs),2020.0,4.85299
Libya,2017.0,0
Libya,2018.0,0.02315
Libya,2019.0,0
Libya,2020.0,0
Lithuania,2017.0,15.18648
Lithuania,2018.0,17.45608
Lithuania,2019.0,10.67074
Lithuania,2020.0,11.8152
Madagascar,2017.0,5.54751
Madagascar,2018.0,4.73245
Madagascar,2019.0,3.02555
Madagascar,2020.0,6.14602
Malawi,2017.0,10.81994
Malawi,2018.0,11.77411
Malawi,2019.0,9.01174
Malawi,2020.0,11.92158
Malaysia,2017.0,14.8263
Malaysia,2018.0,13.19219
Malaysia,2019.0,9.03607
Malaysia,2020.0,9.84921
Mali,2017.0,10.60117
Mali,2018.0,7.81224
Mali,2019.0,7.5559
Mali,2020.0,9.57394
Mauritania,2017.0,0.43164
Mauritania,2018.0,0.35777
Mauritania,2019.0,0.2563
Mauritania,2020.0,2.22968
Mexico,2017.0,8.57943
Mexico,2018.0,5.96655
Mexico,2019.0,6.29907
Mexico,2020.0,7.32007
Mongolia,2017.0,8.14534
Mongolia,2018.0,8.0201
Mongolia,2019.0,6.03593
Mongolia,2020.0,4.92303
Moldova,2017.0,6.30502
Moldova,2018.0,0.91474
Moldova,2019.0,2.47221
Moldova,2020.0,1.48497
Montenegro,2017.0,3.08929
Montenegro,2018.0,1.55001
Montenegro,2019.0,0.39492
Montenegro,2020.0,2.28229
Morocco,2017.0,4.93088
Morocco,2018.0,8.01375
Morocco,2019.0,3.38535
Morocco,2020.0,4.84329
Mozambique,2017.0,7.61141
Mozambique,2018.0,11.92864
Mozambique,2019.0,7.97929
Mozambique,2020.0,10.68448
Europe and Northern America,2017.0,13.34012
Europe and Northern America,2018.0,13.42086
Europe and Northern America,2019.0,8.65603
Europe and Northern America,2020.0,8.48123
Namibia,2017.0,5.28423
Namibia,2018.0,5.63135
Namibia,2019.0,2.0863
Namibia,2020.0,7.42444
Oceania (exc. Australia and New Zealand),2017.0,11.86525
Oceania (exc. Australia and New Zealand),2018.0,14.23928
Oceania (exc. Australia and New Zealand),2019.0,12.20941
Oceania (exc. Australia and New Zealand),2020.0,12.87554
New Zealand,2017.0,17.72078
New Zealand,2018.0,22.87761
New Zealand,2019.0,18.27839
New Zealand,2020.0,15.06384
Nicaragua,2017.0,5.49411
Nicaragua,2018.0,4.49058
Nicaragua,2019.0,4.18132
Nicaragua,2020.0,5.04444
Niger,2017.0,0
Niger,2018.0,0
Niger,2019.0,0
Niger,2020.0,0
Nigeria,2017.0,5.61329
Nigeria,2018.0,5.54828
Nigeria,2019.0,4.9996
Nigeria,2020.0,5.46043
Norway,2017.0,20.9697
Norway,2018.0,18.80589
Norway,2019.0,16.47672
Norway,2020.0,20.55514
Pakistan,2017.0,5.28149
Pakistan,2018.0,10.33728
Pakistan,2019.0,13.55145
Pakistan,2020.0,12.28268
Panama,2017.0,23.55662
Panama,2018.0,25.10066
Panama,2019.0,17.66947
Panama,2020.0,16.17477
Papua New Guinea,2017.0,12.19458
Papua New Guinea,2018.0,14.13491
Papua New Guinea,2019.0,11.5441
Papua New Guinea,2020.0,12.73917
Paraguay,2017.0,4.755
Paraguay,2018.0,4.80285
Paraguay,2019.0,4.84943
Paraguay,2020.0,6.49275
Peru,2017.0,23.54173
Peru,2018.0,14.54725
Peru,2019.0,5.75112
Peru,2020.0,5.30353
Philippines,2017.0,14.48259
Philippines,2018.0,10.04547
Philippines,2019.0,13.56741
Philippines,2020.0,7.24682
Poland,2017.0,6.9467
Poland,2018.0,7.27338
Poland,2019.0,3.98701
Poland,2020.0,3.15651
Portugal,2017.0,33.09249
Portugal,2018.0,29.33526
Portugal,2019.0,10.273
Portugal,2020.0,10.04307
Romania,2017.0,1.66496
Romania,2018.0,1.20634
Romania,2019.0,1.27866
Romania,2020.0,6.7944
Russia,2017.0,12.97093
Russia,2018.0,13.11023
Russia,2019.0,8.00885
Russia,2020.0,7.34039
Rwanda,2017.0,29.6993
Rwanda,2018.0,22.89997
Rwanda,2019.0,5.02112
Rwanda,2020.0,12.1415
Senegal,2017.0,16.43886
Senegal,2018.0,3.1767
Senegal,2019.0,7.22944
Senegal,2020.0,11.04974
Sierra Leone,2017.0,6.76653
Sierra Leone,2018.0,10.29566
Sierra Leone,2019.0,5.63079
Sierra Leone,2020.0,7.14688
Slovakia,2017.0,8.66544
Slovakia,2018.0,4.33779
Slovakia,2019.0,2.78487
Slovakia,2020.0,2.35251
Vietnam,2017.0,15.64247
Vietnam,2018.0,15.07099
Vietnam,2019.0,17.23636
Vietnam,2020.0,14.67379
Somalia,2017.0,1.56053
Somalia,2018.0,11.8513
Somalia,2019.0,15.65191
Somalia,2020.0,18.41736
South Africa,2017.0,8.33964
South Africa,2018.0,7.14492
South Africa,2019.0,4.32642
South Africa,2020.0,4.0055
Zimbabwe,2017.0,2.44295
Zimbabwe,2018.0,2.90405
Zimbabwe,2019.0,3.50751
Zimbabwe,2020.0,2.18583
Small island developing States (SIDS),2017.0,9.659
Small island developing States (SIDS),2018.0,9.80176
Small island developing States (SIDS),2019.0,8.88028
Small island developing States (SIDS),2020.0,9.43838
Spain,2017.0,7.81157
Spain,2018.0,6.10795
Spain,2019.0,3.83679
Spain,2020.0,3.17069
South Sudan,2017.0,15.26295
South Sudan,2018.0,12.7829
South Sudan,2019.0,12.06801
South Sudan,2020.0,9.26531
Sudan,2017.0,4.91684
Sudan,2018.0,5.48619
Sudan,2019.0,4.91148
Sudan,2020.0,6.63283
Suriname,2017.0,2.65766
Suriname,2018.0,2.28103
Suriname,2019.0,2.32277
Suriname,2020.0,2.9308
Northern Africa and Western Asia,2017.0,4.85099
Northern Africa and Western Asia,2018.0,5.6501
Northern Africa and Western Asia,2019.0,4.9624
Northern Africa and Western Asia,2020.0,4.42838
Eswatini,2017.0,2.57891
Eswatini,2018.0,3.48
Eswatini,2019.0,3.55193
Eswatini,2020.0,1.44587
Sweden,2017.0,10.81852
Sweden,2018.0,11.18578
Sweden,2019.0,7.89803
Sweden,2020.0,7.56401
Eastern and South-Eastern Asia,2017.0,12.66269
Eastern and South-Eastern Asia,2018.0,14.44186
Eastern and South-Eastern Asia,2019.0,11.71116
Eastern and South-Eastern Asia,2020.0,9.48797
Switzerland,2017.0,13.33502
Switzerland,2018.0,9.21861
Switzerland,2019.0,4.60633
Switzerland,2020.0,6.46043
Syria,2017.0,30.10444
Syria,2018.0,28.66536
Syria,2019.0,8.67409
Syria,2020.0,13.57836
Tajikistan,2017.0,4.54393
Tajikistan,2018.0,3.79358
Tajikistan,2019.0,3.51699
Tajikistan,2020.0,2.39114
Thailand,2017.0,9.12219
Thailand,2018.0,10.91169
Thailand,2019.0,10.32687
Thailand,2020.0,10.46112
Togo,2017.0,7.1214
Togo,2018.0,9.15787
Togo,2019.0,11.0003
Togo,2020.0,18.12704
Tunisia,2017.0,10.75099
Tunisia,2018.0,6.31391
Tunisia,2019.0,4.65765
Tunisia,2020.0,8.73277
Turkey,2017.0,10.36607
Turkey,2018.0,10.87438
Turkey,2019.0,13.86892
Turkey,2020.0,6.74338
Turkmenistan,2017.0,1.52023
Turkmenistan,2018.0,2.58365
Turkmenistan,2019.0,2.75744
Turkmenistan,2020.0,2.15521
Uganda,2017.0,3.70626
Uganda,2018.0,4.74311
Uganda,2019.0,1.55263
Uganda,2020.0,1.6586
Ukraine,2017.0,11.17589
Ukraine,2018.0,9.71471
Ukraine,2019.0,11.87161
Ukraine,2020.0,12.01547
North Macedonia,2017.0,8.84773
North Macedonia,2018.0,10.70339
North Macedonia,2019.0,8.92504
North Macedonia,2020.0,8.77276
Egypt,2017.0,8.24304
Egypt,2018.0,7.39887
Egypt,2019.0,6.71196
Egypt,2020.0,6.6563
United Kingdom,2017.0,6.25778
United Kingdom,2018.0,6.79205
United Kingdom,2019.0,7.05974
United Kingdom,2020.0,7.05618
Tanzania,2017.0,7.29699
Tanzania,2018.0,9.79589
Tanzania,2019.0,4.55207
Tanzania,2020.0,6.52643
United States,2017.0,11.30048
United States,2018.0,11.21543
United States,2019.0,7.38122
United States,2020.0,6.72359
Burkina Faso,2017.0,8.53642
Burkina Faso,2018.0,8.58672
Burkina Faso,2019.0,7.59481
Burkina Faso,2020.0,4.79677
Uruguay,2017.0,0.63551
Uruguay,2018.0,1.09611
Uruguay,2019.0,0.76975
Uruguay,2020.0,0.66317
Uzbekistan,2017.0,3.34422
Uzbekistan,2018.0,4.45199
Uzbekistan,2019.0,1.61366
Uzbekistan,2020.0,2.73076
Venezuela,2017.0,9.49157
Venezuela,2018.0,9.69917
Venezuela,2019.0,7.01556
Venezuela,2020.0,7.1189
Zambia,2017.0,5.8433
Zambia,2018.0,5.7241
Zambia,2019.0,5.7088
Zambia,2020.0,5.73491
