country,year,value
Afghanistan,2016.0,76.9
Afghanistan,2018.0,94.11765
Albania,2016.0,79.5
Albania,2018.0,80.70176
Oceania,2018.0,80.1614
Northern Africa,2018.0,88
Angola,2016.0,94.1
Angola,2018.0,36.36364
Azerbaijan,2018.0,90
Southern Asia,2018.0,88.57674
South-Eastern Asia,2018.0,86.25848
Bangladesh,2016.0,89.2
Bangladesh,2018.0,91.95402
Armenia,2016.0,91.1
Armenia,2018.0,100
Micronesia,2016.0,100
Central and Southern Asia,2016.0,85.91429
Central and Southern Asia,2018.0,88.57674
Bhutan,2016.0,90
Bhutan,2018.0,80
Bolivia,2016.0,87.5
Bosnia and Herzegovina,2018.0,53.42466
Solomon Islands,2016.0,38.5
Solomon Islands,2018.0,30.76923
Myanmar,2016.0,57.1
Myanmar,2018.0,93.22034
Burundi,2016.0,26.7
Burundi,2018.0,50
Belarus,2016.0,100
Belarus,2018.0,86.95652
Cambodia,2016.0,100
Cambodia,2018.0,69.90291
Cameroon,2016.0,82.6
Cameroon,2018.0,92.94118
Cape Verde,2018.0,66.66667
Central African Republic,2016.0,100
Central African Republic,2018.0,100
Central Asia,2018.0,94.11765
Western Asia,2018.0,80.33179
Chad,2016.0,88.9
Chad,2018.0,83.33333
Europe,2018.0,83.33067
Colombia,2016.0,92.5
Comoros,2016.0,90
Comoros,2018.0,77.77778
Congo,2016.0,100
Congo,2018.0,100
Democratic Republic of Congo,2016.0,100
Democratic Republic of Congo,2018.0,71.05263
Cook Islands,2016.0,93.8
Cook Islands,2018.0,100
Costa Rica,2016.0,62.9
Costa Rica,2018.0,70.17544
Least Developed Countries (LDCs),2016.0,86.40976
Least Developed Countries (LDCs),2018.0,80.34322
Sub-Saharan Africa,2016.0,85.92571
Sub-Saharan Africa,2018.0,81.7549
Benin,2016.0,83.9
Benin,2018.0,93.87755
Dominican Republic,2016.0,81.2
Dominican Republic,2018.0,82.8125
El Salvador,2016.0,83.3
El Salvador,2018.0,73.91304
Equatorial Guinea,2018.0,100
Ethiopia,2016.0,94.2
Ethiopia,2018.0,95.04132
Fiji,2016.0,58.8
Fiji,2018.0,72.72727
Gabon,2016.0,100
Georgia,2018.0,60.49383
Gambia,2016.0,81.8
Gambia,2018.0,45.45455
Kiribati,2016.0,100
Kiribati,2018.0,73.91304
Guatemala,2016.0,100
Guatemala,2018.0,67.74194
Guinea,2016.0,100
Guinea,2018.0,69.23077
Haiti,2018.0,74.32432
Honduras,2016.0,82.6
Honduras,2018.0,94.66667
Cote d'Ivoire,2016.0,90.6
Cote d'Ivoire,2018.0,95.6044
Jordan,2018.0,70.83333
Kenya,2016.0,70.6
Kenya,2018.0,98.95833
Kosovo,2016.0,91.7
Kosovo,2018.0,84.61539
Kyrgyzstan,2016.0,94.3
Laos,2016.0,95.2
Laos,2018.0,95.65217
Latin America and the Caribbean,2016.0,87.15455
Latin America and the Caribbean,2018.0,77.27232
Liberia,2016.0,100
Liberia,2018.0,100
Landlocked developing countries (LLDCs),2016.0,82.69565
Landlocked developing countries (LLDCs),2018.0,88.54743
Madagascar,2016.0,89.5
Madagascar,2018.0,84.21053
Malawi,2016.0,92.1
Malawi,2018.0,88.88889
Mali,2016.0,61.7
Mali,2018.0,97.05882
Mauritania,2016.0,89.5
Mauritania,2018.0,87.5
Mongolia,2016.0,68.6
Moldova,2016.0,83.9
Moldova,2018.0,94.28571
Montenegro,2018.0,100
Mozambique,2016.0,95.2
Mozambique,2018.0,85.10638
Europe and Northern America,2016.0,88.775
Europe and Northern America,2018.0,83.33067
Nauru,2016.0,100
Nauru,2018.0,87.5
Nepal,2016.0,84.3
Nepal,2018.0,88.23529
Oceania (exc. Australia and New Zealand),2016.0,84.35
Oceania (exc. Australia and New Zealand),2018.0,80.1614
Vanuatu,2016.0,85.7
Niger,2016.0,50
Niger,2018.0,90.90909
Nigeria,2016.0,48.1
Nigeria,2018.0,62.96296
Niue,2016.0,100
Marshall Islands,2016.0,83.3
Marshall Islands,2018.0,66.66667
Palau,2016.0,100
Palau,2018.0,83.33333
Pakistan,2016.0,100
Papua New Guinea,2016.0,100
Papua New Guinea,2018.0,97.26027
Paraguay,2016.0,100
Paraguay,2018.0,100
Peru,2016.0,93
Peru,2018.0,86.25
Philippines,2016.0,97
Philippines,2018.0,100
Guinea-Bissau,2018.0,60
Timor,2016.0,95.7
Timor,2018.0,94.73684
Rwanda,2016.0,89.4
Rwanda,2018.0,94.52055
Saint Lucia,2018.0,92.30769
Saint Vincent and the Grenadines,2016.0,85.7
Sao Tome and Principe,2016.0,100
Sao Tome and Principe,2018.0,100
Senegal,2016.0,94.3
Senegal,2018.0,89.65517
Seychelles,2018.0,69.23077
Sierra Leone,2016.0,90
Sierra Leone,2018.0,88.88889
Vietnam,2016.0,98.5
Vietnam,2018.0,63.41463
Somalia,2016.0,75.8
Somalia,2018.0,75
Zimbabwe,2016.0,91.3
Zimbabwe,2018.0,62.5
Small island developing States (SIDS),2016.0,85.19444
Small island developing States (SIDS),2018.0,72.27349
South Sudan,2016.0,71.4
Sudan,2016.0,87.7
Sudan,2018.0,65.625
Northern Africa and Western Asia,2016.0,86.56667
Northern Africa and Western Asia,2018.0,81.86543
Eastern and South-Eastern Asia,2016.0,87.44286
Eastern and South-Eastern Asia,2018.0,86.25848
Tajikistan,2016.0,66.7
Togo,2016.0,96.3
Togo,2018.0,95
Tonga,2016.0,87.5
Tonga,2018.0,28.57143
Trinidad and Tobago,2018.0,100
Tuvalu,2016.0,100
Tuvalu,2018.0,66.66667
Uganda,2016.0,92.5
Uganda,2018.0,85.91549
Egypt,2016.0,68.6
Egypt,2018.0,88
Tanzania,2016.0,89.2
Tanzania,2018.0,68.75
Burkina Faso,2016.0,100
Burkina Faso,2018.0,83.05085
Uruguay,2016.0,90
Samoa,2016.0,33.3
Samoa,2018.0,33.33333
Yemen,2016.0,100
Yemen,2018.0,59.25926
