country,year,value
Bahrain,2015.0,9.5265
Belgium,2015.0,352.31
Bosnia and Herzegovina,2015.0,8.6
Brazil,2015.0,15668.79102
Bulgaria,2015.0,111.355
Belarus,2015.0,166.21
Colombia,2015.0,103.73226
Costa Rica,2015.0,110.96
Croatia,2015.0,68.12
Czechia,2015.0,453.9
Denmark,2015.0,75.268
Estonia,2015.0,136.99
Finland,2015.0,12
Germany,2015.0,1116.562
Hong Kong,2015.0,82.62988
Kazakhstan,2015.0,4234.98557
Jordan,2015.0,30.32
Korea,2015.0,1612.82
Kosovo,2015.0,11.982
Latvia,2015.0,30.346
Lithuania,2015.0,33.736
Mexico,2015.0,6670
Moldova,2015.0,542.31702
Panama,2015.0,5.16436
Poland,2015.0,1070.4
Romania,2015.0,1005.3
Serbia,2015.0,90
Slovakia,2015.0,178.779
Slovenia,2015.0,44.1
Zimbabwe,2015.0,46.05625
Spain,2015.0,600.202
Sweden,2015.0,1159
Thailand,2015.0,6497
Ukraine,2015.0,3324.87689
Egypt,2015.0,912.5
