country,year,value
World,2018.0,36
Oceania,2018.0,5
Northern Africa,2018.0,2
Southern Asia,2018.0,3
South-Eastern Asia,2018.0,3
Central and Southern Asia,2018.0,3
Bhutan,2018.0,1
Solomon Islands,2018.0,1
Cape Verde,2018.0,1
Western Asia,2018.0,1
Chad,2018.0,1
Europe,2018.0,2
Comoros,2018.0,1
Congo,2018.0,1
Cook Islands,2018.0,1
Costa Rica,2018.0,1
Least Developed Countries (LDCs),2018.0,20
Sub-Saharan Africa,2018.0,17
Benin,2018.0,1
Ethiopia,2018.0,1
Haiti,2018.0,1
Cote d'Ivoire,2018.0,1
Kosovo,2018.0,1
Latin America and the Caribbean,2018.0,3
Liberia,2018.0,1
Landlocked developing countries (LLDCs),2018.0,10
Moldova,2018.0,1
Europe and North America,2018.0,2
Nepal,2018.0,1
Oceania (exc. Australia and New Zealand),2018.0,5
Palau,2018.0,1
Papua New Guinea,2018.0,1
Paraguay,2018.0,1
Philippines,2018.0,1
Timor-Leste,2018.0,1
Sao Tome and Principe,2018.0,1
Senegal,2018.0,1
Sierra Leone,2018.0,1
Vietnam,2018.0,1
Zimbabwe,2018.0,1
Small island developing States (SIDS),2018.0,10
Sudan,2018.0,1
Northern Africa and Western Asia,2018.0,3
Eastern and South-Eastern Asia,2018.0,3
Uganda,2018.0,1
Egypt,2018.0,1
Samoa,2018.0,1
Yemen,2018.0,1
