country,year,value
Andorra,2017.0,0
Azerbaijan,2017.0,0
Bangladesh,2014.0,0
Bermuda,2017.0,18.80878
Bhutan,2017.0,1
Brazil,2015.0,0.83249
British Virgin Islands,2005.0,0
Belarus,2017.0,0
Cape Verde,2015.0,0
Cuba,2017.0,3.13868
Ecuador,2012.0,2.74255
Greece,2015.0,2.57192
Israel,2015.0,4.36776
Japan,2016.0,0.40306
Kazakhstan,2017.0,0
Jordan,2015.0,0
South Korea,2016.0,0.79992
Lebanon,2012.0,10.97938
Liechtenstein,2017.0,16.5467
Madagascar,2007.0,3.48129
Mauritius,2017.0,2.92574
Marshall Islands,2007.0,6
Anguilla,2008.0,0
Serbia,2015.0,0
Singapore,2017.0,0
Zimbabwe,2017.0,0.46644
Thailand,2017.0,2.75124
Togo,2012.0,1.77665
United Arab Emirates,2017.0,2.71802
Tunisia,2004.0,0.0547
Ukraine,2017.0,0.07275
Tanzania,2015.0,1.756
United States,2015.0,8.91764
Uruguay,2000.0,0
Samoa,2017.0,0.99676
