country,year,value
World,2000.0,3239982.0
World,2001.0,3435604.0
World,2002.0,4324592.0
World,2003.0,4365460.0
World,2004.0,4460832.0
World,2005.0,4573879.0
World,2006.0,6821453.0
World,2007.0,7989388.0
World,2008.0,8326042.0
World,2009.0,9961316.0
World,2010.0,11023479.0
World,2011.0,11068644.0
World,2012.0,15138850.0
World,2013.0,15430436.0
World,2014.0,16871885.0
World,2015.0,17928347.0
World,2016.0,19762004.0
World,2017.0,22211571.0
World,2018.0,24128257.0
World,2019.0,24336268.0
Albania,2018.0,249.72048
Algeria,2018.0,39.79346
American Samoa,2018.0,35140.29919
Angola,2018.0,23.09871
Antigua and Barbuda,2018.0,326.63473
Azerbaijan,2018.0,36.47849
Argentina,2018.0,114088.80059
Australia,2018.0,3002884.76721
Bahamas,2018.0,46468.31969
Bahrain,2018.0,7.51602
Bangladesh,2018.0,4432.66525
Barbados,2018.0,295.69388
Australia and New Zealand,2000.0,406339.75248
Australia and New Zealand,2001.0,490840.34212
Australia and New Zealand,2002.0,577926.27101
Australia and New Zealand,2003.0,577982.80096
Australia and New Zealand,2004.0,578063.94861
Australia and New Zealand,2005.0,582202.35936
Australia and New Zealand,2006.0,588403.76038
Australia and New Zealand,2007.0,1708460.29437
Australia and New Zealand,2008.0,1708981.73764
Australia and New Zealand,2009.0,1736037.35354
Australia and New Zealand,2010.0,1736755.59362
Australia and New Zealand,2011.0,1742209.43022
Australia and New Zealand,2012.0,4474271.0099
Australia and New Zealand,2013.0,4482167.31118
Australia and New Zealand,2014.0,4484089.98755
Australia and New Zealand,2015.0,4484107.21973
Australia and New Zealand,2016.0,4484364.50482
Australia and New Zealand,2017.0,4484364.54513
Australia and New Zealand,2018.0,4484364.8951
Australia and New Zealand,2019.0,4484364.8951
Belgium,2018.0,1264.61992
Bermuda,2018.0,0.25409
Central and Southern Asia,2000.0,66012.10829
Central and Southern Asia,2001.0,66349.21051
Central and Southern Asia,2002.0,66351.16628
Central and Southern Asia,2003.0,66354.53428
Central and Southern Asia,2004.0,66361.19077
Central and Southern Asia,2005.0,66372.99473
Central and Southern Asia,2006.0,66391.55806
Central and Southern Asia,2007.0,66391.55806
Central and Southern Asia,2008.0,66391.55806
Central and Southern Asia,2009.0,66471.59347
Central and Southern Asia,2010.0,66681.22377
Central and Southern Asia,2011.0,66797.53628
Central and Southern Asia,2012.0,66800.74332
Central and Southern Asia,2013.0,66800.74332
Central and Southern Asia,2014.0,68520.47058
Central and Southern Asia,2015.0,68520.47058
Central and Southern Asia,2016.0,68520.47058
Central and Southern Asia,2017.0,68520.47058
Central and Southern Asia,2018.0,68520.47058
Central and Southern Asia,2019.0,68520.47058
Bouvet Island,2017.0,0.0
Brazil,2018.0,965144.73248
Belize,2018.0,6493.87646
British Indian Ocean Territory,2018.0,636893.76591
Solomon Islands,2018.0,1546.05034
British Virgin Islands,2018.0,138.20864
Brunei,2018.0,3.95467
Bulgaria,2018.0,2858.79032
Myanmar,2018.0,2462.94263
Cambodia,2018.0,260.13605
Cameroon,2018.0,2961.33649
Canada,2018.0,166003.21068
Cape Verde,2018.0,5.39227
Cayman Islands,2018.0,92.41895
Sri Lanka,2018.0,330.60848
Chile,2018.0,1519523.76494
China,2018.0,13140.1879
Christmas Island,2018.0,0.74882
Cocos Islands,2018.0,26.13114
Colombia,2018.0,95971.38705
Comoros,2018.0,3959.36988
Mayotte,2018.0,62893.83564
Congo,2018.0,5732.10716
Democratic Republic of Congo,2018.0,31.15827
Cook Islands,2018.0,1957543.46549
Costa Rica,2018.0,14876.90468
Croatia,2018.0,4780.05297
Cuba,2018.0,17828.53094
Cyprus,2018.0,120.68059
Least Developed Countries (LDCs),2000.0,28734.51566
Least Developed Countries (LDCs),2001.0,28868.39442
Least Developed Countries (LDCs),2002.0,29120.34316
Least Developed Countries (LDCs),2003.0,29271.53854
Least Developed Countries (LDCs),2004.0,33827.56553
Least Developed Countries (LDCs),2005.0,33966.32184
Least Developed Countries (LDCs),2006.0,433131.10448
Least Developed Countries (LDCs),2007.0,436433.49554
Least Developed Countries (LDCs),2008.0,439121.52148
Least Developed Countries (LDCs),2009.0,439561.77466
Least Developed Countries (LDCs),2010.0,454053.61263
Least Developed Countries (LDCs),2011.0,454697.30841
Least Developed Countries (LDCs),2012.0,467711.2267
Least Developed Countries (LDCs),2013.0,468437.98406
Least Developed Countries (LDCs),2014.0,471217.50421
Least Developed Countries (LDCs),2015.0,471221.50274
Least Developed Countries (LDCs),2016.0,473305.73982
Least Developed Countries (LDCs),2017.0,481056.82752
Least Developed Countries (LDCs),2018.0,481056.82752
Least Developed Countries (LDCs),2019.0,481056.82752
Sub-Saharan Africa,2000.0,241014.31219
Sub-Saharan Africa,2001.0,241129.23787
Sub-Saharan Africa,2002.0,241611.79965
Sub-Saharan Africa,2003.0,242882.87845
Sub-Saharan Africa,2004.0,249735.83934
Sub-Saharan Africa,2005.0,250861.87053
Sub-Saharan Africa,2006.0,913975.81123
Sub-Saharan Africa,2007.0,917328.83368
Sub-Saharan Africa,2008.0,917916.91146
Sub-Saharan Africa,2009.0,927690.16089
Sub-Saharan Africa,2010.0,1632225.66412
Sub-Saharan Africa,2011.0,1635194.06544
Sub-Saharan Africa,2012.0,1691360.14649
Sub-Saharan Africa,2013.0,1861110.3865
Sub-Saharan Africa,2014.0,1861111.69535
Sub-Saharan Africa,2015.0,2305817.35629
Sub-Saharan Africa,2016.0,2305817.5369
Sub-Saharan Africa,2017.0,2363626.8295
Sub-Saharan Africa,2018.0,2364805.02502
Sub-Saharan Africa,2019.0,2403327.97361
Denmark,2018.0,17982.70667
Dominica,2018.0,30.75181
Dominican Republic,2018.0,44786.26808
Ecuador,2018.0,143215.38249
El Salvador,2018.0,634.81171
Equatorial Guinea,2018.0,1547.96429
Estonia,2018.0,6743.1744
Faeroe Islands,2018.0,68.99338
Falkland Islands,2018.0,39587.79547
South Georgia and the South Sandwich Islands,2018.0,1233041.85517
Fiji,2018.0,11781.04946
Finland,2018.0,9783.46914
France,2018.0,165559.40616
French Guiana,2018.0,1354.49021
French Polynesia,2018.0,0.19969
French Southern Territories,2018.0,0.0
Djibouti,2018.0,435.65625
Gabon,2018.0,50087.93684
Georgia,2018.0,152.86405
Gambia,2018.0,25.49226
Germany,2018.0,25606.31324
Ghana,2018.0,0.09034
Gibraltar,2018.0,176.50188
Kiribati,2018.0,408299.62259
Greece,2018.0,22265.26614
Greenland,2018.0,103093.58421
Grenada,2018.0,207.91153
Guadeloupe,2018.0,90455.10685
Guam,2018.0,49153.41468
Guatemala,2018.0,4932.38011
Guinea,2018.0,579.6094
Guyana,2018.0,17.29281
Heard Island and McDonald Islands,2018.0,70544.96625
Honduras,2018.0,19467.4765
Hong Kong,2018.0,0.0
Iceland,2018.0,2876.36526
India,2018.0,2444.04736
Indonesia,2018.0,180590.45754
Iran,2018.0,1532.31261
Ireland,2018.0,9956.86899
Israel,2018.0,9.9201
Italy,2018.0,47066.7086
Cote d'Ivoire,2018.0,8.38915
Jamaica,2018.0,1850.12991
Japan,2018.0,94269.62422
Kazakhstan,2018.0,56582.01227
Jordan,2018.0,0.0
Kenya,2018.0,848.12848
North Korea,2018.0,5.19309
Korea,2018.0,8929.75266
Kuwait,2018.0,211.93749
Latin America and the Caribbean,2000.0,313558.10071
Latin America and the Caribbean,2001.0,320457.69618
Latin America and the Caribbean,2002.0,323424.90369
Latin America and the Caribbean,2003.0,328427.03416
Latin America and the Caribbean,2004.0,375305.97663
Latin America and the Caribbean,2005.0,473919.34657
Latin America and the Caribbean,2006.0,475498.54483
Latin America and the Caribbean,2007.0,479860.27552
Latin America and the Caribbean,2008.0,494767.52897
Latin America and the Caribbean,2009.0,513106.99456
Latin America and the Caribbean,2010.0,810341.19463
Latin America and the Caribbean,2011.0,820629.30372
Latin America and the Caribbean,2012.0,2064288.26035
Latin America and the Caribbean,2013.0,2103918.44517
Latin America and the Caribbean,2014.0,2115528.04179
Latin America and the Caribbean,2015.0,2177870.56641
Latin America and the Caribbean,2016.0,2981968.9599
Latin America and the Caribbean,2017.0,3181707.48452
Latin America and the Caribbean,2018.0,5011538.57363
Latin America and the Caribbean,2019.0,5180747.52349
Lebanon,2018.0,40.73087
Latvia,2018.0,4678.86828
Liberia,2018.0,136.427
Landlocked developing countries (LLDCs),2000.0,58569.34465
Landlocked developing countries (LLDCs),2001.0,58569.34465
Landlocked developing countries (LLDCs),2002.0,58569.34465
Landlocked developing countries (LLDCs),2003.0,58569.49894
Landlocked developing countries (LLDCs),2004.0,58569.49894
Landlocked developing countries (LLDCs),2005.0,58573.82398
Landlocked developing countries (LLDCs),2006.0,58573.82398
Landlocked developing countries (LLDCs),2007.0,58573.82398
Landlocked developing countries (LLDCs),2008.0,58573.82398
Landlocked developing countries (LLDCs),2009.0,58573.82398
Landlocked developing countries (LLDCs),2010.0,58573.82398
Landlocked developing countries (LLDCs),2011.0,58573.82398
Landlocked developing countries (LLDCs),2012.0,58573.82398
Landlocked developing countries (LLDCs),2013.0,58573.82398
Landlocked developing countries (LLDCs),2014.0,58573.82398
Landlocked developing countries (LLDCs),2015.0,58573.82398
Landlocked developing countries (LLDCs),2016.0,58573.82398
Landlocked developing countries (LLDCs),2017.0,58573.82398
Landlocked developing countries (LLDCs),2018.0,58573.82398
Landlocked developing countries (LLDCs),2019.0,58573.82398
Libya,2018.0,0.0
Lithuania,2018.0,1518.51224
Madagascar,2018.0,12950.08163
Malaysia,2018.0,1585.34281
Maldives,2018.0,673.04424
Malta,2018.0,4137.84254
Martinique,2018.0,47309.98273
Mauritania,2018.0,6444.72162
Mauritius,2018.0,43.70628
Mexico,2018.0,695842.60961
Monaco,2018.0,283.31706
Montenegro,2018.0,0.0909
Morocco,2018.0,684.37135
Mozambique,2018.0,12741.54977
Oman,2018.0,652.37857
Europe and North America,2000.0,1884997.56783
Europe and North America,2001.0,1957518.5329
Europe and North America,2002.0,2748439.05505
Europe and North America,2003.0,2762011.96977
Europe and North America,2004.0,2794549.58554
Europe and North America,2005.0,2802728.19774
Europe and North America,2006.0,3966493.35401
Europe and North America,2007.0,3979436.52279
Europe and North America,2008.0,4276446.73969
Europe and North America,2009.0,4283157.91778
Europe and North America,2010.0,4330989.0565
Europe and North America,2011.0,4357142.36608
Europe and North America,2012.0,4371819.16176
Europe and North America,2013.0,4388646.62254
Europe and North America,2014.0,4508956.48699
Europe and North America,2015.0,4550509.42977
Europe and North America,2016.0,4622636.27122
Europe and North America,2017.0,4838605.267
Europe and North America,2018.0,4898838.50487
Europe and North America,2019.0,4898925.28469
Namibia,2018.0,9596.38754
Netherlands,2018.0,17308.26911
Curacao,2018.0,11.58515
Aruba,2018.0,0.02635
Sint Maarten (Dutch part),2018.0,43.18328
Bonaire Sint Eustatius and Saba,2018.0,0.0
New Caledonia,2018.0,1307952.86671
Oceania (exc. Australia and New Zealand),2000.0,151048.63041
Oceania (exc. Australia and New Zealand),2001.0,156672.28293
Oceania (exc. Australia and New Zealand),2002.0,160837.351
Oceania (exc. Australia and New Zealand),2003.0,165042.4145
Oceania (exc. Australia and New Zealand),2004.0,168920.3061
Oceania (exc. Australia and New Zealand),2005.0,169170.645
Oceania (exc. Australia and New Zealand),2006.0,570639.82651
Oceania (exc. Australia and New Zealand),2007.0,571800.2403
Oceania (exc. Australia and New Zealand),2008.0,587126.7717
Oceania (exc. Australia and New Zealand),2009.0,2103087.74656
Oceania (exc. Australia and New Zealand),2010.0,2112350.32716
Oceania (exc. Australia and New Zealand),2011.0,2112366.86198
Oceania (exc. Australia and New Zealand),2012.0,2112405.39289
Oceania (exc. Australia and New Zealand),2013.0,2114879.86312
Oceania (exc. Australia and New Zealand),2014.0,3399989.82272
Oceania (exc. Australia and New Zealand),2015.0,3902531.45856
Oceania (exc. Australia and New Zealand),2016.0,4738615.09534
Oceania (exc. Australia and New Zealand),2017.0,6698565.21103
Oceania (exc. Australia and New Zealand),2018.0,6698571.2026
Oceania (exc. Australia and New Zealand),2019.0,6698571.2026
Vanuatu,2018.0,541.37637
New Zealand,2018.0,1222306.97217
Nicaragua,2018.0,33981.9238
Nigeria,2018.0,43.57905
Niue,2018.0,4.36042
Norfolk Island,2018.0,188601.3095
Norway,2018.0,7585.31589
Northern Mariana Islands,2018.0,0.0
United States Minor Outlying Islands,2018.0,1266860.04591
Micronesia (region),2018.0,472.11783
Marshall Islands,2018.0,7205.03136
Palau,2018.0,604201.4807
Pakistan,2018.0,570.44717
Panama,2018.0,6263.75845
Papua New Guinea,2018.0,4384.04828
Peru,2018.0,4014.1785
Philippines,2018.0,21084.21695
Pitcairn,2018.0,836085.54616
Poland,2018.0,7237.03917
Portugal,2018.0,72228.55043
Guinea-Bissau,2018.0,9433.12618
Timor-Leste,2018.0,970.03325
Puerto Rico,2018.0,3145.45542
Qatar,2018.0,529.71319
Reunion,2018.0,40.65128
Romania,2018.0,6815.70387
Russia,2018.0,239475.44053
Saint Barthlemy,2018.0,4222.56648
Saint Helena,2018.0,448524.20403
Saint Kitts and Nevis,2018.0,410.37037
Anguilla,2018.0,27.05156
Saint Lucia,2018.0,376.84307
Saint Martin (French part),2018.0,0.0
Saint Pierre and Miquelon,2018.0,7.02505
Saint Vincent and the Grenadines,2018.0,80.72171
Sao Tome and Principe,2018.0,37.48243
Saudi Arabia,2018.0,16111.95896
Senegal,2018.0,1741.4436
Seychelles,2018.0,208700.97548
Sierra Leone,2018.0,0.17698
Singapore,2018.0,0.09988
Vietnam,2018.0,16168.32356
Slovenia,2018.0,163.93706
South Africa,2018.0,213996.48978
Small island developing States (SIDS),2000.0,383985.57219
Small island developing States (SIDS),2001.0,388094.09219
Small island developing States (SIDS),2002.0,394295.4889
Small island developing States (SIDS),2003.0,398698.70617
Small island developing States (SIDS),2004.0,434895.76888
Small island developing States (SIDS),2005.0,435318.53924
Small island developing States (SIDS),2006.0,836941.45896
Small island developing States (SIDS),2007.0,838121.79151
Small island developing States (SIDS),2008.0,855390.72506
Small island developing States (SIDS),2009.0,1127536.73499
Small island developing States (SIDS),2010.0,1143697.62113
Small island developing States (SIDS),2011.0,1143869.35234
Small island developing States (SIDS),2012.0,1152060.05187
Small island developing States (SIDS),2013.0,1155264.24872
Small island developing States (SIDS),2014.0,2441665.71903
Small island developing States (SIDS),2015.0,2987916.02458
Small island developing States (SIDS),2016.0,2990929.61751
Small island developing States (SIDS),2017.0,4951367.1266
Small island developing States (SIDS),2018.0,4951395.51945
Small island developing States (SIDS),2019.0,4951395.51945
Spain,2018.0,128063.45245
Sudan,2018.0,2070.82044
Western Sahara,2018.0,3690.18708
Suriname,2018.0,3300.07501
Svalbard and Jan Mayen,2018.0,82299.87792
Northern Africa and Western Asia,2000.0,25770.86504
Northern Africa and Western Asia,2001.0,25933.01657
Northern Africa and Western Asia,2002.0,25933.18369
Northern Africa and Western Asia,2003.0,27966.48428
Northern Africa and Western Asia,2004.0,28186.21815
Northern Africa and Western Asia,2005.0,28278.99521
Northern Africa and Western Asia,2006.0,30012.3374
Northern Africa and Western Asia,2007.0,33997.894
Northern Africa and Western Asia,2008.0,35225.94169
Northern Africa and Western Asia,2009.0,37364.99985
Northern Africa and Western Asia,2010.0,37838.6247
Northern Africa and Western Asia,2011.0,37839.08325
Northern Africa and Western Asia,2012.0,38279.83584
Northern Africa and Western Asia,2013.0,38290.05034
Northern Africa and Western Asia,2014.0,38601.19391
Northern Africa and Western Asia,2015.0,38601.19391
Northern Africa and Western Asia,2016.0,40803.63426
Northern Africa and Western Asia,2017.0,40803.63426
Northern Africa and Western Asia,2018.0,40803.63426
Northern Africa and Western Asia,2019.0,40803.63426
Sweden,2018.0,23854.68152
Eastern and South-Eastern Asia,2000.0,144687.69542
Eastern and South-Eastern Asia,2001.0,147346.13596
Eastern and South-Eastern Asia,2002.0,150641.76459
Eastern and South-Eastern Asia,2003.0,165365.10302
Eastern and South-Eastern Asia,2004.0,170280.09941
Eastern and South-Eastern Asia,2005.0,170915.33096
Eastern and South-Eastern Asia,2006.0,179931.29046
Eastern and South-Eastern Asia,2007.0,196348.8824
Eastern and South-Eastern Asia,2008.0,203420.95899
Eastern and South-Eastern Asia,2009.0,255012.05825
Eastern and South-Eastern Asia,2010.0,255731.84926
Eastern and South-Eastern Asia,2011.0,255896.86535
Eastern and South-Eastern Asia,2012.0,259674.65377
Eastern and South-Eastern Asia,2013.0,302843.7876
Eastern and South-Eastern Asia,2014.0,320932.00073
Eastern and South-Eastern Asia,2015.0,323885.19019
Eastern and South-Eastern Asia,2016.0,327543.73969
Eastern and South-Eastern Asia,2017.0,334533.73537
Eastern and South-Eastern Asia,2018.0,344291.8314
Eastern and South-Eastern Asia,2019.0,344291.8314
Syria,2018.0,0.0
Thailand,2018.0,4821.5662
Togo,2018.0,0.0
Tokelau,2018.0,398.53311
Tonga,2018.0,332.49597
Trinidad and Tobago,2018.0,124.41501
United Arab Emirates,2018.0,6141.43128
Tunisia,2018.0,966.11543
Turkey,2018.0,294.45582
Turkmenistan,2018.0,1955.33321
Turks and Caicos Islands,2018.0,3594.32519
Tuvalu,2018.0,212.48687
Ukraine,2018.0,2067.51405
Egypt,2018.0,7802.37571
United Kingdom,2018.0,194682.07774
Guernsey,2018.0,1496.31355
Jersey,2018.0,339.62785
Isle of Man,2018.0,0.0
Tanzania,2018.0,5641.11765
United States,2018.0,3518345.24631
United States Virgin Islands,2018.0,369.44319
Uruguay,2018.0,1887.86715
Venezuela,2018.0,7871.17958
Samoa,2018.0,2.32267
Yemen,2018.0,1236.32776
