country,year,value
World,2020.0,16.37
Afghanistan,2001.0,1.9
Afghanistan,2006.0,1.6
Afghanistan,2007.0,1.74
Afghanistan,2008.0,1.74
Afghanistan,2009.0,2.13
Afghanistan,2010.0,2.37
Afghanistan,2011.0,2.52
Afghanistan,2012.0,2.41
Afghanistan,2013.0,2.85
Afghanistan,2014.0,2.98
Afghanistan,2015.0,2.85
Afghanistan,2016.0,2.78
Afghanistan,2017.0,2.41
Afghanistan,2018.0,2.97
Afghanistan,2019.0,2.13
Afghanistan,2020.0,2.54
Albania,2000.0,13.82
Albania,2001.0,13.1
Albania,2002.0,11.7
Albania,2003.0,11.86
Albania,2004.0,11.91
Albania,2006.0,11.84
Albania,2007.0,11.95
Albania,2009.0,12.3
Albania,2010.0,12.35
Albania,2011.0,12.22
Albania,2012.0,12.68
Albania,2013.0,12.77
Albania,2016.0,12.16
Albania,2018.0,21.58
Albania,2019.0,16.47
Albania,2020.0,18.75
Oceania,2020.0,30.15
Algeria,2002.0,11.1
Algeria,2005.0,10.24
Algeria,2007.0,11.96
Algeria,2016.0,18.33
Algeria,2018.0,17.19
Northern Africa,2020.0,8.98
Andorra,2000.0,25.69
Andorra,2001.0,26.0
Andorra,2002.0,29.0
Andorra,2003.0,33.33
Andorra,2004.0,31.32
Andorra,2005.0,32.32
Andorra,2006.0,30.12
Andorra,2007.0,30.11
Andorra,2009.0,31.48
Andorra,2015.0,33.33
Northern America,2020.0,25.93
Angola,2004.0,0.62
Angola,2009.0,1.31
Angola,2017.0,2.15
Angola,2018.0,2.14
Antigua and Barbuda,2007.0,17.14
Antigua and Barbuda,2008.0,5.27
Antigua and Barbuda,2017.0,27.67
Eastern Asia,2020.0,22.8
Azerbaijan,2000.0,35.74
Azerbaijan,2001.0,35.48
Azerbaijan,2002.0,35.62
Azerbaijan,2003.0,35.51
Azerbaijan,2004.0,35.57
Azerbaijan,2005.0,35.82
Azerbaijan,2006.0,35.65
Azerbaijan,2007.0,37.12
Azerbaijan,2008.0,36.84
Azerbaijan,2009.0,36.75
Azerbaijan,2010.0,36.63
Azerbaijan,2011.0,34.38
Azerbaijan,2012.0,34.9
Azerbaijan,2013.0,34.56
Azerbaijan,2014.0,34.46
Azerbaijan,2015.0,33.73
Azerbaijan,2016.0,33.06
Azerbaijan,2017.0,32.37
Azerbaijan,2018.0,32.65
Azerbaijan,2019.0,31.68
Argentina,2001.0,32.48
Argentina,2004.0,31.86
Argentina,2013.0,39.39
Argentina,2015.0,39.9
Argentina,2016.0,40.01
Argentina,2017.0,39.9
Argentina,2019.0,40.69
Argentina,2020.0,40.6
Southern Asia,2020.0,8.06
South-Eastern Asia,2020.0,8.06
Australia,2000.0,24.94
Australia,2001.0,25.73
Australia,2002.0,25.72
Australia,2003.0,26.41
Australia,2004.0,27.15
Australia,2005.0,27.79
Australia,2006.0,28.34
Australia,2007.0,29.95
Australia,2008.0,30.06
Australia,2009.0,31.09
Australia,2010.0,33.43
Australia,2011.0,32.88
Australia,2012.0,32.86
Australia,2013.0,33.53
Australia,2014.0,34.31
Australia,2015.0,34.89
Australia,2016.0,35.67
Australia,2017.0,36.78
Australia,2018.0,37.6
Australia,2019.0,38.5
Australia,2020.0,41.29
Austria,2000.0,38.49
Austria,2001.0,39.62
Austria,2002.0,40.34
Austria,2003.0,41.17
Austria,2004.0,42.1
Austria,2005.0,43.36
Austria,2006.0,44.68
Austria,2007.0,45.53
Austria,2008.0,46.17
Austria,2009.0,47.06
Austria,2010.0,48.02
Austria,2011.0,48.4
Austria,2012.0,48.86
Austria,2013.0,49.74
Austria,2014.0,50.36
Austria,2015.0,51.04
Austria,2016.0,51.23
Austria,2017.0,51.7
Austria,2018.0,52.11
Austria,2019.0,52.73
Austria,2020.0,52.93
Bahamas,2008.0,27.55
Bahamas,2011.0,23.08
Bahamas,2017.0,19.39
Bahrain,2000.0,10.2
Bahrain,2001.0,10.64
Bahrain,2002.0,10.77
Bahrain,2003.0,10.48
Bahrain,2004.0,9.68
Bahrain,2005.0,10.44
Bahrain,2006.0,10.14
Bahrain,2007.0,10.16
Bahrain,2008.0,9.9
Bahrain,2009.0,9.7
Bahrain,2010.0,9.49
Bahrain,2011.0,9.45
Bahrain,2012.0,9.57
Bahrain,2013.0,9.54
Bahrain,2014.0,9.57
Bahrain,2015.0,9.26
Bangladesh,2001.0,2.5
Bangladesh,2003.0,2.71
Bangladesh,2004.0,2.81
Bangladesh,2005.0,3.08
Bangladesh,2006.0,3.17
Bangladesh,2007.0,3.29
Bangladesh,2008.0,3.42
Bangladesh,2009.0,3.54
Bangladesh,2010.0,3.64
Bangladesh,2011.0,3.84
Bangladesh,2012.0,4.0
Bangladesh,2013.0,4.22
Bangladesh,2014.0,4.89
Bangladesh,2015.0,4.86
Bangladesh,2016.0,4.97
Bangladesh,2017.0,5.43
Bangladesh,2018.0,5.81
Bangladesh,2019.0,6.37
Bangladesh,2020.0,6.67
Armenia,2000.0,27.01
Armenia,2001.0,26.19
Armenia,2002.0,25.63
Armenia,2003.0,24.56
Armenia,2004.0,24.6
Armenia,2005.0,25.64
Armenia,2006.0,25.9
Armenia,2007.0,26.72
Armenia,2008.0,27.43
Armenia,2009.0,27.68
Armenia,2010.0,28.42
Armenia,2011.0,28.68
Armenia,2012.0,28.97
Armenia,2013.0,29.03
Armenia,2014.0,28.93
Armenia,2015.0,29.14
Armenia,2017.0,44.02
Barbados,2000.0,13.44
Barbados,2001.0,15.41
Barbados,2005.0,17.7
Barbados,2017.0,24.88
Belgium,2000.0,28.2
Belgium,2001.0,28.4
Belgium,2002.0,28.5
Belgium,2003.0,28.45
Belgium,2004.0,28.52
Belgium,2005.0,28.52
Belgium,2006.0,28.66
Belgium,2007.0,28.86
Belgium,2008.0,29.02
Belgium,2009.0,29.08
Belgium,2010.0,29.09
Belgium,2011.0,29.22
Belgium,2012.0,29.39
Belgium,2013.0,29.59
Belgium,2014.0,29.72
Belgium,2015.0,30.14
Belgium,2016.0,30.68
Belgium,2017.0,30.71
Belgium,2018.0,31.15
Belgium,2019.0,31.5
Belgium,2020.0,60.79
Bhutan,2004.0,1.85
Bhutan,2007.0,2.17
Bhutan,2008.0,2.55
Bhutan,2012.0,2.77
Bhutan,2013.0,2.86
Bhutan,2014.0,3.39
Bhutan,2015.0,3.45
Bhutan,2016.0,4.06
Bhutan,2017.0,4.02
Bhutan,2018.0,4.24
Bhutan,2019.0,4.6
Bhutan,2020.0,4.99
Bolivia,2001.0,12.04
Bolivia,2007.0,3.32
Bolivia,2010.0,4.39
Bolivia,2011.0,4.67
Bolivia,2016.0,15.9
Bolivia,2017.0,10.3
Bosnia and Herzegovina,2000.0,14.55
Bosnia and Herzegovina,2001.0,14.5
Bosnia and Herzegovina,2002.0,14.48
Bosnia and Herzegovina,2003.0,14.78
Bosnia and Herzegovina,2004.0,15.09
Bosnia and Herzegovina,2005.0,15.33
Bosnia and Herzegovina,2006.0,15.75
Bosnia and Herzegovina,2007.0,16.43
Bosnia and Herzegovina,2008.0,16.71
Bosnia and Herzegovina,2009.0,17.38
Bosnia and Herzegovina,2010.0,17.99
Bosnia and Herzegovina,2011.0,18.79
Bosnia and Herzegovina,2012.0,19.49
Bosnia and Herzegovina,2013.0,20.36
Bosnia and Herzegovina,2014.0,21.33
Bosnia and Herzegovina,2015.0,21.62
Botswana,2000.0,3.04
Botswana,2001.0,3.05
Botswana,2002.0,3.14
Botswana,2003.0,3.03
Botswana,2004.0,4.05
Botswana,2005.0,2.59
Botswana,2006.0,3.22
Botswana,2007.0,3.78
Botswana,2008.0,3.74
Botswana,2009.0,3.55
Botswana,2010.0,4.12
Botswana,2011.0,4.06
Botswana,2012.0,4.02
Botswana,2016.0,3.84
Botswana,2018.0,3.78
Brazil,2011.0,18.49
Brazil,2013.0,18.82
Brazil,2017.0,21.65
Brazil,2019.0,23.11
Belize,2000.0,10.15
Belize,2009.0,7.66
Belize,2012.0,11.45
Belize,2017.0,11.23
Belize,2018.0,10.78
Solomon Islands,2003.0,1.34
Solomon Islands,2005.0,1.89
Solomon Islands,2008.0,1.77
Solomon Islands,2011.0,2.01
Solomon Islands,2012.0,1.55
Solomon Islands,2013.0,1.87
Solomon Islands,2016.0,1.94
Brunei,2000.0,10.08
Brunei,2002.0,11.53
Brunei,2004.0,12.88
Brunei,2005.0,10.68
Brunei,2006.0,10.78
Brunei,2007.0,10.48
Brunei,2008.0,14.87
Brunei,2009.0,11.59
Brunei,2010.0,14.49
Brunei,2011.0,15.44
Brunei,2012.0,14.94
Brunei,2013.0,16.22
Brunei,2014.0,15.11
Brunei,2015.0,17.81
Brunei,2017.0,16.09
Bulgaria,2000.0,34.42
Bulgaria,2001.0,34.28
Bulgaria,2002.0,35.2
Bulgaria,2003.0,36.04
Bulgaria,2004.0,35.39
Bulgaria,2005.0,36.65
Bulgaria,2006.0,36.81
Bulgaria,2007.0,36.8
Bulgaria,2008.0,36.49
Bulgaria,2009.0,37.4
Bulgaria,2010.0,37.66
Bulgaria,2011.0,38.47
Bulgaria,2012.0,39.0
Bulgaria,2013.0,39.63
Bulgaria,2014.0,39.75
Bulgaria,2015.0,40.33
Bulgaria,2018.0,42.07
Myanmar,2004.0,3.66
Myanmar,2005.0,3.8
Myanmar,2006.0,4.16
Myanmar,2007.0,4.39
Myanmar,2008.0,4.75
Myanmar,2009.0,4.88
Myanmar,2010.0,5.22
Myanmar,2011.0,5.51
Myanmar,2012.0,5.8
Myanmar,2016.0,6.2
Myanmar,2017.0,8.64
Myanmar,2018.0,6.77
Myanmar,2019.0,7.37
Burundi,2004.0,0.28
Burundi,2010.0,0.48
Burundi,2011.0,0.4
Burundi,2012.0,0.54
Burundi,2013.0,0.58
Burundi,2014.0,0.62
Burundi,2015.0,0.5
Burundi,2017.0,1.0
Burundi,2018.0,0.97
Burundi,2020.0,0.72
Belarus,2000.0,33.0
Belarus,2011.0,47.61
Belarus,2012.0,48.35
Belarus,2013.0,48.53
Belarus,2014.0,50.12
Belarus,2015.0,51.91
Belarus,2016.0,43.95
Belarus,2017.0,44.48
Belarus,2018.0,44.99
Belarus,2019.0,45.38
Cambodia,2000.0,1.68
Cambodia,2008.0,2.44
Cambodia,2009.0,2.38
Cambodia,2010.0,2.3
Cambodia,2011.0,2.26
Cambodia,2012.0,1.65
Cambodia,2014.0,1.93
Cameroon,2004.0,1.81
Cameroon,2005.0,0.59
Cameroon,2007.0,0.7
Cameroon,2009.0,0.68
Cameroon,2010.0,0.84
Cameroon,2011.0,0.88
Cameroon,2018.0,1.29
Canada,2018.0,24.25
Canada,2019.0,24.43
Cape Verde,2009.0,5.16
Cape Verde,2010.0,5.93
Cape Verde,2011.0,5.85
Cape Verde,2012.0,5.15
Cape Verde,2013.0,6.02
Cape Verde,2015.0,7.81
Cape Verde,2016.0,7.68
Cape Verde,2018.0,8.31
Central African Republic,2004.0,0.84
Central African Republic,2008.0,0.41
Central African Republic,2009.0,0.47
Central African Republic,2015.0,0.72
Central African Republic,2018.0,0.72
Central Asia,2020.0,27.34
Sri Lanka,2000.0,4.24
Sri Lanka,2001.0,4.43
Sri Lanka,2004.0,5.41
Sri Lanka,2005.0,5.22
Sri Lanka,2006.0,5.22
Sri Lanka,2007.0,5.56
Sri Lanka,2008.0,6.24
Sri Lanka,2009.0,6.83
Sri Lanka,2010.0,7.24
Sri Lanka,2011.0,7.39
Sri Lanka,2012.0,7.65
Sri Lanka,2013.0,7.98
Sri Lanka,2014.0,8.36
Sri Lanka,2015.0,8.62
Sri Lanka,2016.0,8.93
Sri Lanka,2017.0,9.28
Sri Lanka,2018.0,10.04
Sri Lanka,2019.0,11.54
Sri Lanka,2020.0,12.29
Western Asia,2020.0,19.57
Chad,2000.0,0.28
Chad,2004.0,0.35
Chad,2006.0,0.35
Chad,2012.0,0.41
Chad,2013.0,0.43
Chad,2014.0,0.45
Chad,2015.0,0.49
Chad,2016.0,0.37
Chad,2017.0,0.43
Chad,2018.0,0.52
Chad,2019.0,0.54
Chad,2020.0,0.61
Europe,2020.0,39.36
Chile,2002.0,8.92
Chile,2003.0,9.47
Chile,2004.0,9.84
Chile,2005.0,9.8
Chile,2006.0,10.4
Chile,2007.0,10.37
Chile,2008.0,10.39
Chile,2009.0,10.29
Chile,2010.0,14.33
Chile,2011.0,15.85
Chile,2012.0,17.47
Chile,2013.0,18.81
Chile,2014.0,20.28
Chile,2015.0,21.47
Chile,2016.0,22.94
Chile,2017.0,24.41
Chile,2018.0,25.91
Chile,2019.0,26.61
Chile,2020.0,28.35
China,2000.0,12.36
China,2001.0,12.54
China,2002.0,11.13
China,2003.0,11.6
China,2004.0,11.9
China,2005.0,12.13
China,2006.0,12.47
China,2007.0,12.68
China,2008.0,13.17
China,2009.0,13.92
China,2010.0,14.33
China,2011.0,14.6
China,2012.0,15.37
China,2013.0,16.33
China,2014.0,16.88
China,2015.0,17.73
China,2016.0,18.65
China,2017.0,19.8
China,2018.0,20.97
China,2019.0,22.27
Colombia,2000.0,12.47
Colombia,2001.0,12.72
Colombia,2002.0,13.03
Colombia,2003.0,13.34
Colombia,2004.0,13.73
Colombia,2005.0,14.15
Colombia,2006.0,14.52
Colombia,2007.0,14.94
Colombia,2008.0,15.45
Colombia,2009.0,16.0
Colombia,2010.0,16.49
Colombia,2011.0,17.13
Colombia,2012.0,17.74
Colombia,2013.0,18.43
Colombia,2014.0,19.18
Colombia,2015.0,19.74
Colombia,2016.0,20.34
Colombia,2017.0,21.06
Colombia,2018.0,21.85
Colombia,2019.0,22.52
Colombia,2020.0,23.27
Comoros,2004.0,1.93
Comoros,2005.0,1.9
Comoros,2009.0,1.9
Comoros,2012.0,1.7
Comoros,2018.0,2.64
Congo,2004.0,2.15
Congo,2006.0,2.09
Congo,2007.0,1.04
Congo,2010.0,1.16
Congo,2011.0,1.65
Congo,2016.0,1.06
Congo,2018.0,1.04
Democratic Republic of Congo,2009.0,0.93
Democratic Republic of Congo,2013.0,0.9
Democratic Republic of Congo,2018.0,3.75
Cook Islands,2001.0,7.78
Cook Islands,2004.0,10.58
Cook Islands,2009.0,12.9
Cook Islands,2014.0,14.12
Costa Rica,2000.0,13.13
Costa Rica,2006.0,20.42
Costa Rica,2007.0,20.91
Costa Rica,2008.0,21.58
Costa Rica,2009.0,22.18
Costa Rica,2010.0,23.06
Costa Rica,2011.0,23.72
Costa Rica,2012.0,24.58
Costa Rica,2013.0,25.42
Costa Rica,2014.0,26.43
Costa Rica,2015.0,27.32
Costa Rica,2016.0,28.44
Costa Rica,2017.0,29.53
Costa Rica,2018.0,28.94
Costa Rica,2020.0,33.01
Croatia,2000.0,23.57
Croatia,2001.0,23.94
Croatia,2002.0,24.09
Croatia,2003.0,24.65
Croatia,2004.0,25.3
Croatia,2005.0,25.35
Croatia,2006.0,25.74
Croatia,2007.0,27.05
Croatia,2008.0,27.11
Croatia,2009.0,27.21
Croatia,2010.0,28.43
Croatia,2011.0,28.96
Croatia,2012.0,29.73
Croatia,2013.0,30.18
Croatia,2014.0,31.26
Croatia,2015.0,31.73
Croatia,2016.0,32.09
Croatia,2017.0,33.2
Croatia,2018.0,33.86
Croatia,2019.0,34.65
Cuba,2000.0,59.32
Cuba,2001.0,59.41
Cuba,2002.0,59.89
Cuba,2003.0,60.57
Cuba,2004.0,61.97
Cuba,2005.0,62.69
Cuba,2006.0,63.48
Cuba,2007.0,64.36
Cuba,2008.0,66.35
Cuba,2009.0,66.7
Cuba,2010.0,68.15
Cuba,2011.0,69.97
Cuba,2012.0,72.9
Cuba,2013.0,74.18
Cuba,2014.0,75.67
Cuba,2015.0,77.69
Cuba,2016.0,79.54
Cuba,2017.0,82.95
Cuba,2018.0,84.2
Cyprus,2000.0,19.08
Cyprus,2001.0,19.15
Cyprus,2002.0,18.78
Cyprus,2003.0,18.62
Cyprus,2004.0,19.12
Cyprus,2005.0,18.97
Cyprus,2006.0,18.37
Cyprus,2007.0,20.15
Cyprus,2008.0,20.51
Cyprus,2009.0,21.06
Cyprus,2010.0,21.56
Cyprus,2011.0,22.48
Cyprus,2012.0,22.96
Cyprus,2013.0,24.08
Cyprus,2014.0,24.99
Cyprus,2015.0,26.24
Cyprus,2016.0,19.51
Cyprus,2017.0,28.19
Cyprus,2018.0,29.8
Cyprus,2019.0,31.44
Sub-Saharan Africa,2020.0,2.31
Czechia,2000.0,33.63
Czechia,2001.0,34.29
Czechia,2002.0,34.87
Czechia,2003.0,35.12
Czechia,2004.0,35.07
Czechia,2005.0,35.47
Czechia,2006.0,35.53
Czechia,2007.0,35.54
Czechia,2008.0,35.42
Czechia,2009.0,35.61
Czechia,2010.0,35.74
Czechia,2011.0,36.13
Czechia,2012.0,36.5
Czechia,2013.0,36.63
Czechia,2014.0,39.35
Czechia,2015.0,39.52
Czechia,2016.0,40.19
Czechia,2017.0,40.68
Czechia,2018.0,40.24
Czechia,2019.0,40.6
Czechia,2020.0,41.53
Benin,2004.0,0.4
Benin,2008.0,0.62
Benin,2010.0,0.56
Benin,2011.0,0.58
Benin,2016.0,0.48
Benin,2018.0,0.79
Benin,2019.0,0.65
Denmark,2000.0,29.12
Denmark,2001.0,29.33
Denmark,2002.0,30.38
Denmark,2003.0,30.83
Denmark,2004.0,32.28
Denmark,2005.0,33.33
Denmark,2006.0,34.19
Denmark,2007.0,34.53
Denmark,2008.0,35.77
Denmark,2009.0,36.49
Denmark,2010.0,37.21
Denmark,2011.0,37.81
Denmark,2012.0,38.24
Denmark,2013.0,38.34
Denmark,2014.0,38.63
Denmark,2015.0,39.26
Denmark,2016.0,40.1
Denmark,2017.0,41.32
Denmark,2018.0,42.25
Dominica,2001.0,17.79
Dominica,2017.0,11.19
Dominica,2018.0,11.03
Dominican Republic,2000.0,18.5
Dominican Republic,2008.0,10.98
Dominican Republic,2011.0,15.27
Dominican Republic,2018.0,14.1
Dominican Republic,2019.0,14.52
Ecuador,2000.0,14.46
Ecuador,2001.0,15.44
Ecuador,2002.0,15.67
Ecuador,2003.0,14.97
Ecuador,2009.0,15.98
Ecuador,2010.0,21.11
Ecuador,2011.0,16.58
Ecuador,2015.0,20.65
Ecuador,2016.0,20.37
Ecuador,2017.0,22.2
El Salvador,2002.0,13.31
El Salvador,2005.0,17.11
El Salvador,2008.0,18.82
El Salvador,2016.0,15.66
El Salvador,2018.0,28.7
Equatorial Guinea,2004.0,2.13
Equatorial Guinea,2017.0,4.02
Ethiopia,2003.0,0.27
Ethiopia,2004.0,0.27
Ethiopia,2005.0,0.32
Ethiopia,2006.0,0.27
Ethiopia,2007.0,0.22
Ethiopia,2008.0,0.25
Ethiopia,2009.0,0.25
Ethiopia,2018.0,0.77
Ethiopia,2020.0,1.06
Eritrea,2000.0,0.44
Eritrea,2001.0,0.4
Eritrea,2002.0,0.53
Eritrea,2003.0,0.4
Eritrea,2004.0,0.52
Eritrea,2005.0,0.43
Eritrea,2006.0,0.46
Eritrea,2007.0,0.41
Eritrea,2008.0,0.41
Eritrea,2009.0,0.41
Eritrea,2010.0,0.41
Eritrea,2011.0,0.42
Eritrea,2012.0,0.47
Eritrea,2013.0,0.52
Eritrea,2014.0,0.62
Eritrea,2015.0,0.63
Eritrea,2016.0,0.67
Eritrea,2017.0,0.66
Eritrea,2018.0,0.81
Eritrea,2019.0,0.71
Eritrea,2020.0,0.82
Estonia,2000.0,29.38
Estonia,2001.0,27.76
Estonia,2002.0,29.57
Estonia,2003.0,29.92
Estonia,2004.0,30.21
Estonia,2005.0,31.4
Estonia,2006.0,31.76
Estonia,2007.0,32.51
Estonia,2008.0,33.35
Estonia,2009.0,32.77
Estonia,2010.0,32.42
Estonia,2011.0,32.93
Estonia,2012.0,32.82
Estonia,2013.0,33.32
Estonia,2014.0,33.56
Estonia,2015.0,34.15
Estonia,2016.0,34.55
Estonia,2017.0,34.63
Estonia,2018.0,34.81
Estonia,2019.0,34.72
Fiji,2003.0,4.66
Fiji,2008.0,3.99
Fiji,2009.0,4.36
Fiji,2013.0,8.16
Fiji,2015.0,8.6
Finland,2000.0,24.93
Finland,2001.0,24.94
Finland,2002.0,25.21
Finland,2003.0,25.57
Finland,2004.0,25.84
Finland,2005.0,29.91
Finland,2006.0,30.26
Finland,2007.0,30.35
Finland,2008.0,30.62
Finland,2009.0,30.86
Finland,2010.0,32.65
Finland,2011.0,32.64
Finland,2012.0,32.85
Finland,2013.0,32.97
Finland,2014.0,33.92
Finland,2015.0,33.31
Finland,2016.0,45.34
Finland,2017.0,45.89
Finland,2018.0,46.4
France,2000.0,33.55
France,2001.0,33.87
France,2002.0,34.11
France,2003.0,34.24
France,2004.0,34.4
France,2005.0,34.41
France,2006.0,34.36
France,2007.0,34.19
France,2008.0,34.16
France,2009.0,33.69
France,2010.0,33.74
France,2011.0,31.49
France,2012.0,31.64
France,2013.0,31.81
France,2014.0,31.94
France,2015.0,32.07
France,2016.0,32.21
France,2017.0,32.39
France,2018.0,32.4
France,2019.0,32.74
Djibouti,2004.0,1.67
Djibouti,2005.0,1.79
Djibouti,2006.0,2.33
Djibouti,2014.0,2.24
Gabon,2004.0,2.92
Gabon,2008.0,0.97
Gabon,2016.0,3.56
Gabon,2017.0,6.82
Gabon,2018.0,6.46
Georgia,2000.0,38.37
Georgia,2001.0,37.16
Georgia,2002.0,38.07
Georgia,2003.0,38.27
Georgia,2004.0,38.01
Georgia,2005.0,38.16
Georgia,2006.0,38.68
Georgia,2007.0,39.03
Georgia,2008.0,40.0
Georgia,2009.0,42.22
Georgia,2010.0,44.47
Georgia,2011.0,45.0
Georgia,2012.0,44.87
Georgia,2013.0,45.15
Georgia,2014.0,47.75
Georgia,2015.0,50.06
Georgia,2016.0,59.97
Georgia,2017.0,61.3
Georgia,2018.0,71.2
Georgia,2019.0,70.78
Georgia,2020.0,51.09
Gambia,2003.0,1.08
Gambia,2004.0,1.11
Gambia,2005.0,1.08
Gambia,2006.0,1.1
Gambia,2007.0,0.97
Gambia,2008.0,1.04
Gambia,2015.0,1.02
Gambia,2017.0,1.14
Gambia,2018.0,1.31
Gambia,2019.0,1.07
Gambia,2020.0,0.82
Germany,2000.0,32.79
Germany,2001.0,33.29
Germany,2002.0,33.6
Germany,2003.0,33.9
Germany,2004.0,34.1
Germany,2005.0,34.31
Germany,2006.0,34.75
Germany,2007.0,35.29
Germany,2008.0,35.86
Germany,2009.0,36.64
Germany,2010.0,37.57
Germany,2011.0,38.49
Germany,2012.0,39.2
Germany,2013.0,40.09
Germany,2014.0,40.85
Germany,2015.0,41.34
Germany,2016.0,41.94
Germany,2017.0,42.49
Germany,2018.0,43.0
Germany,2019.0,43.72
Germany,2020.0,44.35
Ghana,2004.0,1.52
Ghana,2007.0,0.73
Ghana,2008.0,0.79
Ghana,2009.0,0.84
Ghana,2010.0,0.94
Ghana,2011.0,0.98
Ghana,2012.0,0.96
Ghana,2013.0,1.03
Ghana,2014.0,1.11
Ghana,2015.0,1.17
Ghana,2016.0,1.27
Ghana,2017.0,0.92
Ghana,2018.0,1.48
Ghana,2019.0,1.06
Ghana,2020.0,1.7
Kiribati,2008.0,2.53
Kiribati,2010.0,3.98
Kiribati,2011.0,1.43
Kiribati,2013.0,2.04
Greece,2005.0,49.49
Greece,2006.0,53.28
Greece,2007.0,55.94
Greece,2008.0,57.29
Greece,2009.0,58.7
Greece,2010.0,58.81
Greece,2011.0,59.23
Greece,2012.0,59.21
Greece,2013.0,59.34
Greece,2014.0,59.72
Greece,2015.0,59.91
Greece,2016.0,62.15
Greece,2017.0,61.73
Greece,2018.0,62.26
Greece,2019.0,63.07
Grenada,2000.0,5.64
Grenada,2001.0,5.62
Grenada,2002.0,5.6
Grenada,2003.0,5.58
Grenada,2006.0,6.58
Grenada,2017.0,14.07
Grenada,2018.0,14.36
Guatemala,2009.0,9.04
Guatemala,2017.0,2.8
Guatemala,2018.0,3.55
Guatemala,2020.0,12.41
Guinea,2000.0,0.93
Guinea,2004.0,1.11
Guinea,2005.0,1.03
Guinea,2014.0,1.65
Guinea,2015.0,0.86
Guinea,2016.0,0.83
Guinea,2018.0,2.25
Guyana,2000.0,4.9
Guyana,2009.0,2.15
Guyana,2010.0,6.87
Guyana,2018.0,18.19
Guyana,2020.0,14.24
Haiti,2011.0,1.38
Haiti,2013.0,2.3
Haiti,2015.0,0.85
Haiti,2018.0,2.34
Honduras,2000.0,5.59
Honduras,2005.0,3.59
Honduras,2010.0,2.95
Honduras,2016.0,5.98
Honduras,2017.0,3.09
Honduras,2020.0,5.0
Hungary,2000.0,26.8
Hungary,2001.0,28.89
Hungary,2002.0,31.92
Hungary,2003.0,32.43
Hungary,2004.0,33.35
Hungary,2005.0,27.82
Hungary,2006.0,30.41
Hungary,2007.0,28.12
Hungary,2008.0,31.05
Hungary,2009.0,30.4
Hungary,2010.0,28.9
Hungary,2011.0,29.81
Hungary,2012.0,31.06
Hungary,2013.0,32.28
Hungary,2014.0,33.44
Hungary,2015.0,31.18
Hungary,2016.0,32.31
Hungary,2017.0,33.45
Hungary,2018.0,34.08
Hungary,2019.0,35.25
Hungary,2020.0,60.64
Iceland,2000.0,34.52
Iceland,2001.0,35.0
Iceland,2002.0,36.07
Iceland,2003.0,36.35
Iceland,2004.0,36.28
Iceland,2005.0,36.34
Iceland,2006.0,36.54
Iceland,2007.0,36.89
Iceland,2008.0,37.18
Iceland,2009.0,36.76
Iceland,2010.0,35.65
Iceland,2011.0,34.56
Iceland,2012.0,35.07
Iceland,2013.0,35.7
Iceland,2014.0,36.31
Iceland,2015.0,37.83
Iceland,2016.0,38.89
Iceland,2017.0,39.77
Iceland,2018.0,40.78
Iceland,2019.0,41.42
India,2018.0,6.86
India,2020.0,7.35
Indonesia,2003.0,1.34
Indonesia,2009.0,1.45
Indonesia,2010.0,1.4
Indonesia,2012.0,2.01
Indonesia,2015.0,2.74
Indonesia,2017.0,3.77
Indonesia,2018.0,4.24
Indonesia,2019.0,4.65
Indonesia,2020.0,6.23
Iran,2004.0,8.82
Iran,2005.0,8.87
Iran,2006.0,5.36
Iran,2014.0,15.04
Iran,2015.0,11.53
Iran,2017.0,11.29
Iran,2018.0,15.84
Iraq,2010.0,6.64
Iraq,2014.0,10.36
Iraq,2016.0,8.54
Iraq,2017.0,8.38
Iraq,2018.0,7.08
Iraq,2020.0,9.66
Ireland,2000.0,22.3
Ireland,2001.0,23.86
Ireland,2002.0,24.17
Ireland,2003.0,25.8
Ireland,2004.0,27.45
Ireland,2005.0,35.43
Ireland,2006.0,36.64
Ireland,2007.0,38.99
Ireland,2008.0,40.14
Ireland,2009.0,40.39
Ireland,2010.0,41.33
Ireland,2011.0,40.94
Ireland,2012.0,39.42
Ireland,2013.0,39.35
Ireland,2014.0,30.32
Ireland,2015.0,31.52
Ireland,2016.0,32.32
Ireland,2017.0,32.95
Ireland,2018.0,33.13
Ireland,2019.0,33.52
Ireland,2020.0,34.9
Israel,2000.0,37.99
Israel,2001.0,38.15
Israel,2002.0,38.29
Israel,2003.0,38.31
Israel,2004.0,37.95
Israel,2005.0,37.37
Israel,2006.0,36.81
Israel,2007.0,36.18
Israel,2008.0,35.51
Israel,2009.0,35.33
Israel,2010.0,35.11
Israel,2011.0,35.12
Israel,2012.0,35.0
Israel,2013.0,34.79
Israel,2014.0,34.61
Israel,2015.0,34.63
Israel,2016.0,34.64
Israel,2017.0,34.79
Israel,2018.0,35.3
Israel,2019.0,35.78
Israel,2020.0,36.26
Italy,2000.0,34.59
Italy,2001.0,35.13
Italy,2002.0,35.58
Italy,2003.0,36.15
Italy,2004.0,36.81
Italy,2005.0,37.02
Italy,2006.0,36.99
Italy,2007.0,37.75
Italy,2008.0,37.81
Italy,2009.0,37.9
Italy,2010.0,38.16
Italy,2011.0,38.85
Italy,2012.0,38.51
Italy,2013.0,39.04
Italy,2014.0,39.05
Italy,2015.0,38.48
Italy,2016.0,39.5
Italy,2017.0,39.81
Italy,2018.0,39.64
Italy,2019.0,39.96
Italy,2020.0,39.48
Cote d'Ivoire,2004.0,1.16
Cote d'Ivoire,2005.0,0.93
Cote d'Ivoire,2008.0,1.4
Cote d'Ivoire,2011.0,1.53
Cote d'Ivoire,2014.0,2.31
Cote d'Ivoire,2018.0,3.85
Cote d'Ivoire,2019.0,1.62
Jamaica,2003.0,8.32
Jamaica,2008.0,3.97
Jamaica,2012.0,3.54
Jamaica,2013.0,4.68
Jamaica,2014.0,3.8
Jamaica,2015.0,4.15
Jamaica,2016.0,4.55
Jamaica,2018.0,5.27
Japan,2000.0,19.24
Japan,2002.0,19.7
Japan,2004.0,20.23
Japan,2006.0,20.75
Japan,2008.0,21.39
Japan,2010.0,22.06
Japan,2012.0,22.74
Japan,2014.0,23.41
Japan,2016.0,24.12
Japan,2018.0,24.8
Kazakhstan,2000.0,32.8
Kazakhstan,2001.0,34.4
Kazakhstan,2002.0,35.83
Kazakhstan,2003.0,36.17
Kazakhstan,2004.0,35.91
Kazakhstan,2005.0,36.04
Kazakhstan,2006.0,36.98
Kazakhstan,2007.0,36.55
Kazakhstan,2008.0,37.16
Kazakhstan,2009.0,37.81
Kazakhstan,2010.0,39.28
Kazakhstan,2011.0,39.48
Kazakhstan,2012.0,39.11
Kazakhstan,2013.0,39.51
Kazakhstan,2014.0,39.8
Kazakhstan,2015.0,39.68
Kazakhstan,2016.0,41.84
Kazakhstan,2017.0,39.9
Kazakhstan,2018.0,39.78
Kazakhstan,2019.0,39.91
Kazakhstan,2020.0,40.71
Jordan,2000.0,18.69
Jordan,2001.0,20.37
Jordan,2002.0,22.03
Jordan,2003.0,22.77
Jordan,2004.0,20.43
Jordan,2005.0,22.39
Jordan,2006.0,22.91
Jordan,2007.0,24.43
Jordan,2008.0,22.23
Jordan,2009.0,21.29
Jordan,2010.0,22.33
Jordan,2013.0,21.95
Jordan,2014.0,22.04
Jordan,2015.0,28.08
Jordan,2017.0,23.24
Jordan,2019.0,26.61
Kenya,2002.0,1.34
Kenya,2008.0,1.66
Kenya,2009.0,1.69
Kenya,2010.0,1.7
Kenya,2011.0,1.75
Kenya,2012.0,1.83
Kenya,2013.0,1.91
Kenya,2014.0,1.96
Kenya,2018.0,1.57
North Korea,2003.0,31.69
North Korea,2008.0,32.88
North Korea,2012.0,34.46
North Korea,2014.0,35.06
North Korea,2016.0,37.01
North Korea,2017.0,36.83
South Korea,2000.0,12.85
South Korea,2001.0,13.78
South Korea,2002.0,14.78
South Korea,2003.0,15.55
South Korea,2004.0,15.52
South Korea,2005.0,16.09
South Korea,2006.0,16.71
South Korea,2007.0,17.23
South Korea,2008.0,18.41
South Korea,2009.0,19.19
South Korea,2010.0,19.84
South Korea,2011.0,20.36
South Korea,2012.0,20.8
South Korea,2013.0,21.63
South Korea,2014.0,22.07
South Korea,2015.0,22.49
South Korea,2016.0,23.04
South Korea,2017.0,23.61
South Korea,2018.0,24.08
South Korea,2019.0,24.84
Kuwait,2006.0,14.54
Kuwait,2007.0,18.81
Kuwait,2008.0,18.81
Kuwait,2009.0,18.93
Kuwait,2010.0,24.3
Kuwait,2011.0,24.56
Kuwait,2012.0,24.66
Kuwait,2013.0,25.33
Kuwait,2014.0,26.52
Kuwait,2015.0,26.46
Kuwait,2020.0,23.42
Kyrgyzstan,2000.0,28.04
Kyrgyzstan,2001.0,26.96
Kyrgyzstan,2002.0,25.86
Kyrgyzstan,2003.0,25.74
Kyrgyzstan,2004.0,25.61
Kyrgyzstan,2005.0,25.17
Kyrgyzstan,2006.0,24.49
Kyrgyzstan,2007.0,23.58
Kyrgyzstan,2008.0,23.53
Kyrgyzstan,2009.0,23.41
Kyrgyzstan,2010.0,23.39
Kyrgyzstan,2011.0,22.86
Kyrgyzstan,2012.0,22.62
Kyrgyzstan,2013.0,22.61
Kyrgyzstan,2014.0,22.13
Laos,2000.0,2.85
Laos,2004.0,3.53
Laos,2005.0,2.81
Laos,2009.0,1.97
Laos,2012.0,1.8
Laos,2013.0,4.49
Laos,2014.0,4.95
Laos,2017.0,3.73
Laos,2020.0,3.54
Latin America and the Caribbean,2020.0,23.7
Lebanon,2001.0,28.83
Lebanon,2006.0,24.71
Lebanon,2007.0,23.46
Lebanon,2010.0,23.39
Lebanon,2011.0,26.2
Lebanon,2013.0,22.49
Lebanon,2014.0,20.74
Lebanon,2015.0,21.03
Lebanon,2016.0,20.12
Lebanon,2017.0,20.26
Lebanon,2018.0,21.04
Lebanon,2019.0,22.07
Lesotho,2003.0,0.44
Lesotho,2010.0,0.69
Lesotho,2018.0,4.73
Latvia,2000.0,28.6
Latvia,2001.0,26.63
Latvia,2002.0,27.62
Latvia,2003.0,28.09
Latvia,2004.0,28.98
Latvia,2005.0,29.43
Latvia,2006.0,30.2
Latvia,2007.0,31.46
Latvia,2008.0,32.42
Latvia,2009.0,31.49
Latvia,2010.0,30.76
Latvia,2011.0,30.84
Latvia,2012.0,30.91
Latvia,2013.0,31.41
Latvia,2014.0,31.72
Latvia,2015.0,31.66
Latvia,2016.0,31.89
Latvia,2017.0,31.91
Latvia,2018.0,33.02
Latvia,2019.0,32.8
Latvia,2020.0,34.05
Liberia,2004.0,0.33
Liberia,2008.0,0.14
Liberia,2009.0,0.24
Liberia,2010.0,0.23
Liberia,2015.0,0.38
Liberia,2018.0,0.51
Libya,2004.0,12.38
Libya,2008.0,18.43
Libya,2009.0,19.58
Libya,2014.0,20.58
Libya,2015.0,18.94
Libya,2017.0,20.91
Lithuania,2000.0,36.24
Lithuania,2001.0,36.28
Lithuania,2002.0,37.01
Lithuania,2003.0,36.7
Lithuania,2004.0,36.22
Lithuania,2005.0,36.96
Lithuania,2006.0,37.53
Lithuania,2007.0,38.51
Lithuania,2008.0,38.64
Lithuania,2009.0,38.49
Lithuania,2010.0,39.14
Lithuania,2011.0,40.24
Lithuania,2012.0,41.38
Lithuania,2013.0,42.04
Lithuania,2014.0,42.51
Lithuania,2015.0,42.99
Lithuania,2016.0,44.34
Lithuania,2017.0,45.29
Lithuania,2018.0,45.98
Lithuania,2019.0,46.27
Lithuania,2020.0,50.76
Luxembourg,2000.0,21.51
Luxembourg,2001.0,22.17
Luxembourg,2002.0,22.7
Luxembourg,2003.0,24.01
Luxembourg,2004.0,24.57
Luxembourg,2005.0,25.99
Luxembourg,2006.0,26.16
Luxembourg,2007.0,27.23
Luxembourg,2008.0,27.36
Luxembourg,2009.0,27.17
Luxembourg,2010.0,27.68
Luxembourg,2011.0,27.61
Luxembourg,2012.0,28.05
Luxembourg,2013.0,28.33
Luxembourg,2014.0,28.89
Luxembourg,2015.0,29.22
Luxembourg,2016.0,29.05
Luxembourg,2017.0,30.07
Madagascar,2002.0,1.36
Madagascar,2003.0,1.48
Madagascar,2004.0,1.56
Madagascar,2005.0,1.8
Madagascar,2006.0,1.71
Madagascar,2007.0,1.81
Madagascar,2008.0,1.86
Madagascar,2009.0,1.81
Madagascar,2010.0,1.95
Madagascar,2011.0,1.44
Madagascar,2012.0,1.43
Madagascar,2013.0,1.53
Madagascar,2014.0,1.81
Madagascar,2018.0,1.99
Malawi,2004.0,0.22
Malawi,2008.0,0.19
Malawi,2009.0,0.19
Malawi,2013.0,0.13
Malawi,2016.0,0.31
Malawi,2018.0,1.52
Malawi,2020.0,0.5
Malaysia,2000.0,6.73
Malaysia,2002.0,7.21
Malaysia,2003.0,7.37
Malaysia,2004.0,7.24
Malaysia,2005.0,7.83
Malaysia,2006.0,8.37
Malaysia,2007.0,8.88
Malaysia,2008.0,9.22
Malaysia,2009.0,11.01
Malaysia,2010.0,11.69
Malaysia,2011.0,12.78
Malaysia,2012.0,13.32
Malaysia,2013.0,15.92
Malaysia,2014.0,15.26
Malaysia,2015.0,15.36
Malaysia,2016.0,16.32
Malaysia,2017.0,18.59
Malaysia,2018.0,19.4
Malaysia,2019.0,21.15
Malaysia,2020.0,22.86
Maldives,2004.0,9.7
Maldives,2007.0,16.47
Maldives,2009.0,14.88
Maldives,2010.0,14.36
Maldives,2014.0,17.7
Maldives,2017.0,17.49
Maldives,2018.0,17.08
Maldives,2019.0,20.53
Mali,2004.0,0.58
Mali,2005.0,0.64
Mali,2006.0,0.6
Mali,2007.0,0.63
Mali,2008.0,0.66
Mali,2009.0,1.23
Mali,2010.0,1.02
Mali,2011.0,1.18
Mali,2012.0,1.07
Mali,2013.0,1.2
Mali,2014.0,1.03
Mali,2015.0,1.0
Mali,2016.0,1.25
Mali,2017.0,1.21
Mali,2018.0,1.29
Malta,2000.0,26.02
Malta,2001.0,30.81
Malta,2002.0,32.66
Malta,2003.0,31.28
Malta,2008.0,33.55
Malta,2009.0,19.17
Malta,2010.0,21.53
Malta,2011.0,22.38
Malta,2012.0,23.57
Malta,2013.0,24.6
Malta,2014.0,26.59
Malta,2015.0,28.6
Mauritania,2004.0,1.07
Mauritania,2009.0,1.31
Mauritania,2010.0,1.57
Mauritania,2014.0,1.58
Mauritania,2015.0,1.71
Mauritania,2017.0,1.85
Mauritania,2018.0,1.87
Mauritius,2000.0,9.11
Mauritius,2001.0,9.27
Mauritius,2002.0,9.87
Mauritius,2003.0,9.7
Mauritius,2004.0,10.72
Mauritius,2005.0,10.98
Mauritius,2006.0,11.4
Mauritius,2007.0,11.55
Mauritius,2008.0,11.7
Mauritius,2009.0,11.86
Mauritius,2010.0,12.02
Mauritius,2011.0,14.47
Mauritius,2012.0,13.74
Mauritius,2013.0,16.3
Mauritius,2014.0,19.32
Mauritius,2015.0,20.25
Mauritius,2016.0,21.94
Mauritius,2017.0,23.15
Mauritius,2018.0,18.9
Mauritius,2019.0,25.91
Mauritius,2020.0,27.13
Mexico,2000.0,16.27
Mexico,2001.0,15.16
Mexico,2002.0,15.27
Mexico,2003.0,15.79
Mexico,2004.0,16.53
Mexico,2005.0,17.65
Mexico,2006.0,18.81
Mexico,2007.0,19.22
Mexico,2008.0,19.49
Mexico,2009.0,19.79
Mexico,2010.0,19.99
Mexico,2011.0,21.0
Mexico,2012.0,21.12
Mexico,2013.0,21.56
Mexico,2014.0,22.26
Mexico,2015.0,23.25
Mexico,2016.0,23.24
Mexico,2017.0,23.83
Mexico,2018.0,24.25
Mexico,2019.0,24.25
Monaco,2011.0,64.17
Monaco,2012.0,64.38
Monaco,2013.0,77.78
Monaco,2014.0,75.07
Mongolia,2002.0,27.55
Mongolia,2008.0,28.82
Mongolia,2009.0,26.7
Mongolia,2010.0,27.56
Mongolia,2011.0,28.67
Mongolia,2012.0,30.44
Mongolia,2013.0,30.92
Mongolia,2014.0,31.63
Mongolia,2015.0,32.19
Mongolia,2016.0,28.59
Mongolia,2018.0,38.52
Moldova,2000.0,24.55
Moldova,2001.0,22.93
Moldova,2002.0,23.1
Moldova,2003.0,22.82
Moldova,2004.0,21.81
Moldova,2005.0,23.78
Moldova,2006.0,23.77
Moldova,2007.0,23.87
Moldova,2008.0,23.55
Moldova,2009.0,23.91
Moldova,2010.0,23.81
Moldova,2011.0,24.14
Moldova,2012.0,24.14
Moldova,2013.0,25.03
Moldova,2014.0,24.75
Moldova,2015.0,24.84
Moldova,2017.0,32.07
Moldova,2019.0,25.59
Moldova,2020.0,31.03
Montenegro,2000.0,18.84
Montenegro,2001.0,19.13
Montenegro,2002.0,19.01
Montenegro,2003.0,18.55
Montenegro,2004.0,19.36
Montenegro,2005.0,19.52
Montenegro,2006.0,19.92
Montenegro,2007.0,19.9
Montenegro,2008.0,21.12
Montenegro,2009.0,21.03
Montenegro,2010.0,20.44
Montenegro,2011.0,20.13
Montenegro,2012.0,20.39
Montenegro,2013.0,21.52
Montenegro,2014.0,21.86
Montenegro,2015.0,23.76
Montenegro,2016.0,25.76
Montenegro,2017.0,26.43
Montenegro,2018.0,27.56
Montenegro,2019.0,27.2
Montenegro,2020.0,27.4
Morocco,2004.0,5.31
Morocco,2007.0,5.86
Morocco,2009.0,6.48
Morocco,2013.0,6.32
Morocco,2014.0,9.14
Morocco,2017.0,7.31
Mozambique,2004.0,0.26
Mozambique,2006.0,0.26
Mozambique,2009.0,0.46
Mozambique,2010.0,0.49
Mozambique,2011.0,0.52
Mozambique,2012.0,0.55
Mozambique,2013.0,0.57
Mozambique,2017.0,0.76
Mozambique,2018.0,0.84
Mozambique,2019.0,0.85
Mozambique,2020.0,0.85
Oman,2000.0,14.37
Oman,2001.0,14.8
Oman,2002.0,15.14
Oman,2003.0,15.62
Oman,2004.0,15.83
Oman,2005.0,16.65
Oman,2006.0,17.74
Oman,2007.0,18.47
Oman,2008.0,18.88
Oman,2009.0,19.34
Oman,2010.0,19.27
Oman,2011.0,19.46
Oman,2012.0,20.17
Oman,2013.0,20.38
Oman,2014.0,21.48
Oman,2015.0,20.89
Oman,2016.0,19.25
Oman,2017.0,19.57
Oman,2018.0,20.03
Oman,2019.0,19.3
Oman,2020.0,17.74
Namibia,2004.0,3.14
Namibia,2007.0,3.86
Namibia,2017.0,5.91
Namibia,2018.0,5.9
Nauru,2004.0,10.1
Nauru,2008.0,10.1
Nauru,2009.0,10.1
Nauru,2010.0,11.0
Nauru,2011.0,13.86
Nauru,2015.0,13.46
Nepal,2004.0,2.12
Nepal,2012.0,5.16
Nepal,2013.0,5.64
Nepal,2017.0,9.1
Nepal,2018.0,7.49
Nepal,2019.0,8.09
Nepal,2020.0,8.52
Netherlands,2000.0,24.43
Netherlands,2001.0,25.19
Netherlands,2002.0,25.82
Netherlands,2003.0,26.2
Netherlands,2004.0,26.47
Netherlands,2005.0,27.0
Netherlands,2006.0,27.79
Netherlands,2007.0,27.72
Netherlands,2008.0,28.49
Netherlands,2009.0,29.06
Netherlands,2010.0,29.52
Netherlands,2011.0,31.24
Netherlands,2012.0,32.46
Netherlands,2013.0,33.06
Netherlands,2014.0,34.19
Netherlands,2015.0,34.92
Netherlands,2016.0,35.47
Netherlands,2017.0,36.27
Netherlands,2018.0,37.09
Netherlands,2019.0,37.69
Netherlands,2020.0,40.79
Vanuatu,2004.0,1.47
Vanuatu,2007.0,1.19
Vanuatu,2008.0,1.16
Vanuatu,2012.0,1.84
Vanuatu,2016.0,1.65
New Zealand,2000.0,22.32
New Zealand,2001.0,21.73
New Zealand,2002.0,21.18
New Zealand,2003.0,21.78
New Zealand,2004.0,21.92
New Zealand,2005.0,21.05
New Zealand,2006.0,22.71
New Zealand,2007.0,22.93
New Zealand,2008.0,24.53
New Zealand,2009.0,25.69
New Zealand,2010.0,26.11
New Zealand,2011.0,26.33
New Zealand,2012.0,26.78
New Zealand,2013.0,27.82
New Zealand,2014.0,28.6
New Zealand,2015.0,30.3
New Zealand,2016.0,31.52
New Zealand,2017.0,33.3
New Zealand,2018.0,34.21
New Zealand,2019.0,35.15
New Zealand,2020.0,36.18
Nicaragua,2003.0,3.86
Nicaragua,2005.0,5.0
Nicaragua,2006.0,4.92
Nicaragua,2007.0,5.27
Nicaragua,2008.0,6.49
Nicaragua,2009.0,7.03
Nicaragua,2010.0,7.28
Nicaragua,2011.0,8.14
Nicaragua,2012.0,8.61
Nicaragua,2013.0,8.98
Nicaragua,2014.0,8.95
Nicaragua,2015.0,9.31
Nicaragua,2016.0,9.54
Nicaragua,2017.0,9.9
Nicaragua,2018.0,16.65
Niger,2004.0,0.23
Niger,2008.0,0.19
Niger,2009.0,0.28
Niger,2012.0,0.54
Niger,2013.0,0.51
Niger,2014.0,0.27
Niger,2015.0,0.32
Niger,2016.0,0.33
Niger,2017.0,0.22
Niger,2018.0,0.16
Niger,2019.0,0.38
Niger,2020.0,0.35
Nigeria,2003.0,2.65
Nigeria,2005.0,2.82
Nigeria,2006.0,3.48
Nigeria,2007.0,3.78
Nigeria,2008.0,3.76
Nigeria,2009.0,3.78
Nigeria,2013.0,3.83
Nigeria,2016.0,4.49
Nigeria,2018.0,3.81
Niue,2003.0,23.53
Niue,2004.0,23.53
Niue,2006.0,23.53
Niue,2008.0,18.75
Norway,2000.0,33.74
Norway,2001.0,35.33
Norway,2002.0,32.12
Norway,2003.0,32.27
Norway,2004.0,33.96
Norway,2005.0,35.56
Norway,2006.0,37.22
Norway,2007.0,38.36
Norway,2008.0,39.53
Norway,2009.0,40.5
Norway,2010.0,41.17
Norway,2011.0,41.92
Norway,2012.0,42.36
Norway,2013.0,43.06
Norway,2014.0,44.25
Norway,2015.0,44.43
Norway,2016.0,45.68
Norway,2017.0,47.18
Norway,2018.0,48.34
Norway,2019.0,49.4
Norway,2020.0,50.47
Micronesia (country),2000.0,5.96
Micronesia (country),2003.0,5.61
Micronesia (country),2005.0,5.84
Micronesia (country),2008.0,6.18
Micronesia (country),2009.0,1.94
Micronesia (country),2020.0,9.39
Marshall Islands,2007.0,5.54
Marshall Islands,2010.0,5.67
Marshall Islands,2011.0,5.84
Marshall Islands,2012.0,4.23
Palau,2006.0,13.33
Palau,2009.0,15.85
Palau,2010.0,16.11
Palau,2014.0,14.21
Palau,2020.0,17.68
Pakistan,2000.0,6.45
Pakistan,2001.0,6.59
Pakistan,2004.0,7.42
Pakistan,2005.0,7.88
Pakistan,2007.0,7.62
Pakistan,2008.0,7.81
Pakistan,2009.0,7.95
Pakistan,2010.0,8.08
Pakistan,2011.0,8.31
Pakistan,2012.0,8.59
Pakistan,2013.0,8.77
Pakistan,2014.0,8.97
Pakistan,2015.0,9.26
Pakistan,2016.0,9.62
Pakistan,2017.0,10.01
Pakistan,2018.0,9.8
Pakistan,2019.0,11.18
Panama,2001.0,12.44
Panama,2002.0,13.35
Panama,2003.0,13.4
Panama,2004.0,13.22
Panama,2005.0,13.48
Panama,2006.0,13.49
Panama,2007.0,13.03
Panama,2008.0,13.81
Panama,2009.0,13.09
Panama,2010.0,14.06
Panama,2011.0,14.98
Panama,2012.0,15.98
Panama,2013.0,15.82
Panama,2015.0,15.76
Panama,2016.0,15.7
Panama,2017.0,15.86
Panama,2018.0,16.06
Panama,2019.0,16.32
Papua New Guinea,2000.0,0.47
Papua New Guinea,2008.0,0.48
Papua New Guinea,2010.0,0.51
Papua New Guinea,2018.0,0.7
Papua New Guinea,2019.0,0.66
Paraguay,2002.0,11.49
Paraguay,2012.0,12.77
Paraguay,2018.0,13.54
Paraguay,2020.0,10.52
Peru,2007.0,16.65
Peru,2009.0,9.47
Peru,2012.0,11.41
Peru,2016.0,13.05
Peru,2018.0,13.69
Philippines,2000.0,12.19
Philippines,2001.0,12.2
Philippines,2002.0,11.11
Philippines,2003.0,12.26
Philippines,2004.0,11.08
Philippines,2005.0,12.29
Philippines,2006.0,12.36
Philippines,2007.0,12.44
Philippines,2008.0,12.56
Philippines,2009.0,12.63
Philippines,2010.0,12.72
Philippines,2017.0,6.0
Philippines,2020.0,7.73
Poland,2000.0,22.05
Poland,2001.0,22.5
Poland,2002.0,22.88
Poland,2003.0,24.19
Poland,2004.0,22.77
Poland,2005.0,21.27
Poland,2006.0,21.67
Poland,2007.0,21.78
Poland,2008.0,21.48
Poland,2009.0,21.59
Poland,2010.0,21.71
Poland,2011.0,22.0
Poland,2012.0,22.24
Poland,2013.0,22.34
Poland,2014.0,23.02
Poland,2015.0,23.25
Poland,2016.0,24.15
Poland,2017.0,23.79
Poland,2020.0,37.71
Portugal,2000.0,32.03
Portugal,2001.0,32.62
Portugal,2002.0,33.0
Portugal,2003.0,33.5
Portugal,2004.0,34.21
Portugal,2005.0,35.0
Portugal,2006.0,35.65
Portugal,2007.0,36.48
Portugal,2008.0,37.41
Portugal,2009.0,38.48
Portugal,2010.0,39.76
Portugal,2011.0,41.18
Portugal,2012.0,42.36
Portugal,2013.0,43.93
Portugal,2014.0,45.57
Portugal,2015.0,47.49
Portugal,2016.0,49.4
Portugal,2017.0,51.24
Portugal,2018.0,53.12
Portugal,2019.0,54.84
Guinea-Bissau,2004.0,1.43
Guinea-Bissau,2008.0,0.54
Guinea-Bissau,2009.0,0.84
Guinea-Bissau,2011.0,0.64
Guinea-Bissau,2015.0,2.04
Guinea-Bissau,2016.0,1.27
Guinea-Bissau,2018.0,1.7
Guinea-Bissau,2020.0,1.96
Timor,2013.0,6.17
Timor,2014.0,6.82
Timor,2015.0,6.95
Timor,2017.0,7.5
Timor,2018.0,7.22
Timor,2019.0,7.69
Timor,2020.0,7.56
Qatar,2005.0,24.84
Qatar,2006.0,22.62
Qatar,2008.0,32.09
Qatar,2009.0,30.98
Qatar,2010.0,37.27
Qatar,2014.0,17.35
Qatar,2016.0,26.94
Qatar,2018.0,24.85
Romania,2000.0,19.53
Romania,2001.0,19.82
Romania,2002.0,20.96
Romania,2004.0,22.31
Romania,2005.0,22.13
Romania,2006.0,22.1
Romania,2007.0,22.92
Romania,2008.0,24.13
Romania,2009.0,24.41
Romania,2010.0,24.8
Romania,2011.0,25.15
Romania,2012.0,25.89
Romania,2013.0,26.24
Romania,2016.0,22.57
Romania,2017.0,29.81
Russia,2000.0,46.46
Russia,2001.0,46.48
Russia,2002.0,46.99
Russia,2003.0,47.44
Russia,2004.0,47.77
Russia,2005.0,48.05
Russia,2006.0,48.97
Russia,2007.0,49.37
Russia,2008.0,49.13
Russia,2009.0,49.63
Russia,2010.0,49.89
Russia,2011.0,42.3
Russia,2012.0,40.12
Russia,2013.0,39.95
Russia,2014.0,41.27
Russia,2015.0,39.33
Russia,2016.0,39.78
Russia,2017.0,40.76
Russia,2018.0,41.17
Russia,2019.0,41.83
Russia,2020.0,38.19
Rwanda,2013.0,1.02
Rwanda,2014.0,0.91
Rwanda,2015.0,1.13
Rwanda,2016.0,1.23
Rwanda,2017.0,1.38
Rwanda,2018.0,1.34
Rwanda,2019.0,1.18
Saint Kitts and Nevis,2001.0,10.99
Saint Kitts and Nevis,2015.0,26.76
Saint Kitts and Nevis,2018.0,27.67
Saint Lucia,2010.0,16.49
Saint Lucia,2011.0,18.06
Saint Lucia,2012.0,21.39
Saint Lucia,2013.0,24.39
Saint Lucia,2014.0,18.56
Saint Lucia,2017.0,6.41
Saint Vincent and the Grenadines,2000.0,8.26
Saint Vincent and the Grenadines,2001.0,5.75
Saint Vincent and the Grenadines,2004.0,9.31
Saint Vincent and the Grenadines,2010.0,6.65
Saint Vincent and the Grenadines,2012.0,9.41
San Marino,2011.0,48.9
San Marino,2012.0,51.09
San Marino,2013.0,50.31
San Marino,2014.0,61.09
Sao Tome and Principe,2004.0,5.27
Sao Tome and Principe,2015.0,3.16
Sao Tome and Principe,2019.0,4.88
Saudi Arabia,2000.0,7.24
Saudi Arabia,2001.0,6.82
Saudi Arabia,2008.0,20.63
Saudi Arabia,2009.0,20.76
Saudi Arabia,2010.0,24.07
Saudi Arabia,2011.0,24.61
Saudi Arabia,2012.0,24.53
Saudi Arabia,2014.0,25.65
Saudi Arabia,2016.0,23.78
Saudi Arabia,2017.0,25.37
Saudi Arabia,2018.0,26.12
Saudi Arabia,2019.0,27.53
Saudi Arabia,2020.0,27.38
Senegal,2004.0,0.55
Senegal,2008.0,0.62
Senegal,2013.0,3.18
Senegal,2015.0,2.07
Senegal,2016.0,0.77
Senegal,2017.0,0.69
Senegal,2019.0,0.88
Serbia,2003.0,22.11
Serbia,2004.0,22.69
Serbia,2005.0,22.61
Serbia,2006.0,22.86
Serbia,2007.0,23.45
Serbia,2008.0,24.22
Serbia,2009.0,24.47
Serbia,2010.0,24.82
Serbia,2011.0,25.0
Serbia,2012.0,24.96
Serbia,2013.0,24.95
Serbia,2014.0,24.61
Serbia,2015.0,24.6
Serbia,2016.0,31.13
Seychelles,2004.0,13.84
Seychelles,2005.0,11.73
Seychelles,2006.0,8.38
Seychelles,2007.0,10.1
Seychelles,2008.0,7.74
Seychelles,2009.0,11.34
Seychelles,2010.0,10.95
Seychelles,2011.0,11.64
Seychelles,2012.0,10.04
Seychelles,2016.0,21.21
Seychelles,2018.0,24.72
Seychelles,2019.0,22.52
Sierra Leone,2004.0,0.31
Sierra Leone,2008.0,0.16
Sierra Leone,2010.0,0.21
Sierra Leone,2011.0,0.25
Sierra Leone,2018.0,0.74
Singapore,2000.0,13.84
Singapore,2001.0,14.53
Singapore,2002.0,14.69
Singapore,2003.0,15.24
Singapore,2004.0,15.54
Singapore,2005.0,15.82
Singapore,2006.0,15.74
Singapore,2007.0,16.13
Singapore,2008.0,16.42
Singapore,2009.0,16.76
Singapore,2010.0,17.6
Singapore,2011.0,18.33
Singapore,2012.0,19.04
Singapore,2013.0,20.08
Singapore,2014.0,21.23
Singapore,2015.0,22.28
Singapore,2016.0,22.94
Singapore,2017.0,23.45
Singapore,2018.0,23.91
Singapore,2019.0,24.6
Slovakia,2000.0,32.26
Slovakia,2001.0,32.11
Slovakia,2002.0,31.88
Slovakia,2003.0,31.34
Slovakia,2004.0,31.37
Slovakia,2005.0,30.22
Slovakia,2006.0,31.56
Slovakia,2007.0,33.75
Slovakia,2008.0,33.56
Slovakia,2009.0,32.95
Slovakia,2010.0,33.51
Slovakia,2011.0,33.0
Slovakia,2012.0,33.6
Slovakia,2013.0,33.86
Slovakia,2014.0,34.21
Slovakia,2015.0,34.44
Slovakia,2016.0,34.66
Slovakia,2017.0,34.16
Slovakia,2018.0,35.17
Slovakia,2019.0,35.65
Vietnam,2001.0,5.24
Vietnam,2002.0,5.51
Vietnam,2005.0,6.14
Vietnam,2006.0,6.24
Vietnam,2007.0,6.42
Vietnam,2008.0,6.65
Vietnam,2009.0,6.98
Vietnam,2010.0,7.1
Vietnam,2012.0,8.21
Vietnam,2014.0,7.83
Vietnam,2015.0,7.96
Vietnam,2016.0,8.28
Slovenia,2000.0,21.53
Slovenia,2001.0,21.76
Slovenia,2002.0,22.34
Slovenia,2003.0,22.56
Slovenia,2004.0,23.06
Slovenia,2005.0,23.52
Slovenia,2006.0,23.67
Slovenia,2007.0,23.93
Slovenia,2008.0,23.99
Slovenia,2009.0,24.17
Slovenia,2010.0,24.37
Slovenia,2011.0,24.97
Slovenia,2012.0,25.41
Slovenia,2013.0,26.25
Slovenia,2014.0,27.63
Slovenia,2015.0,28.15
Slovenia,2016.0,30.01
Slovenia,2017.0,30.86
Slovenia,2018.0,31.72
Slovenia,2019.0,32.77
Somalia,2006.0,0.28
Somalia,2014.0,0.23
South Africa,2004.0,7.37
South Africa,2016.0,7.68
South Africa,2017.0,7.83
South Africa,2018.0,7.53
South Africa,2019.0,7.92
Zimbabwe,2000.0,1.26
Zimbabwe,2004.0,1.74
Zimbabwe,2005.0,1.26
Zimbabwe,2007.0,0.54
Zimbabwe,2008.0,0.6
Zimbabwe,2009.0,1.21
Zimbabwe,2010.0,1.27
Zimbabwe,2011.0,0.82
Zimbabwe,2012.0,0.81
Zimbabwe,2013.0,0.83
Zimbabwe,2014.0,1.24
Zimbabwe,2015.0,1.82
Zimbabwe,2016.0,1.79
Zimbabwe,2017.0,1.86
Zimbabwe,2018.0,2.1
Zimbabwe,2020.0,1.99
Spain,2000.0,31.16
Spain,2001.0,31.0
Spain,2002.0,30.93
Spain,2003.0,31.93
Spain,2004.0,34.14
Spain,2005.0,35.16
Spain,2006.0,35.98
Spain,2007.0,35.45
Spain,2008.0,35.36
Spain,2009.0,35.81
Spain,2010.0,37.3
Spain,2011.0,38.07
Spain,2012.0,38.0
Spain,2013.0,37.86
Spain,2014.0,37.77
Spain,2015.0,38.27
Spain,2016.0,38.11
Spain,2017.0,38.72
Spain,2018.0,40.3
Spain,2019.0,44.41
South Sudan,2018.0,0.37
Sudan,2004.0,2.5
Sudan,2006.0,3.5
Sudan,2007.0,3.5
Sudan,2008.0,3.27
Sudan,2015.0,4.07
Sudan,2017.0,2.62
Suriname,2000.0,4.06
Suriname,2004.0,8.1
Suriname,2009.0,7.05
Suriname,2015.0,10.46
Suriname,2016.0,11.31
Suriname,2017.0,11.85
Suriname,2018.0,8.19
Eswatini,2001.0,1.77
Eswatini,2003.0,1.56
Eswatini,2004.0,1.67
Eswatini,2009.0,1.64
Eswatini,2011.0,1.02
Eswatini,2016.0,0.96
Eswatini,2017.0,1.85
Eswatini,2018.0,2.45
Eswatini,2020.0,1.42
Sweden,2000.0,30.23
Sweden,2001.0,31.22
Sweden,2002.0,32.15
Sweden,2003.0,32.87
Sweden,2004.0,33.75
Sweden,2005.0,34.52
Sweden,2006.0,35.38
Sweden,2007.0,36.21
Sweden,2008.0,36.76
Sweden,2009.0,37.45
Sweden,2010.0,38.03
Sweden,2011.0,38.82
Sweden,2012.0,39.59
Sweden,2013.0,40.37
Sweden,2014.0,41.12
Sweden,2015.0,41.9
Sweden,2016.0,42.71
Sweden,2017.0,43.34
Sweden,2018.0,44.06
Sweden,2019.0,70.92
Switzerland,2000.0,35.3
Switzerland,2001.0,35.37
Switzerland,2002.0,35.9
Switzerland,2003.0,36.91
Switzerland,2004.0,37.26
Switzerland,2005.0,37.62
Switzerland,2006.0,38.0
Switzerland,2007.0,37.92
Switzerland,2008.0,38.3
Switzerland,2009.0,38.48
Switzerland,2010.0,38.17
Switzerland,2011.0,38.36
Switzerland,2012.0,39.1
Switzerland,2013.0,40.3
Switzerland,2014.0,41.17
Switzerland,2015.0,41.9
Switzerland,2016.0,42.47
Switzerland,2017.0,42.96
Switzerland,2018.0,43.33
Switzerland,2019.0,43.42
Switzerland,2020.0,43.8
Syria,2000.0,13.65
Syria,2002.0,14.68
Syria,2003.0,14.05
Syria,2004.0,14.52
Syria,2005.0,15.38
Syria,2007.0,14.88
Syria,2008.0,14.86
Syria,2009.0,14.11
Syria,2010.0,14.6
Syria,2014.0,15.51
Syria,2016.0,12.87
Tajikistan,2000.0,21.72
Tajikistan,2001.0,21.24
Tajikistan,2002.0,20.41
Tajikistan,2003.0,19.4
Tajikistan,2004.0,19.51
Tajikistan,2005.0,19.55
Tajikistan,2006.0,19.17
Tajikistan,2007.0,18.96
Tajikistan,2008.0,19.29
Tajikistan,2009.0,16.44
Tajikistan,2010.0,16.98
Tajikistan,2011.0,17.21
Tajikistan,2012.0,17.27
Tajikistan,2013.0,17.1
Tajikistan,2014.0,17.23
Thailand,2001.0,2.98
Thailand,2002.0,2.96
Thailand,2004.0,2.91
Thailand,2006.0,2.88
Thailand,2007.0,2.96
Thailand,2008.0,3.16
Thailand,2009.0,3.39
Thailand,2010.0,3.91
Thailand,2015.0,4.65
Thailand,2016.0,4.45
Thailand,2017.0,8.08
Thailand,2018.0,8.05
Thailand,2019.0,9.19
Thailand,2020.0,9.5
Togo,2004.0,0.45
Togo,2007.0,0.49
Togo,2008.0,0.57
Togo,2010.0,0.51
Togo,2015.0,0.49
Togo,2016.0,0.46
Togo,2017.0,0.76
Togo,2018.0,0.77
Togo,2019.0,0.78
Togo,2020.0,0.83
Tonga,2001.0,3.55
Tonga,2002.0,3.03
Tonga,2008.0,5.51
Tonga,2009.0,5.97
Tonga,2010.0,5.58
Tonga,2013.0,5.4
Tonga,2020.0,9.46
Trinidad and Tobago,2000.0,10.06
Trinidad and Tobago,2001.0,9.7
Trinidad and Tobago,2002.0,8.25
Trinidad and Tobago,2003.0,8.09
Trinidad and Tobago,2006.0,12.22
Trinidad and Tobago,2007.0,11.79
Trinidad and Tobago,2009.0,15.08
Trinidad and Tobago,2010.0,18.09
Trinidad and Tobago,2011.0,18.19
Trinidad and Tobago,2015.0,26.5
Trinidad and Tobago,2017.0,33.65
Trinidad and Tobago,2018.0,54.07
Trinidad and Tobago,2019.0,44.76
United Arab Emirates,2000.0,18.02
United Arab Emirates,2001.0,19.83
United Arab Emirates,2002.0,20.03
United Arab Emirates,2003.0,20.76
United Arab Emirates,2004.0,19.18
United Arab Emirates,2005.0,15.19
United Arab Emirates,2006.0,13.3
United Arab Emirates,2007.0,14.05
United Arab Emirates,2008.0,16.41
United Arab Emirates,2009.0,15.18
United Arab Emirates,2010.0,14.2
United Arab Emirates,2011.0,14.37
United Arab Emirates,2012.0,14.77
United Arab Emirates,2013.0,17.41
United Arab Emirates,2014.0,19.95
United Arab Emirates,2015.0,22.11
United Arab Emirates,2016.0,23.71
United Arab Emirates,2017.0,24.36
United Arab Emirates,2018.0,25.28
United Arab Emirates,2019.0,26.01
Tunisia,2000.0,7.67
Tunisia,2001.0,7.93
Tunisia,2002.0,8.07
Tunisia,2003.0,8.23
Tunisia,2004.0,13.3
Tunisia,2005.0,9.32
Tunisia,2007.0,10.24
Tunisia,2008.0,11.07
Tunisia,2010.0,12.22
Tunisia,2014.0,12.77
Tunisia,2015.0,13.11
Tunisia,2016.0,12.83
Tunisia,2017.0,13.03
Turkey,2000.0,13.48
Turkey,2001.0,13.99
Turkey,2002.0,14.11
Turkey,2003.0,14.29
Turkey,2004.0,14.49
Turkey,2005.0,14.85
Turkey,2006.0,15.2
Turkey,2007.0,15.58
Turkey,2008.0,16.07
Turkey,2009.0,16.64
Turkey,2010.0,17.07
Turkey,2011.0,17.16
Turkey,2012.0,17.38
Turkey,2013.0,17.62
Turkey,2014.0,17.56
Turkey,2015.0,17.99
Turkey,2016.0,18.14
Turkey,2017.0,18.49
Turkey,2018.0,18.6
Turkey,2019.0,19.28
Turkmenistan,2000.0,27.48
Turkmenistan,2001.0,27.68
Turkmenistan,2002.0,70.95
Turkmenistan,2003.0,26.65
Turkmenistan,2004.0,26.13
Turkmenistan,2005.0,25.04
Turkmenistan,2006.0,23.92
Turkmenistan,2007.0,23.41
Turkmenistan,2008.0,23.03
Turkmenistan,2009.0,22.91
Turkmenistan,2010.0,22.74
Turkmenistan,2011.0,22.84
Turkmenistan,2012.0,22.38
Turkmenistan,2013.0,22.13
Turkmenistan,2014.0,22.25
Tuvalu,2002.0,6.25
Tuvalu,2003.0,10.31
Tuvalu,2008.0,9.71
Tuvalu,2009.0,11.54
Tuvalu,2014.0,9.09
Tuvalu,2020.0,11.86
Uganda,2004.0,0.82
Uganda,2005.0,1.21
Uganda,2012.0,0.98
Uganda,2015.0,0.95
Uganda,2017.0,1.68
Uganda,2018.0,4.02
Uganda,2020.0,1.54
Ukraine,2000.0,30.3
Ukraine,2001.0,30.28
Ukraine,2002.0,30.19
Ukraine,2003.0,30.1
Ukraine,2004.0,30.16
Ukraine,2005.0,30.18
Ukraine,2006.0,30.84
Ukraine,2007.0,30.89
Ukraine,2008.0,31.18
Ukraine,2009.0,34.9
Ukraine,2010.0,34.83
Ukraine,2011.0,34.84
Ukraine,2012.0,34.91
Ukraine,2013.0,34.97
Ukraine,2014.0,29.92
North Macedonia,2000.0,21.89
North Macedonia,2001.0,21.83
North Macedonia,2002.0,22.32
North Macedonia,2003.0,21.66
North Macedonia,2004.0,21.83
North Macedonia,2005.0,21.32
North Macedonia,2006.0,25.14
North Macedonia,2007.0,24.46
North Macedonia,2008.0,25.95
North Macedonia,2009.0,25.93
North Macedonia,2010.0,26.76
North Macedonia,2011.0,27.26
North Macedonia,2012.0,27.74
North Macedonia,2013.0,27.96
North Macedonia,2015.0,28.74
Egypt,2003.0,5.29
Egypt,2014.0,7.88
Egypt,2015.0,8.22
Egypt,2016.0,8.21
Egypt,2017.0,7.99
Egypt,2018.0,7.69
Egypt,2019.0,7.46
United Kingdom,2000.0,19.91
United Kingdom,2001.0,20.42
United Kingdom,2002.0,21.15
United Kingdom,2003.0,22.04
United Kingdom,2004.0,23.36
United Kingdom,2005.0,24.12
United Kingdom,2006.0,24.59
United Kingdom,2007.0,24.84
United Kingdom,2008.0,25.54
United Kingdom,2009.0,26.28
United Kingdom,2010.0,26.27
United Kingdom,2011.0,26.6
United Kingdom,2012.0,26.67
United Kingdom,2013.0,26.77
United Kingdom,2014.0,27.15
United Kingdom,2015.0,27.47
United Kingdom,2016.0,27.56
United Kingdom,2017.0,27.83
United Kingdom,2018.0,28.04
United Kingdom,2019.0,29.09
United Kingdom,2020.0,30.04
Tanzania,2002.0,0.23
Tanzania,2012.0,0.32
Tanzania,2014.0,0.6
Tanzania,2018.0,0.51
United States,2000.0,25.94
United States,2004.0,27.15
United States,2018.0,26.1
Burkina Faso,2004.0,0.54
Burkina Faso,2008.0,0.32
Burkina Faso,2009.0,0.45
Burkina Faso,2010.0,0.46
Burkina Faso,2011.0,0.39
Burkina Faso,2012.0,0.48
Burkina Faso,2013.0,0.47
Burkina Faso,2014.0,0.49
Burkina Faso,2015.0,0.66
Burkina Faso,2016.0,0.65
Burkina Faso,2017.0,0.85
Burkina Faso,2018.0,0.85
Burkina Faso,2019.0,0.94
Uruguay,2002.0,37.23
Uruguay,2008.0,39.51
Uruguay,2016.0,39.56
Uruguay,2017.0,49.4
Uzbekistan,2000.0,29.63
Uzbekistan,2001.0,29.09
Uzbekistan,2002.0,28.46
Uzbekistan,2003.0,27.82
Uzbekistan,2004.0,27.21
Uzbekistan,2005.0,26.7
Uzbekistan,2006.0,26.52
Uzbekistan,2007.0,26.33
Uzbekistan,2008.0,26.05
Uzbekistan,2009.0,25.71
Uzbekistan,2010.0,25.43
Uzbekistan,2011.0,25.04
Uzbekistan,2012.0,24.45
Uzbekistan,2013.0,24.04
Uzbekistan,2014.0,23.74
Venezuela,2001.0,19.48
Venezuela,2017.0,17.3
Samoa,2003.0,2.82
Samoa,2005.0,2.78
Samoa,2008.0,4.64
Samoa,2010.0,3.44
Samoa,2013.0,4.82
Samoa,2016.0,3.45
Samoa,2020.0,6.0
Yemen,2004.0,3.45
Yemen,2008.0,3.16
Yemen,2009.0,3.17
Yemen,2014.0,5.25
Zambia,2004.0,1.3
Zambia,2005.0,0.55
Zambia,2006.0,0.53
Zambia,2008.0,0.62
Zambia,2009.0,0.61
Zambia,2010.0,0.61
Zambia,2016.0,0.93
Zambia,2018.0,1.17
