country,year,value
Argentina,2000.0,10.752
Argentina,2005.0,10.752
Argentina,2010.0,10.751
Argentina,2015.0,11.276
Argentina,2016.0,11.276
Argentina,2017.0,11.276
Argentina,2018.0,11.354
Argentina,2019.0,11.354
Austria,2000.0,0.161
Austria,2005.0,0.161
Austria,2010.0,0.161
Austria,2015.0,0.161
Austria,2016.0,0.161
Austria,2017.0,0.161
Austria,2018.0,0.161
Austria,2019.0,0.161
Bahamas,2000.0,0.209
Bahamas,2005.0,0.209
Bahamas,2010.0,0.209
Bahamas,2015.0,0.209
Bahamas,2016.0,0.209
Bahamas,2017.0,0.209
Bahamas,2018.0,0.209
Bahamas,2019.0,0.209
Barbados,2000.0,0.13
Barbados,2005.0,0.13
Barbados,2010.0,0.13
Barbados,2015.0,0.136
Barbados,2016.0,0.136
Barbados,2017.0,0.136
Barbados,2018.0,0.137
Barbados,2019.0,0.137
Belgium,2000.0,0.329
Belgium,2005.0,0.329
Belgium,2010.0,0.329
Belgium,2015.0,0.329
Belgium,2016.0,0.329
Belgium,2017.0,0.329
Belgium,2018.0,0.329
Belgium,2019.0,0.329
Bolivia,2000.0,0.865
Bolivia,2005.0,0.865
Bolivia,2010.0,0.865
Bolivia,2015.0,0.907
Bolivia,2016.0,0.907
Bolivia,2017.0,0.907
Bolivia,2018.0,0.913
Bolivia,2019.0,0.913
Brazil,2000.0,10.752
Brazil,2005.0,10.752
Brazil,2010.0,10.751
Brazil,2015.0,11.276
Brazil,2016.0,11.276
Brazil,2017.0,11.276
Brazil,2018.0,11.354
Brazil,2019.0,11.354
Belize,2000.0,0.111
Belize,2005.0,0.111
Belize,2010.0,0.111
Belize,2015.0,0.117
Belize,2016.0,0.117
Belize,2017.0,0.117
Belize,2018.0,0.117
Belize,2019.0,0.117
Canada,2000.0,4.001
Canada,2005.0,4.001
Canada,2010.0,4.001
Canada,2015.0,4.001
Canada,2016.0,4.001
Canada,2017.0,4.001
Canada,2018.0,4.001
Canada,2019.0,4.001
Chile,2000.0,2.953
Chile,2005.0,2.953
Chile,2010.0,2.953
Chile,2015.0,3.097
Chile,2016.0,3.097
Chile,2017.0,3.097
Chile,2018.0,3.119
Chile,2019.0,3.119
China,2000.0,0.0
China,2005.0,0.0
China,2010.0,0.004
China,2015.0,0.004
China,2016.0,0.004
China,2017.0,0.004
China,2018.0,0.004
China,2019.0,0.004
Colombia,2000.0,2.953
Colombia,2005.0,2.953
Colombia,2010.0,2.953
Colombia,2015.0,3.097
Colombia,2016.0,3.097
Colombia,2017.0,3.097
Colombia,2018.0,3.119
Colombia,2019.0,3.119
Costa Rica,2000.0,0.433
Costa Rica,2005.0,0.433
Costa Rica,2010.0,0.433
Costa Rica,2015.0,0.454
Costa Rica,2016.0,0.454
Costa Rica,2017.0,0.454
Costa Rica,2018.0,0.457
Costa Rica,2019.0,0.457
Croatia,2000.0,0.05
Croatia,2005.0,0.05
Croatia,2010.0,0.05
Croatia,2015.0,0.05
Croatia,2016.0,0.05
Croatia,2017.0,0.05
Croatia,2018.0,0.05
Croatia,2019.0,0.05
Least Developed Countries (LDCs),2000.0,0.433
Least Developed Countries (LDCs),2005.0,0.433
Least Developed Countries (LDCs),2010.0,0.433
Least Developed Countries (LDCs),2015.0,0.453
Least Developed Countries (LDCs),2016.0,0.456
Least Developed Countries (LDCs),2017.0,0.456
Least Developed Countries (LDCs),2018.0,0.456
Least Developed Countries (LDCs),2019.0,0.456
Denmark,2000.0,0.171
Denmark,2005.0,0.171
Denmark,2010.0,0.171
Denmark,2015.0,0.171
Denmark,2016.0,0.171
Denmark,2017.0,0.171
Denmark,2018.0,0.171
Denmark,2019.0,0.171
Dominican Republic,2000.0,0.577
Dominican Republic,2005.0,0.577
Dominican Republic,2010.0,0.577
Dominican Republic,2015.0,0.606
Dominican Republic,2016.0,0.606
Dominican Republic,2017.0,0.606
Dominican Republic,2018.0,0.61
Dominican Republic,2019.0,0.61
Ecuador,2000.0,0.577
Ecuador,2005.0,0.577
Ecuador,2010.0,0.577
Ecuador,2015.0,0.604
Ecuador,2016.0,0.604
Ecuador,2017.0,0.604
Ecuador,2018.0,0.608
Ecuador,2019.0,0.608
El Salvador,2000.0,0.433
El Salvador,2005.0,0.433
El Salvador,2010.0,0.433
El Salvador,2015.0,0.453
El Salvador,2016.0,0.453
El Salvador,2017.0,0.453
El Salvador,2018.0,0.456
El Salvador,2019.0,0.456
Finland,2000.0,0.161
Finland,2005.0,0.161
Finland,2010.0,0.161
Finland,2015.0,0.161
Finland,2016.0,0.161
Finland,2017.0,0.161
Finland,2018.0,0.161
Finland,2019.0,0.161
France,2000.0,1.896
France,2005.0,1.896
France,2010.0,1.896
France,2015.0,1.896
France,2016.0,1.896
France,2017.0,1.896
France,2018.0,1.896
France,2019.0,1.896
Germany,2000.0,1.896
Germany,2005.0,1.896
Germany,2010.0,1.896
Germany,2015.0,1.896
Germany,2016.0,1.896
Germany,2017.0,1.896
Germany,2018.0,1.896
Germany,2019.0,1.896
Guatemala,2000.0,0.577
Guatemala,2005.0,0.577
Guatemala,2010.0,0.577
Guatemala,2015.0,0.577
Guatemala,2016.0,0.577
Guatemala,2017.0,0.577
Guatemala,2018.0,0.577
Guatemala,2019.0,0.577
Guyana,2000.0,0.162
Guyana,2005.0,0.162
Guyana,2010.0,0.162
Guyana,2015.0,0.162
Guyana,2016.0,0.162
Guyana,2017.0,0.162
Guyana,2018.0,0.162
Guyana,2019.0,0.162
Haiti,2000.0,0.433
Haiti,2005.0,0.433
Haiti,2010.0,0.433
Haiti,2015.0,0.453
Haiti,2016.0,0.453
Haiti,2017.0,0.453
Haiti,2018.0,0.456
Haiti,2019.0,0.456
Honduras,2000.0,0.433
Honduras,2005.0,0.433
Honduras,2010.0,0.433
Honduras,2015.0,0.454
Honduras,2016.0,0.454
Honduras,2017.0,0.454
Honduras,2018.0,0.457
Honduras,2019.0,0.457
Israel,2000.0,0.158
Israel,2005.0,0.158
Israel,2010.0,0.158
Israel,2015.0,0.158
Israel,2016.0,0.158
Israel,2017.0,0.158
Israel,2018.0,0.158
Israel,2019.0,0.158
Italy,2000.0,1.896
Italy,2005.0,1.896
Italy,2010.0,1.896
Italy,2015.0,1.956
Italy,2016.0,1.956
Italy,2017.0,1.956
Italy,2018.0,1.965
Italy,2019.0,1.965
Jamaica,2000.0,0.577
Jamaica,2005.0,0.577
Jamaica,2010.0,0.577
Jamaica,2015.0,0.577
Jamaica,2016.0,0.577
Jamaica,2017.0,0.577
Jamaica,2018.0,0.577
Jamaica,2019.0,0.577
Japan,2000.0,5.001
Japan,2005.0,5.001
Japan,2010.0,5.001
Japan,2015.0,5.001
Japan,2016.0,5.001
Japan,2017.0,5.001
Japan,2018.0,5.001
Japan,2019.0,5.001
South Korea,2000.0,0.0
South Korea,2005.0,0.004
South Korea,2010.0,0.004
South Korea,2015.0,0.004
South Korea,2016.0,0.004
South Korea,2017.0,0.004
South Korea,2018.0,0.004
South Korea,2019.0,0.004
Landlocked developing countries (LLDCs),2000.0,1.298
Landlocked developing countries (LLDCs),2005.0,1.298
Landlocked developing countries (LLDCs),2010.0,1.298
Landlocked developing countries (LLDCs),2015.0,1.36
Landlocked developing countries (LLDCs),2016.0,1.369
Landlocked developing countries (LLDCs),2017.0,1.369
Landlocked developing countries (LLDCs),2018.0,1.369
Landlocked developing countries (LLDCs),2019.0,1.369
Mexico,2000.0,6.912
Mexico,2005.0,6.912
Mexico,2010.0,6.912
Mexico,2015.0,7.249
Mexico,2016.0,7.249
Mexico,2017.0,7.249
Mexico,2018.0,7.299
Mexico,2019.0,7.299
"Developed regions (Europe, Cyprus, Israel, Northern America, Japan, Australia & New Zealand)",2000.0,49.982
"Developed regions (Europe, Cyprus, Israel, Northern America, Japan, Australia & New Zealand)",2005.0,49.982
"Developed regions (Europe, Cyprus, Israel, Northern America, Japan, Australia & New Zealand)",2010.0,49.979
"Developed regions (Europe, Cyprus, Israel, Northern America, Japan, Australia & New Zealand)",2015.0,49.979
"Developed regions (Europe, Cyprus, Israel, Northern America, Japan, Australia & New Zealand)",2016.0,49.979
"Developed regions (Europe, Cyprus, Israel, Northern America, Japan, Australia & New Zealand)",2017.0,49.979
"Developed regions (Europe, Cyprus, Israel, Northern America, Japan, Australia & New Zealand)",2018.0,49.979
"Developed regions (Europe, Cyprus, Israel, Northern America, Japan, Australia & New Zealand)",2019.0,49.979
Developing regions,2000.0,50.019
Developing regions,2005.0,50.019
Developing regions,2010.0,50.021
Developing regions,2015.0,50.019
Developing regions,2016.0,50.022
Developing regions,2017.0,50.022
Developing regions,2018.0,50.022
Developing regions,2019.0,50.022
Netherlands,2000.0,0.338
Netherlands,2005.0,0.338
Netherlands,2010.0,0.338
Netherlands,2015.0,0.218
Netherlands,2016.0,0.218
Netherlands,2017.0,0.218
Netherlands,2018.0,0.2
Netherlands,2019.0,0.2
Nicaragua,2000.0,0.433
Nicaragua,2005.0,0.433
Nicaragua,2010.0,0.433
Nicaragua,2015.0,0.453
Nicaragua,2016.0,0.453
Nicaragua,2017.0,0.453
Nicaragua,2018.0,0.456
Nicaragua,2019.0,0.456
Norway,2000.0,0.171
Norway,2005.0,0.171
Norway,2010.0,0.171
Norway,2015.0,0.171
Norway,2016.0,0.171
Norway,2017.0,0.171
Norway,2018.0,0.171
Norway,2019.0,0.171
Panama,2000.0,0.433
Panama,2005.0,0.433
Panama,2010.0,0.433
Panama,2015.0,0.453
Panama,2016.0,0.453
Panama,2017.0,0.453
Panama,2018.0,0.456
Panama,2019.0,0.456
Paraguay,2000.0,0.433
Paraguay,2005.0,0.433
Paraguay,2010.0,0.433
Paraguay,2015.0,0.453
Paraguay,2016.0,0.453
Paraguay,2017.0,0.453
Paraguay,2018.0,0.456
Paraguay,2019.0,0.456
Peru,2000.0,1.44
Peru,2005.0,1.44
Peru,2010.0,1.44
Peru,2015.0,1.51
Peru,2016.0,1.51
Peru,2017.0,1.51
Peru,2018.0,1.521
Peru,2019.0,1.521
Portugal,2000.0,0.055
Portugal,2005.0,0.055
Portugal,2010.0,0.055
Portugal,2015.0,0.055
Portugal,2016.0,0.055
Portugal,2017.0,0.055
Portugal,2018.0,0.055
Portugal,2019.0,0.055
Slovenia,2000.0,0.031
Slovenia,2005.0,0.031
Slovenia,2010.0,0.031
Slovenia,2015.0,0.031
Slovenia,2016.0,0.031
Slovenia,2017.0,0.031
Slovenia,2018.0,0.031
Slovenia,2019.0,0.031
Small island developing States (SIDS),2000.0,2.721
Small island developing States (SIDS),2005.0,2.721
Small island developing States (SIDS),2010.0,2.721
Small island developing States (SIDS),2015.0,2.782
Small island developing States (SIDS),2016.0,2.79
Small island developing States (SIDS),2017.0,2.79
Small island developing States (SIDS),2018.0,2.79
Small island developing States (SIDS),2019.0,2.79
Spain,2000.0,1.896
Spain,2005.0,1.896
Spain,2010.0,1.896
Spain,2015.0,1.956
Spain,2016.0,1.956
Spain,2017.0,1.956
Spain,2018.0,1.965
Spain,2019.0,1.965
Suriname,2000.0,0.089
Suriname,2005.0,0.089
Suriname,2010.0,0.089
Suriname,2015.0,0.089
Suriname,2016.0,0.089
Suriname,2017.0,0.089
Suriname,2018.0,0.089
Suriname,2019.0,0.089
Sweden,2000.0,0.327
Sweden,2005.0,0.327
Sweden,2010.0,0.327
Sweden,2015.0,0.327
Sweden,2016.0,0.327
Sweden,2017.0,0.327
Sweden,2018.0,0.327
Sweden,2019.0,0.327
Switzerland,2000.0,0.472
Switzerland,2005.0,0.472
Switzerland,2010.0,0.471
Switzerland,2015.0,0.471
Switzerland,2016.0,0.471
Switzerland,2017.0,0.471
Switzerland,2018.0,0.471
Switzerland,2019.0,0.471
Trinidad and Tobago,2000.0,0.433
Trinidad and Tobago,2005.0,0.433
Trinidad and Tobago,2010.0,0.433
Trinidad and Tobago,2015.0,0.433
Trinidad and Tobago,2016.0,0.433
Trinidad and Tobago,2017.0,0.433
Trinidad and Tobago,2018.0,0.433
Trinidad and Tobago,2019.0,0.433
United Kingdom,2000.0,0.964
United Kingdom,2005.0,0.964
United Kingdom,2010.0,0.964
United Kingdom,2015.0,0.964
United Kingdom,2016.0,0.964
United Kingdom,2017.0,0.964
United Kingdom,2018.0,0.964
United Kingdom,2019.0,0.964
United States,2000.0,30.008
United States,2005.0,30.007
United States,2010.0,30.006
United States,2015.0,30.006
United States,2016.0,30.006
United States,2017.0,30.006
United States,2018.0,30.006
United States,2019.0,30.006
Uruguay,2000.0,1.154
Uruguay,2005.0,1.154
Uruguay,2010.0,1.154
Uruguay,2015.0,1.21
Uruguay,2016.0,1.21
Uruguay,2017.0,1.21
Uruguay,2018.0,1.219
Uruguay,2019.0,1.219
Venezuela,2000.0,5.761
Venezuela,2005.0,5.761
Venezuela,2010.0,5.761
Venezuela,2015.0,3.706
Venezuela,2016.0,3.706
Venezuela,2017.0,3.706
Venezuela,2018.0,3.403
Venezuela,2019.0,3.403
