country,year,value
Afghanistan,2017.0,29933.2
Afghanistan,2018.0,283200.12
Afghanistan,2019.0,332536.23324
Albania,2005.0,29259.74973
Albania,2006.0,1724.73852
Albania,2007.0,2346.30497
Albania,2008.0,1856.57818
Albania,2009.0,10580.79152
Albania,2010.0,90495.12157
Albania,2011.0,5341.90169
Albania,2012.0,6665.61371
Albania,2013.0,16150.40793
Albania,2014.0,3914.13062
Albania,2015.0,1500.08626
Albania,2016.0,146.19031
Albania,2017.0,752.85467
Albania,2018.0,4683.0
Albania,2019.0,517.84045
Angola,2005.0,10485.0
Angola,2006.0,16374.0
Angola,2007.0,43274.0
Angola,2008.0,98202.0
Angola,2009.0,19891.0
Angola,2010.0,18715.0
Angola,2011.0,187508.0
Angola,2012.0,19814.0
Angola,2013.0,12111.0
Angola,2014.0,30701.0
Angola,2015.0,40634.0
Angola,2016.0,75290.0
Angola,2017.0,38797.0
Angola,2018.0,33176.0
Antigua and Barbuda,2005.0,210.0
Antigua and Barbuda,2008.0,8352.0
Antigua and Barbuda,2009.0,7.0
Antigua and Barbuda,2010.0,2403.4
Antigua and Barbuda,2011.0,6.0
Antigua and Barbuda,2012.0,52.0
Antigua and Barbuda,2013.0,1276.0
Antigua and Barbuda,2014.0,40.2
Argentina,2005.0,460457.35988
Argentina,2006.0,246494.17983
Argentina,2007.0,303360.76711
Argentina,2008.0,25240.25219
Argentina,2009.0,211579.18241
Argentina,2010.0,46770.67853
Argentina,2011.0,1314.71125
Argentina,2012.0,447008.77678
Argentina,2013.0,600000.0
Argentina,2014.0,147949.46388
Argentina,2015.0,209399.71584
Argentina,2016.0,248552.89199
Argentina,2017.0,133679.0
Australia,2009.0,6076.0
Australia,2010.0,15476.35781
Australia,2011.0,13994.0
Australia,2012.0,879.0
Australia,2013.0,7625.0
Australia,2014.0,288.0
Australia,2015.0,6755.0
Australia,2016.0,4110.0
Australia,2017.0,11798.0
Australia,2018.0,25021.0
Austria,2005.0,111.0
Austria,2006.0,61.0
Austria,2007.0,109.0
Austria,2008.0,152.0
Austria,2009.0,119.0
Austria,2010.0,65.0
Austria,2011.0,57.0
Austria,2012.0,58.0
Austria,2013.0,583.0
Austria,2014.0,30.0
Austria,2015.0,196.0
Austria,2016.0,60.0
Austria,2017.0,271.0
Austria,2018.0,6630.0
Bangladesh,2015.0,3927721.0
Bangladesh,2016.0,4567343.0
Bangladesh,2017.0,12384370.0
Bangladesh,2018.0,36782.0
Armenia,2015.0,9213.0
Armenia,2016.0,10827.0836
Armenia,2017.0,17685.504
Armenia,2018.0,18343.0
Armenia,2019.0,19446.852
Barbados,2005.0,153.0
Barbados,2006.0,133.0
Barbados,2007.0,258.0
Barbados,2008.0,188.1512
Barbados,2009.0,303.456
Barbados,2010.0,259.2
Barbados,2011.0,180.31842
Barbados,2012.0,93.0
Barbados,2013.0,162.0
Barbados,2014.0,352.8
Barbados,2015.0,198.0
Barbados,2016.0,250.044
Barbados,2017.0,233.0
Barbados,2018.0,191.0
Bhutan,2005.0,3801.0
Bhutan,2006.0,3404.0
Bhutan,2007.0,1992.0
Bhutan,2008.0,3232.0
Bhutan,2009.0,1719.0
Bhutan,2010.0,1686.0
Bhutan,2011.0,1815.0
Bhutan,2012.0,1972.0
Bhutan,2013.0,2047.0
Bhutan,2014.0,2472.0
Bhutan,2015.0,734.0
Bhutan,2017.0,289.0
Bhutan,2018.0,242.0
Bolivia,2005.0,111962.40442
Bolivia,2006.0,63999.24367
Bolivia,2007.0,192303.04809
Bolivia,2008.0,97063.26597
Bolivia,2009.0,179242.58458
Bolivia,2010.0,1709261.40953
Bolivia,2011.0,1036855.32944
Bolivia,2012.0,121495.24002
Bolivia,2013.0,66892.13214
Bolivia,2014.0,43900.00323
Bolivia,2015.0,4938.56818
Botswana,2014.0,6.0
Botswana,2017.0,6483.0
Botswana,2018.0,6106.0
Brazil,2005.0,303955.0
Brazil,2006.0,246078.0
Brazil,2007.0,257752.0
Brazil,2008.0,741147.0
Brazil,2009.0,1154694.0
Brazil,2010.0,585837.0
Brazil,2011.0,444758.0
Brazil,2012.0,426891.0
Brazil,2013.0,946440.0
Brazil,2014.0,515308.0
Brazil,2015.0,631422.0
Brazil,2016.0,228197.0
Brazil,2017.0,438410.0
Belize,2007.0,8.0
Belize,2008.0,551462.657
Belize,2009.0,64.0
Belize,2010.0,5244.981
Solomon Islands,2007.0,21343.0
Solomon Islands,2009.0,607.0
Solomon Islands,2010.0,1456.0
Solomon Islands,2011.0,36.0
Solomon Islands,2012.0,216.0
Solomon Islands,2013.0,4800.0
Bulgaria,2005.0,6933.0
Bulgaria,2006.0,547.0
Bulgaria,2007.0,2559.72
Bulgaria,2008.0,557.85504
Bulgaria,2009.0,63.0
Bulgaria,2010.0,946.81048
Bulgaria,2012.0,8640.0
Bulgaria,2013.0,173.04319
Bulgaria,2014.0,5135.0
Bulgaria,2015.0,1482.0
Bulgaria,2016.0,2195.0
Bulgaria,2017.0,6675.0
Bulgaria,2018.0,621.0
Bulgaria,2019.0,432.0
Myanmar,2005.0,90925.0
Myanmar,2006.0,89330.0
Myanmar,2007.0,44975.0
Myanmar,2008.0,1169776.0
Myanmar,2009.0,85423.0
Myanmar,2010.0,272578.0
Myanmar,2011.0,449542.914
Myanmar,2012.0,423334.842
Myanmar,2013.0,299306.832
Myanmar,2014.0,236174.626
Myanmar,2015.0,566307.0
Myanmar,2016.0,1063882.0
Myanmar,2017.0,1023153.0
Myanmar,2018.0,224398.0599
Myanmar,2019.0,212676.73027
Burundi,2015.0,50599.0
Burundi,2016.0,34090.0
Burundi,2017.0,60901.0
Burundi,2018.0,106233.0
Cambodia,2005.0,15307.0695
Cambodia,2006.0,50917.21414
Cambodia,2007.0,85508.75074
Cambodia,2008.0,69627.93993
Cambodia,2009.0,231333.1991
Cambodia,2010.0,104596.42052
Cambodia,2011.0,444855.47905
Cambodia,2012.0,86667.48132
Cambodia,2013.0,47432.05854
Cambodia,2014.0,47300.24093
Cambodia,2015.0,75065.8
Cambodia,2016.0,48441.2
Cambodia,2017.0,64297.6
Cambodia,2018.0,2323.53341
Cambodia,2019.0,180456.76016
Cameroon,2005.0,7059.0
Cameroon,2006.0,6628.0
Cameroon,2007.0,7602.5
Cameroon,2008.0,11001.0
Cameroon,2009.0,9154.0
Cameroon,2011.0,5399.0
Cameroon,2012.0,57918.0
Cameroon,2014.0,25082.0
Cameroon,2015.0,4058.0
Cameroon,2016.0,3388.0
Cameroon,2017.0,1202.5
Cameroon,2018.0,1459.0
Cameroon,2019.0,78717.0
Cape Verde,2009.0,4.0
Cape Verde,2014.0,936.0
Cape Verde,2017.0,9.0
Sri Lanka,2005.0,472092.0
Sri Lanka,2006.0,752008.0
Sri Lanka,2007.0,696073.0
Sri Lanka,2008.0,1743155.0
Sri Lanka,2009.0,726942.0
Sri Lanka,2010.0,1193504.0
Sri Lanka,2011.0,839592.0
Sri Lanka,2012.0,1109128.0
Sri Lanka,2013.0,573587.0
Sri Lanka,2014.0,2703244.0
Sri Lanka,2015.0,6481.0
Sri Lanka,2016.0,7341.0
Sri Lanka,2017.0,47125.0
Sri Lanka,2018.0,1440541.0
Sri Lanka,2019.0,81884.0
Chile,2005.0,20072.0
Chile,2006.0,16636.0
Chile,2007.0,18500.0
Chile,2008.0,24393.0
Chile,2010.0,722477.0
Chile,2011.0,5654.0
Chile,2012.0,1109.0
Chile,2014.0,37372.0
Chile,2015.0,45296.0
Chile,2016.0,649.0
Chile,2017.0,17008.2
China,2015.0,8682611.0
China,2016.0,12240627.0
China,2017.0,6661711.0
China,2018.0,6493721.0
Colombia,2005.0,254168.0
Colombia,2006.0,228166.0
Colombia,2007.0,169110.0
Colombia,2008.0,580076.0
Colombia,2009.0,244686.0
Colombia,2010.0,2369508.0
Colombia,2011.0,2125975.0
Colombia,2012.0,460691.0
Colombia,2013.0,280552.0
Colombia,2014.0,248191.0
Colombia,2015.0,210807.0
Colombia,2016.0,571983.0
Colombia,2017.0,238047.0
Colombia,2018.0,194234.0
Colombia,2019.0,122188.0
Comoros,2005.0,2000.0
Comoros,2009.0,70.0
Comoros,2011.0,461.0
Comoros,2012.0,66576.90024
Comoros,2013.0,1068.0
Comoros,2014.0,6530.54072
Comoros,2015.0,2972.80055
Comoros,2016.0,287.0
Comoros,2017.0,573.4864
Comoros,2019.0,52125.12593
Cook Islands,2005.0,1681.0
Cook Islands,2010.0,4443.0
Costa Rica,2005.0,27975.3
Costa Rica,2006.0,223.0
Costa Rica,2007.0,4785.0
Costa Rica,2008.0,1238867.6
Costa Rica,2009.0,2709.73
Costa Rica,2010.0,14343.648
Costa Rica,2011.0,6.0
Costa Rica,2012.0,10768.0
Costa Rica,2013.0,16.0
Costa Rica,2014.0,43448.8
Costa Rica,2015.0,1491.918
Costa Rica,2016.0,10185.0
Costa Rica,2017.0,27005.0
Costa Rica,2018.0,47.2
Costa Rica,2019.0,165762.0
Croatia,2017.0,7530.0
Cyprus,2005.0,101.0
Cyprus,2006.0,17.0
Cyprus,2007.0,147.0
Cyprus,2008.0,21.0
Cyprus,2009.0,1185.0
Cyprus,2010.0,306.0
Cyprus,2011.0,466.0
Cyprus,2012.0,9.0
Cyprus,2013.0,2.0
Cyprus,2014.0,1314.0
Cyprus,2015.0,88.0
Cyprus,2016.0,10.0
Cyprus,2017.0,670.5
Cyprus,2018.0,935.0
Czechia,2016.0,500.0
Czechia,2017.0,81001.0
Dominica,2007.0,6969.0
Dominica,2009.0,4.0
Dominica,2010.0,686.0
Dominica,2011.0,429.0
Dominica,2012.0,21.0
Dominica,2013.0,4231.0
Dominica,2014.0,9.0
Ecuador,2005.0,11332.36057
Ecuador,2006.0,19752.38208
Ecuador,2007.0,20781.30201
Ecuador,2008.0,75550.56127
Ecuador,2009.0,10142.12232
Ecuador,2011.0,476.0
Ecuador,2012.0,18945.0
Ecuador,2013.0,283.0
Ecuador,2016.0,96012.77754
Ecuador,2017.0,23031.0
Ecuador,2018.0,3.0
Ecuador,2019.0,45.36
El Salvador,2005.0,32227.0075
El Salvador,2006.0,25756.06382
El Salvador,2007.0,40903.68665
El Salvador,2008.0,39497.29384
El Salvador,2009.0,81881.54384
El Salvador,2010.0,37359.08345
El Salvador,2011.0,61951.02789
El Salvador,2012.0,2468.83231
El Salvador,2013.0,3393.79566
El Salvador,2014.0,1942.70251
El Salvador,2015.0,23179.98527
Equatorial Guinea,2010.0,12.0
Equatorial Guinea,2012.0,69.0
Equatorial Guinea,2013.0,8.0
Equatorial Guinea,2014.0,12.0
Equatorial Guinea,2016.0,1499.0
Equatorial Guinea,2017.0,430.0
Ethiopia,2005.0,5180332.0
Ethiopia,2006.0,10011265.0
Ethiopia,2007.0,3161713.0
Ethiopia,2008.0,2359031.0
Ethiopia,2009.0,5004163.0
Ethiopia,2010.0,6351826.0
Ethiopia,2011.0,2843212.0
Ethiopia,2012.0,4763.88535
Ethiopia,2016.0,378.0
Estonia,2005.0,1863.0
Estonia,2010.0,600.0
Fiji,2006.0,79.62851
Fiji,2007.0,14.40004
Fiji,2008.0,964.80254
Fiji,2009.0,15230.44002
Fiji,2010.0,7972.82095
Fiji,2011.0,412.80108
Fiji,2012.0,42976.85162
Fiji,2016.0,140241.82659
Fiji,2018.0,155724.0
Fiji,2019.0,77756.0
Finland,2005.0,610.0
Finland,2006.0,453.0
Finland,2007.0,325.0
Finland,2008.0,450.0
Finland,2009.0,338.0
Finland,2010.0,324.0
Finland,2011.0,231.0
Finland,2012.0,400.0
Finland,2013.0,245.0
Finland,2014.0,275.0
Finland,2015.0,207.0
Finland,2016.0,267.0
Finland,2017.0,273.0
Finland,2018.0,305.0
Finland,2019.0,68.0
France,2016.0,4367.0
France,2017.0,11611.0
France,2018.0,8526.0
Djibouti,2005.0,44.0
Djibouti,2006.0,324.5
Djibouti,2007.0,27.0
Djibouti,2008.0,75.0
Djibouti,2009.0,141.0
Djibouti,2010.0,39.0
Djibouti,2011.0,157.0
Djibouti,2012.0,13.0
Georgia,2017.0,103.0
Georgia,2018.0,198.0
Georgia,2019.0,90.77097
Gambia,2008.0,710.0
Gambia,2009.0,16608.0
Gambia,2010.0,53822.0
Gambia,2012.0,428000.0
Gambia,2013.0,3300.0
Gambia,2015.0,2147.94684
Gambia,2016.0,29403.89044
Gambia,2017.0,56149.0
Gambia,2018.0,76651.83387
Gambia,2019.0,77477.0
Palestine,2005.0,6.35685
Palestine,2006.0,6.35685
Palestine,2008.0,10.0
Palestine,2009.0,975.34167
Palestine,2010.0,408.78498
Palestine,2012.0,223.10725
Palestine,2013.0,2016.35444
Palestine,2015.0,1737.0
Palestine,2016.0,2303.0
Palestine,2017.0,2063.0
Palestine,2018.0,305.0
Ghana,2011.0,13.21553
Ghana,2012.0,6132.68471
Ghana,2013.0,8.81035
Ghana,2014.0,145.8
Ghana,2015.0,155.27947
Ghana,2016.0,221.06605
Ghana,2017.0,79691.4675
Ghana,2018.0,4506.46884
Grenada,2005.0,24472.0
Grenada,2009.0,1.0
Grenada,2011.0,77.0
Guatemala,2005.0,316963.96669
Guatemala,2006.0,8938.47728
Guatemala,2007.0,22159.37973
Guatemala,2008.0,19248.0
Guatemala,2009.0,1532.0
Guatemala,2010.0,27531.0
Guatemala,2011.0,8481.0
Guatemala,2012.0,18069.0
Guatemala,2013.0,1551.0
Guatemala,2014.0,8576.0
Guatemala,2015.0,11444.0
Guatemala,2016.0,49932.0
Guatemala,2017.0,52178.0
Guatemala,2018.0,9870.0
Guyana,2005.0,291945.25258
Guyana,2006.0,32834.34556
Guyana,2007.0,1053.73024
Guyana,2008.0,226.75747
Guyana,2009.0,224.14094
Guyana,2010.0,298.23061
Guyana,2011.0,669.92121
Guyana,2012.0,182.16973
Guyana,2013.0,8662.70405
Honduras,2005.0,39565.0
Honduras,2006.0,5431.0
Honduras,2007.0,43525.0
Honduras,2008.0,98248.0
Honduras,2009.0,66611.0
Honduras,2010.0,103716.0
Honduras,2011.0,88.0
Honduras,2012.0,988.0
Honduras,2013.0,850.0
Honduras,2014.0,461.0
Honduras,2015.0,488.0
Indonesia,2005.0,569620.0
Indonesia,2006.0,2049409.0
Indonesia,2007.0,1096568.0
Indonesia,2008.0,392261.0
Indonesia,2009.0,2862830.0
Indonesia,2010.0,333235.0
Indonesia,2011.0,368907.0
Indonesia,2012.0,271498.0
Indonesia,2013.0,452000.0
Indonesia,2014.0,279584.0
Indonesia,2015.0,128030.0
Indonesia,2016.0,241665.0
Indonesia,2017.0,249697.0
Indonesia,2018.0,11094891.0
Indonesia,2019.0,248086.88096
Iran,2005.0,128258.95294
Iran,2006.0,384530.68325
Iran,2007.0,42927.73308
Iran,2008.0,11696.40223
Iran,2009.0,12410.20247
Iran,2010.0,37178.91731
Iran,2011.0,6374816.48456
Iraq,2007.0,22686.0
Iraq,2008.0,67443.0
Iraq,2009.0,72632.0
Iraq,2010.0,65509.0
Iraq,2011.0,66432.0
Iraq,2012.0,68013.0
Iraq,2013.0,68513.0
Iraq,2014.0,68925.0
Iraq,2015.0,73564.0
Iraq,2016.0,70017.0
Iraq,2017.0,72158.0
Iraq,2018.0,14447.0
Ireland,2016.0,2099.0
Cote d'Ivoire,2005.0,1218.0
Cote d'Ivoire,2006.0,5.4812
Cote d'Ivoire,2007.0,30.0
Cote d'Ivoire,2009.0,176.0
Cote d'Ivoire,2010.0,2053.0
Cote d'Ivoire,2011.0,9.0
Cote d'Ivoire,2013.0,767.0
Cote d'Ivoire,2014.0,10187.0
Cote d'Ivoire,2015.0,6917.0
Jamaica,2005.0,29934.50236
Jamaica,2006.0,279.19131
Jamaica,2007.0,148109.95668
Jamaica,2008.0,35642.70692
Jamaica,2009.0,93.0
Jamaica,2010.0,12266.82376
Jamaica,2011.0,52.0
Jamaica,2012.0,35525.81792
Japan,2015.0,69117.0
Japan,2016.0,221014.0
Japan,2017.0,57146.0
Japan,2018.0,446061.0
Kazakhstan,2005.0,447.57972
Kazakhstan,2011.0,1325.22197
Kazakhstan,2014.0,3.0
Kazakhstan,2015.0,3.49663
Kazakhstan,2016.0,4185.46358
Kazakhstan,2017.0,22519.0
Kazakhstan,2018.0,15743.0
Kazakhstan,2019.0,354.0
Jordan,2005.0,971.76
Jordan,2006.0,328.0
Jordan,2007.0,287.0
Jordan,2008.0,79.0
Jordan,2009.0,101.0
Jordan,2010.0,197.0
Jordan,2011.0,75.0
Jordan,2012.0,11.0
Jordan,2013.0,773.0
Jordan,2014.0,989.0
Jordan,2015.0,1265.0
Jordan,2016.0,1711.0
Jordan,2017.0,1451.0
Jordan,2018.0,755.0
Kenya,2005.0,2875.0
Kenya,2006.0,5354.50156
Kenya,2007.0,116.0
Kenya,2008.0,43653.80332
Kenya,2009.0,159705.60295
Kenya,2010.0,44925.5742
Kenya,2011.0,6716.4808
Kenya,2012.0,13323.71672
Kenya,2013.0,1592.2948
Kenya,2014.0,1894.25788
Kenya,2015.0,16187.75528
Kenya,2016.0,2322.52484
Kenya,2017.0,26.19412
Kenya,2019.0,803.0
Korea,2005.0,14246.11314
Korea,2006.0,25977.30604
Korea,2007.0,17581.75698
Korea,2008.0,5479.58393
Korea,2009.0,16562.15172
Korea,2010.0,153554.25774
Korea,2011.0,87537.77379
Korea,2012.0,27176.12815
Korea,2013.0,5527.00927
Korea,2014.0,11727.17064
Korea,2015.0,539.0
Korea,2016.0,9131.0
Korea,2017.0,22089.0
Korea,2018.0,13673.48972
Kosovo,2005.0,52.309
Kosovo,2006.0,5303.4
Kosovo,2007.0,2007.723
Kosovo,2008.0,723.9
Kosovo,2009.0,108.028
Kosovo,2010.0,1078.979
Kosovo,2011.0,539.8
Kosovo,2012.0,28448.9
Kosovo,2013.0,2808.992
Kosovo,2014.0,3519.818
Kosovo,2015.0,1019.3696
Kuwait,2011.0,1.0
Kyrgyzstan,2015.0,31700.0
Kyrgyzstan,2016.0,7752.28
Kyrgyzstan,2017.0,1930.6
Kyrgyzstan,2018.0,2176.0
Kyrgyzstan,2019.0,1170.0
Laos,2005.0,731470.55542
Laos,2006.0,32943.02039
Laos,2007.0,238601.91285
Laos,2008.0,279993.29741
Laos,2009.0,962372.67521
Laos,2010.0,427887.4252
Laos,2011.0,1243360.17989
Laos,2012.0,6228.91585
Lebanon,2005.0,6.65
Lebanon,2006.0,35.994
Lebanon,2007.0,98.311
Lebanon,2008.0,491.195
Lebanon,2009.0,135.553
Lebanon,2012.0,102.0
Lebanon,2013.0,71.0
Lebanon,2014.0,36.0
Lebanon,2016.0,93.0
Lebanon,2017.0,282.0
Lebanon,2018.0,70.0
Madagascar,2005.0,225675.65525
Madagascar,2006.0,731565.03741
Madagascar,2007.0,861768.34949
Madagascar,2008.0,974580.46343
Madagascar,2009.0,526578.49128
Madagascar,2010.0,1007705.98523
Madagascar,2011.0,423467.36664
Madagascar,2012.0,449810.53713
Madagascar,2013.0,624142.44926
Madagascar,2014.0,865239.50704
Madagascar,2015.0,140531.00756
Madagascar,2016.0,66576.95322
Madagascar,2017.0,599146.72743
Madagascar,2018.0,193170.0217
Malawi,2005.0,4412347.28053
Malawi,2006.0,6467802.0
Malawi,2007.0,324694.0
Malawi,2008.0,1371210.50025
Malawi,2009.0,350405.0
Malawi,2010.0,233094.99988
Malawi,2011.0,4391734.0
Malawi,2012.0,4387019.9992
Malawi,2013.0,1673257.0
Malawi,2014.0,918813.0
Malawi,2015.0,2254906.0
Malawi,2016.0,333515.0
Malawi,2017.0,103740.0
Malawi,2018.0,147522.0
Malawi,2019.0,6765529.0
Malaysia,2005.0,10158.0
Malaysia,2006.0,31540.0
Malaysia,2007.0,44235.0
Malaysia,2008.0,6443.0
Malaysia,2009.0,14241.0
Malaysia,2010.0,9882.0
Malaysia,2011.0,15797.0
Malaysia,2012.0,66328.0
Malaysia,2013.0,147743.0
Malaysia,2014.0,557713.0
Malaysia,2015.0,28356.584
Malaysia,2016.0,84949.048
Malaysia,2017.0,180255.506
Malaysia,2018.0,51493.0
Malaysia,2019.0,10529.0
Maldives,2005.0,1603.21777
Maldives,2006.0,3954.85519
Maldives,2007.0,3758.44957
Maldives,2008.0,121.83794
Maldives,2017.0,59.0
Mali,2006.0,7076.65073
Mali,2007.0,38868.29676
Mali,2008.0,6288.94769
Mali,2009.0,21692.33573
Mali,2010.0,73043.57218
Mali,2011.0,19769.01157
Mali,2012.0,83108.36251
Mali,2013.0,12171.83241
Mali,2014.0,5872.32565
Mali,2017.0,259092.0
Mauritius,2005.0,1085.06458
Mauritius,2006.0,814.79375
Mauritius,2007.0,1347.46488
Mauritius,2008.0,2817.51577
Mauritius,2009.0,571.94881
Mauritius,2010.0,150.53661
Mauritius,2011.0,96.40714
Mauritius,2012.0,4015.46845
Mauritius,2013.0,3831.82738
Mauritius,2014.0,166.66012
Mexico,2005.0,510328.0
Mexico,2006.0,214940.0
Mexico,2007.0,907112.0
Mexico,2008.0,248892.0
Mexico,2009.0,201768.0
Mexico,2010.0,911712.0
Mexico,2011.0,203136.0
Mexico,2012.0,209508.0
Mexico,2013.0,246540.0
Mexico,2014.0,157516.0
Mexico,2015.0,54744.0
Mexico,2016.0,92996.0
Mexico,2017.0,1081816.5
Mexico,2018.0,3894020.07
Mexico,2019.0,3590834.9
Mongolia,2005.0,5522.0
Mongolia,2006.0,5769.0
Mongolia,2007.0,7009.0
Mongolia,2008.0,9971.0
Mongolia,2009.0,6368.0
Mongolia,2010.0,9085.0
Mongolia,2011.0,6926.0
Mongolia,2012.0,8871.0
Mongolia,2013.0,9523.0
Mongolia,2014.0,8447.0
Mongolia,2015.0,66208.4
Mongolia,2016.0,97186.0
Mongolia,2017.0,45614.3
Mongolia,2018.0,11562.0
Mongolia,2019.0,9092.0
Montenegro,2005.0,2096.18239
Montenegro,2006.0,330.75631
Montenegro,2007.0,95.57063
Montenegro,2008.0,2166.26751
Montenegro,2009.0,541.82413
Montenegro,2010.0,3595.33158
Montenegro,2011.0,245.92656
Montenegro,2012.0,11251.84831
Montenegro,2013.0,1002.63469
Montenegro,2014.0,375.91113
Montenegro,2015.0,767.75069
Montenegro,2016.0,133.4275
Montenegro,2017.0,2197.19595
Montenegro,2018.0,7541.0
Morocco,2005.0,3625.36166
Morocco,2006.0,232.0
Morocco,2007.0,288.55732
Morocco,2008.0,7342.53165
Morocco,2009.0,105686.89721
Morocco,2010.0,57328.79458
Morocco,2011.0,1.0
Morocco,2013.0,61.65316
Morocco,2014.0,116.19566
Morocco,2015.0,111.72333
Morocco,2016.0,1319.51393
Morocco,2017.0,26.0
Morocco,2018.0,396.0
Morocco,2019.0,6.0
Mozambique,2005.0,89044.26695
Mozambique,2006.0,90274.63944
Mozambique,2007.0,454117.16704
Mozambique,2008.0,695979.69428
Mozambique,2009.0,38451.49635
Mozambique,2010.0,3475.15875
Mozambique,2011.0,17689.64318
Mozambique,2012.0,34881.51006
Mozambique,2015.0,408024.0
Mozambique,2016.0,1602737.0
Mozambique,2017.0,646147.3
Mozambique,2018.0,64618.0
Namibia,2008.0,215257.0
Namibia,2009.0,677542.0
Namibia,2011.0,141130.0
Namibia,2013.0,7.0
Namibia,2015.0,556447.0
Namibia,2016.0,593196.0
Namibia,2017.0,1841.0
Nepal,2005.0,8170.754
Nepal,2006.0,310052.76347
Nepal,2007.0,83818.11452
Nepal,2008.0,410644.96231
Nepal,2009.0,203757.86395
Nepal,2010.0,220624.86523
Nepal,2011.0,13992.0
Nepal,2012.0,39128.0
Nepal,2013.0,27196.0
Nepal,2014.0,364259.0
Nepal,2015.0,10230262.0
Nepal,2016.0,84580.0
Nepal,2017.0,1111595.0
Nepal,2018.0,64255.0
Nepal,2019.0,183401.0
Vanuatu,2007.0,4.0
Vanuatu,2008.0,60.0
Vanuatu,2009.0,422.0
Vanuatu,2010.0,500.0
Vanuatu,2011.0,248.0
Vanuatu,2012.0,28.0
Vanuatu,2014.0,152.0
New Zealand,2015.0,7906.65724
New Zealand,2016.0,90350.0
New Zealand,2017.0,27018.0
New Zealand,2018.0,546.0
Nicaragua,2005.0,9083.79076
Nicaragua,2006.0,198.34789
Nicaragua,2007.0,74066.51344
Nicaragua,2008.0,26541.29493
Nicaragua,2009.0,13111.41404
Nicaragua,2010.0,9250.48536
Nicaragua,2011.0,5913.2127
Nicaragua,2012.0,7075.75931
Nicaragua,2013.0,18046.0339
Niger,2005.0,1072559.81043
Niger,2006.0,396349.0
Niger,2007.0,720898.0
Niger,2008.0,283802.0
Niger,2009.0,1141475.0
Niger,2010.0,1339591.0
Niger,2011.0,2632117.0
Niger,2012.0,677057.0
Niger,2013.0,1505041.00874
Niger,2014.0,183265.0
Niger,2015.0,4120337.0
Niger,2016.0,5922604.0
Niger,2017.0,5491977.0
Niger,2018.0,4246069.0
Niger,2019.0,9985.0
Norway,2017.0,20998.0
Marshall Islands,2008.0,96.0
Marshall Islands,2014.0,280.0
Palau,2012.0,1528.0
Pakistan,2005.0,5586710.35236
Pakistan,2006.0,4094703.5595
Pakistan,2007.0,2142290.90115
Pakistan,2008.0,1936595.72093
Pakistan,2009.0,4509821.53106
Pakistan,2010.0,5131252.15224
Pakistan,2011.0,6968767.47408
Pakistan,2012.0,2106910.74863
Pakistan,2013.0,636384.30067
Pakistan,2014.0,410145.8725
Pakistan,2016.0,4773.0
Pakistan,2017.0,1442.0
Pakistan,2018.0,11489.26145
Panama,2005.0,12999.28758
Panama,2006.0,10431.54539
Panama,2007.0,12075.88943
Panama,2008.0,79267.97404
Panama,2009.0,8057.87123
Panama,2010.0,367612.69654
Panama,2011.0,19989.44601
Panama,2012.0,9841.10003
Panama,2013.0,1558.77485
Panama,2014.0,59132.03258
Panama,2015.0,2254.14013
Panama,2016.0,3630.95136
Panama,2017.0,2830.10248
Panama,2018.0,3029.06608
Panama,2019.0,1268.16825
Papua New Guinea,2005.0,2.0
Papua New Guinea,2006.0,293.22547
Papua New Guinea,2007.0,76406.95538
Papua New Guinea,2008.0,49404.06162
Papua New Guinea,2009.0,787.36469
Papua New Guinea,2012.0,233.49436
Papua New Guinea,2013.0,358.38669
Paraguay,2005.0,288.68164
Paraguay,2006.0,6010.72228
Paraguay,2007.0,52968.84214
Paraguay,2008.0,83904.82893
Paraguay,2009.0,538502.84531
Paraguay,2010.0,48901.79756
Paraguay,2011.0,25947.84922
Paraguay,2012.0,6236.19537
Paraguay,2013.0,171027.92699
Paraguay,2014.0,219512.85046
Paraguay,2015.0,3823.39537
Paraguay,2018.0,121568.0
Peru,2005.0,1097842.4
Peru,2006.0,1089819.0
Peru,2007.0,2185733.3
Peru,2008.0,1537914.2
Peru,2009.0,978708.7
Peru,2010.0,937007.8
Peru,2011.0,1142178.2
Peru,2012.0,1266434.9
Peru,2013.0,816299.7
Peru,2014.0,504624.1
Peru,2015.0,1643318.9
Peru,2016.0,3193411.8
Peru,2017.0,2524549.1
Peru,2018.0,1241947.2
Philippines,2005.0,112649.0
Philippines,2006.0,6218444.0
Philippines,2007.0,137446.0
Philippines,2008.0,8299207.0
Philippines,2009.0,4097640.0
Philippines,2010.0,1489711.0
Philippines,2011.0,149168194.0
Philippines,2012.0,5602600.0
Philippines,2013.0,14244926.0
Philippines,2014.0,9414433.0
Philippines,2015.0,5988964.0
Philippines,2016.0,9045439.0
Philippines,2017.0,2177013.0
Philippines,2018.0,5562065.0
Guinea-Bissau,2017.0,3360.0
Guinea-Bissau,2018.0,9.0
Timor-Leste,2006.0,187482.03766
Timor-Leste,2007.0,29377.54069
Timor-Leste,2008.0,1355.04525
Timor-Leste,2009.0,2372.12779
Timor-Leste,2010.0,28351.03549
Timor-Leste,2011.0,5370.61063
Timor-Leste,2012.0,5878.98379
Timor-Leste,2013.0,14549.74864
Timor-Leste,2014.0,6128.30846
Timor-Leste,2015.0,10192.50529
Timor-Leste,2016.0,1144.87053
Timor-Leste,2017.0,579.4711
Romania,2005.0,81179.0
Romania,2006.0,19758.0
Romania,2007.0,10074.0
Romania,2008.0,26676.0
Romania,2009.0,5330.0
Romania,2010.0,39521.0
Romania,2011.0,8510.0
Romania,2012.0,4061.0
Romania,2013.0,6433.0
Romania,2014.0,8477.0
Romania,2015.0,2558.0
Romania,2016.0,16313.0
Romania,2017.0,3717.0
Romania,2018.0,137461.0
Russia,2009.0,3020.0
Russia,2010.0,2908.0
Russia,2011.0,23716.0
Russia,2012.0,95118.0
Russia,2013.0,211540.0
Russia,2014.0,129864.0
Russia,2015.0,20784.0
Russia,2016.0,130959.0
Russia,2017.0,36402.0
Russia,2018.0,50477.0
Russia,2019.0,120911.0
Rwanda,2016.0,14475.99987
Saint Kitts and Nevis,2005.0,2.0
Saint Kitts and Nevis,2006.0,287.2
Saint Kitts and Nevis,2007.0,138.0
Saint Kitts and Nevis,2008.0,246.0
Saint Kitts and Nevis,2010.0,5.0
Saint Kitts and Nevis,2011.0,12.0
Saint Kitts and Nevis,2012.0,8.0
Saint Kitts and Nevis,2013.0,35.0
Saint Lucia,2007.0,849.2
Saint Lucia,2008.0,36.0
Saint Lucia,2009.0,1.0
Saint Lucia,2010.0,8112.0
Saint Lucia,2011.0,29.0
Saint Lucia,2013.0,2.0
Saint Vincent and the Grenadines,2005.0,3457.0
Saint Vincent and the Grenadines,2006.0,81.0
Saint Vincent and the Grenadines,2007.0,140.0
Saint Vincent and the Grenadines,2008.0,265.0
Saint Vincent and the Grenadines,2009.0,4.324
Saint Vincent and the Grenadines,2010.0,7953.4
Saint Vincent and the Grenadines,2011.0,1852.0
Saint Vincent and the Grenadines,2012.0,4.0
Saint Vincent and the Grenadines,2013.0,2716.6
Saint Vincent and the Grenadines,2014.0,30.0
Senegal,2005.0,30023.04226
Senegal,2006.0,1348.94491
Senegal,2007.0,4246.04597
Senegal,2008.0,300108.18761
Senegal,2009.0,421283.3642
Senegal,2010.0,1590837.23137
Senegal,2011.0,43470.75441
Senegal,2012.0,154901.16978
Senegal,2013.0,159327.45333
Senegal,2014.0,107509.3326
Senegal,2015.0,1215.9
Serbia,2005.0,17526.39404
Serbia,2006.0,31984.15904
Serbia,2007.0,59256.81572
Serbia,2008.0,237.21589
Serbia,2009.0,8616.7748
Serbia,2012.0,122421.71591
Serbia,2013.0,7334.87021
Serbia,2015.0,9444.48206
Serbia,2016.0,59897.39912
Serbia,2019.0,2041.79923
Seychelles,2005.0,32.0
Seychelles,2007.0,49.0
Seychelles,2008.0,15.0
Seychelles,2009.0,24.0
Seychelles,2014.0,30.22897
Seychelles,2017.0,49.12208
Sierra Leone,2006.0,258.78448
Sierra Leone,2009.0,934.12055
Sierra Leone,2010.0,1994.52478
Sierra Leone,2011.0,1762.58963
Sierra Leone,2012.0,1863.50553
Sierra Leone,2013.0,12559.7917
Sierra Leone,2014.0,3436.08754
Sierra Leone,2015.0,4844.24149
Vietnam,2005.0,114264.38347
Vietnam,2006.0,789605.97862
Vietnam,2007.0,234725.76029
Vietnam,2008.0,183230.35986
Vietnam,2009.0,228928.38704
Vietnam,2010.0,616421.78967
Slovenia,2005.0,28.0
Slovenia,2006.0,24.0
Slovenia,2007.0,18.0
Slovenia,2008.0,25423.0
Slovenia,2009.0,2869.0
Slovenia,2010.0,3710.0
Slovenia,2011.0,1152.0
Slovenia,2012.0,2566.0
Slovenia,2013.0,28.0
Slovenia,2014.0,16.0
Slovenia,2015.0,28.0
Slovenia,2016.0,460.0
Slovenia,2017.0,969.0
Slovenia,2018.0,2112.0
Slovenia,2019.0,786.0
Somalia,2018.0,232.0
South Africa,2015.0,87.0
South Africa,2016.0,39176.0
Zimbabwe,2019.0,702363.0
South Sudan,2016.0,500.0
Sudan,2005.0,6363334.0
Sudan,2006.0,7619799.0
Sudan,2007.0,6519960.0
Sudan,2008.0,5562000.0
Sudan,2009.0,5255998.0
Sudan,2010.0,4281998.0
Sudan,2011.0,3419998.0
Sudan,2012.0,2256958.0
Sudan,2013.0,1997000.0
Sudan,2014.0,230312.0
Sudan,2015.0,6442600.0
Sudan,2016.0,312068.0
Sudan,2017.0,432280.0
Sudan,2018.0,2077357.0
Sudan,2019.0,752151.01764
Eswatini,2005.0,2217.0
Eswatini,2006.0,2222.0
Eswatini,2007.0,350082.0
Eswatini,2008.0,287860.0
Eswatini,2009.0,258639.0
Eswatini,2010.0,192759.0
Eswatini,2011.0,166231.0
Eswatini,2012.0,101718.0
Eswatini,2013.0,221103.0
Eswatini,2014.0,258275.0
Eswatini,2015.0,200897.0
Eswatini,2016.0,642924.0
Eswatini,2017.0,178366.0
Eswatini,2018.0,710.00139
Eswatini,2019.0,207922.00261
Sweden,2014.0,4.0
Sweden,2018.0,2549.176
Switzerland,2005.0,394344.0
Switzerland,2006.0,23800.0
Switzerland,2007.0,355525.0
Switzerland,2008.0,260220.0
Switzerland,2009.0,592512.0
Switzerland,2010.0,270621.0
Switzerland,2011.0,462722.0
Switzerland,2012.0,357684.0
Switzerland,2013.0,318328.0
Switzerland,2014.0,256733.0
Switzerland,2015.0,277885.0
Switzerland,2016.0,218779.0
Switzerland,2017.0,329858.0
Switzerland,2018.0,558466.0
Syria,2005.0,4431.8
Syria,2006.0,3959.7
Syria,2007.0,1886.2
Syria,2008.0,22819.0
Syria,2009.0,1060.4
Tajikistan,2016.0,2033.0
Tajikistan,2017.0,1149.0
Tajikistan,2018.0,1193.0
Thailand,2015.0,117474.0
Thailand,2016.0,47580.0
Thailand,2017.0,86102.0
Thailand,2018.0,142780.0
Togo,2005.0,324.89103
Togo,2006.0,2613.57785
Togo,2007.0,84338.0
Togo,2008.0,79423.0
Togo,2009.0,5191.0
Togo,2010.0,15801.0
Togo,2011.0,4852.0
Togo,2012.0,3455.0
Togo,2013.0,5950.0
Togo,2014.0,10322.0
Togo,2015.0,871.0
Togo,2016.0,11218.0
Togo,2017.0,4411.0
Togo,2018.0,2239.0
Tonga,2006.0,5.0
Tonga,2009.0,7.0
Tonga,2010.0,1376.0
Tonga,2011.0,345.0
Tonga,2014.0,4520.0
Tonga,2016.0,1289.0
Tonga,2018.0,84311.0
Trinidad and Tobago,2005.0,16.0
Trinidad and Tobago,2014.0,4.0
Tunisia,2005.0,61.4
Tunisia,2006.0,204.0
Tunisia,2007.0,1516.2
Tunisia,2008.0,15505.0
Tunisia,2009.0,32459.4
Tunisia,2010.0,117.8
Tunisia,2011.0,4002.1
Tunisia,2012.0,4339.838
Tunisia,2013.0,952.8
Tunisia,2018.0,17879.284
Turkey,2005.0,30906.20354
Turkey,2006.0,8920.6099
Turkey,2007.0,55162.30663
Turkey,2008.0,1457.31961
Turkey,2009.0,2885.42849
Turkey,2010.0,124470.71393
Turkey,2011.0,75059.31248
Turkey,2012.0,2787.42528
Turkey,2013.0,539.92547
Turkey,2014.0,848.21394
Turkey,2015.0,235372.91
Turkey,2016.0,115212.88
Turkey,2017.0,81101.97
Turkey,2018.0,107191.675
Turkey,2019.0,335224.5041
Uganda,2005.0,16001.58846
Uganda,2006.0,7786.29825
Uganda,2007.0,86495.00326
Uganda,2008.0,18667.88049
Uganda,2009.0,7195.08686
Uganda,2010.0,50063.93331
Uganda,2011.0,65542.98785
Uganda,2012.0,62453.84809
Uganda,2013.0,40428.35236
Uganda,2014.0,35719.46077
Uganda,2015.0,44117.44869
Uganda,2016.0,40780.31824
Ukraine,2005.0,7627.35
Ukraine,2006.0,11981.0
Ukraine,2007.0,99914.3
Ukraine,2008.0,47742.3
Ukraine,2009.0,37618.835
Ukraine,2010.0,38048.227
Ukraine,2011.0,5188.3
Ukraine,2012.0,5695.929
Ukraine,2013.0,24925.2
Ukraine,2014.0,11588.42
Ukraine,2015.0,5155.11152
Ukraine,2016.0,44462.3457
Ukraine,2017.0,32578.0
Ukraine,2018.0,2545.25467
Ukraine,2019.0,45369.0
Egypt,2005.0,25289.0
Egypt,2006.0,25824.0
Egypt,2007.0,31777.0
Egypt,2008.0,37185.0
Egypt,2009.0,36694.0
Egypt,2010.0,37284.0
Egypt,2011.0,28337.0
Egypt,2012.0,22588.0
Egypt,2013.0,23238.0
Egypt,2014.0,24904.0
Egypt,2015.0,20328.0
Egypt,2016.0,22572.0
Egypt,2017.0,20539.0
Egypt,2018.0,18572.0
Tanzania,2005.0,5092.0
Tanzania,2006.0,58.40913
Tanzania,2007.0,27001.50851
Tanzania,2008.0,1086.556
Tanzania,2009.0,77693.62503
Tanzania,2010.0,1501.66163
Tanzania,2011.0,21295.38032
Tanzania,2012.0,205.74496
Tanzania,2013.0,2723.94543
Tanzania,2014.0,4263.67507
Tanzania,2015.0,145513.0
Tanzania,2016.0,341724.0
Tanzania,2017.0,125588.0
Tanzania,2018.0,205649.0
Tanzania,2019.0,21083.62
United States,2015.0,239936.0
United States,2016.0,510485.0
United States,2017.0,1927326.0
Burkina Faso,2005.0,4702.0
Burkina Faso,2006.0,19165.0
Burkina Faso,2007.0,134798.0
Burkina Faso,2008.0,10500.0
Burkina Faso,2009.0,188292.0
Burkina Faso,2010.0,29218.0
Burkina Faso,2011.0,10795.0
Burkina Faso,2012.0,8452.0
Burkina Faso,2013.0,4198.0
Burkina Faso,2014.0,13329.0
Burkina Faso,2015.0,23955.0
Burkina Faso,2016.0,38073.0
Burkina Faso,2017.0,34120.0
Burkina Faso,2018.0,24808.0
Uruguay,2005.0,9229.0
Uruguay,2006.0,1239.0
Uruguay,2007.0,16283.0
Uruguay,2008.0,213.0
Uruguay,2009.0,12031.0
Uruguay,2010.0,8062.0
Uruguay,2011.0,399.0
Uruguay,2012.0,3722.0
Uruguay,2013.0,8792.0
Uruguay,2014.0,11220.0
Uruguay,2015.0,33114.0
Uruguay,2016.0,43593.0
Uruguay,2017.0,12388.0
Uruguay,2018.0,751.0
Venezuela,2005.0,46558.68889
Venezuela,2006.0,28486.5473
Venezuela,2007.0,146536.10753
Venezuela,2008.0,14995.35853
Venezuela,2009.0,8823.36062
Venezuela,2010.0,38116.10474
Venezuela,2011.0,43634.76082
Venezuela,2012.0,46597.06644
Venezuela,2013.0,12130.52493
Venezuela,2014.0,16399.86375
Venezuela,2015.0,1116.80305
Samoa,2008.0,200.0
Samoa,2009.0,10261.02729
Yemen,2005.0,1458655.17362
Yemen,2006.0,2017124.73618
Yemen,2007.0,1240174.7351
Yemen,2008.0,3025069.46637
Yemen,2009.0,853168.54252
Yemen,2010.0,2321.28223
Zambia,2006.0,4306.25877
Zambia,2008.0,1645.16591
Zambia,2009.0,11537.84289
Zambia,2010.0,728.28655
Zambia,2012.0,1954.11845
Zambia,2013.0,6255.66084
Zambia,2014.0,5349.70073
Zambia,2016.0,3083.9504
Zambia,2017.0,245310.21689
