country,year,value
World,2016.0,2590.0
World,2017.0,3073.0
World,2018.0,3782.0
World,2019.0,4816.0
World,2020.0,5833.0
South America,2016.0,109.0
South America,2017.0,126.0
South America,2018.0,147.0
South America,2019.0,170.0
South America,2020.0,184.0
Oceania,2016.0,126.0
Oceania,2017.0,142.0
Oceania,2018.0,159.0
Oceania,2019.0,211.0
Oceania,2020.0,255.0
Central America,2016.0,30.0
Central America,2017.0,33.0
Central America,2018.0,35.0
Central America,2019.0,38.0
Central America,2020.0,43.0
Northern Africa,2016.0,2.0
Northern Africa,2017.0,3.0
Northern Africa,2018.0,2.0
Northern Africa,2020.0,2.0
Southern Africa,2016.0,96.0
Southern Africa,2017.0,94.0
Southern Africa,2018.0,97.0
Southern Africa,2019.0,106.0
Southern Africa,2020.0,107.0
Americas,2016.0,649.0
Americas,2017.0,743.0
Americas,2018.0,914.0
Americas,2019.0,1250.0
Americas,2020.0,1582.0
Northern America,2016.0,509.0
Northern America,2017.0,583.0
Northern America,2018.0,730.0
Northern America,2019.0,1037.0
Northern America,2020.0,1348.0
Eastern Asia,2016.0,530.0
Eastern Asia,2017.0,714.0
Eastern Asia,2018.0,810.0
Eastern Asia,2019.0,1106.0
Eastern Asia,2020.0,1227.0
Argentina,2016.0,6.0
Argentina,2017.0,12.0
Argentina,2018.0,22.0
Argentina,2019.0,24.0
Argentina,2020.0,24.0
Southern Asia,2016.0,83.0
Southern Asia,2017.0,89.0
Southern Asia,2018.0,96.0
Southern Asia,2019.0,140.0
Southern Asia,2020.0,156.0
South-Eastern Asia,2016.0,138.0
South-Eastern Asia,2017.0,166.0
South-Eastern Asia,2018.0,185.0
South-Eastern Asia,2019.0,272.0
South-Eastern Asia,2020.0,314.0
Australia,2016.0,105.0
Australia,2017.0,119.0
Australia,2018.0,131.0
Australia,2019.0,180.0
Australia,2020.0,217.0
Southern Europe,2016.0,86.0
Southern Europe,2017.0,118.0
Southern Europe,2018.0,182.0
Southern Europe,2019.0,194.0
Southern Europe,2020.0,206.0
Austria,2016.0,16.0
Austria,2017.0,18.0
Austria,2018.0,30.0
Austria,2019.0,34.0
Austria,2020.0,36.0
Bahrain,2019.0,1.0
Bahrain,2020.0,2.0
Australia and New Zealand,2016.0,125.0
Australia and New Zealand,2017.0,141.0
Australia and New Zealand,2018.0,158.0
Australia and New Zealand,2019.0,210.0
Australia and New Zealand,2020.0,254.0
Melanesia,2016.0,1.0
Melanesia,2017.0,1.0
Melanesia,2018.0,1.0
Melanesia,2019.0,1.0
Melanesia,2020.0,1.0
Belgium,2016.0,18.0
Belgium,2017.0,21.0
Belgium,2018.0,37.0
Belgium,2019.0,41.0
Belgium,2020.0,44.0
Bermuda,2016.0,3.0
Bermuda,2017.0,7.0
Bermuda,2018.0,15.0
Bermuda,2019.0,22.0
Bermuda,2020.0,27.0
Central and Southern Asia,2016.0,83.0
Central and Southern Asia,2017.0,90.0
Central and Southern Asia,2018.0,98.0
Central and Southern Asia,2019.0,142.0
Central and Southern Asia,2020.0,158.0
Brazil,2016.0,59.0
Brazil,2017.0,64.0
Brazil,2018.0,67.0
Brazil,2019.0,82.0
Brazil,2020.0,91.0
Cambodia,2019.0,1.0
Cambodia,2020.0,1.0
Canada,2016.0,94.0
Canada,2017.0,108.0
Canada,2018.0,132.0
Canada,2019.0,178.0
Canada,2020.0,225.0
Cayman Islands,2016.0,1.0
Cayman Islands,2017.0,1.0
Cayman Islands,2018.0,2.0
Cayman Islands,2019.0,4.0
Cayman Islands,2020.0,4.0
Asia,2016.0,792.0
Asia,2017.0,1017.0
Asia,2018.0,1172.0
Asia,2019.0,1615.0
Asia,2020.0,1827.0
Sri Lanka,2016.0,1.0
Sri Lanka,2017.0,1.0
Sri Lanka,2018.0,1.0
Sri Lanka,2019.0,1.0
Sri Lanka,2020.0,1.0
Western Asia,2016.0,41.0
Western Asia,2017.0,47.0
Western Asia,2018.0,79.0
Western Asia,2019.0,95.0
Western Asia,2020.0,128.0
Europe,2016.0,832.0
Europe,2017.0,975.0
Europe,2018.0,1318.0
Europe,2019.0,1500.0
Europe,2020.0,1918.0
Eastern Europe,2016.0,50.0
Eastern Europe,2017.0,64.0
Eastern Europe,2018.0,82.0
Eastern Europe,2019.0,86.0
Eastern Europe,2020.0,91.0
Chile,2016.0,23.0
Chile,2017.0,24.0
Chile,2018.0,28.0
Chile,2019.0,30.0
Chile,2020.0,34.0
Northern Europe,2016.0,403.0
Northern Europe,2017.0,447.0
Northern Europe,2018.0,568.0
Northern Europe,2019.0,673.0
Northern Europe,2020.0,970.0
Western Europe,2016.0,293.0
Western Europe,2017.0,346.0
Western Europe,2018.0,486.0
Western Europe,2019.0,547.0
Western Europe,2020.0,651.0
China,2016.0,107.0
China,2017.0,248.0
China,2018.0,302.0
China,2019.0,533.0
China,2020.0,631.0
Colombia,2016.0,11.0
Colombia,2017.0,15.0
Colombia,2018.0,16.0
Colombia,2019.0,20.0
Colombia,2020.0,20.0
Cyprus,2016.0,1.0
Cyprus,2017.0,2.0
Cyprus,2018.0,4.0
Cyprus,2019.0,8.0
Cyprus,2020.0,9.0
Czechia,2016.0,2.0
Czechia,2017.0,4.0
Czechia,2018.0,4.0
Czechia,2019.0,4.0
Czechia,2020.0,4.0
Denmark,2016.0,25.0
Denmark,2017.0,28.0
Denmark,2018.0,35.0
Denmark,2019.0,44.0
Denmark,2020.0,56.0
Faeroe Islands,2018.0,1.0
Faeroe Islands,2019.0,1.0
Faeroe Islands,2020.0,2.0
Finland,2016.0,24.0
Finland,2017.0,27.0
Finland,2018.0,35.0
Finland,2019.0,44.0
Finland,2020.0,71.0
France,2016.0,90.0
France,2017.0,100.0
France,2018.0,131.0
France,2019.0,138.0
France,2020.0,140.0
Georgia,2018.0,1.0
Georgia,2019.0,1.0
Georgia,2020.0,1.0
Germany,2016.0,70.0
Germany,2017.0,95.0
Germany,2018.0,136.0
Germany,2019.0,151.0
Germany,2020.0,207.0
Gibraltar,2016.0,1.0
Gibraltar,2017.0,1.0
Gibraltar,2018.0,1.0
Gibraltar,2019.0,1.0
Gibraltar,2020.0,1.0
Greece,2016.0,8.0
Greece,2017.0,13.0
Greece,2018.0,15.0
Greece,2019.0,19.0
Greece,2020.0,19.0
"China, Hong Kong Special Administrative Region",2016.0,78.0
"China, Hong Kong Special Administrative Region",2017.0,105.0
"China, Hong Kong Special Administrative Region",2018.0,118.0
"China, Hong Kong Special Administrative Region",2019.0,140.0
"China, Hong Kong Special Administrative Region",2020.0,141.0
Hungary,2016.0,3.0
Hungary,2017.0,3.0
Hungary,2018.0,3.0
Hungary,2019.0,3.0
Hungary,2020.0,3.0
Iceland,2020.0,8.0
India,2016.0,82.0
India,2017.0,88.0
India,2018.0,95.0
India,2019.0,138.0
India,2020.0,154.0
Indonesia,2016.0,28.0
Indonesia,2017.0,31.0
Indonesia,2018.0,31.0
Indonesia,2019.0,35.0
Indonesia,2020.0,43.0
Ireland,2016.0,21.0
Ireland,2017.0,25.0
Ireland,2018.0,28.0
Ireland,2019.0,35.0
Ireland,2020.0,39.0
Israel,2016.0,6.0
Israel,2017.0,5.0
Israel,2018.0,7.0
Israel,2019.0,7.0
Israel,2020.0,10.0
Italy,2016.0,32.0
Italy,2017.0,49.0
Italy,2018.0,86.0
Italy,2019.0,92.0
Italy,2020.0,98.0
Japan,2016.0,287.0
Japan,2017.0,298.0
Japan,2018.0,323.0
Japan,2019.0,356.0
Japan,2020.0,369.0
Kazakhstan,2017.0,1.0
Kazakhstan,2018.0,2.0
Kazakhstan,2019.0,2.0
Kazakhstan,2020.0,2.0
Jordan,2016.0,1.0
Jordan,2017.0,1.0
Jordan,2018.0,1.0
Jordan,2019.0,1.0
Jordan,2020.0,4.0
Kenya,2016.0,1.0
Kenya,2017.0,1.0
Kenya,2018.0,1.0
Kenya,2019.0,1.0
Kenya,2020.0,1.0
South Korea,2016.0,55.0
South Korea,2017.0,60.0
South Korea,2018.0,64.0
South Korea,2019.0,74.0
South Korea,2020.0,82.0
Kuwait,2016.0,2.0
Kuwait,2017.0,3.0
Kuwait,2018.0,4.0
Kuwait,2019.0,4.0
Kuwait,2020.0,5.0
Latin America and the Caribbean,2016.0,140.0
Latin America and the Caribbean,2017.0,160.0
Latin America and the Caribbean,2018.0,184.0
Latin America and the Caribbean,2019.0,213.0
Latin America and the Caribbean,2020.0,234.0
Liechtenstein,2018.0,1.0
Liechtenstein,2019.0,2.0
Liechtenstein,2020.0,2.0
Luxembourg,2016.0,9.0
Luxembourg,2017.0,11.0
Luxembourg,2018.0,15.0
Luxembourg,2019.0,21.0
Luxembourg,2020.0,31.0
Macao,2016.0,3.0
Macao,2017.0,3.0
Macao,2018.0,3.0
Macao,2019.0,3.0
Macao,2020.0,3.0
Malaysia,2016.0,40.0
Malaysia,2017.0,52.0
Malaysia,2018.0,54.0
Malaysia,2019.0,59.0
Malaysia,2020.0,62.0
Malta,2017.0,1.0
Malta,2018.0,3.0
Malta,2019.0,3.0
Malta,2020.0,5.0
Mexico,2016.0,29.0
Mexico,2017.0,32.0
Mexico,2018.0,34.0
Mexico,2019.0,37.0
Mexico,2020.0,42.0
Monaco,2019.0,3.0
Monaco,2020.0,3.0
Mongolia,2020.0,1.0
Morocco,2017.0,1.0
Morocco,2018.0,1.0
Morocco,2019.0,1.0
Morocco,2020.0,1.0
Oman,2016.0,1.0
Oman,2017.0,1.0
Oman,2018.0,1.0
Oman,2019.0,1.0
Oman,2020.0,1.0
Europe and Northern America,2016.0,1341.0
Europe and Northern America,2017.0,1558.0
Europe and Northern America,2018.0,2048.0
Europe and Northern America,2019.0,2537.0
Europe and Northern America,2020.0,3266.0
Netherlands,2016.0,35.0
Netherlands,2017.0,37.0
Netherlands,2018.0,49.0
Netherlands,2019.0,55.0
Netherlands,2020.0,60.0
Oceania (exc. Australia and New Zealand),2016.0,1.0
Oceania (exc. Australia and New Zealand),2017.0,1.0
Oceania (exc. Australia and New Zealand),2018.0,1.0
Oceania (exc. Australia and New Zealand),2019.0,1.0
Oceania (exc. Australia and New Zealand),2020.0,1.0
New Zealand,2016.0,20.0
New Zealand,2017.0,22.0
New Zealand,2018.0,27.0
New Zealand,2019.0,30.0
New Zealand,2020.0,37.0
Nigeria,2019.0,1.0
Nigeria,2020.0,2.0
Norway,2016.0,17.0
Norway,2017.0,20.0
Norway,2018.0,45.0
Norway,2019.0,53.0
Norway,2020.0,76.0
Pakistan,2019.0,1.0
Pakistan,2020.0,1.0
Panama,2016.0,1.0
Panama,2017.0,1.0
Panama,2018.0,1.0
Panama,2019.0,1.0
Panama,2020.0,1.0
Papua New Guinea,2016.0,1.0
Papua New Guinea,2017.0,1.0
Papua New Guinea,2018.0,1.0
Papua New Guinea,2019.0,1.0
Papua New Guinea,2020.0,1.0
Peru,2016.0,9.0
Peru,2017.0,10.0
Peru,2018.0,13.0
Peru,2019.0,13.0
Peru,2020.0,14.0
Philippines,2016.0,14.0
Philippines,2017.0,15.0
Philippines,2018.0,19.0
Philippines,2019.0,24.0
Philippines,2020.0,27.0
Poland,2016.0,17.0
Poland,2017.0,25.0
Poland,2018.0,32.0
Poland,2019.0,35.0
Poland,2020.0,37.0
Portugal,2016.0,6.0
Portugal,2017.0,9.0
Portugal,2018.0,14.0
Portugal,2019.0,14.0
Portugal,2020.0,14.0
Puerto Rico,2019.0,1.0
Puerto Rico,2020.0,3.0
Qatar,2016.0,3.0
Qatar,2017.0,2.0
Qatar,2018.0,3.0
Qatar,2019.0,4.0
Qatar,2020.0,5.0
Romania,2017.0,1.0
Romania,2018.0,1.0
Romania,2019.0,2.0
Romania,2020.0,3.0
Russia,2016.0,27.0
Russia,2017.0,30.0
Russia,2018.0,41.0
Russia,2019.0,41.0
Russia,2020.0,42.0
Saudi Arabia,2016.0,2.0
Saudi Arabia,2017.0,3.0
Saudi Arabia,2018.0,9.0
Saudi Arabia,2019.0,12.0
Saudi Arabia,2020.0,11.0
Singapore,2016.0,24.0
Singapore,2017.0,34.0
Singapore,2018.0,41.0
Singapore,2019.0,75.0
Singapore,2020.0,90.0
Vietnam,2019.0,2.0
Vietnam,2020.0,2.0
Slovenia,2017.0,1.0
Slovenia,2018.0,1.0
Slovenia,2019.0,1.0
Slovenia,2020.0,1.0
South Africa,2016.0,96.0
South Africa,2017.0,94.0
South Africa,2018.0,97.0
South Africa,2019.0,106.0
South Africa,2020.0,107.0
Zimbabwe,2016.0,1.0
Zimbabwe,2017.0,1.0
Zimbabwe,2018.0,1.0
Zimbabwe,2019.0,1.0
Zimbabwe,2020.0,1.0
Spain,2016.0,39.0
Spain,2017.0,44.0
Spain,2018.0,62.0
Spain,2019.0,64.0
Spain,2020.0,68.0
Northern Africa and Western Asia,2016.0,43.0
Northern Africa and Western Asia,2017.0,50.0
Northern Africa and Western Asia,2018.0,81.0
Northern Africa and Western Asia,2019.0,96.0
Northern Africa and Western Asia,2020.0,130.0
Sweden,2016.0,49.0
Sweden,2017.0,60.0
Sweden,2018.0,105.0
Sweden,2019.0,137.0
Sweden,2020.0,205.0
Eastern and South-Eastern Asia,2016.0,668.0
Eastern and South-Eastern Asia,2017.0,880.0
Eastern and South-Eastern Asia,2018.0,995.0
Eastern and South-Eastern Asia,2019.0,1378.0
Eastern and South-Eastern Asia,2020.0,1541.0
Switzerland,2016.0,55.0
Switzerland,2017.0,64.0
Switzerland,2018.0,87.0
Switzerland,2019.0,102.0
Switzerland,2020.0,128.0
Thailand,2016.0,32.0
Thailand,2017.0,34.0
Thailand,2018.0,40.0
Thailand,2019.0,76.0
Thailand,2020.0,89.0
United Arab Emirates,2016.0,4.0
United Arab Emirates,2017.0,6.0
United Arab Emirates,2018.0,9.0
United Arab Emirates,2019.0,10.0
United Arab Emirates,2020.0,16.0
Turkey,2016.0,21.0
Turkey,2017.0,24.0
Turkey,2018.0,40.0
Turkey,2019.0,46.0
Turkey,2020.0,64.0
Uganda,2018.0,1.0
Uganda,2019.0,1.0
Uganda,2020.0,1.0
Ukraine,2016.0,1.0
Ukraine,2017.0,1.0
Ukraine,2018.0,1.0
Ukraine,2019.0,1.0
Ukraine,2020.0,2.0
Egypt,2016.0,2.0
Egypt,2017.0,2.0
Egypt,2018.0,1.0
Egypt,2020.0,1.0
United Kingdom,2016.0,264.0
United Kingdom,2017.0,279.0
United Kingdom,2018.0,310.0
United Kingdom,2019.0,343.0
United Kingdom,2020.0,490.0
Guernsey,2017.0,1.0
Guernsey,2018.0,2.0
Guernsey,2019.0,7.0
Guernsey,2020.0,11.0
Jersey,2016.0,2.0
Jersey,2017.0,4.0
Jersey,2018.0,4.0
Jersey,2019.0,6.0
Jersey,2020.0,8.0
Isle of Man,2016.0,1.0
Isle of Man,2017.0,3.0
Isle of Man,2018.0,3.0
Isle of Man,2019.0,3.0
Isle of Man,2020.0,4.0
United States,2016.0,412.0
United States,2017.0,468.0
United States,2018.0,583.0
United States,2019.0,837.0
United States,2020.0,1096.0
Uruguay,2016.0,1.0
Uruguay,2017.0,1.0
Uruguay,2018.0,1.0
Uruguay,2019.0,1.0
Uruguay,2020.0,1.0
