country,year,value
World,2018.0,57.0
World,2019.0,60.0
Afghanistan,2018.0,20.0
Afghanistan,2019.0,20.0
Albania,2019.0,40.0
Algeria,2018.0,60.0
Algeria,2019.0,60.0
Andorra,2018.0,60.0
Andorra,2019.0,60.0
Angola,2018.0,80.0
Angola,2019.0,80.0
Antigua and Barbuda,2018.0,40.0
Azerbaijan,2018.0,100.0
Azerbaijan,2019.0,100.0
Argentina,2018.0,40.0
Argentina,2019.0,40.0
Australia,2018.0,100.0
Australia,2019.0,100.0
Austria,2018.0,20.0
Austria,2019.0,20.0
Bahamas,2018.0,60.0
Bahamas,2019.0,60.0
Bahrain,2018.0,100.0
Bahrain,2019.0,60.0
Bangladesh,2018.0,60.0
Bangladesh,2019.0,80.0
Armenia,2018.0,100.0
Armenia,2019.0,100.0
Belgium,2018.0,80.0
Belgium,2019.0,80.0
Bhutan,2018.0,60.0
Bhutan,2019.0,60.0
Bosnia and Herzegovina,2018.0,20.0
Bosnia and Herzegovina,2019.0,20.0
Botswana,2018.0,20.0
Botswana,2019.0,20.0
Brazil,2018.0,80.0
Brazil,2019.0,80.0
Belize,2018.0,60.0
Solomon Islands,2018.0,20.0
Bulgaria,2018.0,40.0
Myanmar,2018.0,60.0
Myanmar,2019.0,60.0
Burundi,2018.0,20.0
Burundi,2019.0,40.0
Belarus,2018.0,100.0
Cambodia,2018.0,40.0
Cambodia,2019.0,60.0
Cameroon,2018.0,20.0
Cameroon,2019.0,20.0
Canada,2018.0,100.0
Canada,2019.0,100.0
Cape Verde,2018.0,20.0
Cape Verde,2019.0,40.0
Central African Republic,2018.0,20.0
Central African Republic,2019.0,0.0
Sri Lanka,2018.0,60.0
Sri Lanka,2019.0,60.0
Chad,2018.0,20.0
Chad,2019.0,20.0
Chile,2018.0,20.0
Chile,2019.0,60.0
China,2018.0,80.0
China,2019.0,80.0
Colombia,2018.0,60.0
Colombia,2019.0,40.0
Comoros,2018.0,20.0
Comoros,2019.0,40.0
Congo,2018.0,40.0
Congo,2019.0,40.0
Democratic Republic of Congo,2018.0,20.0
Democratic Republic of Congo,2019.0,20.0
Cook Islands,2018.0,60.0
Costa Rica,2018.0,80.0
Costa Rica,2019.0,80.0
Croatia,2018.0,60.0
Croatia,2019.0,80.0
Cuba,2018.0,100.0
Cuba,2019.0,100.0
Cyprus,2018.0,60.0
Cyprus,2019.0,60.0
Czechia,2018.0,40.0
Czechia,2019.0,40.0
Benin,2018.0,40.0
Benin,2019.0,40.0
Denmark,2018.0,100.0
Denmark,2019.0,100.0
Dominica,2018.0,80.0
Dominica,2019.0,80.0
Dominican Republic,2018.0,100.0
Dominican Republic,2019.0,100.0
Ecuador,2018.0,60.0
Ecuador,2019.0,60.0
El Salvador,2018.0,40.0
El Salvador,2019.0,40.0
Equatorial Guinea,2018.0,20.0
Equatorial Guinea,2019.0,20.0
Ethiopia,2018.0,80.0
Ethiopia,2019.0,80.0
Eritrea,2018.0,40.0
Eritrea,2019.0,80.0
Estonia,2018.0,60.0
Fiji,2018.0,20.0
Finland,2018.0,80.0
France,2018.0,80.0
France,2019.0,80.0
Djibouti,2018.0,20.0
Djibouti,2019.0,20.0
Gabon,2018.0,20.0
Gabon,2019.0,20.0
Georgia,2018.0,20.0
Georgia,2019.0,20.0
Gambia,2018.0,20.0
Gambia,2019.0,60.0
Germany,2018.0,60.0
Germany,2019.0,60.0
Ghana,2018.0,80.0
Ghana,2019.0,80.0
Kiribati,2018.0,20.0
Greece,2019.0,20.0
Guatemala,2018.0,60.0
Guatemala,2019.0,40.0
Guinea,2018.0,40.0
Guinea,2019.0,40.0
Guyana,2019.0,100.0
Haiti,2018.0,20.0
Vatican,2018.0,40.0
Honduras,2018.0,40.0
Honduras,2019.0,60.0
Hungary,2018.0,40.0
Hungary,2019.0,60.0
Iceland,2018.0,100.0
Iceland,2019.0,100.0
India,2018.0,80.0
India,2019.0,80.0
Indonesia,2018.0,60.0
Indonesia,2019.0,80.0
Iran,2018.0,80.0
Iraq,2018.0,100.0
Iraq,2019.0,100.0
Ireland,2018.0,100.0
Ireland,2019.0,60.0
Israel,2018.0,100.0
Israel,2019.0,100.0
Italy,2018.0,60.0
Cote d'Ivoire,2018.0,20.0
Cote d'Ivoire,2019.0,20.0
Jamaica,2018.0,80.0
Jamaica,2019.0,100.0
Japan,2019.0,60.0
Kazakhstan,2018.0,80.0
Kazakhstan,2019.0,80.0
Jordan,2018.0,40.0
Jordan,2019.0,20.0
Kenya,2018.0,20.0
Kenya,2019.0,40.0
North Korea,2018.0,80.0
North Korea,2019.0,80.0
Korea,2018.0,80.0
Korea,2019.0,80.0
Kuwait,2018.0,20.0
Kuwait,2019.0,80.0
Kyrgyzstan,2018.0,40.0
Kyrgyzstan,2019.0,40.0
Laos,2018.0,20.0
Laos,2019.0,40.0
Lebanon,2018.0,40.0
Lebanon,2019.0,80.0
Lesotho,2018.0,40.0
Lesotho,2019.0,20.0
Latvia,2018.0,60.0
Latvia,2019.0,60.0
Liberia,2018.0,60.0
Liberia,2019.0,60.0
Libya,2018.0,20.0
Libya,2019.0,20.0
Liechtenstein,2019.0,60.0
Lithuania,2018.0,60.0
Lithuania,2019.0,60.0
Luxembourg,2018.0,80.0
Luxembourg,2019.0,100.0
Madagascar,2018.0,20.0
Madagascar,2019.0,20.0
Malawi,2018.0,20.0
Malawi,2019.0,20.0
Malaysia,2018.0,100.0
Maldives,2018.0,20.0
Maldives,2019.0,100.0
Mali,2018.0,60.0
Mali,2019.0,60.0
Malta,2018.0,20.0
Malta,2019.0,20.0
Mauritania,2018.0,20.0
Mauritania,2019.0,20.0
Mauritius,2018.0,80.0
Mauritius,2019.0,80.0
Mexico,2018.0,60.0
Mexico,2019.0,80.0
Monaco,2018.0,40.0
Monaco,2019.0,40.0
Mongolia,2018.0,80.0
Mongolia,2019.0,80.0
Moldova,2018.0,60.0
Moldova,2019.0,60.0
Montenegro,2018.0,80.0
Morocco,2018.0,80.0
Morocco,2019.0,80.0
Mozambique,2018.0,80.0
Mozambique,2019.0,80.0
Oman,2018.0,100.0
Oman,2019.0,80.0
Namibia,2018.0,20.0
Namibia,2019.0,40.0
Nauru,2018.0,20.0
Nepal,2018.0,20.0
Nepal,2019.0,20.0
Netherlands,2018.0,80.0
Netherlands,2019.0,80.0
Vanuatu,2018.0,60.0
New Zealand,2018.0,100.0
Nicaragua,2018.0,80.0
Nicaragua,2019.0,80.0
Niger,2018.0,20.0
Niger,2019.0,20.0
Nigeria,2018.0,40.0
Nigeria,2019.0,20.0
Niue,2018.0,80.0
Niue,2019.0,80.0
Norway,2018.0,100.0
Norway,2019.0,100.0
Micronesia (region),2019.0,20.0
Marshall Islands,2018.0,80.0
Palau,2018.0,80.0
Palau,2019.0,80.0
Pakistan,2018.0,20.0
Pakistan,2019.0,20.0
Panama,2018.0,40.0
Panama,2019.0,60.0
Papua New Guinea,2018.0,20.0
Paraguay,2018.0,80.0
Paraguay,2019.0,80.0
Peru,2018.0,40.0
Peru,2019.0,40.0
Philippines,2019.0,60.0
Poland,2019.0,80.0
Portugal,2018.0,80.0
Portugal,2019.0,80.0
Guinea-Bissau,2018.0,40.0
Guinea-Bissau,2019.0,40.0
Timor-Leste,2018.0,60.0
Timor-Leste,2019.0,60.0
Qatar,2018.0,80.0
Qatar,2019.0,100.0
Romania,2018.0,100.0
Romania,2019.0,60.0
Russia,2018.0,100.0
Russia,2019.0,100.0
Rwanda,2018.0,100.0
Rwanda,2019.0,100.0
Saint Kitts and Nevis,2018.0,40.0
Saint Kitts and Nevis,2019.0,40.0
Saint Lucia,2018.0,60.0
Saint Lucia,2019.0,60.0
Saint Vincent and the Grenadines,2018.0,20.0
Saint Vincent and the Grenadines,2019.0,40.0
San Marino,2018.0,40.0
Sao Tome and Principe,2018.0,80.0
Sao Tome and Principe,2019.0,20.0
Saudi Arabia,2018.0,80.0
Saudi Arabia,2019.0,80.0
Senegal,2018.0,20.0
Senegal,2019.0,40.0
Serbia,2018.0,80.0
Serbia,2019.0,80.0
Seychelles,2018.0,60.0
Seychelles,2019.0,60.0
Sierra Leone,2018.0,80.0
Sierra Leone,2019.0,80.0
Singapore,2018.0,100.0
Singapore,2019.0,100.0
Slovakia,2018.0,60.0
Slovakia,2019.0,60.0
Vietnam,2018.0,60.0
Vietnam,2019.0,60.0
Slovenia,2018.0,60.0
Slovenia,2019.0,60.0
Somalia,2018.0,20.0
South Africa,2018.0,20.0
South Africa,2019.0,60.0
Zimbabwe,2018.0,60.0
Zimbabwe,2019.0,20.0
Spain,2018.0,60.0
Spain,2019.0,60.0
South Sudan,2018.0,40.0
South Sudan,2019.0,20.0
Sudan,2018.0,80.0
Sudan,2019.0,60.0
Suriname,2018.0,80.0
Suriname,2019.0,80.0
Eswatini,2018.0,40.0
Eswatini,2019.0,20.0
Sweden,2018.0,80.0
Sweden,2019.0,80.0
Switzerland,2019.0,100.0
Syria,2018.0,80.0
Syria,2019.0,40.0
Tajikistan,2018.0,60.0
Tajikistan,2019.0,80.0
Thailand,2018.0,100.0
Thailand,2019.0,100.0
Togo,2018.0,20.0
Togo,2019.0,60.0
Tonga,2018.0,80.0
Trinidad and Tobago,2018.0,40.0
Trinidad and Tobago,2019.0,60.0
United Arab Emirates,2018.0,100.0
United Arab Emirates,2019.0,100.0
Tunisia,2018.0,60.0
Tunisia,2019.0,60.0
Turkey,2018.0,40.0
Turkey,2019.0,40.0
Turkmenistan,2018.0,60.0
Turkmenistan,2019.0,60.0
Tuvalu,2018.0,60.0
Uganda,2018.0,0.0
Uganda,2019.0,80.0
Ukraine,2018.0,60.0
Ukraine,2019.0,40.0
North Macedonia,2018.0,40.0
North Macedonia,2019.0,60.0
Egypt,2018.0,60.0
Egypt,2019.0,60.0
United Kingdom,2018.0,100.0
United Kingdom,2019.0,100.0
Tanzania,2018.0,60.0
Tanzania,2019.0,60.0
United States,2018.0,100.0
United States,2019.0,100.0
Burkina Faso,2018.0,20.0
Burkina Faso,2019.0,40.0
Uruguay,2018.0,100.0
Uruguay,2019.0,100.0
Uzbekistan,2018.0,60.0
Uzbekistan,2019.0,60.0
Venezuela,2018.0,80.0
Venezuela,2019.0,20.0
Samoa,2018.0,80.0
Yemen,2018.0,60.0
Yemen,2019.0,60.0
Zambia,2018.0,20.0
Zambia,2019.0,40.0
