country,year,value
Argentina,2017.0,2082.3
Argentina,2018.0,1964.3
Austria,2010.0,886.2
Austria,2011.0,815.7
Austria,2012.0,675.8
Austria,2013.0,628.7
Austria,2014.0,668.8
Austria,2015.0,625.2
Belgium,2009.0,1214.7
Belgium,2010.0,1243.0
Belgium,2011.0,1306.4
Belgium,2012.0,1152.9
Belgium,2013.0,1201.4
Belgium,2014.0,1146.5
Belgium,2015.0,874.0
Belize,2015.0,707.5
Belize,2016.0,462.4
Belize,2017.0,512.8
Bulgaria,2009.0,50.5
Bulgaria,2010.0,54.9
Bulgaria,2011.0,50.0
Bulgaria,2012.0,52.9
Bulgaria,2013.0,47.9
Bulgaria,2014.0,48.9
Bulgaria,2015.0,50.9
Myanmar,2019.0,4.3
Croatia,2012.0,526.4
Croatia,2013.0,587.7
Croatia,2014.0,633.2
Croatia,2015.0,687.6
Cyprus,2009.0,276.3
Cyprus,2010.0,300.2
Cyprus,2011.0,258.8
Cyprus,2012.0,250.3
Cyprus,2013.0,252.2
Cyprus,2014.0,287.5
Cyprus,2015.0,251.5
Czechia,2009.0,863.0
Czechia,2010.0,888.5
Czechia,2011.0,591.3
Czechia,2012.0,577.2
Czechia,2013.0,559.3
Czechia,2014.0,577.4
Czechia,2015.0,612.8
Denmark,2009.0,1836.8
Denmark,2010.0,1918.3
Denmark,2011.0,1768.8
Denmark,2012.0,1769.2
Denmark,2013.0,1695.6
Denmark,2014.0,1528.9
Denmark,2015.0,1494.5
Estonia,2009.0,738.7
Estonia,2010.0,832.6
Estonia,2011.0,764.1
Estonia,2012.0,766.7
Estonia,2013.0,774.8
Estonia,2014.0,731.2
Estonia,2015.0,691.0
Finland,2009.0,1175.4
Finland,2010.0,1247.8
Finland,2011.0,1331.7
Finland,2012.0,1227.1
Finland,2013.0,1262.7
Finland,2014.0,1198.0
Finland,2015.0,1187.0
France,2009.0,1355.0
France,2010.0,1517.8
France,2011.0,2153.0
France,2012.0,1570.0
France,2013.0,1308.5
France,2014.0,1680.4
France,2015.0,72.3
Germany,2009.0,1044.9
Germany,2010.0,1067.3
Germany,2011.0,1050.6
Germany,2012.0,1046.1
Germany,2013.0,1062.1
Germany,2014.0,1046.9
Germany,2015.0,1044.4
Greece,2009.0,207.3
Greece,2010.0,168.3
Greece,2011.0,174.1
Greece,2012.0,157.5
Greece,2013.0,155.8
Greece,2014.0,57.5
Greece,2015.0,92.8
Hungary,2009.0,358.2
Hungary,2010.0,405.0
Hungary,2011.0,358.7
Hungary,2012.0,398.8
Hungary,2013.0,356.7
Hungary,2014.0,392.2
Hungary,2015.0,411.1
Ireland,2012.0,715.8
Ireland,2013.0,686.0
Ireland,2014.0,616.5
Ireland,2015.0,523.9
Italy,2009.0,0.0
Italy,2010.0,0.0
Italy,2011.0,0.0
Italy,2012.0,0.0
Italy,2013.0,0.0
Italy,2014.0,0.0
Italy,2015.0,0.0
Latvia,2010.0,102.1
Latvia,2011.0,113.3
Latvia,2012.0,124.9
Latvia,2013.0,136.0
Latvia,2014.0,119.4
Latvia,2015.0,142.9
Lithuania,2009.0,109.1
Lithuania,2010.0,122.0
Lithuania,2011.0,136.9
Lithuania,2012.0,157.5
Lithuania,2013.0,164.0
Lithuania,2014.0,180.5
Lithuania,2015.0,191.6
Luxembourg,2009.0,452.6
Luxembourg,2010.0,376.3
Luxembourg,2011.0,332.0
Luxembourg,2012.0,430.9
Luxembourg,2013.0,444.7
Luxembourg,2014.0,568.4
Luxembourg,2015.0,440.0
Malaysia,2018.0,231.0
Malta,2009.0,684.0
Malta,2010.0,698.8
Malta,2011.0,602.6
Malta,2012.0,696.0
Malta,2013.0,695.1
Malta,2014.0,602.2
Malta,2015.0,536.5
Netherlands,2009.0,1773.6
Netherlands,2010.0,1627.1
Netherlands,2011.0,2037.0
Netherlands,2012.0,1574.6
Netherlands,2013.0,1533.6
Netherlands,2014.0,993.2
Netherlands,2015.0,786.1
Norway,2009.0,1753.7
Norway,2010.0,1264.8
Norway,2011.0,92.8
Norway,2012.0,1637.3
Norway,2013.0,811.5
Norway,2014.0,183.7
Norway,2015.0,255.1
Pakistan,2018.0,103.0
Panama,2015.0,0.0
Panama,2016.0,0.0
Poland,2009.0,623.3
Poland,2010.0,442.4
Poland,2011.0,372.3
Poland,2012.0,415.3
Poland,2013.0,384.5
Poland,2014.0,381.4
Poland,2015.0,409.1
Portugal,2009.0,1120.7
Portugal,2010.0,1156.0
Portugal,2011.0,1744.7
Portugal,2012.0,1886.6
Portugal,2013.0,1682.9
Portugal,2014.0,1699.8
Portugal,2015.0,1774.6
Qatar,2016.0,0.0
Romania,2009.0,18.8
Romania,2010.0,24.7
Romania,2011.0,25.0
Romania,2012.0,27.5
Romania,2013.0,28.6
Romania,2014.0,29.5
Romania,2015.0,36.6
Slovakia,2009.0,273.1
Slovakia,2010.0,266.0
Slovakia,2011.0,228.3
Slovakia,2012.0,227.9
Slovakia,2013.0,272.3
Slovakia,2014.0,252.8
Slovakia,2015.0,299.6
Slovenia,2009.0,935.9
Slovenia,2010.0,1020.2
Slovenia,2011.0,1026.5
Slovenia,2012.0,892.1
Slovenia,2013.0,810.7
Slovenia,2014.0,824.9
Slovenia,2015.0,847.1
Spain,2011.0,2044.4
Spain,2012.0,1664.5
Spain,2013.0,1777.4
Spain,2014.0,1905.5
Spain,2015.0,1894.0
Spain,2016.0,2179.5
Sweden,2009.0,0.0
Sweden,2010.0,0.0
Sweden,2011.0,0.0
Sweden,2012.0,0.0
Sweden,2013.0,0.0
Sweden,2014.0,0.0
Sweden,2015.0,0.0
Switzerland,2009.0,649.0
Switzerland,2010.0,709.2
Switzerland,2011.0,760.2
Switzerland,2012.0,895.2
Switzerland,2013.0,767.6
Switzerland,2014.0,742.0
Switzerland,2015.0,1011.3
Turkey,2008.0,180.8
Turkey,2009.0,152.1
Turkey,2010.0,148.2
Turkey,2011.0,144.5
Turkey,2012.0,177.7
Turkey,2013.0,517.3
Turkey,2014.0,642.7
Turkey,2015.0,721.4
Turkey,2016.0,913.6
United Kingdom,2009.0,0.0
United Kingdom,2010.0,747.0
United Kingdom,2011.0,0.0
United Kingdom,2012.0,0.0
United Kingdom,2013.0,0.0
United Kingdom,2014.0,0.3
United Kingdom,2015.0,0.0
Uzbekistan,2015.0,17.0
Uzbekistan,2016.0,16.0
Uzbekistan,2017.0,18.0
Uzbekistan,2018.0,10.0
Uzbekistan,2019.0,9.0
