country,year,value
World,2014.0,8.25135
World,2015.0,7.94025
World,2016.0,8.11205
World,2017.0,8.56441
World,2018.0,9.40203
World,2019.0,9.67193
Africa,2014.0,16.65759
Africa,2015.0,16.80661
Africa,2016.0,18.17886
Africa,2017.0,18.48251
Africa,2018.0,18.2682
Africa,2019.0,18.99774
Afghanistan,2015.0,14.75676
Afghanistan,2016.0,15.12146
Afghanistan,2017.0,17.32755
Afghanistan,2018.0,22.74267
South America,2014.0,5.5002
South America,2015.0,4.61227
South America,2016.0,7.09975
South America,2017.0,8.11418
South America,2018.0,7.23226
South America,2019.0,7.64154
Albania,2015.0,10.00014
Albania,2016.0,10.48314
Albania,2017.0,10.99932
Albania,2018.0,10.04087
Oceania,2014.0,2.48911
Oceania,2015.0,2.62669
Oceania,2016.0,3.32505
Oceania,2017.0,4.13455
Oceania,2018.0,3.72933
Oceania,2019.0,4.18044
Western Africa,2014.0,11.66107
Western Africa,2015.0,12.47949
Western Africa,2016.0,13.81837
Western Africa,2017.0,14.85502
Western Africa,2018.0,15.80265
Western Africa,2019.0,17.21638
Algeria,2015.0,13.03578
Algeria,2016.0,12.65038
Algeria,2017.0,11.40286
Algeria,2018.0,9.31115
Central America,2014.0,10.37146
Central America,2015.0,10.21672
Central America,2016.0,10.01167
Central America,2017.0,11.76563
Central America,2018.0,13.56663
Central America,2019.0,14.08621
Eastern Africa,2014.0,23.5423
Eastern Africa,2015.0,23.76866
Eastern Africa,2016.0,25.23952
Eastern Africa,2017.0,24.52237
Eastern Africa,2018.0,23.91002
Eastern Africa,2019.0,24.69691
Northern Africa,2014.0,10.22664
Northern Africa,2015.0,9.02049
Northern Africa,2016.0,10.36896
Northern Africa,2017.0,11.0103
Northern Africa,2018.0,9.25154
Northern Africa,2019.0,8.66737
Southern Africa,2014.0,19.38021
Southern Africa,2015.0,19.48629
Southern Africa,2016.0,19.69672
Southern Africa,2017.0,19.90855
Southern Africa,2018.0,19.68484
Southern Africa,2019.0,19.7567
Americas,2014.0,4.88964
Americas,2015.0,4.44971
Americas,2016.0,5.53508
Americas,2017.0,6.19684
Americas,2018.0,6.1463
Americas,2019.0,6.42762
Northern America,2014.0,1.04746
Northern America,2015.0,0.95739
Northern America,2016.0,1.04716
Northern America,2017.0,0.77748
Northern America,2018.0,0.77742
Northern America,2019.0,0.77736
Angola,2015.0,21.04727
Eastern Asia,2014.0,0.80424
Eastern Asia,2015.0,0.76371
Eastern Asia,2016.0,1.48553
Eastern Asia,2017.0,1.70936
Eastern Asia,2018.0,1.87761
Eastern Asia,2019.0,1.29571
Azerbaijan,2015.0,0.07482
Azerbaijan,2016.0,0.12912
Azerbaijan,2017.0,0.15546
Azerbaijan,2018.0,0.19254
Argentina,2015.0,5.75125
Argentina,2016.0,8.64125
Argentina,2017.0,11.21257
Argentina,2018.0,12.88433
Southern Asia,2014.0,15.9085
Southern Asia,2015.0,14.80805
Southern Asia,2016.0,13.1454
Southern Asia,2017.0,13.29903
Southern Asia,2018.0,16.85129
Southern Asia,2019.0,17.81664
South-Eastern Asia,2014.0,4.36825
South-Eastern Asia,2015.0,3.79112
South-Eastern Asia,2016.0,4.01698
South-Eastern Asia,2017.0,5.62676
South-Eastern Asia,2018.0,5.36246
South-Eastern Asia,2019.0,4.80382
Australia,2015.0,2.81793
Australia,2016.0,3.38897
Australia,2017.0,3.64945
Australia,2018.0,3.93445
Southern Europe,2014.0,1.83626
Southern Europe,2015.0,1.64654
Southern Europe,2016.0,1.60964
Southern Europe,2017.0,2.03761
Southern Europe,2018.0,1.61275
Southern Europe,2019.0,1.55683
Austria,2015.0,1.14756
Austria,2016.0,1.17482
Austria,2017.0,1.13179
Austria,2018.0,1.08693
Bangladesh,2015.0,13.25648
Bangladesh,2016.0,12.43027
Bangladesh,2017.0,11.61305
Bangladesh,2018.0,10.63089
Armenia,2015.0,3.71728
Armenia,2016.0,4.2871
Armenia,2017.0,4.42454
Armenia,2018.0,4.10082
Australia and New Zealand,2014.0,2.48289
Australia and New Zealand,2015.0,2.62145
Australia and New Zealand,2016.0,3.32454
Australia and New Zealand,2017.0,4.13945
Australia and New Zealand,2018.0,3.73151
Australia and New Zealand,2019.0,4.18557
Belgium,2015.0,3.13557
Belgium,2016.0,3.29623
Belgium,2017.0,3.55202
Belgium,2018.0,3.62276
Central and Southern Asia,2014.0,15.39291
Central and Southern Asia,2015.0,14.32446
Central and Southern Asia,2016.0,12.74266
Central and Southern Asia,2017.0,12.91727
Central and Southern Asia,2018.0,16.3158
Central and Southern Asia,2019.0,17.24439
Bosnia and Herzegovina,2015.0,1.5382
Bosnia and Herzegovina,2016.0,1.76184
Bosnia and Herzegovina,2017.0,1.32249
Bosnia and Herzegovina,2018.0,1.45702
Botswana,2015.0,34.93046
Botswana,2016.0,39.87027
Botswana,2017.0,41.37593
Botswana,2018.0,41.16349
Brazil,2015.0,1.92999
Brazil,2016.0,1.76593
Brazil,2017.0,1.72042
Brazil,2018.0,1.62805
Bulgaria,2015.0,1.88912
Bulgaria,2016.0,2.35505
Bulgaria,2017.0,2.14415
Bulgaria,2018.0,1.87018
Cambodia,2015.0,16.91937
Cambodia,2016.0,14.26717
Cambodia,2017.0,14.03015
Cambodia,2018.0,13.58693
Canada,2015.0,0.57733
Canada,2016.0,0.57733
Cape Verde,2017.0,9.56773
Cape Verde,2018.0,9.56773
Asia,2014.0,7.96901
Asia,2015.0,7.4603
Asia,2016.0,7.10836
Asia,2017.0,7.57326
Asia,2018.0,9.05544
Asia,2019.0,9.16337
Central Asia,2014.0,1.56216
Central Asia,2015.0,1.4167
Central Asia,2016.0,2.04567
Central Asia,2017.0,2.82623
Central Asia,2018.0,2.22612
Central Asia,2019.0,2.25094
Western Asia,2014.0,8.32077
Western Asia,2015.0,8.73257
Western Asia,2016.0,8.84815
Western Asia,2017.0,9.84389
Western Asia,2018.0,9.40315
Western Asia,2019.0,8.99225
Europe,2014.0,1.57301
Europe,2015.0,1.58783
Europe,2016.0,1.42845
Europe,2017.0,1.4323
Europe,2018.0,1.07011
Europe,2019.0,1.193
Eastern Europe,2014.0,1.3834
Eastern Europe,2015.0,1.53545
Eastern Europe,2016.0,1.46508
Eastern Europe,2017.0,1.08441
Eastern Europe,2018.0,0.89855
Eastern Europe,2019.0,1.28486
Chile,2015.0,2.67012
Chile,2016.0,3.01329
Chile,2017.0,3.38361
Chile,2018.0,3.78271
Northern Europe,2014.0,1.75057
Northern Europe,2015.0,1.80469
Northern Europe,2016.0,1.70142
Northern Europe,2017.0,2.16164
Northern Europe,2018.0,1.0064
Northern Europe,2019.0,0.99981
Western Europe,2014.0,1.55852
Western Europe,2015.0,1.50444
Western Europe,2016.0,1.08177
Western Europe,2017.0,1.08914
Western Europe,2018.0,0.93804
Western Europe,2019.0,0.87598
Costa Rica,2015.0,4.72375
Costa Rica,2016.0,4.69478
Costa Rica,2017.0,5.07042
Costa Rica,2018.0,5.36945
Croatia,2015.0,0.55103
Croatia,2016.0,0.63703
Croatia,2017.0,0.75247
Croatia,2018.0,0.90821
Least Developed Countries (LDCs),2014.0,17.63511
Least Developed Countries (LDCs),2015.0,17.82475
Least Developed Countries (LDCs),2016.0,18.89435
Least Developed Countries (LDCs),2017.0,18.68843
Least Developed Countries (LDCs),2018.0,18.92216
Least Developed Countries (LDCs),2019.0,20.04653
Sub-Saharan Africa,2014.0,18.17031
Sub-Saharan Africa,2015.0,18.62495
Sub-Saharan Africa,2016.0,19.98955
Sub-Saharan Africa,2017.0,20.20233
Sub-Saharan Africa,2018.0,20.32822
Sub-Saharan Africa,2019.0,21.34016
Czechia,2015.0,0.65661
Czechia,2016.0,0.46099
Czechia,2017.0,0.34129
Czechia,2018.0,0.39498
Denmark,2015.0,0.95511
Denmark,2016.0,1.13877
Denmark,2017.0,1.11616
Denmark,2018.0,1.09979
Ecuador,2015.0,7.1
Ecuador,2016.0,7.1
Ecuador,2017.0,7.1
El Salvador,2015.0,13.80867
El Salvador,2016.0,13.66409
El Salvador,2017.0,14.01642
El Salvador,2018.0,14.56273
Ethiopia,2015.0,14.52957
Ethiopia,2016.0,15.02542
Ethiopia,2017.0,14.78723
Ethiopia,2018.0,14.13971
Estonia,2015.0,0.88949
Estonia,2016.0,0.82379
Estonia,2017.0,1.04796
Estonia,2018.0,0.93373
Finland,2015.0,2.38699
Finland,2016.0,2.25944
Finland,2017.0,2.07764
Finland,2018.0,1.96357
France,2015.0,1.56303
France,2016.0,1.21586
France,2017.0,0.88623
France,2018.0,0.71447
Georgia,2015.0,6.97057
Georgia,2016.0,7.92062
Georgia,2017.0,7.4826
Georgia,2018.0,7.34378
Gambia,2015.0,23.55051
Gambia,2016.0,23.55051
Gambia,2017.0,23.55051
Gambia,2018.0,24.58099
Palestine,2017.0,4.42463
Palestine,2018.0,4.42463
Germany,2015.0,0.97017
Germany,2016.0,0.84588
Germany,2017.0,0.72928
Germany,2018.0,0.66552
Ghana,2015.0,7.57535
Ghana,2016.0,7.8542
Ghana,2017.0,8.13981
Ghana,2018.0,8.43237
Greece,2015.0,2.64972
Greece,2016.0,3.23275
Greece,2017.0,3.15675
Greece,2018.0,2.33245
Guatemala,2015.0,16.06223
Guatemala,2016.0,17.01602
Guatemala,2017.0,17.13511
Guatemala,2018.0,18.11817
Guinea,2015.0,44.26999
Guinea,2016.0,47.1231
Guinea,2017.0,49.7066
Guinea,2018.0,49.7066
Honduras,2015.0,23.24207
Honduras,2016.0,21.76982
Honduras,2017.0,21.85812
Honduras,2018.0,23.92531
Hungary,2015.0,1.37875
Hungary,2016.0,1.11994
Hungary,2017.0,0.92356
Hungary,2018.0,0.81605
Iceland,2015.0,1.67853
Iceland,2016.0,1.65686
Iceland,2017.0,1.53701
Iceland,2018.0,1.5103
Indonesia,2015.0,0.97689
Indonesia,2016.0,1.03889
Indonesia,2017.0,0.96716
Indonesia,2018.0,0.83191
Iran,2015.0,9.52847
Iran,2016.0,9.31049
Iran,2017.0,8.73721
Iran,2018.0,8.28508
Ireland,2015.0,3.44679
Ireland,2016.0,2.77521
Ireland,2017.0,2.88337
Ireland,2018.0,3.4856
Israel,2015.0,1.32933
Israel,2016.0,1.40079
Israel,2017.0,1.47476
Israel,2018.0,1.55132
Italy,2015.0,1.2137
Italy,2016.0,1.1032
Italy,2017.0,1.12749
Italy,2018.0,1.07201
Japan,2015.0,0.36493
Japan,2016.0,0.3771
Japan,2017.0,0.54644
Japan,2018.0,0.70679
Kazakhstan,2018.0,0.06102
Kenya,2015.0,19.13095
Kenya,2016.0,19.13095
Kenya,2017.0,19.13095
Korea,2015.0,0.32159
Korea,2016.0,0.36513
Korea,2017.0,0.46233
Korea,2018.0,0.38823
Kuwait,2015.0,4.88019
Kuwait,2016.0,4.90573
Kuwait,2017.0,4.92006
Kuwait,2018.0,4.88553
Kyrgyzstan,2017.0,0.84475
Kyrgyzstan,2018.0,0.84475
Latin America and the Caribbean,2014.0,7.09483
Latin America and the Caribbean,2015.0,6.44811
Latin America and the Caribbean,2016.0,8.09562
Latin America and the Caribbean,2017.0,9.27982
Latin America and the Caribbean,2018.0,9.19179
Latin America and the Caribbean,2019.0,9.62361
Lesotho,2018.0,27.0
Latvia,2015.0,0.59885
Latvia,2016.0,0.61331
Latvia,2017.0,0.56124
Latvia,2018.0,0.60388
Liberia,2015.0,63.09876
Liberia,2016.0,62.45434
Liberia,2017.0,62.07881
Liberia,2018.0,60.3978
Landlocked developing countries (LLDCs),2014.0,15.21202
Landlocked developing countries (LLDCs),2015.0,15.55615
Landlocked developing countries (LLDCs),2016.0,17.3105
Landlocked developing countries (LLDCs),2017.0,17.34194
Landlocked developing countries (LLDCs),2018.0,17.73828
Landlocked developing countries (LLDCs),2019.0,19.7214
Libya,2015.0,11.18178
Libya,2016.0,12.42203
Libya,2017.0,14.32085
Libya,2018.0,16.79486
Lithuania,2015.0,2.487
Lithuania,2016.0,1.96137
Lithuania,2017.0,1.57069
Lithuania,2018.0,1.0857
Luxembourg,2015.0,1.77838
Luxembourg,2016.0,1.3709
Luxembourg,2017.0,0.9207
Luxembourg,2018.0,0.91895
Malawi,2015.0,51.70742
Malawi,2016.0,51.73532
Malawi,2017.0,51.76324
Malawi,2018.0,51.79117
Malaysia,2015.0,7.80659
Malaysia,2016.0,6.72822
Malaysia,2017.0,6.72822
Malaysia,2018.0,6.72822
Malta,2015.0,1.50563
Malta,2016.0,1.37073
Malta,2017.0,1.03264
Malta,2018.0,0.78788
Mauritania,2015.0,14.22143
Mauritania,2016.0,18.69965
Mauritania,2017.0,22.09948
Mauritania,2018.0,22.44276
Mauritius,2015.0,5.19862
Mauritius,2016.0,5.90034
Mauritius,2017.0,6.25012
Mauritius,2018.0,6.66188
Mexico,2015.0,7.98371
Mexico,2016.0,8.55785
Mexico,2017.0,10.02759
Mexico,2018.0,11.54521
Mongolia,2015.0,3.43909
Mongolia,2016.0,5.14837
Mongolia,2017.0,5.85706
Mongolia,2018.0,5.86639
Moldova,2015.0,1.63733
Moldova,2016.0,2.17032
Moldova,2017.0,2.87671
Moldova,2018.0,3.98971
Montenegro,2015.0,2.14439
Montenegro,2016.0,2.17152
Montenegro,2017.0,2.29442
Montenegro,2018.0,2.24669
Mozambique,2015.0,40.66601
Mozambique,2016.0,40.66601
Mozambique,2017.0,40.66601
Mozambique,2018.0,40.66601
Europe and North America,2014.0,1.40308
Europe and North America,2015.0,1.38322
Europe and North America,2016.0,1.30426
Europe and North America,2017.0,1.21827
Europe and North America,2018.0,0.97411
Europe and North America,2019.0,1.05619
Namibia,2015.0,30.55323
Namibia,2016.0,30.79484
Namibia,2017.0,31.03834
Namibia,2018.0,31.28307
Nepal,2015.0,10.43539
Nepal,2016.0,9.61212
Nepal,2017.0,9.56021
Nepal,2018.0,10.33187
Netherlands,2015.0,1.53948
Netherlands,2016.0,1.69995
Netherlands,2017.0,1.47412
Netherlands,2018.0,1.6879
New Zealand,2015.0,2.78957
New Zealand,2016.0,3.26056
New Zealand,2017.0,4.17309
New Zealand,2018.0,4.46285
Nigeria,2015.0,6.53358
Nigeria,2016.0,7.31117
Nigeria,2017.0,8.15011
Nigeria,2018.0,9.08531
Norway,2015.0,1.13698
Norway,2016.0,1.20317
Norway,2017.0,1.12028
Norway,2018.0,1.14422
Peru,2015.0,8.99812
Philippines,2015.0,12.18644
Philippines,2016.0,13.99048
Philippines,2017.0,16.18678
Philippines,2018.0,17.62624
Poland,2015.0,1.80889
Poland,2016.0,1.17894
Poland,2017.0,0.74106
Poland,2018.0,0.49673
Portugal,2015.0,4.06982
Portugal,2016.0,3.54835
Portugal,2017.0,3.2408
Portugal,2018.0,2.86818
Romania,2015.0,5.61547
Romania,2016.0,4.79528
Romania,2017.0,4.03873
Romania,2018.0,3.41761
Russia,2015.0,0.6937
Russia,2016.0,0.73442
Russia,2017.0,0.60022
Russia,2018.0,0.75654
Saint Lucia,2015.0,4.51
Saint Lucia,2016.0,4.51
Saint Lucia,2017.0,4.51
Senegal,2015.0,14.52379
Senegal,2016.0,15.74046
Senegal,2017.0,15.3042
Senegal,2018.0,16.66927
Serbia,2015.0,1.72308
Serbia,2016.0,2.27695
Serbia,2017.0,1.91423
Serbia,2018.0,2.00309
Seychelles,2015.0,3.2007
Seychelles,2016.0,3.2007
Seychelles,2017.0,3.2007
Sierra Leone,2015.0,30.44508
Sierra Leone,2016.0,30.88998
Sierra Leone,2017.0,31.33924
Sierra Leone,2018.0,31.79501
Singapore,2015.0,1.02464
Singapore,2016.0,1.19618
Singapore,2017.0,1.43096
Singapore,2018.0,1.40097
Slovakia,2015.0,1.05357
Slovakia,2016.0,0.89323
Slovakia,2017.0,0.86474
Slovakia,2018.0,0.75526
Vietnam,2017.0,0.42
Vietnam,2018.0,0.42
Slovenia,2015.0,0.92472
Slovenia,2016.0,0.7966
Slovenia,2017.0,0.62964
Slovenia,2018.0,0.47191
South Africa,2015.0,17.99619
South Africa,2016.0,17.99619
Zimbabwe,2015.0,35.47353
Zimbabwe,2016.0,36.71565
Zimbabwe,2017.0,35.90572
Zimbabwe,2018.0,34.18676
Spain,2015.0,1.12396
Spain,2016.0,1.34321
Spain,2017.0,1.43048
Spain,2018.0,1.76366
South Sudan,2015.0,65.44
South Sudan,2016.0,65.44
South Sudan,2017.0,65.44
South Sudan,2018.0,63.72103
Sudan,2015.0,13.44026
Sudan,2016.0,14.44075
Sudan,2017.0,15.41753
Sudan,2018.0,16.37122
Northern Africa and Western Asia,2014.0,9.20626
Northern Africa and Western Asia,2015.0,8.86642
Northern Africa and Western Asia,2016.0,9.55592
Northern Africa and Western Asia,2017.0,10.3875
Northern Africa and Western Asia,2018.0,9.33238
Northern Africa and Western Asia,2019.0,8.84035
Eswatini,2015.0,29.3783
Eswatini,2016.0,29.3783
Eswatini,2017.0,29.3783
Eswatini,2018.0,30.04434
Sweden,2015.0,0.78842
Sweden,2016.0,1.01097
Sweden,2017.0,1.03495
Sweden,2018.0,1.152
Eastern and South-Eastern Asia,2014.0,1.79104
Eastern and South-Eastern Asia,2015.0,1.60614
Eastern and South-Eastern Asia,2016.0,2.19336
Eastern and South-Eastern Asia,2017.0,2.80989
Eastern and South-Eastern Asia,2018.0,2.86118
Eastern and South-Eastern Asia,2019.0,2.29048
Switzerland,2015.0,1.5198
Switzerland,2016.0,1.27399
Switzerland,2017.0,0.81099
Switzerland,2018.0,0.69729
Tunisia,2015.0,9.11043
Tunisia,2016.0,9.32601
Tunisia,2017.0,9.14296
Tunisia,2018.0,9.14063
Uganda,2015.0,17.50476
Uganda,2016.0,18.47929
Uganda,2017.0,19.50741
Uganda,2018.0,20.57088
Ukraine,2015.0,2.01086
Ukraine,2016.0,2.15106
Ukraine,2017.0,1.9889
Ukraine,2018.0,1.63091
North Macedonia,2015.0,3.57918
North Macedonia,2016.0,3.07726
North Macedonia,2017.0,3.08167
North Macedonia,2018.0,3.17883
Egypt,2015.0,8.4404
Egypt,2016.0,9.04634
Egypt,2017.0,8.93497
Egypt,2018.0,7.75801
United Kingdom,2015.0,1.8606
United Kingdom,2016.0,2.10506
United Kingdom,2017.0,1.71113
United Kingdom,2018.0,1.31227
Tanzania,2017.0,23.79
Tanzania,2018.0,23.79
United States,2015.0,1.06666
United States,2016.0,0.96624
United States,2017.0,0.89937
United States,2018.0,0.8
Burkina Faso,2015.0,10.14414
Burkina Faso,2016.0,11.27187
Burkina Faso,2017.0,12.52498
Burkina Faso,2018.0,13.91742
Uruguay,2015.0,6.80601
Uruguay,2016.0,7.55488
Uruguay,2017.0,7.44057
Uruguay,2018.0,6.37347
Uzbekistan,2015.0,1.87294
Uzbekistan,2016.0,2.1217
Uzbekistan,2017.0,2.22042
Uzbekistan,2018.0,2.76862
Samoa,2018.0,3.4
