country,year,value
World,2000.0,3.00138
World,2001.0,3.16673
World,2002.0,3.33638
World,2003.0,3.5191
World,2004.0,3.71883
World,2005.0,3.93502
World,2006.0,4.17038
World,2007.0,4.4246
World,2008.0,4.69643
World,2009.0,4.97914
World,2010.0,5.30287
World,2011.0,5.5986
World,2012.0,5.87678
World,2013.0,6.1398
World,2014.0,6.375
World,2015.0,6.58026
World,2016.0,6.7643
World,2017.0,6.93794
World,2018.0,7.10759
World,2019.0,7.28049
Africa,2000.0,0.85045
Africa,2001.0,0.90459
Africa,2002.0,0.96148
Africa,2003.0,1.02186
Africa,2004.0,1.09179
Africa,2005.0,1.1717
Africa,2006.0,1.26308
Africa,2007.0,1.36957
Africa,2008.0,1.48821
Africa,2009.0,1.61185
Africa,2010.0,1.73652
Africa,2011.0,1.88236
Africa,2012.0,1.99102
Africa,2013.0,2.09519
Africa,2014.0,2.18725
Africa,2015.0,2.26254
Africa,2016.0,2.33387
Africa,2017.0,2.38439
Africa,2018.0,2.4386
Africa,2019.0,2.48605
South America,2000.0,3.35526
South America,2001.0,3.55589
South America,2002.0,3.75184
South America,2003.0,3.95306
South America,2004.0,4.17046
South America,2005.0,4.41598
South America,2006.0,4.68709
South America,2007.0,4.99911
South America,2008.0,5.34734
South America,2009.0,5.7141
South America,2010.0,6.10031
South America,2011.0,6.51056
South America,2012.0,6.91754
South America,2013.0,7.30575
South America,2014.0,7.66944
South America,2015.0,7.9922
South America,2016.0,8.29178
South America,2017.0,8.56661
South America,2018.0,8.8309
South America,2019.0,9.06499
Oceania,2000.0,8.6004
Oceania,2001.0,9.04053
Oceania,2002.0,9.49404
Oceania,2003.0,9.98633
Oceania,2004.0,10.55543
Oceania,2005.0,11.13337
Oceania,2006.0,11.6774
Oceania,2007.0,12.18529
Oceania,2008.0,12.63309
Oceania,2009.0,13.08664
Oceania,2010.0,13.60523
Oceania,2011.0,14.10638
Oceania,2012.0,14.57996
Oceania,2013.0,15.02281
Oceania,2014.0,15.38455
Oceania,2015.0,15.65185
Oceania,2016.0,15.78635
Oceania,2017.0,15.8415
Oceania,2018.0,15.86331
Oceania,2019.0,15.91119
Western Africa,2000.0,0.33973
Western Africa,2001.0,0.35964
Western Africa,2002.0,0.38334
Western Africa,2003.0,0.41265
Western Africa,2004.0,0.45288
Western Africa,2005.0,0.50058
Western Africa,2006.0,0.56211
Western Africa,2007.0,0.63459
Western Africa,2008.0,0.71878
Western Africa,2009.0,0.80956
Western Africa,2010.0,0.90266
Western Africa,2011.0,1.00115
Western Africa,2012.0,1.10188
Western Africa,2013.0,1.20029
Western Africa,2014.0,1.29149
Western Africa,2015.0,1.37496
Western Africa,2016.0,1.4577
Western Africa,2017.0,1.54097
Western Africa,2018.0,1.61743
Western Africa,2019.0,1.68483
Central America,2000.0,3.71701
Central America,2001.0,3.92491
Central America,2002.0,4.12213
Central America,2003.0,4.32136
Central America,2004.0,4.53473
Central America,2005.0,4.77357
Central America,2006.0,5.0239
Central America,2007.0,5.30547
Central America,2008.0,5.599
Central America,2009.0,5.89474
Central America,2010.0,6.1954
Central America,2011.0,6.49804
Central America,2012.0,6.80204
Central America,2013.0,7.08703
Central America,2014.0,7.34649
Central America,2015.0,7.57351
Central America,2016.0,7.78876
Central America,2017.0,7.9881
Central America,2018.0,8.16674
Central America,2019.0,8.34226
Eastern Africa,2000.0,0.1752
Eastern Africa,2001.0,0.1865
Eastern Africa,2002.0,0.19955
Eastern Africa,2003.0,0.21361
Eastern Africa,2004.0,0.2289
Eastern Africa,2005.0,0.24718
Eastern Africa,2006.0,0.26952
Eastern Africa,2007.0,0.2983
Eastern Africa,2008.0,0.33195
Eastern Africa,2009.0,0.36846
Eastern Africa,2010.0,0.40834
Eastern Africa,2011.0,0.45119
Eastern Africa,2012.0,0.49262
Eastern Africa,2013.0,0.53544
Eastern Africa,2014.0,0.5788
Eastern Africa,2015.0,0.62043
Eastern Africa,2016.0,0.66103
Eastern Africa,2017.0,0.70114
Eastern Africa,2018.0,0.73982
Eastern Africa,2019.0,0.77687
Northern Africa,2000.0,1.98053
Northern Africa,2001.0,2.12594
Northern Africa,2002.0,2.27238
Northern Africa,2003.0,2.4285
Northern Africa,2004.0,2.60236
Northern Africa,2005.0,2.79976
Northern Africa,2006.0,3.01729
Northern Africa,2007.0,3.2611
Northern Africa,2008.0,3.5204
Northern Africa,2009.0,3.78457
Northern Africa,2010.0,4.04794
Northern Africa,2011.0,4.40401
Northern Africa,2012.0,4.59935
Northern Africa,2013.0,4.79517
Northern Africa,2014.0,4.96508
Northern Africa,2015.0,5.09272
Northern Africa,2016.0,5.22463
Northern Africa,2017.0,5.26329
Northern Africa,2018.0,5.35292
Northern Africa,2019.0,5.43056
Southern Africa,2000.0,2.79562
Southern Africa,2001.0,2.97834
Southern Africa,2002.0,3.17857
Southern Africa,2003.0,3.37411
Southern Africa,2004.0,3.59788
Southern Africa,2005.0,3.84348
Southern Africa,2006.0,4.1056
Southern Africa,2007.0,4.41169
Southern Africa,2008.0,4.75138
Southern Africa,2009.0,5.09636
Southern Africa,2010.0,5.42996
Southern Africa,2011.0,5.75006
Southern Africa,2012.0,6.02916
Southern Africa,2013.0,6.25904
Southern Africa,2014.0,6.44366
Southern Africa,2015.0,6.58279
Southern Africa,2016.0,6.68304
Southern Africa,2017.0,6.77743
Southern Africa,2018.0,6.82431
Southern Africa,2019.0,6.88496
Americas,2000.0,6.62533
Americas,2001.0,6.95469
Americas,2002.0,7.28173
Americas,2003.0,7.62981
Americas,2004.0,8.0058
Americas,2005.0,8.4039
Americas,2006.0,8.82382
Americas,2007.0,9.25081
Americas,2008.0,9.6763
Americas,2009.0,10.0998
Americas,2010.0,10.51679
Americas,2011.0,10.95241
Americas,2012.0,11.39714
Americas,2013.0,11.81232
Americas,2014.0,12.17104
Americas,2015.0,12.47071
Americas,2016.0,12.71216
Americas,2017.0,12.9269
Americas,2018.0,13.12507
Americas,2019.0,13.31011
Northern America,2000.0,11.68857
Northern America,2001.0,12.24127
Northern America,2002.0,12.80146
Northern America,2003.0,13.41206
Northern America,2004.0,14.07116
Northern America,2005.0,14.74257
Northern America,2006.0,15.43354
Northern America,2007.0,16.07934
Northern America,2008.0,16.67253
Northern America,2009.0,17.23892
Northern America,2010.0,17.76576
Northern America,2011.0,18.31679
Northern America,2012.0,18.89866
Northern America,2013.0,19.43611
Northern America,2014.0,19.8664
Northern America,2015.0,20.20377
Northern America,2016.0,20.41861
Northern America,2017.0,20.59801
Northern America,2018.0,20.75484
Northern America,2019.0,20.9122
Eastern Asia,2000.0,2.06852
Eastern Asia,2001.0,2.2302
Eastern Asia,2002.0,2.41007
Eastern Asia,2003.0,2.61484
Eastern Asia,2004.0,2.84971
Eastern Asia,2005.0,3.11759
Eastern Asia,2006.0,3.42079
Eastern Asia,2007.0,3.7692
Eastern Asia,2008.0,4.17906
Eastern Asia,2009.0,4.62607
Eastern Asia,2010.0,5.09123
Eastern Asia,2011.0,5.56436
Eastern Asia,2012.0,6.03782
Eastern Asia,2013.0,6.49871
Eastern Asia,2014.0,6.9182
Eastern Asia,2015.0,7.29318
Eastern Asia,2016.0,7.62431
Eastern Asia,2017.0,7.93914
Eastern Asia,2018.0,8.24981
Eastern Asia,2019.0,8.58554
Southern Asia,2000.0,0.51298
Southern Asia,2001.0,0.54936
Southern Asia,2002.0,0.59121
Southern Asia,2003.0,0.63804
Southern Asia,2004.0,0.6888
Southern Asia,2005.0,0.744
Southern Asia,2006.0,0.81515
Southern Asia,2007.0,0.90282
Southern Asia,2008.0,1.00006
Southern Asia,2009.0,1.10714
Southern Asia,2010.0,1.21898
Southern Asia,2011.0,1.33817
Southern Asia,2012.0,1.45885
Southern Asia,2013.0,1.58165
Southern Asia,2014.0,1.70319
Southern Asia,2015.0,1.83257
Southern Asia,2016.0,1.98565
Southern Asia,2017.0,2.16338
Southern Asia,2018.0,2.35132
Southern Asia,2019.0,2.55219
South-Eastern Asia,2000.0,1.67015
South-Eastern Asia,2001.0,1.78736
South-Eastern Asia,2002.0,1.90757
South-Eastern Asia,2003.0,2.04025
South-Eastern Asia,2004.0,2.18463
South-Eastern Asia,2005.0,2.34812
South-Eastern Asia,2006.0,2.5359
South-Eastern Asia,2007.0,2.75455
South-Eastern Asia,2008.0,3.00783
South-Eastern Asia,2009.0,3.27063
South-Eastern Asia,2010.0,3.54078
South-Eastern Asia,2011.0,3.80845
South-Eastern Asia,2012.0,4.06244
South-Eastern Asia,2013.0,4.29737
South-Eastern Asia,2014.0,4.5039
South-Eastern Asia,2015.0,4.68305
South-Eastern Asia,2016.0,4.85507
South-Eastern Asia,2017.0,5.0366
South-Eastern Asia,2018.0,5.21075
South-Eastern Asia,2019.0,5.38225
Southern Europe,2000.0,10.10871
Southern Europe,2001.0,10.64094
Southern Europe,2002.0,11.13782
Southern Europe,2003.0,11.63564
Southern Europe,2004.0,12.1278
Southern Europe,2005.0,12.61822
Southern Europe,2006.0,13.126
Southern Europe,2007.0,13.61776
Southern Europe,2008.0,14.07581
Southern Europe,2009.0,14.53112
Southern Europe,2010.0,14.98252
Southern Europe,2011.0,15.38912
Southern Europe,2012.0,15.72375
Southern Europe,2013.0,15.99343
Southern Europe,2014.0,16.20002
Southern Europe,2015.0,16.37062
Southern Europe,2016.0,16.50972
Southern Europe,2017.0,16.59595
Southern Europe,2018.0,16.64979
Southern Europe,2019.0,16.64346
Australia and New Zealand,2000.0,11.3318
Australia and New Zealand,2001.0,11.93284
Australia and New Zealand,2002.0,12.55036
Australia and New Zealand,2003.0,13.21863
Australia and New Zealand,2004.0,13.98954
Australia and New Zealand,2005.0,14.77216
Australia and New Zealand,2006.0,15.50649
Australia and New Zealand,2007.0,16.18868
Australia and New Zealand,2008.0,16.78762
Australia and New Zealand,2009.0,17.39354
Australia and New Zealand,2010.0,18.09295
Australia and New Zealand,2011.0,18.7716
Australia and New Zealand,2012.0,19.41615
Australia and New Zealand,2013.0,20.01641
Australia and New Zealand,2014.0,20.50816
Australia and New Zealand,2015.0,20.87402
Australia and New Zealand,2016.0,21.06316
Australia and New Zealand,2017.0,21.14617
Australia and New Zealand,2018.0,21.18786
Australia and New Zealand,2019.0,21.27042
Melanesia,2000.0,0.52272
Melanesia,2001.0,0.55374
Melanesia,2002.0,0.58583
Melanesia,2003.0,0.6198
Melanesia,2004.0,0.6547
Melanesia,2005.0,0.69083
Melanesia,2006.0,0.73508
Melanesia,2007.0,0.78795
Melanesia,2008.0,0.84756
Melanesia,2009.0,0.91085
Melanesia,2010.0,0.96105
Melanesia,2011.0,1.01082
Melanesia,2012.0,1.0577
Melanesia,2013.0,1.11894
Melanesia,2014.0,1.17914
Melanesia,2015.0,1.23984
Melanesia,2016.0,1.29868
Melanesia,2017.0,1.36081
Melanesia,2018.0,1.42162
Melanesia,2019.0,1.47478
Central and Southern Asia,2000.0,0.54663
Central and Southern Asia,2001.0,0.58433
Central and Southern Asia,2002.0,0.62754
Central and Southern Asia,2003.0,0.67585
Central and Southern Asia,2004.0,0.72848
Central and Southern Asia,2005.0,0.78594
Central and Southern Asia,2006.0,0.85938
Central and Southern Asia,2007.0,0.94982
Central and Southern Asia,2008.0,1.04916
Central and Southern Asia,2009.0,1.15912
Central and Southern Asia,2010.0,4.78751
Central and Southern Asia,2011.0,5.10721
Central and Southern Asia,2012.0,5.4067
Central and Southern Asia,2013.0,5.69401
Central and Southern Asia,2014.0,5.96431
Central and Southern Asia,2015.0,6.20468
Central and Southern Asia,2016.0,6.43759
Central and Southern Asia,2017.0,6.66248
Central and Southern Asia,2018.0,6.88237
Central and Southern Asia,2019.0,7.06128
Bhutan,2019.0,1.34977
Asia,2000.0,1.49695
Asia,2001.0,1.60287
Asia,2002.0,1.71813
Asia,2003.0,1.84766
Asia,2004.0,1.99334
Asia,2005.0,2.15695
Asia,2006.0,2.34384
Asia,2007.0,2.55997
Asia,2008.0,2.80801
Asia,2009.0,3.07873
Asia,2010.0,3.35936
Asia,2011.0,3.64644
Asia,2012.0,3.93014
Asia,2013.0,4.20509
Asia,2014.0,4.45678
Asia,2015.0,4.69127
Asia,2016.0,4.91188
Asia,2017.0,5.13654
Asia,2018.0,5.36044
Asia,2019.0,5.59745
Western Asia,2000.0,4.10916
Western Asia,2001.0,4.34071
Western Asia,2002.0,4.56875
Western Asia,2003.0,4.81468
Western Asia,2004.0,5.08398
Western Asia,2005.0,5.3648
Western Asia,2006.0,5.64154
Western Asia,2007.0,5.93164
Western Asia,2008.0,6.22666
Western Asia,2009.0,6.58722
Western Asia,2010.0,6.96451
Western Asia,2011.0,7.36851
Western Asia,2012.0,7.75036
Western Asia,2013.0,8.11123
Western Asia,2014.0,8.43465
Western Asia,2015.0,8.77663
Western Asia,2016.0,9.01889
Western Asia,2017.0,9.24425
Western Asia,2018.0,9.4386
Western Asia,2019.0,9.63024
Europe,2000.0,8.52421
Europe,2001.0,9.00745
Europe,2002.0,9.48522
Europe,2003.0,9.97701
Europe,2004.0,10.49033
Europe,2005.0,11.02083
Europe,2006.0,11.56382
Europe,2007.0,12.09794
Europe,2008.0,12.61284
Europe,2009.0,13.10627
Europe,2010.0,13.58994
Europe,2011.0,14.04809
Europe,2012.0,14.46711
Europe,2013.0,14.83727
Europe,2014.0,15.17227
Europe,2015.0,15.43311
Europe,2016.0,15.65363
Europe,2017.0,15.85054
Europe,2018.0,16.02595
Europe,2019.0,16.18045
Eastern Europe,2000.0,4.10455
Eastern Europe,2001.0,4.3664
Eastern Europe,2002.0,4.63399
Eastern Europe,2003.0,4.90939
Eastern Europe,2004.0,5.20919
Eastern Europe,2005.0,5.54127
Eastern Europe,2006.0,5.8977
Eastern Europe,2007.0,6.29234
Eastern Europe,2008.0,6.7212
Eastern Europe,2009.0,7.15891
Eastern Europe,2010.0,7.61123
Eastern Europe,2011.0,8.07217
Eastern Europe,2012.0,8.53261
Eastern Europe,2013.0,8.96959
Eastern Europe,2014.0,9.42851
Eastern Europe,2015.0,9.78593
Eastern Europe,2016.0,10.10964
Eastern Europe,2017.0,10.40298
Eastern Europe,2018.0,10.67843
Eastern Europe,2019.0,10.95072
Northern Europe,2000.0,12.26253
Northern Europe,2001.0,12.93128
Northern Europe,2002.0,13.62087
Northern Europe,2003.0,14.34837
Northern Europe,2004.0,15.12904
Northern Europe,2005.0,15.9325
Northern Europe,2006.0,16.74773
Northern Europe,2007.0,17.49381
Northern Europe,2008.0,18.16137
Northern Europe,2009.0,18.77936
Northern Europe,2010.0,19.34591
Northern Europe,2011.0,19.85774
Northern Europe,2012.0,20.3338
Northern Europe,2013.0,20.7725
Northern Europe,2014.0,21.14425
Northern Europe,2015.0,21.47726
Northern Europe,2016.0,21.71989
Northern Europe,2017.0,21.96638
Northern Europe,2018.0,22.18284
Northern Europe,2019.0,22.41979
Western Europe,2000.0,12.70375
Western Europe,2001.0,13.3596
Western Europe,2002.0,13.99093
Western Europe,2003.0,14.63689
Western Europe,2004.0,15.30181
Western Europe,2005.0,15.97225
Western Europe,2006.0,16.63465
Western Europe,2007.0,17.25254
Western Europe,2008.0,17.81215
Western Europe,2009.0,18.30462
Western Europe,2010.0,18.76862
Western Europe,2011.0,19.18799
Western Europe,2012.0,19.53635
Western Europe,2013.0,19.80558
Western Europe,2014.0,19.99152
Western Europe,2015.0,20.0955
Western Europe,2016.0,20.16801
Western Europe,2017.0,20.235
Western Europe,2018.0,20.28862
Western Europe,2019.0,20.30486
Least Developed Countries (LDCs),2000.0,0.19742
Least Developed Countries (LDCs),2001.0,0.21575
Least Developed Countries (LDCs),2002.0,0.23764
Least Developed Countries (LDCs),2003.0,0.26312
Least Developed Countries (LDCs),2004.0,0.29162
Least Developed Countries (LDCs),2005.0,0.32427
Least Developed Countries (LDCs),2006.0,0.36339
Least Developed Countries (LDCs),2007.0,0.41018
Least Developed Countries (LDCs),2008.0,0.4644
Least Developed Countries (LDCs),2009.0,0.52335
Least Developed Countries (LDCs),2010.0,0.58501
Least Developed Countries (LDCs),2011.0,0.67036
Least Developed Countries (LDCs),2012.0,0.72766
Least Developed Countries (LDCs),2013.0,0.78664
Least Developed Countries (LDCs),2014.0,0.84376
Least Developed Countries (LDCs),2015.0,0.89707
Least Developed Countries (LDCs),2016.0,0.94807
Least Developed Countries (LDCs),2017.0,0.99924
Least Developed Countries (LDCs),2018.0,1.04827
Least Developed Countries (LDCs),2019.0,1.09354
Sub-Saharan Africa,2000.0,0.51326
Sub-Saharan Africa,2001.0,0.54333
Sub-Saharan Africa,2002.0,0.57713
Sub-Saharan Africa,2003.0,0.61309
Sub-Saharan Africa,2004.0,0.65682
Sub-Saharan Africa,2005.0,0.70731
Sub-Saharan Africa,2006.0,0.76756
Sub-Saharan Africa,2007.0,0.84054
Sub-Saharan Africa,2008.0,0.9254
Sub-Saharan Africa,2009.0,1.01573
Sub-Saharan Africa,2010.0,1.11276
Sub-Saharan Africa,2011.0,1.20798
Sub-Saharan Africa,2012.0,1.29931
Sub-Saharan Africa,2013.0,1.38545
Sub-Saharan Africa,2014.0,1.46342
Sub-Saharan Africa,2015.0,1.53202
Sub-Saharan Africa,2016.0,1.59503
Sub-Saharan Africa,2017.0,1.6563
Sub-Saharan Africa,2018.0,1.71164
Sub-Saharan Africa,2019.0,1.75953
Ecuador,2005.0,0.53096
Ecuador,2006.0,0.76632
Ecuador,2007.0,1.01157
Ecuador,2008.0,1.4754
Ecuador,2009.0,2.02309
Ecuador,2010.0,1.89127
Ecuador,2011.0,1.76359
Ecuador,2012.0,2.58089
Ecuador,2013.0,3.5944
Ecuador,2014.0,4.57628
Ecuador,2015.0,4.71897
Kazakhstan,2016.0,0.04991
Kazakhstan,2017.0,0.57128
Kazakhstan,2018.0,0.21835
Kazakhstan,2019.0,0.07115
Jordan,2000.0,1.54222
Jordan,2001.0,1.56076
Jordan,2002.0,1.68462
Jordan,2003.0,1.73591
Jordan,2004.0,1.79813
Jordan,2005.0,1.90785
Jordan,2006.0,2.04388
Jordan,2007.0,2.23347
Jordan,2008.0,2.44491
Jordan,2009.0,2.61894
Jordan,2010.0,2.75506
Jordan,2011.0,2.88195
Jordan,2012.0,2.98098
Jordan,2013.0,3.07396
Jordan,2014.0,3.15782
Jordan,2015.0,3.286
Jordan,2016.0,3.48357
Jordan,2017.0,3.71598
Kenya,2017.0,0.06408
Latin America and the Caribbean,2000.0,3.44489
Latin America and the Caribbean,2001.0,3.64782
Latin America and the Caribbean,2002.0,3.84452
Latin America and the Caribbean,2003.0,4.04551
Latin America and the Caribbean,2004.0,4.2619
Latin America and the Caribbean,2005.0,4.50558
Latin America and the Caribbean,2006.0,4.77108
Latin America and the Caribbean,2007.0,5.07448
Latin America and the Caribbean,2008.0,5.40706
Latin America and the Caribbean,2009.0,5.75332
Latin America and the Caribbean,2010.0,6.11445
Latin America and the Caribbean,2011.0,6.49164
Latin America and the Caribbean,2012.0,6.86596
Latin America and the Caribbean,2013.0,7.22103
Latin America and the Caribbean,2014.0,7.55149
Latin America and the Caribbean,2015.0,7.84434
Latin America and the Caribbean,2016.0,8.11782
Latin America and the Caribbean,2017.0,8.37021
Latin America and the Caribbean,2018.0,8.60758
Latin America and the Caribbean,2019.0,8.82187
Landlocked developing countries (LLDCs),2000.0,0.51735
Landlocked developing countries (LLDCs),2001.0,0.54499
Landlocked developing countries (LLDCs),2002.0,0.57461
Landlocked developing countries (LLDCs),2003.0,0.6069
Landlocked developing countries (LLDCs),2004.0,0.64411
Landlocked developing countries (LLDCs),2005.0,0.687
Landlocked developing countries (LLDCs),2006.0,0.73664
Landlocked developing countries (LLDCs),2007.0,0.79763
Landlocked developing countries (LLDCs),2008.0,0.86337
Landlocked developing countries (LLDCs),2009.0,0.9374
Landlocked developing countries (LLDCs),2010.0,1.01534
Landlocked developing countries (LLDCs),2011.0,1.0974
Landlocked developing countries (LLDCs),2012.0,1.17675
Landlocked developing countries (LLDCs),2013.0,1.25314
Landlocked developing countries (LLDCs),2014.0,1.3269
Landlocked developing countries (LLDCs),2015.0,1.39561
Landlocked developing countries (LLDCs),2016.0,1.46221
Landlocked developing countries (LLDCs),2017.0,1.52566
Landlocked developing countries (LLDCs),2018.0,1.5848
Landlocked developing countries (LLDCs),2019.0,1.63779
Malaysia,2006.0,1.53729
Malaysia,2007.0,1.97303
Malaysia,2008.0,3.77478
Malaysia,2009.0,4.83288
Malaysia,2010.0,5.79055
Malaysia,2011.0,5.33036
Malaysia,2012.0,2.69298
Malaysia,2013.0,1.79783
Malaysia,2014.0,1.91183
Malaysia,2015.0,1.58436
Malaysia,2016.0,1.59005
Malaysia,2017.0,0.91948
Europe and Northern America,2000.0,9.47681
Europe and Northern America,2001.0,9.98769
Europe and Northern America,2002.0,10.49651
Europe and Northern America,2003.0,11.03019
Europe and Northern America,2004.0,11.59393
Europe and Northern America,2005.0,12.17391
Europe and Northern America,2006.0,12.76923
Europe and Northern America,2007.0,13.34487
Europe and Northern America,2008.0,13.8911
Europe and Northern America,2009.0,14.4142
Europe and Northern America,2010.0,14.93866
Europe and Northern America,2011.0,15.43286
Europe and Northern America,2012.0,15.90845
Europe and Northern America,2013.0,16.33717
Europe and Northern America,2014.0,16.73138
Europe and Northern America,2015.0,17.02443
Europe and Northern America,2016.0,17.25085
Europe and Northern America,2017.0,17.4477
Europe and Northern America,2018.0,17.62235
Europe and Northern America,2019.0,17.78391
Oceania (exc. Australia and New Zealand),2000.0,0.54595
Oceania (exc. Australia and New Zealand),2001.0,0.57962
Oceania (exc. Australia and New Zealand),2002.0,0.61472
Oceania (exc. Australia and New Zealand),2003.0,0.65149
Oceania (exc. Australia and New Zealand),2004.0,0.69006
Oceania (exc. Australia and New Zealand),2005.0,0.73036
Oceania (exc. Australia and New Zealand),2006.0,0.77861
Oceania (exc. Australia and New Zealand),2007.0,0.83596
Oceania (exc. Australia and New Zealand),2008.0,0.89906
Oceania (exc. Australia and New Zealand),2009.0,0.96571
Oceania (exc. Australia and New Zealand),2010.0,1.04401
Oceania (exc. Australia and New Zealand),2011.0,1.08886
Oceania (exc. Australia and New Zealand),2012.0,1.13006
Oceania (exc. Australia and New Zealand),2013.0,1.19343
Oceania (exc. Australia and New Zealand),2014.0,1.25461
Oceania (exc. Australia and New Zealand),2015.0,1.31464
Oceania (exc. Australia and New Zealand),2016.0,1.37387
Oceania (exc. Australia and New Zealand),2017.0,1.43512
Oceania (exc. Australia and New Zealand),2018.0,1.49305
Oceania (exc. Australia and New Zealand),2019.0,1.54309
Niger,2012.0,0.49034
Niger,2013.0,0.4877
Niger,2014.0,0.48511
Niger,2015.0,0.48267
Niger,2016.0,0.4799
Niger,2017.0,0.47768
Niger,2018.0,0.47399
Niger,2019.0,0.47002
Philippines,2010.0,821.15386
Philippines,2011.0,2967.91238
Philippines,2012.0,20.49912
Philippines,2013.0,30.22289
Philippines,2014.0,0.72074
Philippines,2015.0,10.49856
Philippines,2016.0,27.42088
Philippines,2017.0,34.01367
Senegal,2005.0,41.83903
Senegal,2006.0,36.37235
Senegal,2007.0,57.32827
Senegal,2008.0,72.63822
Senegal,2009.0,94.44599
Senegal,2010.0,121.54777
Senegal,2011.0,155.05822
Senegal,2012.0,93.94127
Senegal,2013.0,109.19701
Senegal,2014.0,127.057
Senegal,2015.0,147.95812
Senegal,2016.0,205.68894
Senegal,2017.0,286.0042
South Africa,2017.0,6.31471
Zimbabwe,2017.0,0.28097
Suriname,2010.0,7.71839
Suriname,2011.0,9.10353
Suriname,2012.0,8.69289
Suriname,2013.0,8.36478
Suriname,2014.0,8.46771
Suriname,2015.0,9.6506
Suriname,2016.0,9.00009
Suriname,2017.0,7.98947
Suriname,2018.0,8.26408
Suriname,2019.0,6.76686
Northern Africa and Western Asia,2000.0,3.09483
Northern Africa and Western Asia,2001.0,3.28694
Northern Africa and Western Asia,2002.0,3.47806
Northern Africa and Western Asia,2003.0,3.68368
Northern Africa and Western Asia,2004.0,3.91107
Northern Africa and Western Asia,2005.0,4.15707
Northern Africa and Western Asia,2006.0,4.41153
Northern Africa and Western Asia,2007.0,4.68638
Northern Africa and Western Asia,2008.0,4.97115
Northern Africa and Western Asia,2009.0,5.29266
Northern Africa and Western Asia,2010.0,5.55085
Northern Africa and Western Asia,2011.0,5.99681
Northern Africa and Western Asia,2012.0,6.28416
Northern Africa and Western Asia,2013.0,6.5638
Northern Africa and Western Asia,2014.0,6.80887
Northern Africa and Western Asia,2015.0,7.03487
Northern Africa and Western Asia,2016.0,7.22412
Northern Africa and Western Asia,2017.0,7.34816
Northern Africa and Western Asia,2018.0,7.48727
Northern Africa and Western Asia,2019.0,7.62142
Eastern and South-Eastern Asia,2000.0,1.9635
Eastern and South-Eastern Asia,2001.0,2.11285
Eastern and South-Eastern Asia,2002.0,2.27621
Eastern and South-Eastern Asia,2003.0,2.46096
Eastern and South-Eastern Asia,2004.0,2.67062
Eastern and South-Eastern Asia,2005.0,2.9092
Eastern and South-Eastern Asia,2006.0,3.17977
Eastern and South-Eastern Asia,2007.0,3.49125
Eastern and South-Eastern Asia,2008.0,3.85634
Eastern and South-Eastern Asia,2009.0,4.25045
Eastern and South-Eastern Asia,2010.0,3.15203
Eastern and South-Eastern Asia,2011.0,3.43038
Eastern and South-Eastern Asia,2012.0,3.70353
Eastern and South-Eastern Asia,2013.0,3.96887
Eastern and South-Eastern Asia,2014.0,4.21243
Eastern and South-Eastern Asia,2015.0,4.43626
Eastern and South-Eastern Asia,2016.0,4.65245
Eastern and South-Eastern Asia,2017.0,4.8729
Eastern and South-Eastern Asia,2018.0,5.09446
Eastern and South-Eastern Asia,2019.0,5.33019
Thailand,2012.0,1.93378
Thailand,2013.0,5.40528
Thailand,2014.0,5.50565
Thailand,2015.0,5.59169
Thailand,2016.0,5.69904
Thailand,2017.0,5.79947
Thailand,2018.0,5.97234
Thailand,2019.0,6.05137
Uganda,2000.0,120.01872
Uganda,2001.0,124.24327
Uganda,2002.0,129.65627
Uganda,2003.0,136.41829
Uganda,2004.0,141.59784
Uganda,2005.0,152.37056
Uganda,2006.0,163.35266
Uganda,2007.0,192.65717
Uganda,2008.0,227.68175
Uganda,2009.0,245.24454
Uganda,2010.0,270.38879
Uganda,2011.0,300.49497
Uganda,2012.0,332.41926
Uganda,2013.0,364.96278
Uganda,2014.0,409.56133
Uganda,2015.0,430.94886
Uganda,2016.0,444.79564
Uganda,2017.0,450.53637
Ukraine,2010.0,0.28171
Ukraine,2011.0,0.13152
Ukraine,2012.0,0.1298
Ukraine,2013.0,0.18107
Ukraine,2014.0,0.14187
Ukraine,2015.0,0.16028
Ukraine,2016.0,0.08946
Ukraine,2017.0,0.09216
Ukraine,2018.0,0.08588
Ukraine,2019.0,0.10229
Tanzania,2000.0,0.04206
Tanzania,2001.0,0.07338
Tanzania,2002.0,0.10982
Tanzania,2003.0,0.14984
Tanzania,2004.0,0.19079
Tanzania,2005.0,0.22944
Tanzania,2006.0,0.2682
Tanzania,2007.0,0.30811
Tanzania,2008.0,0.35145
Tanzania,2009.0,0.39779
Tanzania,2010.0,0.44129
Tanzania,2011.0,0.48314
Tanzania,2012.0,0.52205
Tanzania,2013.0,0.5549
Tanzania,2014.0,0.58299
Tanzania,2015.0,0.60932
Tanzania,2016.0,0.63573
Tanzania,2017.0,0.65413
