country,year,value
World,2018.0,57.0879033101456
Oceania,2018.0,45.98121
Northern America,2018.0,50.17635
Eastern Asia,2018.0,66.34103
Australia,2018.0,53.1442523002624
Austria,2018.0,61.209625005722
Australia and New Zealand,2018.0,45.98121
Belgium,2018.0,32.1153372526168
Canada,2018.0,56.4018011093139
Western Asia,2018.0,100
Europe,2018.0,55.3164
China,2018.0,83.3333313465118
Czechia,2018.0,52.7777791023254
Denmark,2018.0,47.9299902915954
Finland,2018.0,79.5833349227905
France,2018.0,59.6329510211944
Germany,2018.0,65.6775653362274
Iceland,2018.0,100
Ireland,2018.0,54.5022726058959
Italy,2018.0,68.4523105621337
Japan,2018.0,64.1897618770599
Korea,2018.0,52.2950887680053
Luxembourg,2018.0,43.5510993003845
Monaco,2018.0,33.333334326744
Europe and North America,2018.0,54.84912
Netherlands,2018.0,55.6561589241027
New Zealand,2018.0,38.8181626796722
Norway,2018.0,61.9581520557403
Portugal,2018.0,49.5490610599517
Slovenia,2018.0,20.8333328366279
Spain,2018.0,63.8850152492523
Northern Africa and Western Asia,2018.0,100
Sweden,2018.0,57.4891507625579
Eastern and South-Eastern Asia,2018.0,66.34103
Switzerland,2018.0,59.5124781131744
United Kingdom,2018.0,38.6790543794631
United States,2018.0,43.9508914947509
