country,year,value
Africa,2006.0,5650.60288
Africa,2007.0,6823.42328
Africa,2008.0,7856.27448
Africa,2009.0,8693.76679
Africa,2010.0,9516.45259
Africa,2011.0,10189.72036
Africa,2012.0,11212.32288
Africa,2013.0,13398.68766
Africa,2014.0,12943.81146
Africa,2015.0,13322.11863
Africa,2016.0,13483.92189
Africa,2017.0,14205.73549
Africa,2018.0,14443.3972
Afghanistan,2006.0,902.71986
Afghanistan,2007.0,1033.29145
Afghanistan,2008.0,1318.24481
Afghanistan,2009.0,1870.77847
Afghanistan,2010.0,1985.93427
Afghanistan,2011.0,1830.79496
Afghanistan,2012.0,1539.32537
Afghanistan,2013.0,1222.2605
Afghanistan,2014.0,871.17394
Afghanistan,2015.0,892.10275
Afghanistan,2016.0,850.02639
Afghanistan,2017.0,849.99959
Afghanistan,2018.0,714.32166
South America,2006.0,572.41592
South America,2007.0,868.54809
South America,2008.0,816.54958
South America,2009.0,990.11573
South America,2010.0,1152.75486
South America,2011.0,1232.50317
South America,2012.0,1639.54695
South America,2013.0,971.85582
South America,2014.0,1560.11846
South America,2015.0,1682.0475
South America,2016.0,1382.77136
South America,2017.0,1553.54532
South America,2018.0,1510.94523
Albania,2006.0,104.00037
Albania,2007.0,79.53977
Albania,2008.0,91.81156
Albania,2009.0,125.84678
Albania,2010.0,164.34469
Albania,2011.0,164.59935
Albania,2012.0,145.48991
Albania,2013.0,117.13103
Albania,2014.0,95.72698
Albania,2015.0,118.24504
Albania,2016.0,60.82369
Albania,2017.0,47.32577
Albania,2018.0,249.25899
Oceania,2006.0,153.10931
Oceania,2007.0,229.03496
Oceania,2008.0,250.3996
Oceania,2009.0,233.09031
Oceania,2010.0,294.37861
Oceania,2011.0,310.05418
Oceania,2012.0,353.93326
Oceania,2013.0,409.65823
Oceania,2014.0,395.0445
Oceania,2015.0,490.02486
Oceania,2016.0,447.38566
Oceania,2017.0,520.89739
Oceania,2018.0,615.91426
Western Africa,2006.0,1438.23568
Western Africa,2007.0,2023.16372
Western Africa,2008.0,2274.65528
Western Africa,2009.0,2303.742
Western Africa,2010.0,2951.99823
Western Africa,2011.0,3182.77011
Western Africa,2012.0,2839.97932
Western Africa,2013.0,2907.43334
Western Africa,2014.0,3422.15833
Western Africa,2015.0,3286.39155
Western Africa,2016.0,3079.21476
Western Africa,2017.0,3802.94971
Western Africa,2018.0,3658.98363
Algeria,2006.0,132.10043
Algeria,2007.0,110.12785
Algeria,2008.0,103.58014
Algeria,2009.0,99.49042
Algeria,2010.0,41.81339
Algeria,2011.0,48.03875
Algeria,2012.0,28.47822
Algeria,2013.0,35.53003
Algeria,2014.0,37.59903
Algeria,2015.0,16.85251
Algeria,2016.0,17.0135
Algeria,2017.0,18.07314
Algeria,2018.0,18.03612
Central America,2006.0,303.15924
Central America,2007.0,357.74144
Central America,2008.0,454.44263
Central America,2009.0,645.71843
Central America,2010.0,804.2439
Central America,2011.0,792.33556
Central America,2012.0,802.92481
Central America,2013.0,966.91791
Central America,2014.0,825.59345
Central America,2015.0,671.57022
Central America,2016.0,1105.47658
Central America,2017.0,1090.78903
Central America,2018.0,990.63994
Eastern Africa,2006.0,2396.70803
Eastern Africa,2007.0,2835.41045
Eastern Africa,2008.0,2829.41013
Eastern Africa,2009.0,3489.46857
Eastern Africa,2010.0,3306.22937
Eastern Africa,2011.0,3540.26409
Eastern Africa,2012.0,3956.73029
Eastern Africa,2013.0,5451.54571
Eastern Africa,2014.0,4841.05458
Eastern Africa,2015.0,5322.32486
Eastern Africa,2016.0,5004.14422
Eastern Africa,2017.0,5564.82367
Eastern Africa,2018.0,6116.44631
Northern Africa,2006.0,1166.34751
Northern Africa,2007.0,1189.03756
Northern Africa,2008.0,1855.9601
Northern Africa,2009.0,1882.53587
Northern Africa,2010.0,2364.67651
Northern Africa,2011.0,2263.28015
Northern Africa,2012.0,3299.93116
Northern Africa,2013.0,3676.57062
Northern Africa,2014.0,3215.98082
Northern Africa,2015.0,2793.11263
Northern Africa,2016.0,3886.35748
Northern Africa,2017.0,3708.19737
Northern Africa,2018.0,3408.63453
Middle Africa,2006.0,497.39503
Middle Africa,2007.0,482.11977
Middle Africa,2008.0,567.25206
Middle Africa,2009.0,798.88086
Middle Africa,2010.0,652.20126
Middle Africa,2011.0,783.28894
Middle Africa,2012.0,913.15279
Middle Africa,2013.0,1030.67023
Middle Africa,2014.0,1032.31297
Middle Africa,2015.0,1165.87297
Middle Africa,2016.0,907.39843
Middle Africa,2017.0,799.96589
Middle Africa,2018.0,894.34027
Southern Africa,2006.0,151.91662
Southern Africa,2007.0,293.69179
Southern Africa,2008.0,328.99691
Southern Africa,2009.0,219.13948
Southern Africa,2010.0,241.34722
Southern Africa,2011.0,420.11706
Southern Africa,2012.0,202.52932
Southern Africa,2013.0,332.46776
Southern Africa,2014.0,432.30477
Southern Africa,2015.0,754.41662
Southern Africa,2016.0,606.80699
Southern Africa,2017.0,329.79884
Southern Africa,2018.0,364.99246
Angola,2006.0,26.68042
Angola,2007.0,26.92137
Angola,2008.0,47.10512
Angola,2009.0,58.29882
Angola,2010.0,79.66079
Angola,2011.0,40.83034
Angola,2012.0,36.30428
Angola,2013.0,42.51872
Angola,2014.0,24.90611
Angola,2015.0,231.77431
Angola,2016.0,19.08579
Angola,2017.0,13.28559
Angola,2018.0,42.90675
Antigua and Barbuda,2006.0,1.98829
Antigua and Barbuda,2007.0,0.1979
Antigua and Barbuda,2008.0,0.45216
Antigua and Barbuda,2009.0,1.74847
Antigua and Barbuda,2010.0,5.44874
Antigua and Barbuda,2011.0,8.29756
Antigua and Barbuda,2012.0,0.51824
Antigua and Barbuda,2013.0,0.28325
Antigua and Barbuda,2014.0,0.46742
Antigua and Barbuda,2015.0,0.64068
Antigua and Barbuda,2016.0,4.94677
Antigua and Barbuda,2017.0,1.3066
Antigua and Barbuda,2018.0,4.80741
Caribbean,2006.0,130.38151
Caribbean,2007.0,171.12949
Caribbean,2008.0,293.29931
Caribbean,2009.0,361.54266
Caribbean,2010.0,501.20981
Caribbean,2011.0,572.70259
Caribbean,2012.0,490.22661
Caribbean,2013.0,374.86084
Caribbean,2014.0,413.24401
Caribbean,2015.0,377.92902
Caribbean,2016.0,326.04008
Caribbean,2017.0,302.63556
Caribbean,2018.0,397.38416
Eastern Asia,2006.0,751.43801
Eastern Asia,2007.0,851.81706
Eastern Asia,2008.0,917.15885
Eastern Asia,2009.0,699.84451
Eastern Asia,2010.0,607.49199
Eastern Asia,2011.0,689.94161
Eastern Asia,2012.0,700.31875
Eastern Asia,2013.0,615.72722
Eastern Asia,2014.0,444.33976
Eastern Asia,2015.0,563.95387
Eastern Asia,2016.0,520.75556
Eastern Asia,2017.0,608.98646
Eastern Asia,2018.0,543.82095
Azerbaijan,2006.0,72.48862
Azerbaijan,2007.0,83.99496
Azerbaijan,2008.0,93.68934
Azerbaijan,2009.0,114.73393
Azerbaijan,2010.0,58.3481
Azerbaijan,2011.0,124.88699
Azerbaijan,2012.0,160.54473
Azerbaijan,2013.0,108.42551
Azerbaijan,2014.0,139.99873
Azerbaijan,2015.0,24.89665
Azerbaijan,2016.0,25.69987
Azerbaijan,2017.0,73.75889
Azerbaijan,2018.0,44.93431
Argentina,2006.0,28.36792
Argentina,2007.0,45.03554
Argentina,2008.0,27.2737
Argentina,2009.0,30.6327
Argentina,2010.0,50.92971
Argentina,2011.0,25.0033
Argentina,2012.0,109.83189
Argentina,2013.0,14.10863
Argentina,2014.0,20.8594
Argentina,2015.0,12.92061
Argentina,2016.0,11.96914
Argentina,2017.0,14.62339
Argentina,2018.0,80.47513
Southern Asia,2006.0,2845.28831
Southern Asia,2007.0,3194.94306
Southern Asia,2008.0,4262.80257
Southern Asia,2009.0,4854.57985
Southern Asia,2010.0,5474.08145
Southern Asia,2011.0,5437.82848
Southern Asia,2012.0,5193.01686
Southern Asia,2013.0,5535.91034
Southern Asia,2014.0,6986.25839
Southern Asia,2015.0,7993.33888
Southern Asia,2016.0,6451.24152
Southern Asia,2017.0,8579.45587
Southern Asia,2018.0,7806.08311
South-Eastern Asia,2006.0,2474.37735
South-Eastern Asia,2007.0,3078.26608
South-Eastern Asia,2008.0,2975.9964
South-Eastern Asia,2009.0,2970.34096
South-Eastern Asia,2010.0,3464.01797
South-Eastern Asia,2011.0,3490.57799
South-Eastern Asia,2012.0,3833.92314
South-Eastern Asia,2013.0,4607.71281
South-Eastern Asia,2014.0,4649.26646
South-Eastern Asia,2015.0,4744.90459
South-Eastern Asia,2016.0,4510.31966
South-Eastern Asia,2017.0,4902.15789
South-Eastern Asia,2018.0,4800.44392
Southern Europe,2006.0,496.21415
Southern Europe,2007.0,471.47255
Southern Europe,2008.0,480.59661
Southern Europe,2009.0,506.92214
Southern Europe,2010.0,599.89255
Southern Europe,2011.0,1490.42682
Southern Europe,2012.0,1309.43103
Southern Europe,2013.0,1167.06238
Southern Europe,2014.0,902.42575
Southern Europe,2015.0,967.14156
Southern Europe,2016.0,883.51802
Southern Europe,2017.0,922.63012
Southern Europe,2018.0,1295.44962
Bangladesh,2006.0,261.53455
Bangladesh,2007.0,329.49093
Bangladesh,2008.0,529.46385
Bangladesh,2009.0,288.22466
Bangladesh,2010.0,452.86751
Bangladesh,2011.0,440.06892
Bangladesh,2012.0,824.7067
Bangladesh,2013.0,854.70428
Bangladesh,2014.0,961.34012
Bangladesh,2015.0,998.45687
Bangladesh,2016.0,1122.88311
Bangladesh,2017.0,1960.41459
Bangladesh,2018.0,2107.31124
Armenia,2006.0,60.6083
Armenia,2007.0,91.67513
Armenia,2008.0,163.31095
Armenia,2009.0,214.00027
Armenia,2010.0,162.67196
Armenia,2011.0,129.22097
Armenia,2012.0,113.10436
Armenia,2013.0,96.012
Armenia,2014.0,118.45312
Armenia,2015.0,214.5504
Armenia,2016.0,176.89431
Armenia,2017.0,212.11072
Armenia,2018.0,103.22527
Melanesia,2006.0,92.87555
Melanesia,2007.0,157.11519
Melanesia,2008.0,184.59049
Melanesia,2009.0,166.28657
Melanesia,2010.0,185.96981
Melanesia,2011.0,189.36155
Melanesia,2012.0,219.30337
Melanesia,2013.0,244.12426
Melanesia,2014.0,234.16095
Melanesia,2015.0,312.39367
Melanesia,2016.0,296.24358
Melanesia,2017.0,314.5211
Melanesia,2018.0,381.96622
Micronesia (country),2006.0,35.21874
Micronesia (country),2007.0,36.80369
Micronesia (country),2008.0,41.33057
Micronesia (country),2009.0,28.28228
Micronesia (country),2010.0,32.52071
Micronesia (country),2011.0,38.35435
Micronesia (country),2012.0,43.30609
Micronesia (country),2013.0,81.15409
Micronesia (country),2014.0,53.66439
Micronesia (country),2015.0,60.2407
Micronesia (country),2016.0,56.48391
Micronesia (country),2017.0,59.34641
Micronesia (country),2018.0,96.95384
Polynesia,2006.0,25.01501
Polynesia,2007.0,35.11608
Polynesia,2008.0,24.47854
Polynesia,2009.0,38.52146
Polynesia,2010.0,75.88809
Polynesia,2011.0,82.33828
Polynesia,2012.0,91.32379
Polynesia,2013.0,84.37987
Polynesia,2014.0,107.21916
Polynesia,2015.0,117.39049
Polynesia,2016.0,94.65817
Polynesia,2017.0,147.02989
Polynesia,2018.0,136.9942
Bhutan,2006.0,33.41022
Bhutan,2007.0,27.82422
Bhutan,2008.0,20.30734
Bhutan,2009.0,35.456
Bhutan,2010.0,80.73113
Bhutan,2011.0,61.97335
Bhutan,2012.0,74.00663
Bhutan,2013.0,53.39201
Bhutan,2014.0,80.18223
Bhutan,2015.0,61.48873
Bhutan,2016.0,31.75876
Bhutan,2017.0,55.49229
Bhutan,2018.0,53.04258
Bolivia,2006.0,154.05178
Bolivia,2007.0,136.85439
Bolivia,2008.0,144.11734
Bolivia,2009.0,216.19232
Bolivia,2010.0,248.85908
Bolivia,2011.0,204.71082
Bolivia,2012.0,201.41842
Bolivia,2013.0,219.9697
Bolivia,2014.0,325.03863
Bolivia,2015.0,255.9933
Bolivia,2016.0,216.89809
Bolivia,2017.0,392.79289
Bolivia,2018.0,376.32687
Bosnia and Herzegovina,2006.0,74.98621
Bosnia and Herzegovina,2007.0,88.84701
Bosnia and Herzegovina,2008.0,114.77843
Bosnia and Herzegovina,2009.0,99.74611
Bosnia and Herzegovina,2010.0,121.37097
Bosnia and Herzegovina,2011.0,290.97038
Bosnia and Herzegovina,2012.0,310.8811
Bosnia and Herzegovina,2013.0,245.7912
Bosnia and Herzegovina,2014.0,247.10757
Bosnia and Herzegovina,2015.0,155.02131
Bosnia and Herzegovina,2016.0,227.59102
Bosnia and Herzegovina,2017.0,229.27011
Bosnia and Herzegovina,2018.0,204.39546
Botswana,2006.0,10.76181
Botswana,2007.0,13.41851
Botswana,2008.0,9.87285
Botswana,2009.0,22.00799
Botswana,2010.0,22.07753
Botswana,2011.0,14.27089
Botswana,2012.0,12.92411
Botswana,2013.0,10.38629
Botswana,2014.0,6.5371
Botswana,2015.0,5.21432
Botswana,2016.0,10.80159
Botswana,2017.0,11.73583
Botswana,2018.0,12.43377
Brazil,2006.0,45.17756
Brazil,2007.0,117.05729
Brazil,2008.0,68.62947
Brazil,2009.0,153.41573
Brazil,2010.0,233.51459
Brazil,2011.0,340.90014
Brazil,2012.0,778.65214
Brazil,2013.0,230.52955
Brazil,2014.0,518.23825
Brazil,2015.0,724.1437
Brazil,2016.0,372.86495
Brazil,2017.0,421.4436
Brazil,2018.0,290.02535
Belize,2006.0,3.12305
Belize,2007.0,4.47235
Belize,2008.0,9.85949
Belize,2009.0,9.15103
Belize,2010.0,11.516
Belize,2011.0,8.49988
Belize,2012.0,14.13039
Belize,2013.0,16.975
Belize,2014.0,18.12476
Belize,2015.0,11.73548
Belize,2016.0,24.28537
Belize,2017.0,14.69713
Belize,2018.0,20.64128
Solomon Islands,2006.0,20.62608
Solomon Islands,2007.0,18.15967
Solomon Islands,2008.0,11.37801
Solomon Islands,2009.0,22.00486
Solomon Islands,2010.0,24.04705
Solomon Islands,2011.0,41.66678
Solomon Islands,2012.0,42.53434
Solomon Islands,2013.0,39.00859
Solomon Islands,2014.0,36.22295
Solomon Islands,2015.0,44.82481
Solomon Islands,2016.0,48.4457
Solomon Islands,2017.0,58.06828
Solomon Islands,2018.0,72.1314
Myanmar,2006.0,16.56893
Myanmar,2007.0,11.83932
Myanmar,2008.0,20.4513
Myanmar,2009.0,25.98997
Myanmar,2010.0,41.33268
Myanmar,2011.0,74.1547
Myanmar,2012.0,36.74551
Myanmar,2013.0,344.29544
Myanmar,2014.0,159.31163
Myanmar,2015.0,337.54842
Myanmar,2016.0,487.31343
Myanmar,2017.0,544.41302
Myanmar,2018.0,675.15951
Burundi,2006.0,51.87594
Burundi,2007.0,102.0228
Burundi,2008.0,71.22616
Burundi,2009.0,85.19448
Burundi,2010.0,117.43595
Burundi,2011.0,114.71944
Burundi,2012.0,158.84221
Burundi,2013.0,149.40187
Burundi,2014.0,151.68575
Burundi,2015.0,96.53865
Burundi,2016.0,88.33952
Burundi,2017.0,91.11994
Burundi,2018.0,101.85607
Belarus,2006.0,2.15502
Belarus,2007.0,3.96452
Belarus,2008.0,6.19776
Belarus,2009.0,8.06649
Belarus,2010.0,30.94718
Belarus,2011.0,6.52595
Belarus,2012.0,6.20946
Belarus,2013.0,15.81063
Belarus,2014.0,16.21295
Belarus,2015.0,14.79234
Belarus,2016.0,16.41954
Belarus,2017.0,23.45519
Belarus,2018.0,18.6368
Cambodia,2006.0,108.55024
Cambodia,2007.0,134.63487
Cambodia,2008.0,137.00269
Cambodia,2009.0,126.69045
Cambodia,2010.0,204.17558
Cambodia,2011.0,232.44568
Cambodia,2012.0,244.33719
Cambodia,2013.0,268.67332
Cambodia,2014.0,310.34343
Cambodia,2015.0,229.92141
Cambodia,2016.0,244.72654
Cambodia,2017.0,349.41767
Cambodia,2018.0,333.78655
Cameroon,2006.0,124.01457
Cameroon,2007.0,154.13866
Cameroon,2008.0,127.48339
Cameroon,2009.0,138.10929
Cameroon,2010.0,153.84324
Cameroon,2011.0,136.66535
Cameroon,2012.0,200.60015
Cameroon,2013.0,276.36466
Cameroon,2014.0,318.52645
Cameroon,2015.0,213.57076
Cameroon,2016.0,226.09445
Cameroon,2017.0,242.55517
Cameroon,2018.0,205.39752
Southern Asia (excluding India),2006.0,1888.77346
Southern Asia (excluding India),2007.0,2143.50683
Southern Asia (excluding India),2008.0,2724.22604
Southern Asia (excluding India),2009.0,3139.7494
Southern Asia (excluding India),2010.0,3446.81372
Southern Asia (excluding India),2011.0,3588.19131
Southern Asia (excluding India),2012.0,3708.92276
Southern Asia (excluding India),2013.0,3562.42158
Southern Asia (excluding India),2014.0,4660.42732
Southern Asia (excluding India),2015.0,4636.98136
Southern Asia (excluding India),2016.0,3591.30926
Southern Asia (excluding India),2017.0,4746.51474
Southern Asia (excluding India),2018.0,4333.39706
Cape Verde,2006.0,45.80682
Cape Verde,2007.0,43.87624
Cape Verde,2008.0,96.98353
Cape Verde,2009.0,76.45448
Cape Verde,2010.0,158.81716
Cape Verde,2011.0,85.60931
Cape Verde,2012.0,72.68405
Cape Verde,2013.0,56.81333
Cape Verde,2014.0,84.85838
Cape Verde,2015.0,56.39962
Cape Verde,2016.0,44.54452
Cape Verde,2017.0,27.84858
Cape Verde,2018.0,32.18017
Caucasus and Central Asia,2006.0,433.46353
Caucasus and Central Asia,2007.0,559.51901
Caucasus and Central Asia,2008.0,834.70438
Caucasus and Central Asia,2009.0,876.85846
Caucasus and Central Asia,2010.0,862.88441
Caucasus and Central Asia,2011.0,778.53158
Caucasus and Central Asia,2012.0,987.53216
Caucasus and Central Asia,2013.0,1074.74501
Caucasus and Central Asia,2014.0,1023.86529
Caucasus and Central Asia,2015.0,1220.514
Caucasus and Central Asia,2016.0,1100.81451
Caucasus and Central Asia,2017.0,1344.65383
Caucasus and Central Asia,2018.0,1182.64007
Central African Republic,2006.0,61.80289
Central African Republic,2007.0,29.20884
Central African Republic,2008.0,17.74367
Central African Republic,2009.0,26.673
Central African Republic,2010.0,34.44536
Central African Republic,2011.0,86.41876
Central African Republic,2012.0,55.16617
Central African Republic,2013.0,16.88383
Central African Republic,2014.0,23.98185
Central African Republic,2015.0,19.82723
Central African Republic,2016.0,25.52076
Central African Republic,2017.0,12.02866
Central African Republic,2018.0,71.72248
Asia,2006.0,10396.17092
Asia,2007.0,10080.22421
Asia,2008.0,10903.78755
Asia,2009.0,11072.14859
Asia,2010.0,12424.74357
Asia,2011.0,13998.17735
Asia,2012.0,14395.55895
Asia,2013.0,15474.95109
Asia,2014.0,17080.44433
Asia,2015.0,18088.52215
Asia,2016.0,16400.93873
Asia,2017.0,19252.85942
Asia,2018.0,17073.98896
Central Asia,2006.0,183.06126
Central Asia,2007.0,252.49696
Central Asia,2008.0,352.03344
Central Asia,2009.0,302.33207
Central Asia,2010.0,390.44881
Central Asia,2011.0,330.8636
Central Asia,2012.0,384.57778
Central Asia,2013.0,539.70232
Central Asia,2014.0,489.60662
Central Asia,2015.0,724.51571
Central Asia,2016.0,656.56837
Central Asia,2017.0,849.05357
Central Asia,2018.0,770.15898
Sri Lanka,2006.0,270.43418
Sri Lanka,2007.0,226.31715
Sri Lanka,2008.0,348.41227
Sri Lanka,2009.0,394.36775
Sri Lanka,2010.0,317.71609
Sri Lanka,2011.0,394.82946
Sri Lanka,2012.0,400.61156
Sri Lanka,2013.0,363.36372
Sri Lanka,2014.0,436.81813
Sri Lanka,2015.0,416.11362
Sri Lanka,2016.0,316.7185
Sri Lanka,2017.0,269.00259
Sri Lanka,2018.0,280.06723
Western Asia,2006.0,4142.00599
Western Asia,2007.0,2702.70106
Western Asia,2008.0,2395.7963
Western Asia,2009.0,2245.05119
Western Asia,2010.0,2488.70335
Western Asia,2011.0,4048.96567
Western Asia,2012.0,4283.72241
Western Asia,2013.0,4175.89841
Western Asia,2014.0,4510.97312
Western Asia,2015.0,4061.8091
Western Asia,2016.0,4262.05362
Western Asia,2017.0,4313.20563
Western Asia,2018.0,3153.482
Chad,2006.0,54.12954
Chad,2007.0,32.29708
Chad,2008.0,64.60603
Chad,2009.0,73.86677
Chad,2010.0,26.23888
Chad,2011.0,59.09902
Chad,2012.0,44.11531
Chad,2013.0,47.51743
Chad,2014.0,47.69443
Chad,2015.0,94.31971
Chad,2016.0,82.86275
Chad,2017.0,36.96584
Chad,2018.0,84.13931
Europe,2006.0,703.31901
Europe,2007.0,642.84302
Europe,2008.0,736.11875
Europe,2009.0,818.06947
Europe,2010.0,953.96743
Europe,2011.0,1971.19791
Europe,2012.0,1814.8397
Europe,2013.0,1669.81924
Europe,2014.0,1297.90512
Europe,2015.0,1378.93784
Europe,2016.0,1374.56145
Europe,2017.0,1290.9969
Europe,2018.0,1791.42264
Eastern Europe,2006.0,207.10486
Eastern Europe,2007.0,171.37047
Eastern Europe,2008.0,255.52214
Eastern Europe,2009.0,311.14733
Eastern Europe,2010.0,354.07488
Eastern Europe,2011.0,480.77109
Eastern Europe,2012.0,505.40866
Eastern Europe,2013.0,502.75686
Eastern Europe,2014.0,395.47937
Eastern Europe,2015.0,411.79628
Eastern Europe,2016.0,491.04343
Eastern Europe,2017.0,368.36678
Eastern Europe,2018.0,495.97301
Chile,2006.0,51.2164
Chile,2007.0,57.21678
Chile,2008.0,45.00569
Chile,2009.0,32.68946
Chile,2010.0,98.52859
Chile,2011.0,107.07512
Chile,2012.0,56.14037
Chile,2013.0,21.17079
Chile,2014.0,186.68477
Chile,2015.0,21.2087
Chile,2016.0,183.07154
Chile,2017.0,52.44968
China,2006.0,696.02816
China,2007.0,787.18415
China,2008.0,806.62675
China,2009.0,565.06064
China,2010.0,471.11234
China,2011.0,554.28202
China,2012.0,519.499
China,2013.0,355.62042
China,2014.0,261.1941
China,2015.0,407.00101
China,2016.0,291.98955
China,2017.0,316.94533
China,2018.0,404.99912
Colombia,2006.0,105.56326
Colombia,2007.0,134.74118
Colombia,2008.0,178.58312
Colombia,2009.0,199.29905
Colombia,2010.0,153.72134
Colombia,2011.0,246.02135
Colombia,2012.0,128.41929
Colombia,2013.0,179.61154
Colombia,2014.0,188.84749
Colombia,2015.0,220.49787
Colombia,2016.0,220.59559
Colombia,2017.0,168.56345
Colombia,2018.0,205.74677
Comoros,2006.0,3.25664
Comoros,2007.0,4.93548
Comoros,2008.0,2.48361
Comoros,2009.0,4.02732
Comoros,2010.0,7.55975
Comoros,2011.0,5.64498
Comoros,2012.0,8.57019
Comoros,2013.0,13.49478
Comoros,2014.0,13.81423
Comoros,2015.0,14.51127
Comoros,2016.0,12.34711
Comoros,2017.0,23.82992
Comoros,2018.0,38.7604
Congo,2006.0,12.78187
Congo,2007.0,38.5072
Congo,2008.0,34.02869
Congo,2009.0,25.991
Congo,2010.0,18.31079
Congo,2011.0,39.42404
Congo,2012.0,51.07518
Congo,2013.0,28.79836
Congo,2014.0,27.60397
Congo,2015.0,29.78257
Congo,2016.0,26.49194
Congo,2017.0,28.48964
Congo,2018.0,24.10897
Democratic Republic of Congo,2006.0,195.19077
Democratic Republic of Congo,2007.0,161.84016
Democratic Republic of Congo,2008.0,249.09604
Democratic Republic of Congo,2009.0,455.65587
Democratic Republic of Congo,2010.0,284.57766
Democratic Republic of Congo,2011.0,378.92442
Democratic Republic of Congo,2012.0,487.7474
Democratic Republic of Congo,2013.0,583.64485
Democratic Republic of Congo,2014.0,528.43749
Democratic Republic of Congo,2015.0,488.15693
Democratic Republic of Congo,2016.0,504.84046
Democratic Republic of Congo,2017.0,449.12403
Democratic Republic of Congo,2018.0,440.91957
Cook Islands,2006.0,1.13914
Cook Islands,2007.0,1.51661
Cook Islands,2008.0,1.40138
Cook Islands,2009.0,2.01537
Cook Islands,2010.0,2.82529
Cook Islands,2011.0,8.51338
Cook Islands,2012.0,13.32472
Cook Islands,2013.0,4.66521
Cook Islands,2014.0,14.80797
Cook Islands,2015.0,11.00204
Cook Islands,2016.0,0.20004
Cook Islands,2017.0,4.63421
Cook Islands,2018.0,7.35387
Costa Rica,2006.0,25.37329
Costa Rica,2007.0,48.174
Costa Rica,2008.0,47.86915
Costa Rica,2009.0,74.1758
Costa Rica,2010.0,65.49597
Costa Rica,2011.0,15.97023
Costa Rica,2012.0,11.25464
Costa Rica,2013.0,13.29922
Costa Rica,2014.0,14.70904
Costa Rica,2015.0,55.2659
Costa Rica,2016.0,72.31261
Costa Rica,2017.0,54.67042
Costa Rica,2018.0,69.41026
Cuba,2006.0,12.63141
Cuba,2007.0,7.23636
Cuba,2008.0,13.62922
Cuba,2009.0,22.00415
Cuba,2010.0,32.99663
Cuba,2011.0,16.50074
Cuba,2012.0,11.12753
Cuba,2013.0,16.52941
Cuba,2014.0,22.47843
Cuba,2015.0,13.24724
Cuba,2016.0,13.82591
Cuba,2017.0,26.36058
Cuba,2018.0,33.01252
Least Developed Countries (LDCs),2006.0,5118.61058
Least Developed Countries (LDCs),2007.0,6040.10141
Least Developed Countries (LDCs),2008.0,7085.57734
Least Developed Countries (LDCs),2009.0,8326.55891
Least Developed Countries (LDCs),2010.0,8915.33693
Least Developed Countries (LDCs),2011.0,9327.24844
Least Developed Countries (LDCs),2012.0,9285.79986
Least Developed Countries (LDCs),2013.0,10463.61276
Least Developed Countries (LDCs),2014.0,10071.56548
Least Developed Countries (LDCs),2015.0,11244.51941
Least Developed Countries (LDCs),2016.0,10484.95388
Least Developed Countries (LDCs),2017.0,12761.90723
Least Developed Countries (LDCs),2018.0,13484.21973
Sub-Saharan Africa,2006.0,4484.25537
Sub-Saharan Africa,2007.0,5634.38573
Sub-Saharan Africa,2008.0,6000.31438
Sub-Saharan Africa,2009.0,6811.23092
Sub-Saharan Africa,2010.0,7151.77608
Sub-Saharan Africa,2011.0,7926.4402
Sub-Saharan Africa,2012.0,7912.39172
Sub-Saharan Africa,2013.0,9722.11704
Sub-Saharan Africa,2014.0,9727.83064
Sub-Saharan Africa,2015.0,10529.006
Sub-Saharan Africa,2016.0,9597.56441
Sub-Saharan Africa,2017.0,10497.53812
Sub-Saharan Africa,2018.0,11034.76267
Benin,2006.0,72.70962
Benin,2007.0,101.91176
Benin,2008.0,172.16438
Benin,2009.0,175.4192
Benin,2010.0,202.8481
Benin,2011.0,282.0591
Benin,2012.0,137.55206
Benin,2013.0,181.4135
Benin,2014.0,171.85723
Benin,2015.0,182.68003
Benin,2016.0,162.18498
Benin,2017.0,218.90744
Benin,2018.0,162.08052
Dominica,2006.0,6.11202
Dominica,2007.0,10.16882
Dominica,2008.0,10.59988
Dominica,2009.0,21.07737
Dominica,2010.0,17.69041
Dominica,2011.0,13.19508
Dominica,2012.0,11.90107
Dominica,2013.0,11.00565
Dominica,2014.0,12.78044
Dominica,2015.0,4.11338
Dominica,2016.0,5.02716
Dominica,2017.0,10.8683
Dominica,2018.0,7.78431
Dominican Republic,2006.0,38.06342
Dominican Republic,2007.0,40.5933
Dominican Republic,2008.0,85.34307
Dominican Republic,2009.0,49.05216
Dominican Republic,2010.0,45.08886
Dominican Republic,2011.0,156.11214
Dominican Republic,2012.0,152.69091
Dominican Republic,2013.0,27.45434
Dominican Republic,2014.0,54.57801
Dominican Republic,2015.0,30.01436
Dominican Republic,2016.0,56.54406
Dominican Republic,2017.0,28.44068
Dominican Republic,2018.0,43.89367
Ecuador,2006.0,25.46775
Ecuador,2007.0,37.87722
Ecuador,2008.0,55.21997
Ecuador,2009.0,54.54608
Ecuador,2010.0,63.65536
Ecuador,2011.0,63.60051
Ecuador,2012.0,56.25111
Ecuador,2013.0,62.83467
Ecuador,2014.0,62.53472
Ecuador,2015.0,262.51409
Ecuador,2016.0,120.38027
Ecuador,2017.0,72.05673
Ecuador,2018.0,209.59885
El Salvador,2006.0,38.63685
El Salvador,2007.0,40.33267
El Salvador,2008.0,71.83888
El Salvador,2009.0,87.8149
El Salvador,2010.0,137.52921
El Salvador,2011.0,150.20971
El Salvador,2012.0,144.30505
El Salvador,2013.0,50.97198
El Salvador,2014.0,24.35963
El Salvador,2015.0,21.56842
El Salvador,2016.0,44.24177
El Salvador,2017.0,34.58735
El Salvador,2018.0,49.65041
Eastern Asia (excluding Japan and China),2006.0,55.40985
Eastern Asia (excluding Japan and China),2007.0,64.63291
Eastern Asia (excluding Japan and China),2008.0,110.5321
Eastern Asia (excluding Japan and China),2009.0,134.78387
Eastern Asia (excluding Japan and China),2010.0,136.37965
Eastern Asia (excluding Japan and China),2011.0,135.65959
Eastern Asia (excluding Japan and China),2012.0,180.81975
Eastern Asia (excluding Japan and China),2013.0,260.10679
Eastern Asia (excluding Japan and China),2014.0,183.14565
Eastern Asia (excluding Japan and China),2015.0,156.95286
Eastern Asia (excluding Japan and China),2016.0,228.766
Eastern Asia (excluding Japan and China),2017.0,292.04113
Eastern Asia (excluding Japan and China),2018.0,138.82184
Equatorial Guinea,2006.0,0.0256
Equatorial Guinea,2007.0,0.66169
Equatorial Guinea,2008.0,0.54869
Equatorial Guinea,2009.0,0.49075
Equatorial Guinea,2010.0,0.35735
Equatorial Guinea,2011.0,1.21085
Equatorial Guinea,2012.0,1.17673
Equatorial Guinea,2013.0,0.14606
Equatorial Guinea,2014.0,0.1378
Equatorial Guinea,2015.0,0.06611
Equatorial Guinea,2016.0,0.04295
Equatorial Guinea,2017.0,0.34615
Equatorial Guinea,2018.0,0.52383
Ethiopia,2006.0,492.56536
Ethiopia,2007.0,486.41481
Ethiopia,2008.0,533.98713
Ethiopia,2009.0,1003.38055
Ethiopia,2010.0,543.92692
Ethiopia,2011.0,603.76127
Ethiopia,2012.0,562.32908
Ethiopia,2013.0,827.14355
Ethiopia,2014.0,773.35199
Ethiopia,2015.0,806.48755
Ethiopia,2016.0,977.57401
Ethiopia,2017.0,963.18339
Ethiopia,2018.0,1700.66694
Eritrea,2006.0,22.41454
Eritrea,2007.0,14.17184
Eritrea,2008.0,17.81554
Eritrea,2009.0,16.87066
Eritrea,2010.0,24.85847
Eritrea,2011.0,9.2112
Eritrea,2012.0,6.27906
Eritrea,2013.0,8.11245
Eritrea,2014.0,4.97692
Eritrea,2015.0,11.58723
Eritrea,2016.0,12.47228
Eritrea,2017.0,10.7221
Eritrea,2018.0,13.59555
Fiji,2006.0,10.36714
Fiji,2007.0,7.82003
Fiji,2008.0,7.4706
Fiji,2009.0,5.35351
Fiji,2010.0,9.18506
Fiji,2011.0,9.34728
Fiji,2012.0,14.21029
Fiji,2013.0,10.80866
Fiji,2014.0,11.68073
Fiji,2015.0,29.61964
Fiji,2016.0,18.97963
Fiji,2017.0,31.21686
Fiji,2018.0,26.55808
Djibouti,2006.0,1.98116
Djibouti,2007.0,8.25757
Djibouti,2008.0,15.72127
Djibouti,2009.0,40.29108
Djibouti,2010.0,28.96753
Djibouti,2011.0,16.84365
Djibouti,2012.0,12.9742
Djibouti,2013.0,27.60773
Djibouti,2014.0,32.68456
Djibouti,2015.0,60.80212
Djibouti,2016.0,77.74146
Djibouti,2017.0,58.83901
Djibouti,2018.0,48.20971
Gabon,2006.0,17.18387
Gabon,2007.0,32.65238
Gabon,2008.0,18.48761
Gabon,2009.0,16.86422
Gabon,2010.0,49.59114
Gabon,2011.0,23.08973
Gabon,2012.0,27.27454
Gabon,2013.0,22.62377
Gabon,2014.0,52.13838
Gabon,2015.0,70.9641
Gabon,2016.0,12.97742
Gabon,2017.0,9.14408
Gabon,2018.0,13.86069
Georgia,2006.0,117.30534
Georgia,2007.0,131.35196
Georgia,2008.0,225.67066
Georgia,2009.0,245.79219
Georgia,2010.0,251.41554
Georgia,2011.0,193.56002
Georgia,2012.0,329.30529
Georgia,2013.0,330.60518
Georgia,2014.0,275.80681
Georgia,2015.0,256.55125
Georgia,2016.0,241.65197
Georgia,2017.0,209.73066
Georgia,2018.0,264.32151
Gambia,2006.0,13.28891
Gambia,2007.0,15.40663
Gambia,2008.0,16.67127
Gambia,2009.0,32.23958
Gambia,2010.0,34.14438
Gambia,2011.0,55.25566
Gambia,2012.0,50.24674
Gambia,2013.0,36.66591
Gambia,2014.0,39.9923
Gambia,2015.0,46.8997
Gambia,2016.0,37.06855
Gambia,2017.0,93.9557
Gambia,2018.0,92.10711
Palestine,2006.0,85.84574
Palestine,2007.0,65.64317
Palestine,2008.0,59.99369
Palestine,2009.0,140.26628
Palestine,2010.0,222.41364
Palestine,2011.0,178.22556
Palestine,2012.0,70.02064
Palestine,2013.0,99.8318
Palestine,2014.0,125.89929
Palestine,2015.0,103.16965
Palestine,2016.0,129.14181
Palestine,2017.0,228.74668
Palestine,2018.0,133.30034
Ghana,2006.0,311.4805
Ghana,2007.0,317.13869
Ghana,2008.0,367.3259
Ghana,2009.0,409.00746
Ghana,2010.0,554.36567
Ghana,2011.0,690.00592
Ghana,2012.0,625.15489
Ghana,2013.0,479.96276
Ghana,2014.0,527.84788
Ghana,2015.0,493.58821
Ghana,2016.0,446.76942
Ghana,2017.0,443.47658
Ghana,2018.0,447.95744
Kiribati,2006.0,9.86928
Kiribati,2007.0,12.35274
Kiribati,2008.0,6.09549
Kiribati,2009.0,6.19452
Kiribati,2010.0,3.59354
Kiribati,2011.0,12.63777
Kiribati,2012.0,25.67911
Kiribati,2013.0,29.99988
Kiribati,2014.0,38.90991
Kiribati,2015.0,27.20914
Kiribati,2016.0,32.08921
Kiribati,2017.0,30.06748
Kiribati,2018.0,36.33967
Grenada,2006.0,0.62999
Grenada,2007.0,0.29791
Grenada,2008.0,1.72567
Grenada,2009.0,2.44159
Grenada,2010.0,8.58887
Grenada,2011.0,7.27934
Grenada,2012.0,0.45987
Grenada,2013.0,3.91617
Grenada,2014.0,8.907
Grenada,2015.0,13.02149
Grenada,2016.0,5.10867
Grenada,2017.0,3.73141
Grenada,2018.0,10.72829
Guatemala,2006.0,20.89322
Guatemala,2007.0,26.26344
Guatemala,2008.0,32.50063
Guatemala,2009.0,56.5715
Guatemala,2010.0,77.55249
Guatemala,2011.0,47.35668
Guatemala,2012.0,63.26161
Guatemala,2013.0,128.13956
Guatemala,2014.0,58.67561
Guatemala,2015.0,58.93141
Guatemala,2016.0,60.31534
Guatemala,2017.0,49.6928
Guatemala,2018.0,72.38024
Guinea,2006.0,30.51602
Guinea,2007.0,44.6007
Guinea,2008.0,58.8804
Guinea,2009.0,54.04703
Guinea,2010.0,61.73276
Guinea,2011.0,68.62407
Guinea,2012.0,68.46013
Guinea,2013.0,80.46202
Guinea,2014.0,60.22654
Guinea,2015.0,56.80703
Guinea,2016.0,91.58366
Guinea,2017.0,126.82699
Guinea,2018.0,124.29401
Guyana,2006.0,6.0178
Guyana,2007.0,10.03704
Guyana,2008.0,35.22562
Guyana,2009.0,59.58178
Guyana,2010.0,59.8063
Guyana,2011.0,48.32074
Guyana,2012.0,59.89293
Guyana,2013.0,54.77566
Guyana,2014.0,25.2887
Guyana,2015.0,4.67631
Guyana,2016.0,42.34672
Guyana,2017.0,12.40174
Guyana,2018.0,67.71516
Haiti,2006.0,33.25696
Haiti,2007.0,55.31511
Haiti,2008.0,79.1608
Haiti,2009.0,161.64494
Haiti,2010.0,304.63569
Haiti,2011.0,313.67714
Haiti,2012.0,277.81937
Haiti,2013.0,243.1389
Haiti,2014.0,250.41755
Haiti,2015.0,264.71707
Haiti,2016.0,194.1765
Haiti,2017.0,199.91239
Haiti,2018.0,222.56877
Honduras,2006.0,68.61529
Honduras,2007.0,57.08105
Honduras,2008.0,103.88818
Honduras,2009.0,164.56602
Honduras,2010.0,228.3088
Honduras,2011.0,164.06547
Honduras,2012.0,181.63062
Honduras,2013.0,258.07903
Honduras,2014.0,272.31038
Honduras,2015.0,152.36596
Honduras,2016.0,155.3962
Honduras,2017.0,169.20019
Honduras,2018.0,354.20017
India,2006.0,956.51485
India,2007.0,1051.43623
India,2008.0,1538.57653
India,2009.0,1714.83045
India,2010.0,2027.26772
India,2011.0,1849.63717
India,2012.0,1484.0941
India,2013.0,1973.48875
India,2014.0,2325.83106
India,2015.0,3356.35752
India,2016.0,2859.93226
India,2017.0,3832.94112
India,2018.0,3472.68605
Indonesia,2006.0,724.74676
Indonesia,2007.0,666.47018
Indonesia,2008.0,868.60215
Indonesia,2009.0,713.9943
Indonesia,2010.0,947.03402
Indonesia,2011.0,681.03316
Indonesia,2012.0,593.10738
Indonesia,2013.0,549.89908
Indonesia,2014.0,560.00474
Indonesia,2015.0,955.1188
Indonesia,2016.0,518.59172
Indonesia,2017.0,1229.23866
Indonesia,2018.0,1438.73232
Iran,2006.0,2.81761
Iran,2007.0,1.48494
Iran,2008.0,1.9301
Iran,2009.0,2.6077
Iran,2010.0,2.6575
Iran,2011.0,6.27576
Iran,2012.0,6.66385
Iran,2013.0,4.62184
Iran,2014.0,4.13977
Iran,2015.0,6.50862
Iran,2016.0,4.42182
Iran,2017.0,4.9496
Iran,2018.0,9.7028
Iraq,2006.0,3385.0348
Iraq,2007.0,1908.26667
Iraq,2008.0,873.36723
Iraq,2009.0,395.77718
Iraq,2010.0,492.1863
Iraq,2011.0,426.95106
Iraq,2012.0,373.98876
Iraq,2013.0,704.55876
Iraq,2014.0,287.93664
Iraq,2015.0,218.98716
Iraq,2016.0,264.3973
Iraq,2017.0,374.77669
Iraq,2018.0,180.02737
Cote d'Ivoire,2006.0,18.67992
Cote d'Ivoire,2007.0,26.49044
Cote d'Ivoire,2008.0,235.90505
Cote d'Ivoire,2009.0,200.57303
Cote d'Ivoire,2010.0,178.08003
Cote d'Ivoire,2011.0,117.51158
Cote d'Ivoire,2012.0,86.42481
Cote d'Ivoire,2013.0,104.45015
Cote d'Ivoire,2014.0,172.63378
Cote d'Ivoire,2015.0,231.58094
Cote d'Ivoire,2016.0,177.87373
Cote d'Ivoire,2017.0,221.78012
Cote d'Ivoire,2018.0,248.72319
Jamaica,2006.0,24.39633
Jamaica,2007.0,40.32564
Jamaica,2008.0,70.90875
Jamaica,2009.0,66.75779
Jamaica,2010.0,51.06246
Jamaica,2011.0,30.32189
Jamaica,2012.0,16.35066
Jamaica,2013.0,45.02543
Jamaica,2014.0,43.4088
Jamaica,2015.0,28.05997
Jamaica,2016.0,19.45817
Jamaica,2017.0,8.27673
Jamaica,2018.0,40.16501
Kazakhstan,2006.0,18.92323
Kazakhstan,2007.0,115.08251
Kazakhstan,2008.0,175.61856
Kazakhstan,2009.0,100.97817
Kazakhstan,2010.0,58.09424
Kazakhstan,2011.0,21.34709
Kazakhstan,2012.0,34.41534
Kazakhstan,2013.0,46.00486
Kazakhstan,2014.0,23.47427
Kazakhstan,2015.0,16.41237
Kazakhstan,2016.0,35.20485
Kazakhstan,2017.0,8.06668
Kazakhstan,2018.0,8.38146
Jordan,2006.0,41.92679
Jordan,2007.0,40.96771
Jordan,2008.0,121.00709
Jordan,2009.0,118.33648
Jordan,2010.0,366.96594
Jordan,2011.0,179.58737
Jordan,2012.0,225.51012
Jordan,2013.0,354.03556
Jordan,2014.0,267.62354
Jordan,2015.0,304.79943
Jordan,2016.0,331.87402
Jordan,2017.0,368.02738
Jordan,2018.0,361.26175
Kenya,2006.0,210.50824
Kenya,2007.0,333.32173
Kenya,2008.0,307.01059
Kenya,2009.0,339.50932
Kenya,2010.0,372.34064
Kenya,2011.0,506.53979
Kenya,2012.0,743.84095
Kenya,2013.0,1121.138
Kenya,2014.0,983.50894
Kenya,2015.0,989.51863
Kenya,2016.0,879.84042
Kenya,2017.0,973.46164
Kenya,2018.0,926.50792
North Korea,2006.0,6.90384
North Korea,2007.0,2.8912
North Korea,2008.0,18.40224
North Korea,2009.0,4.59
North Korea,2010.0,4.25979
North Korea,2011.0,1.63671
North Korea,2012.0,2.96924
North Korea,2013.0,2.18704
North Korea,2014.0,2.73216
North Korea,2015.0,6.34551
North Korea,2016.0,2.55511
North Korea,2017.0,9.05474
North Korea,2018.0,3.16804
Kosovo,2009.0,71.67476
Kosovo,2010.0,40.38267
Kosovo,2011.0,58.06212
Kosovo,2012.0,81.17487
Kosovo,2013.0,63.64819
Kosovo,2014.0,78.19365
Kosovo,2015.0,89.16125
Kosovo,2016.0,72.06709
Kosovo,2017.0,75.72724
Kosovo,2018.0,51.18425
Kyrgyzstan,2006.0,65.06688
Kyrgyzstan,2007.0,52.36188
Kyrgyzstan,2008.0,51.12784
Kyrgyzstan,2009.0,59.11387
Kyrgyzstan,2010.0,77.76255
Kyrgyzstan,2011.0,119.28917
Kyrgyzstan,2012.0,119.14101
Kyrgyzstan,2013.0,144.02225
Kyrgyzstan,2014.0,139.97981
Kyrgyzstan,2015.0,166.54164
Kyrgyzstan,2016.0,123.17988
Kyrgyzstan,2017.0,138.67564
Kyrgyzstan,2018.0,117.13147
Laos,2006.0,111.10878
Laos,2007.0,127.2314
Laos,2008.0,108.93635
Laos,2009.0,102.25536
Laos,2010.0,139.31064
Laos,2011.0,139.39399
Laos,2012.0,146.51828
Laos,2013.0,135.80948
Laos,2014.0,131.6007
Laos,2015.0,217.75312
Laos,2016.0,174.56309
Laos,2017.0,215.39211
Laos,2018.0,225.60552
Latin America and the Caribbean,2006.0,1005.95667
Latin America and the Caribbean,2007.0,1397.41902
Latin America and the Caribbean,2008.0,1564.29152
Latin America and the Caribbean,2009.0,1997.37682
Latin America and the Caribbean,2010.0,2458.20856
Latin America and the Caribbean,2011.0,2597.54132
Latin America and the Caribbean,2012.0,2932.69837
Latin America and the Caribbean,2013.0,2313.63457
Latin America and the Caribbean,2014.0,2798.95592
Latin America and the Caribbean,2015.0,2731.54674
Latin America and the Caribbean,2016.0,2814.28802
Latin America and the Caribbean,2017.0,2946.96991
Latin America and the Caribbean,2018.0,2898.96933
Lebanon,2006.0,20.3842
Lebanon,2007.0,64.4558
Lebanon,2008.0,73.00192
Lebanon,2009.0,86.40843
Lebanon,2010.0,77.89689
Lebanon,2011.0,143.09862
Lebanon,2012.0,101.8828
Lebanon,2013.0,82.68321
Lebanon,2014.0,89.22739
Lebanon,2015.0,70.58014
Lebanon,2016.0,86.39447
Lebanon,2017.0,108.65752
Lebanon,2018.0,164.67154
Lesotho,2006.0,14.81164
Lesotho,2007.0,17.72941
Lesotho,2008.0,20.6453
Lesotho,2009.0,12.08029
Lesotho,2010.0,26.34692
Lesotho,2011.0,34.09812
Lesotho,2012.0,19.1303
Lesotho,2013.0,20.40185
Lesotho,2014.0,13.98061
Lesotho,2015.0,15.2586
Lesotho,2016.0,10.49441
Lesotho,2017.0,10.16217
Lesotho,2018.0,17.3799
Liberia,2006.0,1.75348
Liberia,2007.0,155.92049
Liberia,2008.0,47.95199
Liberia,2009.0,75.52067
Liberia,2010.0,107.24447
Liberia,2011.0,118.69984
Liberia,2012.0,133.39118
Liberia,2013.0,171.88281
Liberia,2014.0,198.5578
Liberia,2015.0,181.81963
Liberia,2016.0,292.63271
Liberia,2017.0,244.96643
Liberia,2018.0,209.89626
Landlocked developing countries (LLDCs),2006.0,3470.06194
Landlocked developing countries (LLDCs),2007.0,4219.00874
Landlocked developing countries (LLDCs),2008.0,4647.31799
Landlocked developing countries (LLDCs),2009.0,5997.34502
Landlocked developing countries (LLDCs),2010.0,6039.49781
Landlocked developing countries (LLDCs),2011.0,6331.12092
Landlocked developing countries (LLDCs),2012.0,6019.7199
Landlocked developing countries (LLDCs),2013.0,6473.86909
Landlocked developing countries (LLDCs),2014.0,6231.06722
Landlocked developing countries (LLDCs),2015.0,6653.26191
Landlocked developing countries (LLDCs),2016.0,6419.32764
Landlocked developing countries (LLDCs),2017.0,7565.02072
Landlocked developing countries (LLDCs),2018.0,7656.70876
Libya,2006.0,0.62396
Libya,2007.0,6.31899
Libya,2008.0,28.37183
Libya,2009.0,14.75455
Libya,2010.0,28.86834
Libya,2011.0,1.07945
Libya,2012.0,2.26394
Libya,2013.0,1.84191
Libya,2014.0,2.89899
Libya,2015.0,1.53289
Libya,2016.0,4.4475
Libya,2017.0,7.6454
Libya,2018.0,6.26812
Madagascar,2006.0,263.62686
Madagascar,2007.0,328.22633
Madagascar,2008.0,260.17973
Madagascar,2009.0,131.61695
Madagascar,2010.0,124.88154
Madagascar,2011.0,138.9417
Madagascar,2012.0,88.39085
Madagascar,2013.0,95.39824
Madagascar,2014.0,134.86662
Madagascar,2015.0,140.85588
Madagascar,2016.0,163.00067
Madagascar,2017.0,215.21258
Madagascar,2018.0,178.25191
Malawi,2006.0,82.77558
Malawi,2007.0,120.61832
Malawi,2008.0,106.2974
Malawi,2009.0,130.09648
Malawi,2010.0,179.22507
Malawi,2011.0,161.6119
Malawi,2012.0,214.79228
Malawi,2013.0,206.60877
Malawi,2014.0,192.85947
Malawi,2015.0,257.68563
Malawi,2016.0,291.63375
Malawi,2017.0,465.66062
Malawi,2018.0,395.82874
Malaysia,2006.0,53.68419
Malaysia,2007.0,227.45738
Malaysia,2008.0,107.80261
Malaysia,2009.0,101.85264
Malaysia,2010.0,31.62496
Malaysia,2011.0,7.95975
Malaysia,2012.0,11.48589
Malaysia,2013.0,11.25234
Malaysia,2014.0,10.88451
Malaysia,2015.0,9.80409
Malaysia,2016.0,10.65929
Malaysia,2017.0,11.17982
Malaysia,2018.0,12.81024
Maldives,2006.0,0.34787
Maldives,2007.0,5.19152
Maldives,2008.0,5.8382
Maldives,2009.0,10.09476
Maldives,2010.0,29.7388
Maldives,2011.0,7.98148
Maldives,2012.0,6.29196
Maldives,2013.0,2.07258
Maldives,2014.0,6.77727
Maldives,2015.0,7.97697
Maldives,2016.0,14.25719
Maldives,2017.0,33.3705
Maldives,2018.0,100.28472
Mali,2006.0,189.56727
Mali,2007.0,297.45801
Mali,2008.0,229.66178
Mali,2009.0,265.81341
Mali,2010.0,348.22499
Mali,2011.0,469.90838
Mali,2012.0,324.28065
Mali,2013.0,241.36017
Mali,2014.0,274.6008
Mali,2015.0,266.79519
Mali,2016.0,283.6238
Mali,2017.0,313.96806
Mali,2018.0,314.343
Mauritania,2006.0,46.30852
Mauritania,2007.0,97.47198
Mauritania,2008.0,91.56435
Mauritania,2009.0,103.53607
Mauritania,2010.0,117.57886
Mauritania,2011.0,169.5402
Mauritania,2012.0,170.52468
Mauritania,2013.0,74.8577
Mauritania,2014.0,109.6628
Mauritania,2015.0,108.92361
Mauritania,2016.0,134.97894
Mauritania,2017.0,138.16208
Mauritania,2018.0,218.907
Mauritius,2006.0,1.73721
Mauritius,2007.0,13.00367
Mauritius,2008.0,4.71003
Mauritius,2009.0,21.89919
Mauritius,2010.0,15.92481
Mauritius,2011.0,27.49277
Mauritius,2012.0,45.3272
Mauritius,2013.0,87.09677
Mauritius,2014.0,78.91929
Mauritius,2015.0,73.54338
Mauritius,2016.0,26.94518
Mauritius,2017.0,27.32765
Mauritius,2018.0,77.33714
Mexico,2006.0,22.54773
Mexico,2007.0,24.83478
Mexico,2008.0,32.27887
Mexico,2009.0,50.82354
Mexico,2010.0,42.7548
Mexico,2011.0,174.67263
Mexico,2012.0,165.27594
Mexico,2013.0,297.61733
Mexico,2014.0,253.96613
Mexico,2015.0,111.17634
Mexico,2016.0,532.14414
Mexico,2017.0,396.88739
Mexico,2018.0,260.44186
Mongolia,2006.0,48.50601
Mongolia,2007.0,61.74171
Mongolia,2008.0,92.12986
Mongolia,2009.0,130.19387
Mongolia,2010.0,132.11986
Mongolia,2011.0,134.02288
Mongolia,2012.0,177.85051
Mongolia,2013.0,257.91976
Mongolia,2014.0,180.41349
Mongolia,2015.0,150.60735
Mongolia,2016.0,226.21089
Mongolia,2017.0,282.98639
Mongolia,2018.0,135.65379
Moldova,2006.0,31.99736
Moldova,2007.0,43.16056
Moldova,2008.0,47.86889
Moldova,2009.0,52.37893
Moldova,2010.0,71.85726
Moldova,2011.0,123.7629
Moldova,2012.0,185.66921
Moldova,2013.0,160.65376
Moldova,2014.0,229.80483
Moldova,2015.0,172.15568
Moldova,2016.0,128.76646
Moldova,2017.0,88.34545
Moldova,2018.0,115.49768
Montenegro,2006.0,21.28136
Montenegro,2007.0,21.92787
Montenegro,2008.0,26.8534
Montenegro,2009.0,28.13158
Montenegro,2010.0,22.82304
Montenegro,2011.0,60.28679
Montenegro,2012.0,30.71372
Montenegro,2013.0,66.86373
Montenegro,2014.0,48.6689
Montenegro,2015.0,96.61399
Montenegro,2016.0,71.73166
Montenegro,2017.0,122.90459
Montenegro,2018.0,125.62808
Montserrat,2006.0,7.1604
Montserrat,2007.0,1.96771
Montserrat,2008.0,4.22113
Montserrat,2009.0,8.87306
Montserrat,2010.0,10.12549
Montserrat,2011.0,9.80875
Montserrat,2012.0,8.81667
Montserrat,2013.0,15.36097
Montserrat,2014.0,17.89439
Montserrat,2015.0,17.91796
Montserrat,2016.0,9.623
Montserrat,2017.0,12.86806
Montserrat,2018.0,19.06052
Morocco,2006.0,343.81277
Morocco,2007.0,475.92761
Morocco,2008.0,440.87122
Morocco,2009.0,575.55585
Morocco,2010.0,702.91294
Morocco,2011.0,980.59184
Morocco,2012.0,1032.29457
Morocco,2013.0,1322.47517
Morocco,2014.0,1349.77634
Morocco,2015.0,1092.45713
Morocco,2016.0,1895.48273
Morocco,2017.0,1882.35172
Morocco,2018.0,766.14376
Mozambique,2006.0,386.08091
Mozambique,2007.0,330.31681
Mozambique,2008.0,313.25194
Mozambique,2009.0,322.59253
Mozambique,2010.0,332.61627
Mozambique,2011.0,346.45386
Mozambique,2012.0,436.22723
Mozambique,2013.0,582.85261
Mozambique,2014.0,544.0706
Mozambique,2015.0,593.64831
Mozambique,2016.0,464.1508
Mozambique,2017.0,508.08653
Mozambique,2018.0,488.37338
"Developed regions (Europe, Cyprus, Israel, Northern America, Japan, Australia & New Zealand)",2006.0,703.31901
"Developed regions (Europe, Cyprus, Israel, Northern America, Japan, Australia & New Zealand)",2007.0,642.84302
"Developed regions (Europe, Cyprus, Israel, Northern America, Japan, Australia & New Zealand)",2008.0,736.11875
"Developed regions (Europe, Cyprus, Israel, Northern America, Japan, Australia & New Zealand)",2009.0,818.06947
"Developed regions (Europe, Cyprus, Israel, Northern America, Japan, Australia & New Zealand)",2010.0,953.96743
"Developed regions (Europe, Cyprus, Israel, Northern America, Japan, Australia & New Zealand)",2011.0,1971.19791
"Developed regions (Europe, Cyprus, Israel, Northern America, Japan, Australia & New Zealand)",2012.0,1814.8397
"Developed regions (Europe, Cyprus, Israel, Northern America, Japan, Australia & New Zealand)",2013.0,1669.81924
"Developed regions (Europe, Cyprus, Israel, Northern America, Japan, Australia & New Zealand)",2014.0,1297.90512
"Developed regions (Europe, Cyprus, Israel, Northern America, Japan, Australia & New Zealand)",2015.0,1378.93784
"Developed regions (Europe, Cyprus, Israel, Northern America, Japan, Australia & New Zealand)",2016.0,1374.56145
"Developed regions (Europe, Cyprus, Israel, Northern America, Japan, Australia & New Zealand)",2017.0,1290.9969
"Developed regions (Europe, Cyprus, Israel, Northern America, Japan, Australia & New Zealand)",2018.0,1791.42264
Developing regions,2006.0,20260.50383
Developing regions,2007.0,22100.01693
Developing regions,2008.0,25275.30407
Developing regions,2009.0,28137.82599
Developing regions,2010.0,31373.81224
Developing regions,2011.0,34786.34696
Developing regions,2012.0,36053.12417
Developing regions,2013.0,38558.37057
Developing regions,2014.0,40543.65842
Developing regions,2015.0,42729.738
Developing regions,2016.0,41503.6435
Developing regions,2017.0,45470.55453
Developing regions,2018.0,45363.46989
Namibia,2006.0,23.07578
Namibia,2007.0,31.89252
Namibia,2008.0,34.93282
Namibia,2009.0,57.09521
Namibia,2010.0,57.02702
Namibia,2011.0,102.51734
Namibia,2012.0,49.35174
Namibia,2013.0,60.09028
Namibia,2014.0,70.98591
Namibia,2015.0,56.10785
Namibia,2016.0,61.89348
Namibia,2017.0,57.95543
Namibia,2018.0,44.13646
Nauru,2006.0,8.57342
Nauru,2007.0,8.32937
Nauru,2008.0,12.20133
Nauru,2009.0,6.73659
Nauru,2010.0,0.83828
Nauru,2011.0,1.11575
Nauru,2012.0,5.40134
Nauru,2013.0,4.24375
Nauru,2014.0,2.20915
Nauru,2015.0,8.4621
Nauru,2016.0,2.54271
Nauru,2017.0,6.05876
Nauru,2018.0,9.85929
Nepal,2006.0,109.94607
Nepal,2007.0,120.40686
Nepal,2008.0,149.37707
Nepal,2009.0,154.77794
Nepal,2010.0,239.37515
Nepal,2011.0,252.49819
Nepal,2012.0,254.76187
Nepal,2013.0,304.38647
Nepal,2014.0,307.5205
Nepal,2015.0,416.14748
Nepal,2016.0,294.99382
Nepal,2017.0,510.64633
Nepal,2018.0,440.53853
Vanuatu,2006.0,5.46464
Vanuatu,2007.0,14.72399
Vanuatu,2008.0,48.30599
Vanuatu,2009.0,51.7058
Vanuatu,2010.0,36.07101
Vanuatu,2011.0,14.21872
Vanuatu,2012.0,16.62996
Vanuatu,2013.0,13.05503
Vanuatu,2014.0,25.60406
Vanuatu,2015.0,39.96165
Vanuatu,2016.0,54.8717
Vanuatu,2017.0,67.72734
Vanuatu,2018.0,51.30776
Nicaragua,2006.0,118.17844
Nicaragua,2007.0,147.68149
Nicaragua,2008.0,147.87632
Nicaragua,2009.0,191.51382
Nicaragua,2010.0,229.76174
Nicaragua,2011.0,215.26081
Nicaragua,2012.0,209.32156
Nicaragua,2013.0,196.02945
Nicaragua,2014.0,178.34762
Nicaragua,2015.0,256.58413
Nicaragua,2016.0,207.0628
Nicaragua,2017.0,358.02451
Nicaragua,2018.0,155.35998
Niger,2006.0,71.89921
Niger,2007.0,98.6449
Niger,2008.0,103.25393
Niger,2009.0,78.83959
Niger,2010.0,125.99492
Niger,2011.0,100.80828
Niger,2012.0,121.56649
Niger,2013.0,148.19426
Niger,2014.0,149.84805
Niger,2015.0,113.81968
Niger,2016.0,215.81743
Niger,2017.0,296.87034
Niger,2018.0,245.98782
Nigeria,2006.0,177.57612
Nigeria,2007.0,312.17214
Nigeria,2008.0,217.9969
Nigeria,2009.0,247.43125
Nigeria,2010.0,430.58842
Nigeria,2011.0,331.0886
Nigeria,2012.0,357.00715
Nigeria,2013.0,529.06182
Nigeria,2014.0,572.98799
Nigeria,2015.0,614.71078
Nigeria,2016.0,423.75427
Nigeria,2017.0,728.42573
Nigeria,2018.0,650.6521
Niue,2006.0,1.86872
Niue,2007.0,1.56209
Niue,2008.0,3.28701
Niue,2009.0,0.61278
Niue,2010.0,4.72527
Niue,2011.0,9.14948
Niue,2012.0,4.38986
Niue,2013.0,4.62917
Niue,2014.0,2.26837
Niue,2015.0,9.88753
Niue,2016.0,2.59706
Niue,2017.0,4.19647
Niue,2018.0,6.66048
Micronesia (region),2006.0,8.81783
Micronesia (region),2007.0,9.60617
Micronesia (region),2008.0,9.54511
Micronesia (region),2009.0,7.65349
Micronesia (region),2010.0,12.21422
Micronesia (region),2011.0,20.68908
Micronesia (region),2012.0,4.22067
Micronesia (region),2013.0,21.26001
Micronesia (region),2014.0,6.98366
Micronesia (region),2015.0,13.71349
Micronesia (region),2016.0,16.29635
Micronesia (region),2017.0,9.46921
Micronesia (region),2018.0,36.81701
Marshall Islands,2006.0,1.27435
Marshall Islands,2007.0,1.54199
Marshall Islands,2008.0,2.21077
Marshall Islands,2009.0,3.79041
Marshall Islands,2010.0,9.27048
Marshall Islands,2011.0,2.83177
Marshall Islands,2012.0,5.77598
Marshall Islands,2013.0,12.68791
Marshall Islands,2014.0,1.45792
Marshall Islands,2015.0,5.18969
Marshall Islands,2016.0,1.27636
Marshall Islands,2017.0,4.12046
Marshall Islands,2018.0,7.06538
Palau,2006.0,6.68386
Palau,2007.0,4.97342
Palau,2008.0,11.27787
Palau,2009.0,3.90728
Palau,2010.0,6.60419
Palau,2011.0,1.07998
Palau,2012.0,2.22901
Palau,2013.0,12.96255
Palau,2014.0,4.10376
Palau,2015.0,5.66629
Palau,2016.0,4.27928
Palau,2017.0,9.6305
Palau,2018.0,6.8725
Pakistan,2006.0,307.56309
Pakistan,2007.0,399.49977
Pakistan,2008.0,350.6524
Pakistan,2009.0,383.44211
Pakistan,2010.0,337.79327
Pakistan,2011.0,593.76919
Pakistan,2012.0,602.55482
Pakistan,2013.0,757.62018
Pakistan,2014.0,1992.47537
Pakistan,2015.0,1838.18633
Pakistan,2016.0,956.24966
Pakistan,2017.0,1062.63926
Pakistan,2018.0,628.12829
Panama,2006.0,5.79137
Panama,2007.0,8.90165
Panama,2008.0,8.33112
Panama,2009.0,11.10182
Panama,2010.0,11.32489
Panama,2011.0,16.30015
Panama,2012.0,13.74499
Panama,2013.0,5.80636
Panama,2014.0,5.10029
Panama,2015.0,3.94258
Panama,2016.0,9.71835
Panama,2017.0,13.02924
Panama,2018.0,8.55572
Papua New Guinea,2006.0,56.41769
Papua New Guinea,2007.0,116.41151
Papua New Guinea,2008.0,117.43589
Papua New Guinea,2009.0,87.2224
Papua New Guinea,2010.0,116.6667
Papua New Guinea,2011.0,124.12877
Papua New Guinea,2012.0,145.92877
Papua New Guinea,2013.0,181.25198
Papua New Guinea,2014.0,160.6532
Papua New Guinea,2015.0,197.98757
Papua New Guinea,2016.0,173.94656
Papua New Guinea,2017.0,157.50862
Papua New Guinea,2018.0,231.96898
Paraguay,2006.0,11.806
Paraguay,2007.0,25.15435
Paraguay,2008.0,63.98158
Paraguay,2009.0,72.62627
Paraguay,2010.0,36.95512
Paraguay,2011.0,25.43452
Paraguay,2012.0,54.3821
Paraguay,2013.0,30.32793
Paraguay,2014.0,59.56502
Paraguay,2015.0,45.50468
Paraguay,2016.0,78.98712
Paraguay,2017.0,113.01048
Paraguay,2018.0,119.08634
Peru,2006.0,131.3269
Peru,2007.0,267.11543
Peru,2008.0,156.14766
Peru,2009.0,111.33178
Peru,2010.0,158.56127
Peru,2011.0,136.78642
Peru,2012.0,164.36023
Peru,2013.0,124.28129
Peru,2014.0,99.94479
Peru,2015.0,102.53632
Peru,2016.0,124.43818
Peru,2017.0,267.1133
Peru,2018.0,154.63998
Philippines,2006.0,327.21879
Philippines,2007.0,626.40118
Philippines,2008.0,463.51741
Philippines,2009.0,499.17104
Philippines,2010.0,336.43718
Philippines,2011.0,296.9724
Philippines,2012.0,217.70258
Philippines,2013.0,214.73775
Philippines,2014.0,245.37518
Philippines,2015.0,373.48864
Philippines,2016.0,370.50776
Philippines,2017.0,279.9554
Philippines,2018.0,451.75103
Guinea-Bissau,2006.0,30.3776
Guinea-Bissau,2007.0,41.04799
Guinea-Bissau,2008.0,27.77101
Guinea-Bissau,2009.0,32.72611
Guinea-Bissau,2010.0,13.19872
Guinea-Bissau,2011.0,22.99776
Guinea-Bissau,2012.0,14.87624
Guinea-Bissau,2013.0,8.8487
Guinea-Bissau,2014.0,11.41897
Guinea-Bissau,2015.0,10.84026
Guinea-Bissau,2016.0,11.05407
Guinea-Bissau,2017.0,29.07984
Guinea-Bissau,2018.0,62.91235
Timor-Leste,2006.0,19.77217
Timor-Leste,2007.0,16.54221
Timor-Leste,2008.0,34.37458
Timor-Leste,2009.0,31.73219
Timor-Leste,2010.0,42.4953
Timor-Leste,2011.0,42.73112
Timor-Leste,2012.0,54.29522
Timor-Leste,2013.0,60.75312
Timor-Leste,2014.0,59.99828
Timor-Leste,2015.0,73.62155
Timor-Leste,2016.0,77.38964
Timor-Leste,2017.0,78.00971
Timor-Leste,2018.0,57.34269
Rwanda,2006.0,73.26031
Rwanda,2007.0,104.02154
Rwanda,2008.0,141.90448
Rwanda,2009.0,162.59138
Rwanda,2010.0,198.63617
Rwanda,2011.0,284.9575
Rwanda,2012.0,185.11161
Rwanda,2013.0,216.98461
Rwanda,2014.0,218.71794
Rwanda,2015.0,357.58703
Rwanda,2016.0,354.97007
Rwanda,2017.0,557.66378
Rwanda,2018.0,492.87843
Saint Helena,2006.0,8.95624
Saint Helena,2007.0,7.34552
Saint Helena,2008.0,25.71751
Saint Helena,2009.0,15.24485
Saint Helena,2010.0,8.92069
Saint Helena,2011.0,70.49284
Saint Helena,2012.0,134.552
Saint Helena,2013.0,87.37868
Saint Helena,2014.0,72.4776
Saint Helena,2015.0,44.8481
Saint Helena,2016.0,47.06527
Saint Helena,2017.0,26.53024
Saint Helena,2018.0,23.78044
Saint Lucia,2006.0,3.39344
Saint Lucia,2007.0,5.90006
Saint Lucia,2008.0,11.71174
Saint Lucia,2009.0,16.78442
Saint Lucia,2010.0,21.59423
Saint Lucia,2011.0,9.73035
Saint Lucia,2012.0,9.07411
Saint Lucia,2013.0,9.96605
Saint Lucia,2014.0,1.33819
Saint Lucia,2015.0,4.24673
Saint Lucia,2016.0,9.01482
Saint Lucia,2017.0,6.58502
Saint Lucia,2018.0,4.97245
Saint Vincent and the Grenadines,2006.0,2.74926
Saint Vincent and the Grenadines,2007.0,9.12668
Saint Vincent and the Grenadines,2008.0,15.5469
Saint Vincent and the Grenadines,2009.0,11.1587
Saint Vincent and the Grenadines,2010.0,3.97843
Saint Vincent and the Grenadines,2011.0,7.77961
Saint Vincent and the Grenadines,2012.0,1.46818
Saint Vincent and the Grenadines,2013.0,2.18067
Saint Vincent and the Grenadines,2014.0,0.97379
Saint Vincent and the Grenadines,2015.0,1.95014
Saint Vincent and the Grenadines,2016.0,8.31503
Saint Vincent and the Grenadines,2017.0,4.28579
Saint Vincent and the Grenadines,2018.0,10.39121
Sao Tome and Principe,2006.0,5.58552
Sao Tome and Principe,2007.0,5.89239
Sao Tome and Principe,2008.0,8.15282
Sao Tome and Principe,2009.0,2.93115
Sao Tome and Principe,2010.0,5.17604
Sao Tome and Principe,2011.0,17.62643
Sao Tome and Principe,2012.0,9.69303
Sao Tome and Principe,2013.0,12.17257
Sao Tome and Principe,2014.0,8.88649
Sao Tome and Principe,2015.0,17.41126
Sao Tome and Principe,2016.0,9.48191
Sao Tome and Principe,2017.0,8.02672
Sao Tome and Principe,2018.0,10.76115
Senegal,2006.0,195.49698
Senegal,2007.0,181.55023
Senegal,2008.0,276.49533
Senegal,2009.0,207.05894
Senegal,2010.0,243.20664
Senegal,2011.0,293.93358
Senegal,2012.0,258.45561
Senegal,2013.0,313.92277
Senegal,2014.0,478.599
Senegal,2015.0,442.67183
Senegal,2016.0,304.33706
Senegal,2017.0,397.38404
Senegal,2018.0,332.12757
Serbia,2006.0,266.40607
Serbia,2007.0,238.06834
Serbia,2008.0,220.43531
Serbia,2009.0,224.71558
Serbia,2010.0,263.74759
Serbia,2011.0,889.62377
Serbia,2012.0,748.44716
Serbia,2013.0,610.79493
Serbia,2014.0,340.43618
Serbia,2015.0,444.38851
Serbia,2016.0,465.82333
Serbia,2017.0,502.57716
Serbia,2018.0,665.49988
Seychelles,2006.0,6.19636
Seychelles,2007.0,1.27904
Seychelles,2008.0,2.00214
Seychelles,2009.0,8.38491
Seychelles,2010.0,4.29552
Seychelles,2011.0,6.89722
Seychelles,2012.0,20.19704
Seychelles,2013.0,9.85834
Seychelles,2014.0,5.45607
Seychelles,2015.0,3.12643
Seychelles,2016.0,4.07127
Seychelles,2017.0,10.12612
Sierra Leone,2006.0,38.31918
Sierra Leone,2007.0,45.1675
Sierra Leone,2008.0,73.35937
Sierra Leone,2009.0,101.14159
Sierra Leone,2010.0,110.49272
Sierra Leone,2011.0,94.55914
Sierra Leone,2012.0,98.8111
Sierra Leone,2013.0,100.51515
Sierra Leone,2014.0,89.37
Sierra Leone,2015.0,69.3212
Sierra Leone,2016.0,107.00987
Sierra Leone,2017.0,102.80945
Sierra Leone,2018.0,141.71383
Vietnam,2006.0,843.27562
Vietnam,2007.0,1134.34815
Vietnam,2008.0,1132.34697
Vietnam,2009.0,1269.10709
Vietnam,2010.0,1557.31599
Vietnam,2011.0,1817.396
Vietnam,2012.0,2360.58952
Vietnam,2013.0,2466.74454
Vietnam,2014.0,2797.80928
Vietnam,2015.0,2399.59602
Vietnam,2016.0,2243.23066
Vietnam,2017.0,1818.24258
Vietnam,2018.0,1347.08745
Somalia,2006.0,6.80363
Somalia,2007.0,2.8131
Somalia,2008.0,8.42094
Somalia,2009.0,16.85743
Somalia,2010.0,23.8191
Somalia,2011.0,31.94892
Somalia,2012.0,42.88455
Somalia,2013.0,54.59147
Somalia,2014.0,58.80254
Somalia,2015.0,74.59566
Somalia,2016.0,57.28589
Somalia,2017.0,52.57358
Somalia,2018.0,69.50446
South Africa,2006.0,88.31074
South Africa,2007.0,221.55519
South Africa,2008.0,253.08234
South Africa,2009.0,118.55352
South Africa,2010.0,125.80011
South Africa,2011.0,244.18446
South Africa,2012.0,97.11996
South Africa,2013.0,206.02219
South Africa,2014.0,319.20859
South Africa,2015.0,649.37988
South Africa,2016.0,488.22132
South Africa,2017.0,223.72646
South Africa,2018.0,265.3124
Zimbabwe,2006.0,7.08373
Zimbabwe,2007.0,17.26264
Zimbabwe,2008.0,8.80377
Zimbabwe,2009.0,49.3027
Zimbabwe,2010.0,78.43701
Zimbabwe,2011.0,86.00997
Zimbabwe,2012.0,85.03939
Zimbabwe,2013.0,86.26616
Zimbabwe,2014.0,69.1783
Zimbabwe,2015.0,61.33544
Zimbabwe,2016.0,67.36313
Zimbabwe,2017.0,55.93677
Zimbabwe,2018.0,46.98172
Small island developing States (SIDS),2006.0,409.08126
Small island developing States (SIDS),2007.0,564.69222
Small island developing States (SIDS),2008.0,804.33418
Small island developing States (SIDS),2009.0,893.81271
Small island developing States (SIDS),2010.0,1161.05067
Small island developing States (SIDS),2011.0,1167.22431
Small island developing States (SIDS),2012.0,1158.62111
Small island developing States (SIDS),2013.0,1104.51339
Small island developing States (SIDS),2014.0,1110.785
Small island developing States (SIDS),2015.0,1136.52446
Small island developing States (SIDS),2016.0,1037.71904
Small island developing States (SIDS),2017.0,1091.22617
Small island developing States (SIDS),2018.0,1457.16392
South Sudan,2011.0,19.21184
South Sudan,2012.0,69.91038
South Sudan,2013.0,112.88306
South Sudan,2014.0,88.31888
South Sudan,2015.0,138.56552
South Sudan,2016.0,74.36545
South Sudan,2017.0,101.67672
South Sudan,2018.0,77.41024
Sudan,2006.0,14.54057
Sudan,2007.0,22.40162
Sudan,2008.0,214.85155
Sudan,2009.0,242.80535
Sudan,2010.0,263.11201
Sudan,2011.0,293.65754
Sudan,2012.0,233.41679
Sudan,2013.0,181.61193
Sudan,2014.0,152.22587
Sudan,2015.0,280.08786
Sudan,2016.0,61.62406
Sudan,2017.0,126.66242
Sudan,2018.0,34.30107
Suriname,2006.0,4.44561
Suriname,2007.0,26.24748
Suriname,2008.0,36.46149
Suriname,2009.0,45.87661
Suriname,2010.0,23.96366
Suriname,2011.0,25.8642
Suriname,2012.0,25.36078
Suriname,2013.0,16.04466
Suriname,2014.0,1.14746
Suriname,2015.0,2.20841
Suriname,2016.0,5.75983
Suriname,2017.0,8.9597
Suriname,2018.0,6.08129
Eswatini,2006.0,14.95665
Eswatini,2007.0,9.09617
Eswatini,2008.0,10.4636
Eswatini,2009.0,9.40247
Eswatini,2010.0,10.09564
Eswatini,2011.0,25.04625
Eswatini,2012.0,24.00322
Eswatini,2013.0,35.56715
Eswatini,2014.0,21.59255
Eswatini,2015.0,28.45597
Eswatini,2016.0,35.3962
Eswatini,2017.0,26.21895
Eswatini,2018.0,25.72993
Syria,2006.0,21.576
Syria,2007.0,12.78106
Syria,2008.0,100.9725
Syria,2009.0,89.56679
Syria,2010.0,81.44674
Syria,2011.0,124.33684
Syria,2012.0,41.29649
Syria,2013.0,2.33149
Syria,2014.0,2.05727
Syria,2015.0,4.73881
Syria,2016.0,15.01006
Syria,2017.0,14.99514
Syria,2018.0,30.36591
Tajikistan,2006.0,42.93435
Tajikistan,2007.0,56.28204
Tajikistan,2008.0,47.68194
Tajikistan,2009.0,72.33533
Tajikistan,2010.0,166.18425
Tajikistan,2011.0,119.62105
Tajikistan,2012.0,129.09723
Tajikistan,2013.0,185.20004
Tajikistan,2014.0,170.70795
Tajikistan,2015.0,242.96115
Tajikistan,2016.0,212.22356
Tajikistan,2017.0,200.14758
Tajikistan,2018.0,231.38806
Thailand,2006.0,269.45186
Thailand,2007.0,133.3414
Thailand,2008.0,102.96235
Thailand,2009.0,99.54793
Thailand,2010.0,164.29162
Thailand,2011.0,198.49119
Thailand,2012.0,169.14157
Thailand,2013.0,555.54775
Thailand,2014.0,373.93871
Thailand,2015.0,148.05253
Thailand,2016.0,383.33753
Thailand,2017.0,376.30892
Thailand,2018.0,258.16861
Togo,2006.0,8.50406
Togo,2007.0,2.69797
Togo,2008.0,94.93754
Togo,2009.0,27.28866
Togo,2010.0,34.40933
Togo,2011.0,47.6962
Togo,2012.0,36.02995
Togo,2013.0,45.93194
Togo,2014.0,61.71583
Togo,2015.0,90.60932
Togo,2016.0,38.3541
Togo,2017.0,81.17814
Togo,2018.0,68.9683
Tokelau,2006.0,1.07618
Tokelau,2007.0,5.23955
Tokelau,2008.0,1.21999
Tokelau,2009.0,0.95996
Tokelau,2010.0,0.96967
Tokelau,2011.0,5.76126
Tokelau,2012.0,6.4673
Tokelau,2013.0,12.60251
Tokelau,2014.0,7.03402
Tokelau,2015.0,2.72117
Tokelau,2016.0,0.10661
Tokelau,2017.0,1.62698
Tokelau,2018.0,12.7543
Tonga,2006.0,4.60786
Tonga,2007.0,11.81446
Tonga,2008.0,3.91764
Tonga,2009.0,8.85723
Tonga,2010.0,29.63756
Tonga,2011.0,15.49216
Tonga,2012.0,22.90602
Tonga,2013.0,31.99714
Tonga,2014.0,30.41946
Tonga,2015.0,29.10094
Tonga,2016.0,34.65143
Tonga,2017.0,37.3119
Tonga,2018.0,31.78001
Tunisia,2006.0,160.08381
Tunisia,2007.0,144.68489
Tunisia,2008.0,278.78044
Tunisia,2009.0,329.65115
Tunisia,2010.0,463.47495
Tunisia,2011.0,329.35129
Tunisia,2012.0,558.97594
Tunisia,2013.0,570.96872
Tunisia,2014.0,460.93756
Tunisia,2015.0,449.65519
Tunisia,2016.0,523.83036
Tunisia,2017.0,744.81594
Tunisia,2018.0,653.39474
Turkey,2006.0,287.16108
Turkey,2007.0,259.46265
Turkey,2008.0,552.53488
Turkey,2009.0,710.1892
Turkey,2010.0,601.37153
Turkey,2011.0,2465.25543
Turkey,2012.0,2771.47674
Turkey,2013.0,2296.88465
Turkey,2014.0,2949.43022
Turkey,2015.0,2481.02888
Turkey,2016.0,2855.9758
Turkey,2017.0,2434.13506
Turkey,2018.0,1429.94457
Turkmenistan,2006.0,1.43258
Turkmenistan,2007.0,0.77174
Turkmenistan,2008.0,4.28973
Turkmenistan,2009.0,3.49984
Turkmenistan,2010.0,3.03464
Turkmenistan,2011.0,4.39787
Turkmenistan,2012.0,6.57125
Turkmenistan,2013.0,4.37039
Turkmenistan,2014.0,6.08217
Turkmenistan,2015.0,5.83763
Turkmenistan,2016.0,6.32082
Turkmenistan,2017.0,6.06818
Turkmenistan,2018.0,4.99199
Tuvalu,2006.0,7.46592
Tuvalu,2007.0,3.20456
Tuvalu,2008.0,4.1543
Tuvalu,2009.0,5.67308
Tuvalu,2010.0,1.48731
Tuvalu,2011.0,3.3998
Tuvalu,2012.0,4.06371
Tuvalu,2013.0,4.37654
Tuvalu,2014.0,16.32717
Tuvalu,2015.0,26.44468
Tuvalu,2016.0,10.55185
Tuvalu,2017.0,18.08776
Tuvalu,2018.0,5.59008
Uganda,2006.0,245.82904
Uganda,2007.0,495.16622
Uganda,2008.0,418.36622
Uganda,2009.0,442.8415
Uganda,2010.0,413.75461
Uganda,2011.0,441.27128
Uganda,2012.0,363.39637
Uganda,2013.0,531.74294
Uganda,2014.0,428.00571
Uganda,2015.0,461.69456
Uganda,2016.0,364.33705
Uganda,2017.0,408.38992
Uganda,2018.0,420.14327
Ukraine,2006.0,172.95249
Ukraine,2007.0,124.24539
Ukraine,2008.0,201.45549
Ukraine,2009.0,250.70191
Ukraine,2010.0,251.27044
Ukraine,2011.0,350.48224
Ukraine,2012.0,313.52999
Ukraine,2013.0,326.29247
Ukraine,2014.0,149.46159
Ukraine,2015.0,224.84826
Ukraine,2016.0,345.85743
Ukraine,2017.0,256.56614
Ukraine,2018.0,361.83854
North Macedonia,2006.0,29.54014
North Macedonia,2007.0,43.08956
North Macedonia,2008.0,26.71791
North Macedonia,2009.0,28.48209
North Macedonia,2010.0,27.60626
North Macedonia,2011.0,84.94652
North Macedonia,2012.0,73.89915
North Macedonia,2013.0,126.48148
North Macedonia,2014.0,170.48612
North Macedonia,2015.0,152.87271
North Macedonia,2016.0,57.54831
North Macedonia,2017.0,20.55248
North Macedonia,2018.0,50.66722
Egypt,2006.0,515.18597
Egypt,2007.0,429.57658
Egypt,2008.0,789.50492
Egypt,2009.0,620.27856
Egypt,2010.0,864.49488
Egypt,2011.0,610.56129
Egypt,2012.0,1444.5017
Egypt,2013.0,1564.14286
Egypt,2014.0,1212.54302
Egypt,2015.0,952.52704
Egypt,2016.0,1383.95932
Egypt,2017.0,928.64875
Egypt,2018.0,1930.49071
Tanzania,2006.0,377.16544
Tanzania,2007.0,366.45867
Tanzania,2008.0,451.19094
Tanzania,2009.0,589.61014
Tanzania,2010.0,730.18087
Tanzania,2011.0,585.80095
Tanzania,2012.0,784.07735
Tanzania,2013.0,1086.2685
Tanzania,2014.0,812.9479
Tanzania,2015.0,898.07782
Tanzania,2016.0,778.02157
Tanzania,2017.0,829.02504
Tanzania,2018.0,846.12501
Burkina Faso,2006.0,185.95147
Burkina Faso,2007.0,241.60807
Burkina Faso,2008.0,163.73255
Burkina Faso,2009.0,216.64494
Burkina Faso,2010.0,231.07107
Burkina Faso,2011.0,234.47248
Burkina Faso,2012.0,284.5136
Burkina Faso,2013.0,333.09036
Burkina Faso,2014.0,417.98097
Burkina Faso,2015.0,318.92452
Burkina Faso,2016.0,307.62766
Burkina Faso,2017.0,337.31022
Burkina Faso,2018.0,306.13296
Uruguay,2006.0,5.9794
Uruguay,2007.0,9.286
Uruguay,2008.0,4.22081
Uruguay,2009.0,11.79702
Uruguay,2010.0,22.08389
Uruguay,2011.0,7.10983
Uruguay,2012.0,3.53563
Uruguay,2013.0,17.59608
Uruguay,2014.0,69.57496
Uruguay,2015.0,27.44566
Uruguay,2016.0,3.27446
Uruguay,2017.0,29.39353
Uzbekistan,2006.0,54.70422
Uzbekistan,2007.0,27.99879
Uzbekistan,2008.0,73.31537
Uzbekistan,2009.0,66.40487
Uzbekistan,2010.0,85.37312
Uzbekistan,2011.0,66.20843
Uzbekistan,2012.0,95.35295
Uzbekistan,2013.0,160.10478
Uzbekistan,2014.0,149.36242
Uzbekistan,2015.0,292.76292
Uzbekistan,2016.0,279.63926
Uzbekistan,2017.0,496.09549
Uzbekistan,2018.0,408.266
Venezuela,2006.0,2.99553
Venezuela,2007.0,1.92538
Venezuela,2008.0,1.68313
Venezuela,2009.0,2.12694
Venezuela,2010.0,2.17595
Venezuela,2011.0,1.67622
Venezuela,2012.0,1.30206
Venezuela,2013.0,0.60531
Venezuela,2014.0,2.39427
Venezuela,2015.0,2.39786
Venezuela,2016.0,2.18548
Venezuela,2017.0,0.73683
Venezuela,2018.0,1.24947
Wallis and Futuna,2006.0,0.0
Wallis and Futuna,2007.0,2.75811
Wallis and Futuna,2008.0,2.00726
Wallis and Futuna,2009.0,2.71983
Wallis and Futuna,2010.0,6.06013
Wallis and Futuna,2011.0,9.43711
Wallis and Futuna,2012.0,10.39048
Wallis and Futuna,2013.0,6.30866
Wallis and Futuna,2014.0,5.1594
Wallis and Futuna,2015.0,4.75918
Wallis and Futuna,2016.0,8.0829
Wallis and Futuna,2017.0,4.35741
Wallis and Futuna,2018.0,17.39656
Samoa,2006.0,8.85718
Samoa,2007.0,9.0207
Samoa,2008.0,8.49095
Samoa,2009.0,17.6832
Samoa,2010.0,30.18285
Samoa,2011.0,30.58509
Samoa,2012.0,29.78171
Samoa,2013.0,19.80064
Samoa,2014.0,31.20278
Samoa,2015.0,33.47496
Samoa,2016.0,38.46827
Samoa,2017.0,76.81516
Samoa,2018.0,55.45889
Yemen,2006.0,49.67512
Yemen,2007.0,44.10194
Yemen,2008.0,132.24804
Yemen,2009.0,129.98044
Yemen,2010.0,173.98671
Yemen,2011.0,83.84281
Yemen,2012.0,96.59247
Yemen,2013.0,100.53027
Yemen,2014.0,254.54009
Yemen,2015.0,382.50673
Yemen,2016.0,135.01401
Yemen,2017.0,288.2669
Yemen,2018.0,441.42943
Zambia,2006.0,163.54709
Zambia,2007.0,107.11989
Zambia,2008.0,166.03825
Zambia,2009.0,124.40196
Zambia,2010.0,109.36912
Zambia,2011.0,152.94585
Zambia,2012.0,128.54035
Zambia,2013.0,234.09587
Zambia,2014.0,248.88888
Zambia,2015.0,282.16376
Zambia,2016.0,309.68461
Zambia,2017.0,211.98834
Zambia,2018.0,194.01543
