country,year,value
World,2017.0,19
World,2020.0,12
Oceania,2017.0,30
Oceania,2020.0,18
Northern Africa,2017.0,0
Northern Africa,2020.0,0
Northern America,2020.0,0
Eastern Asia,2017.0,0
Eastern Asia,2020.0,0
Southern Asia,2017.0,25
Southern Asia,2020.0,11
South-Eastern Asia,2017.0,22
South-Eastern Asia,2020.0,9
Australia and New Zealand,2020.0,0
Central and Southern Asia,2017.0,30
Central and Southern Asia,2020.0,7
Central Asia,2017.0,50
Central Asia,2020.0,0
Western Asia,2017.0,6
Western Asia,2020.0,6
Europe,2017.0,5
Europe,2020.0,0
Least Developed Countries (LDCs),2017.0,26
Least Developed Countries (LDCs),2020.0,21
Sub-Saharan Africa,2017.0,18
Sub-Saharan Africa,2020.0,15
Latin America and the Caribbean,2017.0,45
Latin America and the Caribbean,2020.0,36
Landlocked developing countries (LLDCs),2017.0,10
Landlocked developing countries (LLDCs),2020.0,6
Europe and Northern America,2017.0,5
Europe and Northern America,2020.0,0
Oceania (exc. Australia and New Zealand),2017.0,38
Oceania (exc. Australia and New Zealand),2020.0,22
Small island developing States (SIDS),2017.0,45
Small island developing States (SIDS),2020.0,32
Northern Africa and Western Asia,2017.0,5
Northern Africa and Western Asia,2020.0,4
Eastern and South-Eastern Asia,2017.0,14
Eastern and South-Eastern Asia,2020.0,6
