country,year,value
Afghanistan,2011.0,0.40079
Afghanistan,2015.0,4.94879
Albania,2009.0,13.72795
Albania,2017.0,61.93999
Algeria,2013.0,21.47527
Angola,2015.0,1.38897
Azerbaijan,2006.0,35.51865
Bangladesh,2006.0,0.60435
Bangladesh,2011.0,0
Bangladesh,2014.0,3.12441
Bangladesh,2019.0,8.50528
Armenia,2006.0,10.98835
Armenia,2011.0,92.81511
Armenia,2016.0,52.98961
Barbados,2012.0,0
Bhutan,2010.0,1.88396
Bolivia,2000.0,6.26
Bolivia,2001.0,5.18
Bolivia,2002.0,2.92
Bolivia,2003.0,5.70112
Bolivia,2004.0,0
Bolivia,2005.0,0
Bolivia,2006.0,0
Bolivia,2007.0,0
Bolivia,2008.0,9.94699
Bolivia,2009.0,0
Bolivia,2011.0,26.37
Bolivia,2012.0,38.48
Bolivia,2013.0,0
Bolivia,2014.0,0
Bolivia,2015.0,0
Bolivia,2016.0,40.03
Bolivia,2017.0,0
Bolivia,2018.0,0
Bosnia and Herzegovina,2012.0,78.99797
Brazil,2001.0,7.15
Brazil,2002.0,5.86
Brazil,2003.0,8.36
Brazil,2004.0,11.36
Brazil,2005.0,11.75
Brazil,2006.0,11.05
Brazil,2007.0,20.78
Brazil,2008.0,13.62
Brazil,2009.0,25.79
Brazil,2011.0,23.72
Brazil,2012.0,27.96
Brazil,2013.0,37.43
Brazil,2014.0,34.36
Brazil,2015.0,43.13
Brazil,2016.0,39.67
Brazil,2017.0,35.75
Brazil,2018.0,34.44
Belize,2016.0,20.70699
Myanmar,2016.0,2.08179
Burundi,2000.0,0
Burundi,2010.0,0.33817
Belarus,2012.0,79.54211
Cambodia,2005.0,0
Cambodia,2010.0,0.37847
Cambodia,2014.0,3.6781
Cameroon,2004.0,0
Cameroon,2006.0,0
Cameroon,2011.0,0
Cameroon,2014.0,0
Cameroon,2018.0,0.28491
Central African Republic,2006.0,0
Central African Republic,2010.0,0
Sri Lanka,2006.0,11.20679
Chad,2004.0,0
Chad,2014.0,0
Chile,2000.0,27.02
Chile,2003.0,31.87
Chile,2006.0,45.24
Chile,2009.0,55.58
Chile,2011.0,66.39
Chile,2013.0,74.41
Chile,2015.0,70.7
Chile,2017.0,79.1
Colombia,2002.0,18.9
Colombia,2003.0,22.84
Colombia,2004.0,22.44
Colombia,2005.0,17.00855
Colombia,2008.0,22.04
Colombia,2009.0,21.78
Colombia,2010.0,31.39546
Colombia,2011.0,22.61
Colombia,2012.0,32.67
Colombia,2013.0,32.49
Colombia,2014.0,32.62
Colombia,2015.0,39.54361
Colombia,2016.0,34.51
Colombia,2017.0,35.23
Colombia,2018.0,39.77
Comoros,2012.0,3.85701
Congo,2005.0,0
Congo,2012.0,0
Congo,2015.0,0.19033
Democratic Republic of Congo,2007.0,0
Democratic Republic of Congo,2010.0,0.95169
Democratic Republic of Congo,2013.0,3.70038
Democratic Republic of Congo,2018.0,0
Costa Rica,2000.0,10.09
Costa Rica,2001.0,8.65
Costa Rica,2002.0,11.46
Costa Rica,2003.0,10.38
Costa Rica,2004.0,22.53
Costa Rica,2005.0,18.74
Costa Rica,2006.0,13.89
Costa Rica,2007.0,17.81
Costa Rica,2008.0,13.17
Costa Rica,2009.0,5.68
Costa Rica,2010.0,14.59
Costa Rica,2011.0,15.82479
Costa Rica,2012.0,25.43
Costa Rica,2013.0,27.48
Costa Rica,2014.0,23.77
Costa Rica,2015.0,18.18
Costa Rica,2016.0,29.26
Costa Rica,2017.0,41.43
Costa Rica,2018.0,31.60685
Cuba,2014.0,0
Benin,2006.0,0
Benin,2011.0,0
Benin,2014.0,0
Benin,2018.0,0.27216
Dominican Republic,2000.0,14.33
Dominican Republic,2001.0,19.56
Dominican Republic,2002.0,20.61
Dominican Republic,2003.0,26.41
Dominican Republic,2004.0,19.39
Dominican Republic,2005.0,9.83
Dominican Republic,2006.0,17.74
Dominican Republic,2007.0,18.00816
Dominican Republic,2008.0,29.43
Dominican Republic,2009.0,28.46
Dominican Republic,2010.0,11.09
Dominican Republic,2011.0,39.39
Dominican Republic,2012.0,27.88
Dominican Republic,2013.0,23.9596
Dominican Republic,2014.0,29.83121
Dominican Republic,2015.0,41.57
Dominican Republic,2016.0,26.71
Dominican Republic,2017.0,37.92
Dominican Republic,2018.0,33.13
Ecuador,2001.0,5.31
Ecuador,2003.0,9.89
Ecuador,2005.0,12.37
Ecuador,2006.0,12.9
Ecuador,2007.0,18.62
Ecuador,2008.0,22.16
Ecuador,2009.0,20.28
Ecuador,2010.0,20.1
Ecuador,2011.0,29.34
Ecuador,2012.0,29.11
Ecuador,2013.0,28.8
Ecuador,2014.0,44.45
Ecuador,2015.0,33.05
Ecuador,2016.0,47.1
Ecuador,2017.0,42.31
Ecuador,2018.0,52.31
El Salvador,2000.0,7.18
El Salvador,2001.0,6.45
El Salvador,2002.0,11.29
El Salvador,2003.0,4.29
El Salvador,2004.0,5.23
El Salvador,2005.0,6.05
El Salvador,2006.0,7.89
El Salvador,2009.0,13.11
El Salvador,2010.0,14.6
El Salvador,2012.0,14.95
El Salvador,2013.0,16.28
El Salvador,2014.0,21.81
El Salvador,2015.0,18.73
El Salvador,2016.0,15.18
El Salvador,2017.0,16.18
El Salvador,2018.0,24.07
Ethiopia,2000.0,0
Ethiopia,2005.0,0
Ethiopia,2011.0,0
Ethiopia,2016.0,1.70791
Djibouti,2006.0,0
Gabon,2012.0,0
Georgia,2018.0,51.01757
Gambia,2006.0,0.64856
Gambia,2010.0,0.7791
Gambia,2013.0,8.52182
Gambia,2018.0,0
Palestine,2014.0,0
Ghana,2009.0,2.83001
Ghana,2014.0,0
Ghana,2018.0,9.18826
Kiribati,2019.0,0
Guatemala,2000.0,2.41
Guatemala,2006.0,1.79
Guatemala,2014.0,8.1
Guatemala,2015.0,1.9284
Guinea,2005.0,0
Guinea,2012.0,0
Guinea,2016.0,0
Guyana,2006.0,17.71506
Guyana,2009.0,27.55333
Guyana,2014.0,28.81636
Haiti,2005.0,0
Haiti,2012.0,0.5986
Haiti,2017.0,0.92681
Honduras,2001.0,4.16
Honduras,2004.0,0
Honduras,2005.0,1.72
Honduras,2009.0,7.54
Honduras,2010.0,3.11
Honduras,2011.0,9.97524
Honduras,2012.0,16.88
Honduras,2013.0,6.25
Honduras,2014.0,11.55
Honduras,2015.0,8.96
Honduras,2016.0,9.39
Honduras,2018.0,8.41
India,2006.0,1.15458
India,2016.0,9.53406
Indonesia,2003.0,9.27235
Indonesia,2008.0,12.86301
Indonesia,2017.0,31.40501
Iraq,2011.0,1.30457
Iraq,2018.0,10.12551
Cote d'Ivoire,2006.0,0
Cote d'Ivoire,2012.0,0
Cote d'Ivoire,2016.0,0
Jamaica,2011.0,60.54498
Kazakhstan,2006.0,86.55696
Kazakhstan,2011.0,87.24938
Kazakhstan,2015.0,87.74165
Jordan,2007.0,39.97817
Jordan,2018.0,28.04734
Kenya,2003.0,1.94243
Kenya,2008.0,2.65227
Kenya,2014.0,6.11585
Kyrgyzstan,2006.0,77.7458
Kyrgyzstan,2012.0,90.91724
Kyrgyzstan,2014.0,84.72211
Kyrgyzstan,2018.0,81.06941
Laos,2006.0,0
Laos,2012.0,0.98448
Laos,2017.0,3.57425
Lesotho,2005.0,3.54942
Lesotho,2009.0,3.26755
Lesotho,2014.0,0.92055
Lesotho,2018.0,0
Liberia,2007.0,0
Liberia,2013.0,0.71613
Madagascar,2009.0,0
Madagascar,2018.0,0
Malawi,2004.0,0.55598
Malawi,2010.0,1.23834
Malawi,2016.0,1.65952
Maldives,2008.0,3.29857
Maldives,2017.0,20.82525
Mali,2006.0,0
Mali,2013.0,0
Mali,2015.0,0.21899
Mauritania,2007.0,0
Mauritania,2011.0,0.81716
Mauritania,2015.0,4.4788
Mexico,2000.0,4.2
Mexico,2002.0,0
Mexico,2004.0,2.85
Mexico,2006.0,19.01
Mexico,2008.0,13.35
Mexico,2010.0,17.06
Mexico,2012.0,16.16
Mexico,2014.0,16.1
Mexico,2016.0,24.71378
Mexico,2018.0,25.4
Mongolia,2006.0,24.3794
Mongolia,2014.0,30.83836
Mongolia,2018.0,61.2391
Moldova,2005.0,29.48653
Moldova,2012.0,19.76459
Montenegro,2013.0,66.81738
Montenegro,2018.0,0
Morocco,2004.0,0.22041
Mozambique,2003.0,0
Mozambique,2008.0,0
Mozambique,2011.0,0
Namibia,2007.0,3.94516
Namibia,2013.0,7.16552
Nepal,2007.0,0.77679
Vanuatu,2007.0,0
Nicaragua,2001.0,0
Nicaragua,2005.0,7.41
Nicaragua,2009.0,12.77
Nicaragua,2014.0,18.72
Niger,2006.0,0
Niger,2012.0,0
Nigeria,2003.0,7.1256
Nigeria,2007.0,4.23558
Nigeria,2008.0,4.0434
Nigeria,2011.0,4.94034
Nigeria,2013.0,1.24783
Nigeria,2016.0,5.40957
Nigeria,2018.0,4.65868
Pakistan,2007.0,0.4897
Pakistan,2012.0,0.89809
Pakistan,2018.0,0.6893
Panama,2000.0,14.73
Panama,2001.0,3.52
Panama,2002.0,7.01
Panama,2003.0,1.65
Panama,2004.0,12.57
Panama,2005.0,8.49
Panama,2006.0,6.35
Panama,2007.0,7.53
Panama,2008.0,7.6
Panama,2009.0,9.73
Panama,2011.0,9.17
Panama,2013.0,21.62
Panama,2014.0,11.26
Panama,2015.0,6.9
Panama,2016.0,16.15
Panama,2017.0,23.51
Panama,2018.0,31.59
Papua New Guinea,2018.0,0
Paraguay,2001.0,3.02
Paraguay,2003.0,6.73
Paraguay,2004.0,15.23
Paraguay,2005.0,10.02
Paraguay,2006.0,10.39
Paraguay,2007.0,13.17
Paraguay,2008.0,17.83
Paraguay,2009.0,22.97
Paraguay,2010.0,25.12
Paraguay,2011.0,11.58
Paraguay,2012.0,0
Paraguay,2013.0,17.83
Paraguay,2014.0,29.49
Paraguay,2015.0,16.78
Paraguay,2016.0,20.54203
Paraguay,2017.0,22.75
Paraguay,2018.0,34.75
Peru,2000.0,0
Peru,2001.0,16.09
Peru,2002.0,11.71
Peru,2003.0,9.55
Peru,2004.0,13.18
Peru,2005.0,11.42
Peru,2006.0,16.53
Peru,2007.0,24.22
Peru,2008.0,22.42
Peru,2009.0,22.75
Peru,2010.0,28.2
Peru,2011.0,30.82
Peru,2012.0,37.74
Peru,2013.0,35.88
Peru,2014.0,41.3
Peru,2015.0,39.47
Peru,2016.0,38.96
Peru,2017.0,41.14
Peru,2018.0,43.73
Philippines,2004.0,25.78247
Philippines,2018.0,57.98732
Guinea-Bissau,2014.0,0
Timor-Leste,2009.0,20.28916
Timor-Leste,2016.0,20.40978
Qatar,2012.0,0
Rwanda,2005.0,0
Rwanda,2010.0,0
Rwanda,2015.0,4.32597
Saint Lucia,2012.0,0
Sao Tome and Principe,2009.0,0
Sao Tome and Principe,2014.0,10.18989
Senegal,2005.0,0
Senegal,2011.0,0.13603
Senegal,2016.0,0
Senegal,2017.0,0
Serbia,2011.0,16.15183
Serbia,2014.0,54.62973
Serbia,2019.0,62.40091
Sierra Leone,2008.0,0
Sierra Leone,2013.0,1.36141
Sierra Leone,2017.0,0.58338
Vietnam,2011.0,20.33467
Vietnam,2014.0,24.44008
South Africa,2016.0,21.70819
Zimbabwe,2005.0,0.37723
Zimbabwe,2010.0,0.52649
Zimbabwe,2015.0,0
Zimbabwe,2019.0,0
South Sudan,2010.0,0
Sudan,2014.0,8.62856
Suriname,2010.0,2.55137
Suriname,2018.0,0
Eswatini,2006.0,14.29583
Eswatini,2010.0,10.77598
Eswatini,2014.0,11.69218
Syria,2006.0,5.84551
Tajikistan,2006.0,36.12807
Tajikistan,2012.0,37.85123
Tajikistan,2017.0,54.3562
Thailand,2013.0,43.89671
Thailand,2016.0,31.76821
Thailand,2019.0,42.31676
Togo,2006.0,0
Togo,2010.0,0
Togo,2014.0,0
Tonga,2019.0,23.52791
Tunisia,2012.0,19.53564
Tunisia,2018.0,29.03261
Turkey,2004.0,6.89962
Turkey,2014.0,20.73925
Turkmenistan,2016.0,94.44216
Uganda,2006.0,0.93986
Uganda,2011.0,0.97788
Uganda,2016.0,2.8475
Ukraine,2007.0,79.60822
Ukraine,2013.0,83.37822
North Macedonia,2011.0,25.76865
North Macedonia,2019.0,64.92374
Egypt,2005.0,5.06616
Egypt,2009.0,4.63995
Egypt,2014.0,26.12053
Tanzania,2004.0,0
Tanzania,2010.0,0.07216
Tanzania,2015.0,0
Burkina Faso,2003.0,0
Burkina Faso,2006.0,0
Burkina Faso,2010.0,0
Uruguay,2008.0,3.83
Uruguay,2009.0,14.43
Uruguay,2010.0,12.87
Uruguay,2011.0,14.37
Uruguay,2012.0,9.91
Uruguay,2013.0,0
Uruguay,2014.0,0
Uruguay,2015.0,16.59
Uruguay,2016.0,17.06
Uruguay,2017.0,24.94
Uruguay,2018.0,0
Uzbekistan,2006.0,58.99975
Yemen,2006.0,0
Yemen,2013.0,3.41176
Zambia,2001.0,0
Zambia,2007.0,0.56102
Zambia,2013.0,0.3713
Zambia,2018.0,0
