country,year,value
Albania,2019.0,16.12054
Algeria,2018.0,21.45077
Andorra,2017.0,59.58742
Azerbaijan,2014.0,58.46859
Azerbaijan,2015.0,59.6429
Azerbaijan,2016.0,59.19181
Azerbaijan,2017.0,66.39264
Azerbaijan,2018.0,65.5669
Austria,2014.0,73.17149
Austria,2015.0,67.07806
Austria,2016.0,65.68354
Austria,2017.0,68.3931
Austria,2019.0,66.98766
Bahrain,2015.0,68.00001
Bahrain,2016.0,82.0
Bahrain,2017.0,78.51709
Bahrain,2018.0,71.17492
Bahrain,2019.0,71.12401
Belgium,2014.0,68.38796
Belgium,2015.0,67.97507
Belgium,2016.0,70.61673
Belgium,2017.0,60.37424
Belgium,2019.0,57.07991
Bosnia and Herzegovina,2017.0,59.63432
Bosnia and Herzegovina,2019.0,44.59803
Botswana,2014.0,34.00845
Brazil,2014.0,27.23185
Brazil,2015.0,25.98094
Brazil,2016.0,24.39274
Brazil,2017.0,23.48583
Brazil,2018.0,22.23365
Brunei,2016.0,89.0
Brunei,2018.0,59.45841
Brunei,2019.0,59.45841
Bulgaria,2014.0,50.61998
Bulgaria,2015.0,43.88899
Bulgaria,2016.0,38.47206
Bulgaria,2017.0,44.29312
Bulgaria,2019.0,44.07832
Belarus,2018.0,40.21024
Belarus,2019.0,44.0705
Cambodia,2017.0,28.15766
Cambodia,2018.0,29.43586
Cambodia,2019.0,29.26581
Cape Verde,2015.0,41.50708
Colombia,2016.0,39.87543
Colombia,2017.0,40.04392
Colombia,2018.0,37.48813
Colombia,2019.0,34.7257
Croatia,2014.0,54.99841
Croatia,2015.0,59.3202
Croatia,2016.0,60.87758
Croatia,2017.0,46.14079
Croatia,2019.0,56.49793
Cuba,2017.0,17.12446
Cuba,2018.0,22.49333
Cuba,2019.0,24.35342
Cyprus,2014.0,62.64015
Cyprus,2015.0,51.01002
Cyprus,2016.0,49.83012
Cyprus,2017.0,49.79713
Cyprus,2019.0,47.92097
Czechia,2014.0,62.54008
Czechia,2015.0,54.66757
Czechia,2017.0,58.91735
Czechia,2019.0,51.23053
Denmark,2014.0,77.0819
Denmark,2015.0,76.96359
Denmark,2016.0,76.44076
Denmark,2017.0,69.41406
Denmark,2019.0,68.05402
Dominican Republic,2015.0,24.3815
Ecuador,2018.0,31.96538
Ecuador,2019.0,27.99874
Estonia,2014.0,66.97572
Estonia,2015.0,63.99544
Estonia,2016.0,56.44223
Estonia,2017.0,56.3931
Finland,2014.0,74.29696
Finland,2015.0,61.86967
Finland,2016.0,60.40281
Finland,2017.0,61.31199
France,2014.0,70.3713
France,2015.0,51.65657
France,2016.0,50.93774
France,2017.0,52.05603
France,2019.0,52.68429
Djibouti,2017.0,19.93358
Georgia,2016.0,37.98278
Georgia,2017.0,32.48553
Georgia,2018.0,32.2387
Georgia,2019.0,34.20648
Palestine,2014.0,31.67824
Palestine,2018.0,9.92251
Palestine,2019.0,15.98402
Germany,2014.0,76.4102
Germany,2015.0,68.2791
Germany,2016.0,61.59801
Germany,2017.0,62.4867
Germany,2019.0,64.07118
Greece,2014.0,53.6141
Greece,2015.0,54.55311
Greece,2016.0,56.09986
Greece,2017.0,56.41975
Greece,2019.0,60.77245
"China, Hong Kong Special Administrative Region",2018.0,50.7519
"China, Hong Kong Special Administrative Region",2019.0,52.96389
Hungary,2014.0,65.1844
Hungary,2015.0,55.43022
Hungary,2016.0,55.71136
Hungary,2017.0,53.69815
Hungary,2019.0,52.1375
Iceland,2014.0,72.87605
Iceland,2017.0,71.2134
Indonesia,2015.0,42.05702
Indonesia,2016.0,59.33283
Indonesia,2017.0,59.55825
Iran,2015.0,29.57949
Iran,2017.0,29.96387
Iraq,2014.0,48.86
Iraq,2017.0,50.40098
Iraq,2018.0,48.86
Ireland,2014.0,55.76277
Ireland,2015.0,40.62144
Ireland,2017.0,50.5
Ireland,2018.0,50.19999
Italy,2014.0,55.5505
Italy,2015.0,49.5003
Italy,2016.0,48.9728
Cote d'Ivoire,2015.0,11.2264
Cote d'Ivoire,2016.0,14.90925
Cote d'Ivoire,2017.0,18.41152
Cote d'Ivoire,2018.0,18.61332
Cote d'Ivoire,2019.0,18.69347
Jamaica,2015.0,16.99306
Jamaica,2016.0,15.4279
Jamaica,2017.0,15.81539
Kazakhstan,2015.0,23.17557
Kazakhstan,2016.0,26.01045
Kazakhstan,2017.0,24.9979
Kazakhstan,2018.0,27.27584
Kazakhstan,2019.0,24.70861
South Korea,2017.0,74.78145
South Korea,2018.0,83.69524
South Korea,2019.0,84.97332
Kosovo,2017.0,33.39372
Kuwait,2017.0,60.00001
Kuwait,2018.0,71.70793
Kuwait,2019.0,71.70792
Latvia,2014.0,65.54639
Latvia,2015.0,72.67138
Latvia,2016.0,64.45745
Latvia,2017.0,65.73453
Latvia,2019.0,48.02202
Lithuania,2014.0,66.8314
Lithuania,2015.0,56.72654
Lithuania,2016.0,56.20474
Lithuania,2017.0,57.97999
Lithuania,2018.0,59.49035
Lithuania,2019.0,58.51128
Luxembourg,2014.0,79.39734
Luxembourg,2015.0,76.78394
Luxembourg,2016.0,78.55678
Luxembourg,2017.0,78.87696
Macao,2018.0,43.66063
Macao,2019.0,46.10582
Malaysia,2015.0,51.30158
Malaysia,2017.0,55.49209
Malaysia,2018.0,56.26476
Malaysia,2019.0,57.97849
Malta,2014.0,57.71836
Malta,2015.0,50.29928
Malta,2016.0,48.62581
Malta,2017.0,54.52847
Malta,2019.0,52.57974
Mexico,2016.0,35.66722
Mexico,2017.0,32.83804
Mexico,2018.0,33.69994
Mexico,2019.0,31.77882
Mongolia,2018.0,16.84
Montenegro,2015.0,66.4097
Montenegro,2016.0,68.71985
Montenegro,2017.0,69.92245
Montenegro,2018.0,70.88759
Montenegro,2019.0,72.80101
Morocco,2014.0,36.7644
Morocco,2015.0,35.3
Morocco,2016.0,45.03353
Morocco,2017.0,47.75
Morocco,2018.0,50.22767
Morocco,2019.0,50.95989
Oman,2019.0,91.17607
Netherlands,2014.0,72.22222
Netherlands,2015.0,64.82759
Netherlands,2016.0,67.12329
Netherlands,2017.0,70.7483
Netherlands,2018.0,66.89189
Netherlands,2019.0,69.12752
Curacao,2017.0,22.94524
Niger,2017.0,12.97608
Norway,2014.0,77.64251
Norway,2015.0,68.08891
Norway,2016.0,59.11919
Norway,2017.0,62.86175
Norway,2019.0,68.0
Pakistan,2016.0,5.46657
Pakistan,2019.0,5.36524
Peru,2018.0,32.42262
Peru,2019.0,32.49363
Poland,2014.0,54.88256
Poland,2015.0,46.4161
Poland,2016.0,50.73635
Poland,2017.0,51.78399
Poland,2018.0,49.85615
Poland,2019.0,51.34612
Portugal,2014.0,61.10018
Portugal,2015.0,48.71655
Portugal,2016.0,48.66786
Portugal,2017.0,49.98384
Portugal,2019.0,49.21668
Qatar,2015.0,60.93807
Qatar,2016.0,59.56392
Qatar,2017.0,58.28781
Qatar,2018.0,57.01175
Qatar,2019.0,55.54273
Romania,2014.0,36.68613
Romania,2015.0,55.07269
Romania,2016.0,60.36938
Romania,2017.0,60.96978
Romania,2019.0,68.52535
Russia,2017.0,34.9
Russia,2018.0,37.07978
Russia,2019.0,38.96004
Saudi Arabia,2017.0,72.0
Saudi Arabia,2018.0,75.59
Saudi Arabia,2019.0,73.09729
Serbia,2014.0,46.89322
Serbia,2015.0,47.29957
Serbia,2016.0,53.39873
Serbia,2017.0,53.63703
Serbia,2019.0,58.14242
Singapore,2014.0,42.10324
Singapore,2015.0,45.50631
Singapore,2016.0,54.05546
Singapore,2017.0,54.05546
Singapore,2018.0,55.46404
Singapore,2019.0,55.89966
Slovakia,2014.0,70.14324
Slovakia,2015.0,58.70846
Slovakia,2016.0,59.68417
Slovakia,2017.0,63.63038
Slovakia,2019.0,60.2596
Slovenia,2014.0,58.58629
Slovenia,2015.0,52.67545
Slovenia,2016.0,52.70499
Slovenia,2017.0,57.31172
Slovenia,2019.0,59.51424
Zimbabwe,2014.0,5.12423
Spain,2014.0,62.91138
Spain,2015.0,57.08526
Spain,2016.0,56.0185
Spain,2017.0,57.04113
Spain,2019.0,59.17047
Sudan,2016.0,4.309
Sweden,2014.0,66.4069
Sweden,2015.0,54.3489
Sweden,2016.0,53.66601
Sweden,2017.0,55.92895
Sweden,2019.0,55.79176
Switzerland,2017.0,61.71425
Switzerland,2019.0,63.23348
Thailand,2018.0,19.67108
Thailand,2019.0,20.51055
Togo,2017.0,3.5064
United Arab Emirates,2016.0,87.20001
United Arab Emirates,2017.0,91.55999
United Arab Emirates,2018.0,98.1
United Arab Emirates,2019.0,99.08099
Tunisia,2017.0,23.02704
Tunisia,2018.0,22.66561
Tunisia,2019.0,25.62297
Turkey,2014.0,37.00695
Turkey,2015.0,30.43134
Turkey,2016.0,36.96816
Turkey,2017.0,42.49219
Turkey,2019.0,42.35583
North Macedonia,2014.0,49.54439
North Macedonia,2015.0,52.54919
North Macedonia,2016.0,40.33848
Egypt,2014.0,11.43559
Egypt,2015.0,13.38049
Egypt,2016.0,42.71941
Egypt,2018.0,57.23283
Egypt,2019.0,61.26379
United Kingdom,2014.0,72.7946
United Kingdom,2015.0,61.4168
United Kingdom,2016.0,63.6924
United Kingdom,2017.0,61.97075
United Kingdom,2019.0,58.34805
Uzbekistan,2017.0,38.3
Uzbekistan,2018.0,39.4
