country,year,value
Afghanistan,2011.0,0.0
Afghanistan,2015.0,0.60259
Albania,2009.0,0.0
Albania,2017.0,1.2235
Algeria,2013.0,1.00306
Angola,2015.0,2.0
Azerbaijan,2006.0,1.26471
Bangladesh,2006.0,1.22661
Bangladesh,2011.0,0.64559
Bangladesh,2014.0,0.73302
Bangladesh,2019.0,1.01886
Armenia,2006.0,1.28126
Armenia,2011.0,0.0
Armenia,2016.0,0.94345
Barbados,2012.0,0.0
Bhutan,2010.0,0.0
Bolivia,2000.0,0.29206
Bolivia,2001.0,0.42837
Bolivia,2002.0,0.38835
Bolivia,2003.0,0.72664
Bolivia,2004.0,0.45136
Bolivia,2005.0,0.62307
Bolivia,2006.0,0.65593
Bolivia,2007.0,0.70545
Bolivia,2008.0,1.08499
Bolivia,2009.0,0.83606
Bolivia,2011.0,0.7318
Bolivia,2012.0,0.84176
Bolivia,2013.0,0.78333
Bolivia,2014.0,0.7144
Bolivia,2015.0,0.79405
Bolivia,2016.0,0.81422
Bolivia,2017.0,0.77273
Bolivia,2018.0,0.86547
Bosnia and Herzegovina,2012.0,0.0
Brazil,2001.0,0.53374
Brazil,2002.0,0.51492
Brazil,2003.0,0.56379
Brazil,2004.0,0.55716
Brazil,2005.0,0.66091
Brazil,2006.0,0.62444
Brazil,2007.0,0.74733
Brazil,2008.0,0.72233
Brazil,2009.0,0.79557
Brazil,2011.0,0.84867
Brazil,2012.0,0.81857
Brazil,2013.0,0.89894
Brazil,2014.0,0.87222
Brazil,2015.0,0.84438
Brazil,2016.0,0.8489
Brazil,2017.0,0.89137
Brazil,2018.0,0.88889
Belize,2016.0,0.85737
Myanmar,2016.0,0.0
Burundi,2000.0,0.0
Burundi,2010.0,0.0
Burundi,2017.0,0.0
Belarus,2012.0,1.00948
Cambodia,2005.0,1.82688
Cambodia,2010.0,1.15852
Cambodia,2014.0,0.51071
Cameroon,2004.0,1.03661
Cameroon,2006.0,0.70432
Cameroon,2011.0,0.0
Cameroon,2014.0,0.40908
Cameroon,2018.0,0.0
Central African Republic,2006.0,1.08319
Central African Republic,2010.0,2.0
Sri Lanka,2006.0,1.06048
Chad,2004.0,0.0
Chad,2014.0,1.14694
Chile,2000.0,0.84586
Chile,2003.0,0.9333
Chile,2006.0,1.01945
Chile,2009.0,1.02221
Chile,2011.0,0.96525
Chile,2013.0,1.00339
Chile,2015.0,1.01497
Chile,2017.0,1.00575
Colombia,2002.0,0.48223
Colombia,2003.0,0.61161
Colombia,2004.0,0.50928
Colombia,2005.0,0.62167
Colombia,2008.0,0.61661
Colombia,2009.0,0.61398
Colombia,2010.0,0.88565
Colombia,2011.0,0.62724
Colombia,2012.0,0.66781
Colombia,2013.0,0.70117
Colombia,2014.0,0.72283
Colombia,2015.0,0.93575
Colombia,2016.0,0.73431
Colombia,2017.0,0.77006
Colombia,2018.0,0.72299
Comoros,2012.0,0.4396
Congo,2005.0,0.0
Congo,2012.0,0.0
Congo,2015.0,0.0
Democratic Republic of Congo,2007.0,0.34589
Democratic Republic of Congo,2010.0,0.58111
Democratic Republic of Congo,2013.0,0.57937
Democratic Republic of Congo,2018.0,0.70112
Costa Rica,2000.0,0.54767
Costa Rica,2001.0,0.44043
Costa Rica,2002.0,0.61723
Costa Rica,2003.0,0.78141
Costa Rica,2004.0,0.70985
Costa Rica,2005.0,0.96347
Costa Rica,2006.0,0.83333
Costa Rica,2007.0,0.67046
Costa Rica,2008.0,0.70606
Costa Rica,2009.0,0.84936
Costa Rica,2010.0,0.74882
Costa Rica,2011.0,0.51254
Costa Rica,2012.0,0.85754
Costa Rica,2013.0,0.91743
Costa Rica,2014.0,0.71254
Costa Rica,2015.0,0.95045
Costa Rica,2016.0,0.96816
Costa Rica,2017.0,1.09443
Costa Rica,2018.0,1.01038
Cuba,2014.0,0.0
Benin,2006.0,0.56813
Benin,2011.0,0.9143
Benin,2014.0,1.00487
Benin,2018.0,0.59199
Dominican Republic,2000.0,0.40618
Dominican Republic,2001.0,0.68546
Dominican Republic,2002.0,0.67327
Dominican Republic,2003.0,0.72962
Dominican Republic,2004.0,0.79815
Dominican Republic,2005.0,0.81878
Dominican Republic,2006.0,0.88524
Dominican Republic,2007.0,1.08254
Dominican Republic,2008.0,0.78303
Dominican Republic,2009.0,0.88667
Dominican Republic,2010.0,0.92389
Dominican Republic,2011.0,0.84778
Dominican Republic,2012.0,0.82184
Dominican Republic,2013.0,1.01286
Dominican Republic,2014.0,1.11577
Dominican Republic,2015.0,0.80678
Dominican Republic,2016.0,0.90013
Dominican Republic,2017.0,0.931
Dominican Republic,2018.0,1.04401
Ecuador,2001.0,0.43559
Ecuador,2003.0,0.56427
Ecuador,2005.0,0.68631
Ecuador,2006.0,0.51757
Ecuador,2007.0,0.63877
Ecuador,2008.0,0.66636
Ecuador,2009.0,0.74533
Ecuador,2010.0,0.76029
Ecuador,2011.0,0.88073
Ecuador,2012.0,0.76845
Ecuador,2013.0,0.8337
Ecuador,2014.0,0.94262
Ecuador,2015.0,0.91423
Ecuador,2016.0,0.94067
Ecuador,2017.0,0.85379
Ecuador,2018.0,0.89497
El Salvador,2000.0,0.38303
El Salvador,2001.0,0.39473
El Salvador,2002.0,0.43214
El Salvador,2003.0,0.31697
El Salvador,2004.0,0.52122
El Salvador,2005.0,0.36588
El Salvador,2006.0,0.52012
El Salvador,2009.0,0.62959
El Salvador,2010.0,0.59517
El Salvador,2012.0,0.66979
El Salvador,2013.0,0.65296
El Salvador,2014.0,0.69366
El Salvador,2015.0,0.66082
El Salvador,2016.0,0.60093
El Salvador,2017.0,0.65466
El Salvador,2018.0,0.71188
Ethiopia,2000.0,0.0
Ethiopia,2005.0,0.0
Ethiopia,2011.0,0.0
Ethiopia,2016.0,0.0
Djibouti,2006.0,0.0
Gabon,2012.0,0.24092
Georgia,2018.0,0.96944
Gambia,2006.0,0.0
Gambia,2010.0,0.62205
Gambia,2013.0,0.59905
Gambia,2018.0,0.0
Palestine,2014.0,0.0
Ghana,2009.0,0.0
Ghana,2014.0,0.6208
Ghana,2018.0,0.58554
Guatemala,2000.0,0.07531
Guatemala,2006.0,0.15649
Guatemala,2014.0,0.51961
Guatemala,2015.0,0.56897
Guinea,2005.0,0.0
Guinea,2012.0,0.0
Guinea,2016.0,0.0
Guinea,2018.0,0.0
Guyana,2006.0,0.0
Guyana,2009.0,0.0
Guyana,2014.0,0.87431
Haiti,2005.0,0.0
Haiti,2012.0,0.0
Haiti,2017.0,0.0
Honduras,2001.0,0.16649
Honduras,2004.0,0.24117
Honduras,2005.0,0.2395
Honduras,2009.0,0.25616
Honduras,2010.0,0.38716
Honduras,2011.0,1.20273
Honduras,2012.0,0.39992
Honduras,2013.0,0.48889
Honduras,2014.0,0.40928
Honduras,2015.0,0.32997
Honduras,2016.0,0.50178
Honduras,2018.0,0.31342
India,2006.0,1.21395
India,2016.0,1.24402
Indonesia,2003.0,0.73744
Indonesia,2008.0,0.85809
Indonesia,2017.0,0.92846
Iraq,2011.0,0.7766
Iraq,2018.0,1.08023
Cote d'Ivoire,2006.0,0.0
Cote d'Ivoire,2012.0,0.0
Cote d'Ivoire,2016.0,0.0
Jamaica,2011.0,0.97217
Kazakhstan,2006.0,1.00491
Kazakhstan,2011.0,1.03084
Kazakhstan,2015.0,0.99187
Jordan,2007.0,1.08773
Jordan,2018.0,1.0959
Kenya,2003.0,0.62508
Kenya,2008.0,0.0
Kenya,2014.0,0.7963
Kyrgyzstan,2006.0,0.99774
Kyrgyzstan,2012.0,0.97888
Kyrgyzstan,2014.0,0.9106
Kyrgyzstan,2018.0,1.04485
Laos,2006.0,0.0
Laos,2012.0,0.16098
Laos,2017.0,0.52818
Lesotho,2005.0,0.0
Lesotho,2009.0,0.0
Lesotho,2014.0,0.0
Lesotho,2018.0,0.0
Liberia,2007.0,0.67087
Liberia,2013.0,1.06938
Madagascar,2009.0,0.0
Madagascar,2018.0,0.0
Malawi,2004.0,0.0
Malawi,2010.0,0.0
Malawi,2016.0,1.10502
Maldives,2008.0,0.0
Maldives,2017.0,0.0
Mali,2006.0,2.0
Mali,2013.0,0.0
Mali,2015.0,0.4378
Mali,2018.0,0.0
Mauritania,2007.0,0.0
Mauritania,2011.0,0.0
Mauritania,2015.0,0.0
Mexico,2000.0,0.38942
Mexico,2002.0,0.58685
Mexico,2004.0,0.6759
Mexico,2006.0,0.77035
Mexico,2008.0,0.71956
Mexico,2010.0,0.68554
Mexico,2012.0,0.74888
Mexico,2014.0,0.75482
Mexico,2016.0,1.06985
Mexico,2018.0,0.81394
Mongolia,2006.0,0.0
Mongolia,2014.0,0.87743
Mongolia,2018.0,0.84802
Moldova,2005.0,0.0
Moldova,2012.0,0.0
Montenegro,2013.0,1.13326
Montenegro,2018.0,1.21843
Morocco,2004.0,0.0
Mozambique,2003.0,0.0
Mozambique,2008.0,2.0
Mozambique,2011.0,0.21013
Namibia,2007.0,0.0
Namibia,2013.0,0.0
Nepal,2007.0,1.21454
Nepal,2011.0,1.27251
Nepal,2014.0,1.30905
Nepal,2016.0,1.11078
Vanuatu,2007.0,0.0
Nicaragua,2001.0,0.08101
Nicaragua,2005.0,0.10584
Nicaragua,2009.0,0.48629
Nicaragua,2014.0,0.67087
Niger,2006.0,0.0
Niger,2012.0,0.0
Nigeria,2003.0,0.67908
Nigeria,2007.0,0.0
Nigeria,2008.0,0.65139
Nigeria,2011.0,0.68313
Nigeria,2013.0,0.34716
Nigeria,2016.0,0.33873
Nigeria,2018.0,0.36803
Pakistan,2007.0,1.04138
Pakistan,2012.0,0.61913
Pakistan,2018.0,0.75772
Panama,2000.0,0.43753
Panama,2001.0,0.26554
Panama,2002.0,0.21835
Panama,2003.0,0.28402
Panama,2004.0,0.4364
Panama,2005.0,0.35462
Panama,2006.0,0.32708
Panama,2007.0,0.41874
Panama,2008.0,0.33557
Panama,2009.0,0.61008
Panama,2011.0,0.50323
Panama,2013.0,0.4179
Panama,2014.0,0.53624
Panama,2015.0,0.68658
Panama,2016.0,0.5445
Panama,2017.0,0.75224
Panama,2018.0,0.72353
Paraguay,2001.0,0.41144
Paraguay,2003.0,0.7167
Paraguay,2004.0,0.46405
Paraguay,2005.0,0.5981
Paraguay,2006.0,0.69847
Paraguay,2007.0,0.48233
Paraguay,2008.0,0.40115
Paraguay,2009.0,0.74615
Paraguay,2010.0,0.96571
Paraguay,2011.0,0.55976
Paraguay,2012.0,0.58315
Paraguay,2013.0,0.75047
Paraguay,2014.0,0.75733
Paraguay,2015.0,0.86774
Paraguay,2016.0,0.94373
Paraguay,2017.0,0.79273
Paraguay,2018.0,0.87382
Peru,2000.0,0.30957
Peru,2001.0,0.4506
Peru,2002.0,0.47481
Peru,2003.0,0.31511
Peru,2004.0,0.46689
Peru,2005.0,0.49176
Peru,2006.0,0.55926
Peru,2007.0,0.65181
Peru,2008.0,0.60344
Peru,2009.0,0.666
Peru,2010.0,0.63389
Peru,2011.0,0.73911
Peru,2012.0,0.753
Peru,2013.0,0.75689
Peru,2014.0,0.75179
Peru,2015.0,0.76439
Peru,2016.0,0.73413
Peru,2017.0,0.79192
Peru,2018.0,0.86355
Philippines,2004.0,0.66408
Philippines,2018.0,1.17588
Guinea-Bissau,2014.0,0.43558
Timor,2009.0,0.77306
Timor,2016.0,0.67795
Qatar,2012.0,0.0
Rwanda,2005.0,0.48317
Rwanda,2010.0,0.51419
Rwanda,2015.0,0.68117
Saint Lucia,2012.0,0.0
Sao Tome and Principe,2009.0,0.20608
Sao Tome and Principe,2014.0,1.50176
Senegal,2005.0,0.0
Senegal,2011.0,0.06889
Senegal,2016.0,0.0
Senegal,2017.0,0.39853
Senegal,2018.0,1.02582
Senegal,2019.0,0.0
Serbia,2011.0,1.08881
Serbia,2014.0,1.13248
Serbia,2019.0,0.0
Sierra Leone,2008.0,0.0
Sierra Leone,2013.0,0.73399
Sierra Leone,2017.0,0.0
Vietnam,2011.0,1.15917
Vietnam,2014.0,0.9652
South Africa,2016.0,1.0456
Zimbabwe,2005.0,0.0
Zimbabwe,2010.0,0.0
Zimbabwe,2015.0,0.0
South Sudan,2010.0,1.1544
Sudan,2014.0,1.11841
Suriname,2010.0,0.57763
Suriname,2018.0,0.0
Eswatini,2006.0,0.0
Eswatini,2010.0,0.0
Eswatini,2014.0,0.0
Syria,2006.0,0.99125
Tajikistan,2006.0,0.0
Tajikistan,2012.0,0.0
Tajikistan,2017.0,0.0
Thailand,2013.0,1.12809
Thailand,2016.0,1.12555
Thailand,2019.0,1.07135
Togo,2006.0,0.0
Togo,2010.0,0.0
Togo,2014.0,0.0
Tonga,2019.0,0.0
Tunisia,2012.0,1.09556
Tunisia,2018.0,0.84709
Turkey,2004.0,0.97393
Turkey,2014.0,1.10986
Turkmenistan,2016.0,0.0
Turkmenistan,2019.0,0.0
Uganda,2006.0,0.0
Uganda,2011.0,0.0
Uganda,2016.0,0.38926
Ukraine,2007.0,1.00717
Ukraine,2013.0,0.98826
North Macedonia,2011.0,0.0
North Macedonia,2019.0,0.0
Egypt,2005.0,1.24438
Egypt,2009.0,1.24426
Egypt,2014.0,0.86172
Tanzania,2004.0,0.0
Tanzania,2010.0,0.0
Tanzania,2015.0,0.32366
Burkina Faso,2003.0,0.0
Burkina Faso,2006.0,0.0
Burkina Faso,2010.0,0.0
Uruguay,2008.0,1.13961
Uruguay,2009.0,0.93847
Uruguay,2010.0,1.23591
Uruguay,2011.0,1.0903
Uruguay,2012.0,1.04502
Uruguay,2013.0,0.0
Uruguay,2014.0,0.79141
Uruguay,2015.0,1.16859
Uruguay,2016.0,1.15564
Uruguay,2017.0,0.97653
Uruguay,2018.0,1.07165
Uzbekistan,2006.0,1.12982
Yemen,2006.0,0.0
Yemen,2013.0,0.99368
Zambia,2001.0,0.0
Zambia,2007.0,0.0
Zambia,2013.0,0.59909
Zambia,2018.0,0.0
