country,year,value
Argentina,2013.0,9.88115
Austria,2009.0,9.39647
Armenia,2008.0,4.00833
Belgium,2013.0,7.50958
Bolivia,2001.0,12.61581
Brazil,2012.0,3.01993
Brazil,2017.0,5.49148
Cameroon,2014.0,4.64445
Canada,2016.0,9.58333
Chile,2008.0,5.52756
Chile,2015.0,11.71605
Colombia,2013.0,4.75
Colombia,2017.0,5.72104
Costa Rica,2017.0,8.80291
Dominican Republic,2016.0,4.23704
Ecuador,2012.0,5.22908
El Salvador,2010.0,8.0567
El Salvador,2017.0,7.32084
Estonia,2000.0,11.59722
Estonia,2010.0,10.41667
Fiji,2016.0,6.27988
Finland,2000.0,9.6875
Finland,2010.0,10.49583
France,2010.0,9.4867
Palestine,2000.0,3.75
Palestine,2013.0,3.40278
Germany,2013.0,9.8
Greece,2014.0,6.18055
Guatemala,2014.0,2.89354
Guatemala,2017.0,3.31467
Honduras,2009.0,3.60719
Hungary,2010.0,8.12113
Italy,2003.0,5.9
Italy,2009.0,6.1
Italy,2014.0,7.1
Kazakhstan,2018.0,6.52778
Korea,2014.0,3.8875
Laos,2017.0,10.43427
Lithuania,2003.0,7.425
Mexico,2009.0,12.30633
Mexico,2014.0,11.51015
Mongolia,2015.0,6.06806
Moldova,2012.0,10.28018
Norway,2011.0,14.025
Panama,2011.0,7.79614
Paraguay,2016.0,5.21042
Peru,2010.0,9.39341
Poland,2013.0,9.79167
Portugal,2015.0,12.49829
Qatar,2013.0,2.15278
Romania,2000.0,9.16667
Romania,2012.0,9.02778
Serbia,2011.0,7.43
Serbia,2015.0,8.2738
Sweden,2001.0,11.8206
Sweden,2011.0,13.09791
Switzerland,2000.0,11.22917
Switzerland,2004.0,11.65417
Switzerland,2007.0,12.59583
Switzerland,2010.0,11.71667
Switzerland,2013.0,12.18333
Switzerland,2016.0,12.56667
Turkey,2006.0,3.45006
Turkey,2015.0,3.63049
North Macedonia,2015.0,5.13889
United Kingdom,2001.0,8.33565
United Kingdom,2015.0,6.86988
Uruguay,2013.0,9.94765
