country,year,value
Canada,2014.0,2.7
Central African Republic,2019.0,6.7
Chad,2019.0,4.0
Democratic Republic of Congo,2018.0,5.2
Cuba,2019.0,0.45
Georgia,2018.0,1.1
Kiribati,2018.0,8.1
Hungary,2015.0,1.4
Kosovo,2020.0,2.8
Lesotho,2018.0,5.1
New Zealand,2016.0,3.4
New Zealand,2018.0,4.1
Peru,2015.0,1.1
Peru,2016.0,1.5
Peru,2017.0,0.9
Peru,2018.0,1.3
Peru,2019.0,1.0
Zimbabwe,2019.0,5.1
Suriname,2018.0,2.2
Sweden,2015.0,17.0
Sweden,2016.0,22.0
Sweden,2018.0,24.0
Tonga,2019.0,6.4
Tunisia,2018.0,5.5
