country,year,value
Afghanistan,2011.0,0.11289
Afghanistan,2015.0,0.30522
Albania,2009.0,0.98766
Albania,2017.0,1.00161
Algeria,2013.0,1.22062
Angola,2015.0,0.56194
Azerbaijan,2006.0,0.97154
Bangladesh,2006.0,1.14802
Bangladesh,2011.0,1.04808
Bangladesh,2014.0,0.95902
Armenia,2016.0,1.08785
Bhutan,2010.0,0.88993
Bolivia,2000.0,0.61228
Bolivia,2001.0,0.75146
Bolivia,2002.0,0.79583
Bolivia,2003.0,0.85134
Bolivia,2004.0,0.96085
Bolivia,2005.0,0.90337
Bolivia,2008.0,0.91555
Bolivia,2009.0,1.09057
Bolivia,2011.0,0.82093
Bolivia,2012.0,0.95839
Bolivia,2013.0,1.03431
Bolivia,2014.0,1.03002
Bolivia,2015.0,0.96016
Bolivia,2016.0,1.07166
Bolivia,2017.0,0.84177
Bolivia,2018.0,0.89602
Bosnia and Herzegovina,2012.0,1.02782
Brazil,2001.0,1.25316
Brazil,2002.0,1.31088
Brazil,2003.0,1.30046
Brazil,2004.0,1.14126
Brazil,2005.0,1.22226
Brazil,2006.0,1.2368
Brazil,2007.0,1.22473
Brazil,2008.0,1.28505
Brazil,2009.0,1.24062
Brazil,2011.0,1.17685
Brazil,2012.0,1.13524
Brazil,2013.0,1.17911
Brazil,2014.0,1.08705
Brazil,2015.0,1.05086
Brazil,2016.0,1.13725
Brazil,2017.0,1.05225
Brazil,2018.0,1.18974
Belize,2016.0,1.15313
Myanmar,2016.0,1.1108
Burundi,2010.0,0.18119
Burundi,2017.0,0.84346
Cambodia,2005.0,0.59478
Cambodia,2010.0,0.89782
Cambodia,2014.0,0.81589
Cameroon,2004.0,0.48255
Cameroon,2006.0,0.66566
Cameroon,2011.0,1.00948
Cameroon,2014.0,0.68507
Central African Republic,2006.0,0.34828
Central African Republic,2010.0,0.09262
Sri Lanka,2006.0,1.04466
Chad,2004.0,0.1067
Chad,2014.0,0.41017
Chile,2000.0,1.02156
Chile,2003.0,1.06988
Chile,2006.0,1.06081
Chile,2009.0,0.9782
Chile,2011.0,1.03726
Chile,2013.0,1.01456
Chile,2015.0,0.98006
Chile,2017.0,1.01406
Colombia,2002.0,1.46703
Colombia,2003.0,1.03384
Colombia,2004.0,1.13584
Colombia,2005.0,1.12336
Colombia,2008.0,1.08961
Colombia,2009.0,1.20474
Colombia,2011.0,1.17108
Colombia,2012.0,1.19671
Colombia,2013.0,1.13215
Colombia,2014.0,1.20554
Colombia,2016.0,1.17554
Colombia,2017.0,1.18597
Colombia,2018.0,1.16536
Comoros,2012.0,1.12864
Congo,2005.0,0.22514
Congo,2012.0,0.70143
Congo,2015.0,0.79384
Democratic Republic of Congo,2007.0,0.4292
Democratic Republic of Congo,2010.0,0.56856
Democratic Republic of Congo,2013.0,0.64376
Costa Rica,2000.0,1.54705
Costa Rica,2001.0,1.34092
Costa Rica,2002.0,1.40184
Costa Rica,2003.0,1.35478
Costa Rica,2004.0,0.99071
Costa Rica,2005.0,1.17287
Costa Rica,2006.0,1.27428
Costa Rica,2007.0,1.14405
Costa Rica,2008.0,1.10674
Costa Rica,2009.0,1.1671
Costa Rica,2010.0,0.98852
Costa Rica,2011.0,1.27288
Costa Rica,2012.0,1.35089
Costa Rica,2013.0,1.13778
Costa Rica,2014.0,1.18628
Costa Rica,2015.0,1.15928
Costa Rica,2016.0,1.04504
Costa Rica,2017.0,1.16623
Costa Rica,2018.0,1.12343
Benin,2006.0,0.16352
Benin,2011.0,0.34559
Benin,2014.0,0.22324
Benin,2018.0,0.15442
Dominican Republic,2000.0,1.49594
Dominican Republic,2001.0,1.3079
Dominican Republic,2002.0,1.31808
Dominican Republic,2003.0,1.03979
Dominican Republic,2004.0,1.05107
Dominican Republic,2005.0,1.12238
Dominican Republic,2006.0,1.06764
Dominican Republic,2007.0,1.19687
Dominican Republic,2008.0,1.121
Dominican Republic,2009.0,1.29177
Dominican Republic,2010.0,1.20501
Dominican Republic,2011.0,1.16237
Dominican Republic,2012.0,1.1139
Dominican Republic,2013.0,0.9999
Dominican Republic,2014.0,1.09336
Dominican Republic,2015.0,1.14637
Dominican Republic,2016.0,1.22692
Dominican Republic,2018.0,1.14802
Ecuador,2001.0,0.92572
Ecuador,2003.0,1.11852
Ecuador,2005.0,1.17031
Ecuador,2006.0,0.98369
Ecuador,2007.0,1.08714
Ecuador,2008.0,1.14844
Ecuador,2009.0,1.02145
Ecuador,2010.0,1.01612
Ecuador,2011.0,1.24316
Ecuador,2012.0,1.11926
Ecuador,2013.0,1.00341
Ecuador,2014.0,1.11946
Ecuador,2015.0,0.92577
Ecuador,2016.0,0.92207
Ecuador,2017.0,0.89256
Ecuador,2018.0,0.94602
El Salvador,2000.0,0.90026
El Salvador,2001.0,1.13188
El Salvador,2002.0,0.9176
El Salvador,2003.0,0.82676
El Salvador,2004.0,0.83013
El Salvador,2005.0,0.88197
El Salvador,2006.0,1.02251
El Salvador,2009.0,1.25764
El Salvador,2010.0,1.18314
El Salvador,2012.0,1.14125
El Salvador,2013.0,0.94619
El Salvador,2014.0,1.01234
El Salvador,2015.0,1.13574
El Salvador,2016.0,1.11233
El Salvador,2017.0,1.0508
El Salvador,2018.0,1.01802
Ethiopia,2005.0,0.20895
Ethiopia,2011.0,0.83897
Ethiopia,2016.0,0.91606
Gambia,2006.0,0.88116
Gambia,2010.0,0.77605
Gambia,2013.0,0.81174
Palestine,2014.0,1.18627
Ghana,2009.0,0.94806
Ghana,2015.0,1.10725
Guatemala,2000.0,0.59209
Guatemala,2006.0,0.81234
Guatemala,2014.0,0.81221
Guatemala,2015.0,0.82981
Guinea,2005.0,0.04889
Guinea,2012.0,0.33051
Guinea,2016.0,0.19991
Guyana,2006.0,1.21752
Guyana,2009.0,1.12453
Guyana,2014.0,1.09224
Haiti,2005.0,1.19797
Haiti,2012.0,1.27573
Haiti,2017.0,1.34409
Honduras,2001.0,1.51704
Honduras,2004.0,1.70922
Honduras,2005.0,1.25987
Honduras,2009.0,1.45053
Honduras,2010.0,1.17037
Honduras,2011.0,1.27483
Honduras,2012.0,1.10485
Honduras,2013.0,1.60713
Honduras,2014.0,1.23979
Honduras,2015.0,1.40567
Honduras,2016.0,1.41843
Honduras,2018.0,1.0351
India,2006.0,0.72209
India,2016.0,0.95381
Indonesia,2003.0,0.97324
Indonesia,2008.0,0.87649
Indonesia,2017.0,1.0841
Iraq,2011.0,0.68668
Cote d'Ivoire,2006.0,0.17842
Cote d'Ivoire,2012.0,0.96916
Cote d'Ivoire,2016.0,0.31801
Jamaica,2011.0,0.944
Kazakhstan,2006.0,1.008
Kazakhstan,2011.0,1.00635
Kazakhstan,2015.0,1.0
Jordan,2007.0,1.02391
Kenya,2003.0,1.19253
Kenya,2008.0,1.10933
Kenya,2014.0,1.15223
Kyrgyzstan,2006.0,0.99698
Kyrgyzstan,2012.0,0.99246
Kyrgyzstan,2014.0,1.02945
Laos,2006.0,0.51279
Laos,2012.0,0.81387
Laos,2017.0,1.01016
Lesotho,2005.0,1.25734
Lesotho,2009.0,1.47416
Lesotho,2014.0,1.64059
Liberia,2007.0,0.79421
Liberia,2013.0,0.79855
Madagascar,2009.0,0.42882
Malawi,2004.0,0.6412
Malawi,2010.0,0.56248
Malawi,2016.0,0.75708
Maldives,2008.0,1.16343
Maldives,2017.0,1.03317
Mali,2006.0,0.03222
Mali,2013.0,0.46931
Mali,2015.0,0.51301
Mauritania,2007.0,0.48138
Mauritania,2011.0,0.3869
Mauritania,2015.0,0.67056
Mexico,2000.0,0.89967
Mexico,2002.0,1.44418
Mexico,2004.0,1.12254
Mexico,2006.0,0.99202
Mexico,2008.0,1.08345
Mexico,2010.0,0.9821
Mexico,2012.0,1.06716
Mexico,2014.0,1.06403
Mexico,2016.0,1.22778
Mexico,2018.0,1.08257
Moldova,2005.0,1.05529
Moldova,2012.0,0.98529
Morocco,2004.0,0.46195
Mozambique,2003.0,0.14186
Mozambique,2008.0,0.1041
Mozambique,2011.0,0.42889
Namibia,2007.0,0.96366
Namibia,2013.0,1.51965
Nepal,2007.0,0.75835
Nepal,2011.0,0.78426
Nepal,2014.0,0.88805
Nepal,2016.0,0.86419
Vanuatu,2007.0,1.18651
Nicaragua,2001.0,1.45698
Nicaragua,2005.0,1.52405
Nicaragua,2009.0,1.59256
Nicaragua,2014.0,1.00038
Nigeria,2003.0,0.63367
Nigeria,2007.0,0.86697
Nigeria,2008.0,0.75586
Nigeria,2011.0,0.87799
Nigeria,2013.0,0.7176
Nigeria,2016.0,0.75143
Pakistan,2007.0,0.5946
Pakistan,2012.0,0.69297
Pakistan,2018.0,0.70816
Panama,2000.0,1.25189
Panama,2001.0,1.2822
Panama,2002.0,1.26909
Panama,2003.0,1.29028
Panama,2004.0,1.21592
Panama,2005.0,1.28465
Panama,2006.0,1.23361
Panama,2007.0,0.97236
Panama,2008.0,1.04377
Panama,2009.0,1.23995
Panama,2011.0,1.1095
Panama,2013.0,1.33127
Panama,2014.0,1.17771
Panama,2015.0,1.15457
Panama,2016.0,1.14314
Panama,2017.0,1.12981
Panama,2018.0,1.07018
Paraguay,2001.0,1.07628
Paraguay,2003.0,1.27198
Paraguay,2004.0,1.29873
Paraguay,2005.0,1.09684
Paraguay,2006.0,1.20122
Paraguay,2007.0,1.23561
Paraguay,2008.0,1.31952
Paraguay,2009.0,1.23547
Paraguay,2010.0,1.30773
Paraguay,2011.0,0.90947
Paraguay,2012.0,0.96133
Paraguay,2013.0,1.09465
Paraguay,2014.0,1.15512
Paraguay,2015.0,1.10529
Paraguay,2016.0,1.02152
Paraguay,2017.0,1.17912
Paraguay,2018.0,1.31172
Peru,2000.0,1.32051
Peru,2001.0,0.87776
Peru,2002.0,0.94386
Peru,2003.0,0.97547
Peru,2004.0,0.72363
Peru,2005.0,0.82106
Peru,2006.0,0.93389
Peru,2007.0,0.76325
Peru,2008.0,0.92177
Peru,2009.0,0.88101
Peru,2010.0,0.98172
Peru,2011.0,1.00344
Peru,2012.0,0.95767
Peru,2013.0,1.03857
Peru,2014.0,1.01477
Peru,2015.0,1.01045
Peru,2016.0,0.9414
Peru,2017.0,0.99273
Peru,2018.0,0.99365
Philippines,2004.0,1.2911
Philippines,2018.0,1.10756
Guinea-Bissau,2014.0,0.65658
Timor-Leste,2009.0,1.23497
Timor-Leste,2016.0,1.146
Rwanda,2005.0,0.23142
Rwanda,2010.0,0.98175
Rwanda,2015.0,1.04723
Sao Tome and Principe,2009.0,0.24917
Sao Tome and Principe,2014.0,0.75576
Senegal,2005.0,0.27867
Senegal,2011.0,0.47679
Senegal,2016.0,0.61269
Senegal,2017.0,0.81253
Serbia,2011.0,1.0
Sierra Leone,2008.0,0.19026
Sierra Leone,2013.0,0.66454
Sierra Leone,2017.0,0.69988
Vietnam,2011.0,1.03052
Vietnam,2014.0,1.03712
South Africa,2016.0,1.07544
Zimbabwe,2005.0,1.00261
Zimbabwe,2010.0,0.98021
Zimbabwe,2015.0,1.10275
South Sudan,2010.0,0.22469
Sudan,2014.0,0.72388
Suriname,2010.0,1.17207
Eswatini,2006.0,1.04762
Eswatini,2010.0,1.27188
Eswatini,2014.0,1.29272
Syria,2006.0,1.01592
Tajikistan,2006.0,0.84726
Tajikistan,2012.0,0.89717
Tajikistan,2017.0,0.97848
Thailand,2013.0,1.24739
Thailand,2016.0,1.26518
Togo,2006.0,0.62886
Togo,2010.0,0.41287
Togo,2014.0,0.59261
Tunisia,2012.0,1.19553
Turkey,2004.0,0.58071
Turkey,2014.0,0.97593
Turkmenistan,2016.0,1.0
Uganda,2006.0,0.57359
Uganda,2011.0,0.50479
Uganda,2016.0,0.66489
Ukraine,2007.0,1.0
North Macedonia,2011.0,1.0
Egypt,2005.0,0.88906
Egypt,2009.0,0.93599
Egypt,2014.0,0.94322
Tanzania,2004.0,1.97683
Tanzania,2010.0,0.72271
Tanzania,2015.0,0.61865
Burkina Faso,2003.0,0.03543
Burkina Faso,2006.0,0.18912
Burkina Faso,2010.0,0.08139
Uruguay,2008.0,1.42628
Uruguay,2009.0,1.17271
Uruguay,2010.0,1.37498
Uruguay,2011.0,1.28405
Uruguay,2012.0,1.02262
Uruguay,2015.0,1.2317
Uruguay,2016.0,1.42009
Uruguay,2017.0,1.06262
Uruguay,2018.0,1.34013
Uzbekistan,2006.0,1.01962
Yemen,2006.0,0.38667
Yemen,2013.0,0.58552
Zambia,2001.0,0.90364
Zambia,2007.0,0.84736
Zambia,2013.0,0.96789
