country,year,value
Austria,2009.0,0.08549
Armenia,2008.0,0.5375
Cameroon,2014.0,0.40285
Colombia,2013.0,0.58333
Colombia,2017.0,0.57406
Costa Rica,2017.0,0.71247
Fiji,2016.0,0.83269
Finland,2000.0,0.15
Finland,2010.0,0.125
Palestine,2000.0,0.27778
Palestine,2013.0,0.20833
Greece,2014.0,0
Hungary,2010.0,0.48755
Kazakhstan,2018.0,0.41667
Korea,2014.0,0.07083
Korea,2019.0,0.06944
Laos,2017.0,4.69455
Mexico,2009.0,4.10944
Mexico,2014.0,2.57735
Mexico,2019.0,2.81733
Mongolia,2015.0,1.53056
Mongolia,2019.0,0.95569
Moldova,2012.0,0.217
Norway,2011.0,0.48333
Paraguay,2016.0,1.31722
Peru,2010.0,1.17721
Poland,2013.0,3.33333
Romania,2000.0,0.41667
Romania,2012.0,0.20833
Serbia,2011.0,0.14058
Serbia,2015.0,0.10552
Switzerland,2010.0,1.04167
Switzerland,2013.0,1.73333
Switzerland,2016.0,0.99167
Turkey,2006.0,0.74829
Uganda,2018.0,3.33333
