country,year,value
Africa,2000.0,5292.09472
Africa,2001.0,4764.90965
Africa,2002.0,3961.59955
Africa,2003.0,4050.14021
Africa,2004.0,4705.50151
Africa,2005.0,4693.10828
Africa,2006.0,4834.54828
Africa,2007.0,5883.7537
Africa,2008.0,6149.23407
Africa,2009.0,7791.6209
Africa,2010.0,6200.2378
Africa,2011.0,6149.56797
Africa,2012.0,5742.62376
Africa,2013.0,5847.69897
Africa,2014.0,5881.74958
Africa,2015.0,7509.76004
Africa,2016.0,7209.67824
Africa,2017.0,8124.8287
Africa,2018.0,8568.50177
Afghanistan,2000.0,3.03261
Afghanistan,2001.0,8.76185
Afghanistan,2002.0,124.02332
Afghanistan,2003.0,109.57344
Afghanistan,2004.0,349.40758
Afghanistan,2005.0,641.80429
Afghanistan,2006.0,1112.51523
Afghanistan,2007.0,1196.91596
Afghanistan,2008.0,1674.42578
Afghanistan,2009.0,2066.05955
Afghanistan,2010.0,1437.33638
Afghanistan,2011.0,2128.11352
Afghanistan,2012.0,1937.63323
Afghanistan,2013.0,1101.8093
Afghanistan,2014.0,1099.50533
Afghanistan,2015.0,1259.03723
Afghanistan,2016.0,1239.58372
Afghanistan,2017.0,801.27558
Afghanistan,2018.0,709.50517
South America,2000.0,4085.85319
South America,2001.0,8683.21134
South America,2002.0,1495.73046
South America,2003.0,2183.92608
South America,2004.0,1257.54718
South America,2005.0,1042.0286
South America,2006.0,1878.61673
South America,2007.0,1023.36715
South America,2008.0,1454.76699
South America,2009.0,5018.15926
South America,2010.0,3311.89109
South America,2011.0,2306.41396
South America,2012.0,3044.37154
South America,2013.0,3593.33208
South America,2014.0,3329.93072
South America,2015.0,3502.79835
South America,2016.0,3204.37774
South America,2017.0,4221.62343
South America,2018.0,3694.73341
Albania,2000.0,117.00217
Albania,2001.0,71.1473
Albania,2002.0,64.10854
Albania,2003.0,58.20832
Albania,2004.0,41.51719
Albania,2005.0,103.93142
Albania,2006.0,93.39215
Albania,2007.0,61.79935
Albania,2008.0,62.57031
Albania,2009.0,76.28093
Albania,2010.0,68.13711
Albania,2011.0,86.39025
Albania,2012.0,80.32569
Albania,2013.0,36.39583
Albania,2014.0,86.07418
Albania,2015.0,50.7452
Albania,2016.0,66.70553
Albania,2017.0,199.84807
Albania,2018.0,115.23416
Oceania,2000.0,262.27524
Oceania,2001.0,322.4825
Oceania,2002.0,234.48412
Oceania,2003.0,317.39508
Oceania,2004.0,400.65369
Oceania,2005.0,404.18463
Oceania,2006.0,417.33995
Oceania,2007.0,354.12654
Oceania,2008.0,440.42837
Oceania,2009.0,473.91688
Oceania,2010.0,480.26693
Oceania,2011.0,403.96866
Oceania,2012.0,392.1933
Oceania,2013.0,336.06822
Oceania,2014.0,398.20228
Oceania,2015.0,419.68629
Oceania,2016.0,365.8298
Oceania,2017.0,414.78342
Oceania,2018.0,511.88877
Western Africa,2000.0,1361.37311
Western Africa,2001.0,1180.81235
Western Africa,2002.0,969.72863
Western Africa,2003.0,1077.84516
Western Africa,2004.0,1189.66628
Western Africa,2005.0,1287.01238
Western Africa,2006.0,1306.83865
Western Africa,2007.0,1627.98154
Western Africa,2008.0,1662.81091
Western Africa,2009.0,1556.59015
Western Africa,2010.0,1752.42006
Western Africa,2011.0,1642.04838
Western Africa,2012.0,1575.90445
Western Africa,2013.0,1765.8165
Western Africa,2014.0,1633.18858
Western Africa,2015.0,1944.68809
Western Africa,2016.0,1692.53201
Western Africa,2017.0,2112.1657
Western Africa,2018.0,2164.49581
Algeria,2000.0,364.77941
Algeria,2001.0,291.15227
Algeria,2002.0,38.5744
Algeria,2003.0,31.59313
Algeria,2004.0,37.19721
Algeria,2005.0,51.73114
Algeria,2006.0,38.52879
Algeria,2007.0,37.15478
Algeria,2008.0,32.19183
Algeria,2009.0,33.72181
Algeria,2010.0,33.01967
Algeria,2011.0,34.40113
Algeria,2012.0,27.38012
Algeria,2013.0,79.39524
Algeria,2014.0,52.56484
Algeria,2015.0,35.14049
Algeria,2016.0,36.01298
Algeria,2017.0,59.49575
Algeria,2018.0,35.84218
Central America,2000.0,3007.11834
Central America,2001.0,2080.31422
Central America,2002.0,966.08962
Central America,2003.0,836.65223
Central America,2004.0,701.6712
Central America,2005.0,621.17662
Central America,2006.0,684.71705
Central America,2007.0,682.59688
Central America,2008.0,1966.07047
Central America,2009.0,4002.0132
Central America,2010.0,2729.37988
Central America,2011.0,2663.7219
Central America,2012.0,1720.4806
Central America,2013.0,2324.52566
Central America,2014.0,2205.1402
Central America,2015.0,1053.2562
Central America,2016.0,1636.58067
Central America,2017.0,2893.88693
Central America,2018.0,2170.96847
Eastern Africa,2000.0,2065.15289
Eastern Africa,2001.0,1728.92918
Eastern Africa,2002.0,1443.15001
Eastern Africa,2003.0,1548.11327
Eastern Africa,2004.0,1803.26882
Eastern Africa,2005.0,1595.61525
Eastern Africa,2006.0,1742.0671
Eastern Africa,2007.0,2120.94233
Eastern Africa,2008.0,2214.1601
Eastern Africa,2009.0,2939.01685
Eastern Africa,2010.0,2529.40178
Eastern Africa,2011.0,2197.33638
Eastern Africa,2012.0,2257.52023
Eastern Africa,2013.0,2355.60141
Eastern Africa,2014.0,2553.25889
Eastern Africa,2015.0,2614.16961
Eastern Africa,2016.0,2237.95306
Eastern Africa,2017.0,2208.47936
Eastern Africa,2018.0,2765.13933
Northern Africa,2000.0,1215.47397
Northern Africa,2001.0,1358.09206
Northern Africa,2002.0,919.17842
Northern Africa,2003.0,903.70892
Northern Africa,2004.0,1169.345
Northern Africa,2005.0,1135.25134
Northern Africa,2006.0,1200.53853
Northern Africa,2007.0,1577.50163
Northern Africa,2008.0,1527.10507
Northern Africa,2009.0,2051.05533
Northern Africa,2010.0,1334.77194
Northern Africa,2011.0,1543.50458
Northern Africa,2012.0,1307.04978
Northern Africa,2013.0,1090.64188
Northern Africa,2014.0,890.55559
Northern Africa,2015.0,1934.78991
Northern Africa,2016.0,2261.58796
Northern Africa,2017.0,2270.77713
Northern Africa,2018.0,2566.62476
Middle Africa,2000.0,377.84947
Middle Africa,2001.0,324.24467
Middle Africa,2002.0,435.41665
Middle Africa,2003.0,297.83149
Middle Africa,2004.0,349.07269
Middle Africa,2005.0,410.19485
Middle Africa,2006.0,374.11616
Middle Africa,2007.0,379.90374
Middle Africa,2008.0,437.84137
Middle Africa,2009.0,546.00878
Middle Africa,2010.0,408.84487
Middle Africa,2011.0,542.71227
Middle Africa,2012.0,420.03907
Middle Africa,2013.0,432.83145
Middle Africa,2014.0,460.82564
Middle Africa,2015.0,680.1119
Middle Africa,2016.0,883.77417
Middle Africa,2017.0,728.07295
Middle Africa,2018.0,724.74897
Southern Africa,2000.0,272.24527
Southern Africa,2001.0,172.83139
Southern Africa,2002.0,194.12585
Southern Africa,2003.0,222.64137
Southern Africa,2004.0,194.14872
Southern Africa,2005.0,265.03447
Southern Africa,2006.0,210.98784
Southern Africa,2007.0,177.42446
Southern Africa,2008.0,307.31662
Southern Africa,2009.0,698.9498
Southern Africa,2010.0,174.79916
Southern Africa,2011.0,223.96637
Southern Africa,2012.0,182.11023
Southern Africa,2013.0,202.80772
Southern Africa,2014.0,343.92088
Southern Africa,2015.0,336.00052
Southern Africa,2016.0,133.83103
Southern Africa,2017.0,805.33356
Southern Africa,2018.0,347.4929
Angola,2000.0,53.02294
Angola,2001.0,30.54409
Angola,2002.0,33.54853
Angola,2003.0,31.15586
Angola,2004.0,38.62209
Angola,2005.0,41.54259
Angola,2006.0,35.21496
Angola,2007.0,53.16964
Angola,2008.0,31.23062
Angola,2009.0,39.19824
Angola,2010.0,24.83155
Angola,2011.0,25.01718
Angola,2012.0,23.20067
Angola,2013.0,21.73485
Angola,2014.0,29.56636
Angola,2015.0,256.93253
Angola,2016.0,475.89371
Angola,2017.0,49.50547
Angola,2018.0,45.61673
Antigua and Barbuda,2000.0,7.47022
Antigua and Barbuda,2001.0,9.1703
Antigua and Barbuda,2002.0,8.82772
Antigua and Barbuda,2003.0,2.30051
Antigua and Barbuda,2004.0,0.57022
Antigua and Barbuda,2005.0,0.50568
Antigua and Barbuda,2006.0,0.67972
Antigua and Barbuda,2007.0,1.20059
Antigua and Barbuda,2008.0,1.29408
Antigua and Barbuda,2009.0,2.01882
Antigua and Barbuda,2010.0,0.76521
Antigua and Barbuda,2011.0,1.24457
Antigua and Barbuda,2012.0,0.62824
Antigua and Barbuda,2013.0,1.21587
Antigua and Barbuda,2014.0,1.14062
Antigua and Barbuda,2015.0,0.90931
Antigua and Barbuda,2016.0,2.26558
Antigua and Barbuda,2017.0,1.0566
Antigua and Barbuda,2018.0,0.19636
Caribbean,2000.0,769.49668
Caribbean,2001.0,415.34525
Caribbean,2002.0,179.53363
Caribbean,2003.0,140.1872
Caribbean,2004.0,150.6484
Caribbean,2005.0,219.90139
Caribbean,2006.0,206.22165
Caribbean,2007.0,280.03922
Caribbean,2008.0,192.68672
Caribbean,2009.0,709.14317
Caribbean,2010.0,573.12631
Caribbean,2011.0,576.15339
Caribbean,2012.0,357.90444
Caribbean,2013.0,363.09437
Caribbean,2014.0,359.38708
Caribbean,2015.0,892.79209
Caribbean,2016.0,600.89302
Caribbean,2017.0,279.03077
Caribbean,2018.0,610.35292
Eastern Asia,2000.0,374.97631
Eastern Asia,2001.0,489.74249
Eastern Asia,2002.0,251.46475
Eastern Asia,2003.0,255.50721
Eastern Asia,2004.0,285.32884
Eastern Asia,2005.0,315.08008
Eastern Asia,2006.0,429.17484
Eastern Asia,2007.0,538.46849
Eastern Asia,2008.0,552.52571
Eastern Asia,2009.0,482.02855
Eastern Asia,2010.0,626.75078
Eastern Asia,2011.0,582.66755
Eastern Asia,2012.0,1015.78441
Eastern Asia,2013.0,680.10781
Eastern Asia,2014.0,699.52441
Eastern Asia,2015.0,776.03105
Eastern Asia,2016.0,1450.25864
Eastern Asia,2017.0,1215.3351
Eastern Asia,2018.0,1450.53939
Azerbaijan,2000.0,21.22971
Azerbaijan,2001.0,57.36595
Azerbaijan,2002.0,20.68407
Azerbaijan,2003.0,22.99904
Azerbaijan,2004.0,18.50882
Azerbaijan,2005.0,29.46476
Azerbaijan,2006.0,38.32156
Azerbaijan,2007.0,37.83336
Azerbaijan,2008.0,51.97495
Azerbaijan,2009.0,42.24327
Azerbaijan,2010.0,52.7055
Azerbaijan,2011.0,94.39109
Azerbaijan,2012.0,71.98609
Azerbaijan,2013.0,64.07893
Azerbaijan,2014.0,54.4607
Azerbaijan,2015.0,42.61486
Azerbaijan,2016.0,244.45629
Azerbaijan,2017.0,229.28582
Azerbaijan,2018.0,240.84408
Argentina,2000.0,279.52595
Argentina,2001.0,2924.44593
Argentina,2002.0,215.18756
Argentina,2003.0,609.48575
Argentina,2004.0,157.95347
Argentina,2005.0,78.53224
Argentina,2006.0,74.22831
Argentina,2007.0,179.20175
Argentina,2008.0,70.14951
Argentina,2009.0,885.67026
Argentina,2010.0,422.08153
Argentina,2011.0,359.64916
Argentina,2012.0,391.86451
Argentina,2013.0,386.29856
Argentina,2014.0,234.71666
Argentina,2015.0,349.18154
Argentina,2016.0,452.05852
Argentina,2017.0,575.33173
Argentina,2018.0,713.92685
Southern Asia,2000.0,1546.4714
Southern Asia,2001.0,1873.33263
Southern Asia,2002.0,1378.21526
Southern Asia,2003.0,1037.91388
Southern Asia,2004.0,1812.96356
Southern Asia,2005.0,2020.30935
Southern Asia,2006.0,2244.7625
Southern Asia,2007.0,2851.87865
Southern Asia,2008.0,3026.65954
Southern Asia,2009.0,3691.05442
Southern Asia,2010.0,4255.46275
Southern Asia,2011.0,4158.72902
Southern Asia,2012.0,3484.75566
Southern Asia,2013.0,2908.07311
Southern Asia,2014.0,4047.54409
Southern Asia,2015.0,4151.34495
Southern Asia,2016.0,4098.0028
Southern Asia,2017.0,3710.87651
Southern Asia,2018.0,3082.05047
South-Eastern Asia,2000.0,920.74084
South-Eastern Asia,2001.0,2157.29044
South-Eastern Asia,2002.0,604.32231
South-Eastern Asia,2003.0,989.47743
South-Eastern Asia,2004.0,1124.14695
South-Eastern Asia,2005.0,1300.5795
South-Eastern Asia,2006.0,1467.60597
South-Eastern Asia,2007.0,1795.7834
South-Eastern Asia,2008.0,2193.8919
South-Eastern Asia,2009.0,2422.86275
South-Eastern Asia,2010.0,3564.41122
South-Eastern Asia,2011.0,1947.99068
South-Eastern Asia,2012.0,2530.63564
South-Eastern Asia,2013.0,3416.46548
South-Eastern Asia,2014.0,1988.37429
South-Eastern Asia,2015.0,5873.50453
South-Eastern Asia,2016.0,2620.35664
South-Eastern Asia,2017.0,2507.22181
South-Eastern Asia,2018.0,3640.24384
Southern Europe,2000.0,608.54106
Southern Europe,2001.0,911.48513
Southern Europe,2002.0,625.80438
Southern Europe,2003.0,487.12592
Southern Europe,2004.0,403.36917
Southern Europe,2005.0,714.29765
Southern Europe,2006.0,953.72915
Southern Europe,2007.0,744.94819
Southern Europe,2008.0,596.47559
Southern Europe,2009.0,570.78855
Southern Europe,2010.0,616.53403
Southern Europe,2011.0,405.51274
Southern Europe,2012.0,372.58884
Southern Europe,2013.0,304.95052
Southern Europe,2014.0,465.97919
Southern Europe,2015.0,460.94549
Southern Europe,2016.0,420.71748
Southern Europe,2017.0,718.57057
Southern Europe,2018.0,641.93588
Bahrain,2000.0,0.0425
Bahrain,2001.0,99.1017
Bahrain,2002.0,0.03705
Bahrain,2003.0,0.15274
Bahrain,2004.0,0.05375
Bangladesh,2000.0,206.03488
Bangladesh,2001.0,218.11381
Bangladesh,2002.0,145.86946
Bangladesh,2003.0,191.95387
Bangladesh,2004.0,350.67125
Bangladesh,2005.0,197.49691
Bangladesh,2006.0,245.74551
Bangladesh,2007.0,250.68217
Bangladesh,2008.0,403.9716
Bangladesh,2009.0,181.5658
Bangladesh,2010.0,274.05418
Bangladesh,2011.0,341.33089
Bangladesh,2012.0,534.04553
Bangladesh,2013.0,591.31663
Bangladesh,2014.0,443.81569
Bangladesh,2015.0,474.10184
Bangladesh,2016.0,555.37531
Bangladesh,2017.0,734.59656
Bangladesh,2018.0,781.92707
Armenia,2000.0,25.88823
Armenia,2001.0,119.10796
Armenia,2002.0,67.93717
Armenia,2003.0,60.64373
Armenia,2004.0,50.71278
Armenia,2005.0,51.58158
Armenia,2006.0,78.49517
Armenia,2007.0,77.7912
Armenia,2008.0,69.07083
Armenia,2009.0,77.91645
Armenia,2010.0,57.16155
Armenia,2011.0,37.03315
Armenia,2012.0,74.27599
Armenia,2013.0,88.99622
Armenia,2014.0,106.69158
Armenia,2015.0,142.8184
Armenia,2016.0,154.36927
Armenia,2017.0,142.22738
Armenia,2018.0,140.99027
Barbados,2000.0,1.43167
Barbados,2001.0,11.32221
Barbados,2002.0,0.86783
Barbados,2003.0,4.1021
Barbados,2004.0,2.50374
Barbados,2005.0,1.23581
Barbados,2006.0,4.21398
Barbados,2007.0,3.90128
Barbados,2008.0,4.67206
Barbados,2009.0,32.23565
Barbados,2010.0,58.12858
Melanesia,2000.0,211.97299
Melanesia,2001.0,177.18945
Melanesia,2002.0,102.52244
Melanesia,2003.0,195.88927
Melanesia,2004.0,214.58143
Melanesia,2005.0,263.05669
Melanesia,2006.0,259.12107
Melanesia,2007.0,177.11388
Melanesia,2008.0,257.14258
Melanesia,2009.0,301.28466
Melanesia,2010.0,375.20159
Melanesia,2011.0,251.83123
Melanesia,2012.0,245.08009
Melanesia,2013.0,236.74538
Melanesia,2014.0,234.67466
Melanesia,2015.0,269.73431
Melanesia,2016.0,240.79034
Melanesia,2017.0,265.00616
Melanesia,2018.0,391.37931
Micronesia (country),2000.0,14.32929
Micronesia (country),2001.0,32.50747
Micronesia (country),2002.0,13.81769
Micronesia (country),2003.0,26.85886
Micronesia (country),2004.0,94.65355
Micronesia (country),2005.0,104.70764
Micronesia (country),2006.0,115.11051
Micronesia (country),2007.0,119.01777
Micronesia (country),2008.0,127.04899
Micronesia (country),2009.0,119.55227
Micronesia (country),2010.0,25.34374
Micronesia (country),2011.0,43.02204
Micronesia (country),2012.0,56.62187
Micronesia (country),2013.0,19.93426
Micronesia (country),2014.0,90.90421
Micronesia (country),2015.0,51.33676
Micronesia (country),2016.0,31.99572
Micronesia (country),2017.0,42.94685
Micronesia (country),2018.0,44.84844
Polynesia,2000.0,35.97295
Polynesia,2001.0,112.78557
Polynesia,2002.0,118.144
Polynesia,2003.0,94.64696
Polynesia,2004.0,91.41871
Polynesia,2005.0,36.4203
Polynesia,2006.0,43.10837
Polynesia,2007.0,57.99489
Polynesia,2008.0,56.23681
Polynesia,2009.0,53.07994
Polynesia,2010.0,79.7216
Polynesia,2011.0,109.11539
Polynesia,2012.0,90.49134
Polynesia,2013.0,79.38858
Polynesia,2014.0,72.62341
Polynesia,2015.0,98.61522
Polynesia,2016.0,93.04373
Polynesia,2017.0,106.83041
Polynesia,2018.0,75.66102
Bhutan,2000.0,21.94377
Bhutan,2001.0,8.84484
Bhutan,2002.0,5.61099
Bhutan,2003.0,16.6057
Bhutan,2004.0,20.84686
Bhutan,2005.0,16.29187
Bhutan,2006.0,19.29185
Bhutan,2007.0,21.79502
Bhutan,2008.0,9.53447
Bhutan,2009.0,20.21752
Bhutan,2010.0,23.79679
Bhutan,2011.0,30.36834
Bhutan,2012.0,32.6982
Bhutan,2013.0,21.39777
Bhutan,2014.0,19.88455
Bhutan,2015.0,27.78094
Bhutan,2016.0,11.22577
Bhutan,2017.0,21.68402
Bhutan,2018.0,25.7849
Bolivia,2000.0,171.65431
Bolivia,2001.0,252.1804
Bolivia,2002.0,117.71045
Bolivia,2003.0,142.13345
Bolivia,2004.0,151.50716
Bolivia,2005.0,129.15992
Bolivia,2006.0,94.6264
Bolivia,2007.0,87.36899
Bolivia,2008.0,86.06813
Bolivia,2009.0,150.76944
Bolivia,2010.0,154.07632
Bolivia,2011.0,98.58409
Bolivia,2012.0,143.49783
Bolivia,2013.0,148.92865
Bolivia,2014.0,221.35587
Bolivia,2015.0,158.87673
Bolivia,2016.0,95.74723
Bolivia,2017.0,561.15863
Bolivia,2018.0,199.8523
Bosnia and Herzegovina,2000.0,114.81532
Bosnia and Herzegovina,2001.0,157.96189
Bosnia and Herzegovina,2002.0,125.59918
Bosnia and Herzegovina,2003.0,104.67249
Bosnia and Herzegovina,2004.0,71.52112
Bosnia and Herzegovina,2005.0,120.76763
Bosnia and Herzegovina,2006.0,149.61963
Bosnia and Herzegovina,2007.0,121.38869
Bosnia and Herzegovina,2008.0,100.75339
Bosnia and Herzegovina,2009.0,131.3208
Bosnia and Herzegovina,2010.0,90.77999
Bosnia and Herzegovina,2011.0,73.40769
Bosnia and Herzegovina,2012.0,67.32975
Bosnia and Herzegovina,2013.0,99.9125
Bosnia and Herzegovina,2014.0,70.98564
Bosnia and Herzegovina,2015.0,107.80012
Bosnia and Herzegovina,2016.0,50.99685
Bosnia and Herzegovina,2017.0,64.00353
Bosnia and Herzegovina,2018.0,107.62003
Botswana,2000.0,23.16895
Botswana,2001.0,31.91681
Botswana,2002.0,10.88687
Botswana,2003.0,7.04628
Botswana,2004.0,6.09217
Botswana,2005.0,22.21495
Botswana,2006.0,14.34825
Botswana,2007.0,19.31507
Botswana,2008.0,17.83245
Botswana,2009.0,11.80899
Botswana,2010.0,41.42768
Botswana,2011.0,32.58882
Botswana,2012.0,10.57033
Botswana,2013.0,26.73868
Botswana,2014.0,44.27491
Botswana,2015.0,16.00731
Botswana,2016.0,21.87181
Botswana,2017.0,25.17037
Botswana,2018.0,12.59478
Brazil,2000.0,1877.84425
Brazil,2001.0,2042.03156
Brazil,2002.0,560.812
Brazil,2003.0,606.40774
Brazil,2004.0,379.85003
Brazil,2005.0,169.00762
Brazil,2006.0,1191.6091
Brazil,2007.0,210.4619
Brazil,2008.0,486.2008
Brazil,2009.0,1158.94639
Brazil,2010.0,1707.89882
Brazil,2011.0,614.00699
Brazil,2012.0,1214.78762
Brazil,2013.0,1332.47238
Brazil,2014.0,1032.40216
Brazil,2015.0,730.64498
Brazil,2016.0,964.99458
Brazil,2017.0,1374.57494
Brazil,2018.0,1082.97882
Belize,2000.0,18.09088
Belize,2001.0,17.56138
Belize,2002.0,0.78601
Belize,2003.0,1.00733
Belize,2004.0,1.06208
Belize,2005.0,1.90011
Belize,2006.0,2.06772
Belize,2007.0,2.05449
Belize,2008.0,1.48209
Belize,2009.0,8.19855
Belize,2010.0,3.17644
Belize,2011.0,4.65472
Belize,2012.0,13.41335
Belize,2013.0,17.59438
Belize,2014.0,9.46921
Belize,2015.0,7.80235
Belize,2016.0,6.71202
Belize,2017.0,5.86241
Belize,2018.0,5.51677
Solomon Islands,2000.0,13.70486
Solomon Islands,2001.0,12.89183
Solomon Islands,2002.0,18.07166
Solomon Islands,2003.0,93.65283
Solomon Islands,2004.0,111.61202
Solomon Islands,2005.0,142.79714
Solomon Islands,2006.0,128.79866
Solomon Islands,2007.0,57.14255
Solomon Islands,2008.0,140.89469
Solomon Islands,2009.0,131.89635
Solomon Islands,2010.0,188.67959
Solomon Islands,2011.0,58.16932
Solomon Islands,2012.0,41.33799
Solomon Islands,2013.0,37.18448
Solomon Islands,2014.0,32.75525
Solomon Islands,2015.0,36.21122
Solomon Islands,2016.0,44.63294
Solomon Islands,2017.0,52.96991
Solomon Islands,2018.0,49.62266
Myanmar,2000.0,0.48738
Myanmar,2001.0,7.88042
Myanmar,2002.0,3.14323
Myanmar,2003.0,14.10474
Myanmar,2004.0,18.96079
Myanmar,2005.0,27.10177
Myanmar,2006.0,33.31949
Myanmar,2007.0,26.51823
Myanmar,2008.0,14.08026
Myanmar,2009.0,9.56942
Myanmar,2010.0,12.14901
Myanmar,2011.0,21.71991
Myanmar,2012.0,27.4727
Myanmar,2013.0,726.47692
Myanmar,2014.0,109.62467
Myanmar,2015.0,195.92124
Myanmar,2016.0,225.18306
Myanmar,2017.0,263.70093
Myanmar,2018.0,277.52329
Burundi,2000.0,14.03818
Burundi,2001.0,4.4144
Burundi,2002.0,25.86271
Burundi,2003.0,13.86946
Burundi,2004.0,22.07706
Burundi,2005.0,21.90957
Burundi,2006.0,43.40949
Burundi,2007.0,89.96805
Burundi,2008.0,55.48003
Burundi,2009.0,54.87757
Burundi,2010.0,72.84023
Burundi,2011.0,106.20154
Burundi,2012.0,91.41323
Burundi,2013.0,105.55662
Burundi,2014.0,93.79938
Burundi,2015.0,76.87669
Burundi,2016.0,56.19533
Burundi,2017.0,40.12451
Burundi,2018.0,31.43139
Belarus,2005.0,16.82174
Belarus,2006.0,20.83652
Belarus,2007.0,15.40117
Belarus,2008.0,15.80918
Belarus,2009.0,87.37601
Belarus,2010.0,20.84951
Belarus,2011.0,13.61053
Belarus,2012.0,28.63477
Belarus,2013.0,26.89127
Belarus,2014.0,43.25656
Belarus,2015.0,16.69216
Belarus,2016.0,29.44279
Belarus,2017.0,23.17657
Belarus,2018.0,38.74725
Cambodia,2000.0,28.50024
Cambodia,2001.0,83.16978
Cambodia,2002.0,27.63408
Cambodia,2003.0,59.66749
Cambodia,2004.0,93.05878
Cambodia,2005.0,94.92784
Cambodia,2006.0,133.49356
Cambodia,2007.0,157.8276
Cambodia,2008.0,131.11937
Cambodia,2009.0,104.46541
Cambodia,2010.0,113.5194
Cambodia,2011.0,100.20447
Cambodia,2012.0,135.01761
Cambodia,2013.0,141.11382
Cambodia,2014.0,115.91905
Cambodia,2015.0,121.02617
Cambodia,2016.0,137.01871
Cambodia,2017.0,187.47732
Cambodia,2018.0,175.9178
Cameroon,2000.0,109.87399
Cameroon,2001.0,83.41107
Cameroon,2002.0,30.07167
Cameroon,2003.0,39.74117
Cameroon,2004.0,42.73953
Cameroon,2005.0,36.4088
Cameroon,2006.0,55.93011
Cameroon,2007.0,94.72251
Cameroon,2008.0,71.04688
Cameroon,2009.0,57.6666
Cameroon,2010.0,60.37068
Cameroon,2011.0,65.58831
Cameroon,2012.0,85.13865
Cameroon,2013.0,60.26961
Cameroon,2014.0,60.67511
Cameroon,2015.0,51.72424
Cameroon,2016.0,60.34237
Cameroon,2017.0,269.25867
Cameroon,2018.0,315.65044
Southern Asia (excluding India),2000.0,1114.20902
Southern Asia (excluding India),2001.0,1123.00665
Southern Asia (excluding India),2002.0,768.73778
Southern Asia (excluding India),2003.0,644.13974
Southern Asia (excluding India),2004.0,1234.52839
Southern Asia (excluding India),2005.0,1484.79796
Southern Asia (excluding India),2006.0,1875.39708
Southern Asia (excluding India),2007.0,2466.98007
Southern Asia (excluding India),2008.0,2605.71811
Southern Asia (excluding India),2009.0,2929.95933
Southern Asia (excluding India),2010.0,2596.85975
Southern Asia (excluding India),2011.0,3421.03349
Southern Asia (excluding India),2012.0,3120.31618
Southern Asia (excluding India),2013.0,2521.73191
Southern Asia (excluding India),2014.0,3551.85253
Southern Asia (excluding India),2015.0,3674.05377
Southern Asia (excluding India),2016.0,3524.77106
Southern Asia (excluding India),2017.0,3227.78752
Southern Asia (excluding India),2018.0,2421.12356
Cape Verde,2000.0,23.15325
Cape Verde,2001.0,16.12215
Cape Verde,2002.0,14.10643
Cape Verde,2003.0,26.78114
Cape Verde,2004.0,16.15319
Cape Verde,2005.0,32.10712
Cape Verde,2006.0,32.99387
Cape Verde,2007.0,31.55987
Cape Verde,2008.0,28.45714
Cape Verde,2009.0,21.35556
Cape Verde,2010.0,42.34283
Cape Verde,2011.0,16.63719
Cape Verde,2012.0,18.93396
Cape Verde,2013.0,16.21312
Cape Verde,2014.0,14.59413
Cape Verde,2015.0,44.52021
Cape Verde,2016.0,16.95182
Cape Verde,2017.0,15.44602
Cape Verde,2018.0,49.89265
Caucasus and Central Asia,2000.0,324.15095
Caucasus and Central Asia,2001.0,547.06464
Caucasus and Central Asia,2002.0,281.42364
Caucasus and Central Asia,2003.0,287.35841
Caucasus and Central Asia,2004.0,301.23795
Caucasus and Central Asia,2005.0,285.64307
Caucasus and Central Asia,2006.0,405.68152
Caucasus and Central Asia,2007.0,376.25535
Caucasus and Central Asia,2008.0,501.7869
Caucasus and Central Asia,2009.0,388.66023
Caucasus and Central Asia,2010.0,807.92487
Caucasus and Central Asia,2011.0,506.015
Caucasus and Central Asia,2012.0,682.06458
Caucasus and Central Asia,2013.0,733.31119
Caucasus and Central Asia,2014.0,901.61758
Caucasus and Central Asia,2015.0,1352.17582
Caucasus and Central Asia,2016.0,2008.84899
Caucasus and Central Asia,2017.0,1161.1128
Caucasus and Central Asia,2018.0,1452.24919
Central African Republic,2000.0,25.09253
Central African Republic,2001.0,15.36813
Central African Republic,2002.0,8.1256
Central African Republic,2003.0,7.87919
Central African Republic,2004.0,9.17331
Central African Republic,2005.0,8.04075
Central African Republic,2006.0,48.39563
Central African Republic,2007.0,20.00435
Central African Republic,2008.0,41.18455
Central African Republic,2009.0,38.98263
Central African Republic,2010.0,15.13473
Central African Republic,2011.0,21.74066
Central African Republic,2012.0,20.0591
Central African Republic,2013.0,7.99637
Central African Republic,2014.0,42.06421
Central African Republic,2015.0,30.75428
Central African Republic,2016.0,27.11269
Central African Republic,2017.0,17.78649
Central African Republic,2018.0,45.48364
Asia,2000.0,4597.78567
Asia,2001.0,6513.00798
Asia,2002.0,3378.93431
Asia,2003.0,3063.89078
Asia,2004.0,5007.89352
Asia,2005.0,8475.12537
Asia,2006.0,8332.03567
Asia,2007.0,8295.14017
Asia,2008.0,8799.2916
Asia,2009.0,10280.93891
Asia,2010.0,11609.95
Asia,2011.0,8597.73863
Asia,2012.0,9047.30346
Asia,2013.0,9463.06218
Asia,2014.0,9675.55359
Asia,2015.0,14422.61107
Asia,2016.0,13394.6241
Asia,2017.0,11339.30654
Asia,2018.0,12357.78025
Central Asia,2000.0,261.78293
Central Asia,2001.0,268.35262
Central Asia,2002.0,108.72382
Central Asia,2003.0,138.77748
Central Asia,2004.0,169.0832
Central Asia,2005.0,114.57133
Central Asia,2006.0,160.80027
Central Asia,2007.0,163.10477
Central Asia,2008.0,280.433
Central Asia,2009.0,152.05241
Central Asia,2010.0,629.04136
Central Asia,2011.0,304.78495
Central Asia,2012.0,408.87911
Central Asia,2013.0,469.1533
Central Asia,2014.0,535.86883
Central Asia,2015.0,964.30248
Central Asia,2016.0,1480.88682
Central Asia,2017.0,598.76326
Central Asia,2018.0,794.03271
Sri Lanka,2000.0,123.3897
Sri Lanka,2001.0,215.5954
Sri Lanka,2002.0,45.12817
Sri Lanka,2003.0,120.17653
Sri Lanka,2004.0,61.54641
Sri Lanka,2005.0,111.86153
Sri Lanka,2006.0,131.55769
Sri Lanka,2007.0,136.69815
Sri Lanka,2008.0,92.64137
Sri Lanka,2009.0,86.86176
Sri Lanka,2010.0,153.33661
Sri Lanka,2011.0,96.53768
Sri Lanka,2012.0,65.68093
Sri Lanka,2013.0,103.78367
Sri Lanka,2014.0,133.83509
Sri Lanka,2015.0,147.46608
Sri Lanka,2016.0,151.71576
Sri Lanka,2017.0,131.32399
Sri Lanka,2018.0,99.72154
Western Asia,2000.0,1493.8142
Western Asia,2001.0,1724.28979
Western Asia,2002.0,1036.20818
Western Asia,2003.0,642.21477
Western Asia,2004.0,1616.37096
Western Asia,2005.0,4724.58512
Western Asia,2006.0,4029.69211
Western Asia,2007.0,2945.90487
Western Asia,2008.0,2745.78144
Western Asia,2009.0,3532.94078
Western Asia,2010.0,2534.28389
Western Asia,2011.0,1603.56643
Western Asia,2012.0,1607.24864
Western Asia,2013.0,1989.26249
Western Asia,2014.0,2404.24197
Western Asia,2015.0,2657.42805
Western Asia,2016.0,3745.1192
Western Asia,2017.0,3307.10985
Western Asia,2018.0,3390.91384
Chad,2000.0,94.35788
Chad,2001.0,62.04608
Chad,2002.0,71.29426
Chad,2003.0,54.92992
Chad,2004.0,65.47528
Chad,2005.0,59.40502
Chad,2006.0,39.05024
Chad,2007.0,32.09117
Chad,2008.0,32.90978
Chad,2009.0,41.81215
Chad,2010.0,36.83416
Chad,2011.0,41.3994
Chad,2012.0,25.21119
Chad,2013.0,26.67838
Chad,2014.0,40.27657
Chad,2015.0,47.76577
Chad,2016.0,50.11324
Chad,2017.0,62.55759
Chad,2018.0,35.61548
Europe,2000.0,650.00647
Europe,2001.0,974.3496
Europe,2002.0,674.70356
Europe,2003.0,530.33657
Europe,2004.0,454.71427
Europe,2005.0,1000.51458
Europe,2006.0,1150.01432
Europe,2007.0,944.38342
Europe,2008.0,1158.68241
Europe,2009.0,1286.51598
Europe,2010.0,909.53702
Europe,2011.0,701.67555
Europe,2012.0,702.98197
Europe,2013.0,732.75378
Europe,2014.0,1285.11978
Europe,2015.0,1009.4543
Europe,2016.0,763.63556
Europe,2017.0,1064.35018
Europe,2018.0,934.41221
Eastern Europe,2000.0,41.46541
Eastern Europe,2001.0,62.86447
Eastern Europe,2002.0,48.89919
Eastern Europe,2003.0,43.21064
Eastern Europe,2004.0,51.34511
Eastern Europe,2005.0,286.21693
Eastern Europe,2006.0,196.28517
Eastern Europe,2007.0,199.43524
Eastern Europe,2008.0,562.20682
Eastern Europe,2009.0,715.72743
Eastern Europe,2010.0,293.00299
Eastern Europe,2011.0,296.16281
Eastern Europe,2012.0,330.39313
Eastern Europe,2013.0,427.80326
Eastern Europe,2014.0,819.14059
Eastern Europe,2015.0,548.50881
Eastern Europe,2016.0,342.91808
Eastern Europe,2017.0,345.77961
Eastern Europe,2018.0,292.47633
Chile,2000.0,6.16001
Chile,2001.0,481.77619
Chile,2002.0,7.69251
Chile,2003.0,19.11828
Chile,2004.0,49.58779
Chile,2005.0,38.02456
Chile,2006.0,61.28127
Chile,2007.0,22.04785
Chile,2008.0,40.97195
Chile,2009.0,59.62618
Chile,2010.0,22.3663
Chile,2011.0,19.39952
Chile,2012.0,15.82879
Chile,2013.0,16.74219
Chile,2014.0,14.16746
Chile,2015.0,21.55344
Chile,2016.0,73.36252
Chile,2017.0,69.91406
China,2000.0,334.12861
China,2001.0,424.01536
China,2002.0,230.86049
China,2003.0,214.7488
China,2004.0,248.79587
China,2005.0,279.86867
China,2006.0,387.07801
China,2007.0,487.63975
China,2008.0,489.9445
China,2009.0,422.28587
China,2010.0,560.33236
China,2011.0,492.47054
China,2012.0,782.3189
China,2013.0,548.08842
China,2014.0,608.79596
China,2015.0,634.79059
China,2016.0,849.9518
China,2017.0,1022.06935
China,2018.0,1282.01284
Colombia,2000.0,352.25104
Colombia,2001.0,1775.9581
Colombia,2002.0,298.08789
Colombia,2003.0,391.55554
Colombia,2004.0,164.422
Colombia,2005.0,312.58852
Colombia,2006.0,220.28587
Colombia,2007.0,255.55561
Colombia,2008.0,438.04216
Colombia,2009.0,1209.07797
Colombia,2010.0,372.69282
Colombia,2011.0,614.02793
Colombia,2012.0,417.14157
Colombia,2013.0,961.23575
Colombia,2014.0,1055.05235
Colombia,2015.0,668.26348
Colombia,2016.0,908.01359
Colombia,2017.0,993.28558
Colombia,2018.0,793.00694
Comoros,2000.0,8.5077
Comoros,2001.0,21.09101
Comoros,2002.0,7.56694
Comoros,2003.0,4.63363
Comoros,2004.0,5.2096
Comoros,2005.0,6.92683
Comoros,2006.0,4.42109
Comoros,2007.0,12.63985
Comoros,2008.0,11.17092
Comoros,2009.0,6.95669
Comoros,2010.0,11.00484
Comoros,2011.0,12.34087
Comoros,2012.0,14.96385
Comoros,2013.0,18.09866
Comoros,2014.0,18.90603
Comoros,2015.0,17.96482
Comoros,2016.0,11.64998
Comoros,2017.0,15.04524
Comoros,2018.0,13.54592
Mayotte,2001.0,185.40809
Mayotte,2002.0,195.0096
Mayotte,2003.0,204.90793
Mayotte,2004.0,199.03549
Mayotte,2007.0,117.13818
Mayotte,2008.0,73.98289
Mayotte,2009.0,76.25767
Mayotte,2010.0,194.76593
Congo,2000.0,19.48717
Congo,2001.0,33.95121
Congo,2002.0,5.66792
Congo,2003.0,10.63891
Congo,2004.0,7.77219
Congo,2005.0,26.27217
Congo,2006.0,6.14024
Congo,2007.0,11.16514
Congo,2008.0,15.68392
Congo,2009.0,10.43383
Congo,2010.0,12.20384
Congo,2011.0,17.15507
Congo,2012.0,19.14018
Congo,2013.0,16.17179
Congo,2014.0,18.6486
Congo,2015.0,18.71773
Congo,2016.0,19.06833
Congo,2017.0,17.74878
Congo,2018.0,19.02777
Democratic Republic of Congo,2000.0,17.06901
Democratic Republic of Congo,2001.0,52.36719
Democratic Republic of Congo,2002.0,262.9399
Democratic Republic of Congo,2003.0,129.59785
Democratic Republic of Congo,2004.0,163.29402
Democratic Republic of Congo,2005.0,209.62658
Democratic Republic of Congo,2006.0,166.30226
Democratic Republic of Congo,2007.0,144.40739
Democratic Republic of Congo,2008.0,208.359
Democratic Republic of Congo,2009.0,333.50947
Democratic Republic of Congo,2010.0,192.05202
Democratic Republic of Congo,2011.0,257.69577
Democratic Republic of Congo,2012.0,225.04268
Democratic Republic of Congo,2013.0,281.56299
Democratic Republic of Congo,2014.0,250.15281
Democratic Republic of Congo,2015.0,251.34935
Democratic Republic of Congo,2016.0,230.59838
Democratic Republic of Congo,2017.0,230.77237
Democratic Republic of Congo,2018.0,220.82343
Cook Islands,2000.0,0.37243
Cook Islands,2001.0,0.05662
Cook Islands,2002.0,0.88858
Cook Islands,2003.0,1.86637
Cook Islands,2004.0,2.37154
Cook Islands,2005.0,1.30462
Cook Islands,2006.0,5.74158
Cook Islands,2007.0,5.06914
Cook Islands,2008.0,3.16354
Cook Islands,2009.0,5.93061
Cook Islands,2010.0,2.11008
Cook Islands,2011.0,4.12999
Cook Islands,2012.0,4.4849
Cook Islands,2013.0,5.70626
Cook Islands,2014.0,5.94741
Cook Islands,2015.0,3.56877
Cook Islands,2016.0,4.13323
Cook Islands,2017.0,3.94269
Cook Islands,2018.0,2.89716
Costa Rica,2000.0,12.72008
Costa Rica,2001.0,161.66679
Costa Rica,2002.0,19.55797
Costa Rica,2003.0,11.14506
Costa Rica,2004.0,22.20565
Costa Rica,2005.0,10.33263
Costa Rica,2006.0,11.58515
Costa Rica,2007.0,15.61668
Costa Rica,2008.0,19.97025
Costa Rica,2009.0,22.56442
Costa Rica,2010.0,111.86436
Costa Rica,2011.0,23.01796
Costa Rica,2012.0,77.42543
Costa Rica,2013.0,108.44751
Costa Rica,2014.0,194.52334
Costa Rica,2015.0,109.49561
Costa Rica,2016.0,211.39169
Costa Rica,2017.0,94.13218
Costa Rica,2018.0,251.24715
Croatia,2000.0,44.27922
Croatia,2001.0,139.88335
Croatia,2002.0,64.87552
Croatia,2003.0,77.092
Croatia,2004.0,51.21845
Croatia,2005.0,79.50331
Croatia,2006.0,180.06308
Croatia,2007.0,93.11073
Croatia,2008.0,163.67616
Croatia,2009.0,133.56014
Croatia,2010.0,207.04894
Cuba,2000.0,16.57684
Cuba,2001.0,28.25251
Cuba,2002.0,6.86789
Cuba,2003.0,11.7949
Cuba,2004.0,14.52449
Cuba,2005.0,7.48532
Cuba,2006.0,7.54438
Cuba,2007.0,8.10941
Cuba,2008.0,12.62126
Cuba,2009.0,8.98357
Cuba,2010.0,9.11643
Cuba,2011.0,6.87272
Cuba,2012.0,5.61362
Cuba,2013.0,5.5419
Cuba,2014.0,7.05792
Cuba,2015.0,7.54362
Cuba,2016.0,10.83871
Cuba,2017.0,19.72534
Cuba,2018.0,22.52497
Least Developed Countries (LDCs),2000.0,3565.4859
Least Developed Countries (LDCs),2001.0,3080.03025
Least Developed Countries (LDCs),2002.0,2711.91994
Least Developed Countries (LDCs),2003.0,2951.95316
Least Developed Countries (LDCs),2004.0,3700.61173
Least Developed Countries (LDCs),2005.0,4157.54814
Least Developed Countries (LDCs),2006.0,4862.97185
Least Developed Countries (LDCs),2007.0,5392.1091
Least Developed Countries (LDCs),2008.0,6236.79893
Least Developed Countries (LDCs),2009.0,7194.69678
Least Developed Countries (LDCs),2010.0,5970.97873
Least Developed Countries (LDCs),2011.0,6588.24435
Least Developed Countries (LDCs),2012.0,6547.16653
Least Developed Countries (LDCs),2013.0,6524.93566
Least Developed Countries (LDCs),2014.0,5743.3351
Least Developed Countries (LDCs),2015.0,6643.47772
Least Developed Countries (LDCs),2016.0,6445.17416
Least Developed Countries (LDCs),2017.0,6277.14159
Least Developed Countries (LDCs),2018.0,6912.36926
Sub-Saharan Africa,2000.0,4076.62074
Sub-Saharan Africa,2001.0,3406.81758
Sub-Saharan Africa,2002.0,3042.42114
Sub-Saharan Africa,2003.0,3146.43128
Sub-Saharan Africa,2004.0,3536.15651
Sub-Saharan Africa,2005.0,3557.85695
Sub-Saharan Africa,2006.0,3634.00975
Sub-Saharan Africa,2007.0,4306.25207
Sub-Saharan Africa,2008.0,4622.129
Sub-Saharan Africa,2009.0,5740.56557
Sub-Saharan Africa,2010.0,4865.46586
Sub-Saharan Africa,2011.0,4606.06339
Sub-Saharan Africa,2012.0,4435.57398
Sub-Saharan Africa,2013.0,4757.05708
Sub-Saharan Africa,2014.0,4991.19399
Sub-Saharan Africa,2015.0,5574.97013
Sub-Saharan Africa,2016.0,4948.09028
Sub-Saharan Africa,2017.0,5854.05157
Sub-Saharan Africa,2018.0,6001.87701
Benin,2000.0,74.482
Benin,2001.0,35.38654
Benin,2002.0,26.57772
Benin,2003.0,41.73402
Benin,2004.0,43.21986
Benin,2005.0,55.20197
Benin,2006.0,59.64638
Benin,2007.0,54.00656
Benin,2008.0,107.74291
Benin,2009.0,95.85002
Benin,2010.0,91.07477
Benin,2011.0,101.35107
Benin,2012.0,96.10429
Benin,2013.0,68.87829
Benin,2014.0,81.18091
Benin,2015.0,84.81866
Benin,2016.0,86.24361
Benin,2017.0,122.6574
Benin,2018.0,96.40472
Dominica,2000.0,0.8196
Dominica,2001.0,9.82703
Dominica,2002.0,0.91223
Dominica,2003.0,1.22135
Dominica,2004.0,5.41366
Dominica,2005.0,2.02367
Dominica,2006.0,3.26459
Dominica,2007.0,3.82694
Dominica,2008.0,3.43201
Dominica,2009.0,4.30957
Dominica,2010.0,4.43069
Dominica,2011.0,4.10587
Dominica,2012.0,2.83352
Dominica,2013.0,1.24693
Dominica,2014.0,0.44307
Dominica,2015.0,0.83269
Dominica,2016.0,0.76738
Dominica,2017.0,0.279
Dominica,2018.0,2.10539
Dominican Republic,2000.0,46.37139
Dominican Republic,2001.0,201.21561
Dominican Republic,2002.0,29.58234
Dominican Republic,2003.0,35.6629
Dominican Republic,2004.0,46.9794
Dominican Republic,2005.0,64.96488
Dominican Republic,2006.0,52.30068
Dominican Republic,2007.0,96.96242
Dominican Republic,2008.0,56.66088
Dominican Republic,2009.0,268.38589
Dominican Republic,2010.0,189.85409
Dominican Republic,2011.0,235.86894
Dominican Republic,2012.0,54.24228
Dominican Republic,2013.0,109.18808
Dominican Republic,2014.0,96.39569
Dominican Republic,2015.0,630.46726
Dominican Republic,2016.0,414.53053
Dominican Republic,2017.0,65.86656
Dominican Republic,2018.0,348.31114
Ecuador,2000.0,274.90764
Ecuador,2001.0,99.68918
Ecuador,2002.0,41.11116
Ecuador,2003.0,67.07385
Ecuador,2004.0,60.77457
Ecuador,2005.0,89.32371
Ecuador,2006.0,49.02966
Ecuador,2007.0,41.34061
Ecuador,2008.0,47.943
Ecuador,2009.0,313.98534
Ecuador,2010.0,74.28013
Ecuador,2011.0,255.70148
Ecuador,2012.0,239.8141
Ecuador,2013.0,253.9152
Ecuador,2014.0,242.02244
Ecuador,2015.0,694.10258
Ecuador,2016.0,218.82638
Ecuador,2017.0,241.25691
Ecuador,2018.0,275.92547
El Salvador,2000.0,115.19345
El Salvador,2001.0,217.4596
El Salvador,2002.0,58.08933
El Salvador,2003.0,44.90307
El Salvador,2004.0,45.21788
El Salvador,2005.0,81.43554
El Salvador,2006.0,50.99922
El Salvador,2007.0,72.78216
El Salvador,2008.0,93.61477
El Salvador,2009.0,255.84863
El Salvador,2010.0,147.37782
El Salvador,2011.0,143.42046
El Salvador,2012.0,254.1264
El Salvador,2013.0,94.12738
El Salvador,2014.0,62.45747
El Salvador,2015.0,80.82102
El Salvador,2016.0,119.47114
El Salvador,2017.0,108.7224
El Salvador,2018.0,68.50205
Eastern Asia (excluding Japan and China),2000.0,40.8477
Eastern Asia (excluding Japan and China),2001.0,65.72713
Eastern Asia (excluding Japan and China),2002.0,20.60427
Eastern Asia (excluding Japan and China),2003.0,40.75841
Eastern Asia (excluding Japan and China),2004.0,36.53298
Eastern Asia (excluding Japan and China),2005.0,35.21141
Eastern Asia (excluding Japan and China),2006.0,42.09682
Eastern Asia (excluding Japan and China),2007.0,50.82874
Eastern Asia (excluding Japan and China),2008.0,62.58121
Eastern Asia (excluding Japan and China),2009.0,59.74269
Eastern Asia (excluding Japan and China),2010.0,66.41842
Eastern Asia (excluding Japan and China),2011.0,90.19701
Eastern Asia (excluding Japan and China),2012.0,233.46551
Eastern Asia (excluding Japan and China),2013.0,132.01939
Eastern Asia (excluding Japan and China),2014.0,90.72845
Eastern Asia (excluding Japan and China),2015.0,141.24046
Eastern Asia (excluding Japan and China),2016.0,600.30684
Eastern Asia (excluding Japan and China),2017.0,193.26576
Eastern Asia (excluding Japan and China),2018.0,168.52656
Equatorial Guinea,2000.0,2.49029
Equatorial Guinea,2001.0,5.46471
Equatorial Guinea,2002.0,1.53528
Equatorial Guinea,2003.0,5.66688
Equatorial Guinea,2004.0,2.74861
Equatorial Guinea,2005.0,8.79598
Equatorial Guinea,2006.0,7.52181
Equatorial Guinea,2007.0,4.83612
Equatorial Guinea,2008.0,3.58745
Equatorial Guinea,2009.0,11.0491
Equatorial Guinea,2010.0,10.63597
Equatorial Guinea,2011.0,3.59506
Equatorial Guinea,2012.0,7.06092
Equatorial Guinea,2013.0,1.8417
Equatorial Guinea,2014.0,2.43773
Equatorial Guinea,2015.0,2.0146
Equatorial Guinea,2016.0,2.54927
Equatorial Guinea,2017.0,2.17485
Equatorial Guinea,2018.0,2.01071
Ethiopia,2000.0,106.35732
Ethiopia,2001.0,212.03459
Ethiopia,2002.0,139.02735
Ethiopia,2003.0,82.87919
Ethiopia,2004.0,186.00218
Ethiopia,2005.0,132.37522
Ethiopia,2006.0,180.44024
Ethiopia,2007.0,278.86694
Ethiopia,2008.0,379.75406
Ethiopia,2009.0,862.06413
Ethiopia,2010.0,399.80831
Ethiopia,2011.0,440.29718
Ethiopia,2012.0,451.89026
Ethiopia,2013.0,317.89314
Ethiopia,2014.0,484.6113
Ethiopia,2015.0,197.03042
Ethiopia,2016.0,187.63581
Ethiopia,2017.0,243.76543
Ethiopia,2018.0,540.68626
Eritrea,2000.0,73.33482
Eritrea,2001.0,17.84222
Eritrea,2002.0,33.92703
Eritrea,2003.0,25.95315
Eritrea,2004.0,35.15408
Eritrea,2005.0,26.14551
Eritrea,2006.0,13.53364
Eritrea,2007.0,10.75342
Eritrea,2008.0,11.36554
Eritrea,2009.0,20.51092
Eritrea,2010.0,19.86774
Eritrea,2011.0,18.55603
Eritrea,2012.0,11.78064
Eritrea,2013.0,5.72849
Eritrea,2014.0,6.62204
Eritrea,2015.0,44.00919
Eritrea,2016.0,5.59388
Eritrea,2017.0,5.59935
Eritrea,2018.0,5.99933
Fiji,2000.0,1.77303
Fiji,2001.0,15.87887
Fiji,2002.0,5.93993
Fiji,2003.0,13.2416
Fiji,2004.0,17.01873
Fiji,2005.0,30.2321
Fiji,2006.0,23.31675
Fiji,2007.0,27.59498
Fiji,2008.0,18.02719
Fiji,2009.0,22.07927
Fiji,2010.0,16.37119
Fiji,2011.0,12.90602
Fiji,2012.0,11.44171
Fiji,2013.0,11.59019
Fiji,2014.0,12.25726
Fiji,2015.0,13.17977
Fiji,2016.0,16.06889
Fiji,2017.0,39.16733
Fiji,2018.0,44.11353
Djibouti,2000.0,18.0203
Djibouti,2001.0,22.25529
Djibouti,2002.0,11.48872
Djibouti,2003.0,9.70346
Djibouti,2004.0,8.18938
Djibouti,2005.0,6.4725
Djibouti,2006.0,7.30696
Djibouti,2007.0,7.8462
Djibouti,2008.0,17.04408
Djibouti,2009.0,106.87808
Djibouti,2010.0,18.47583
Djibouti,2011.0,21.41168
Djibouti,2012.0,15.80722
Djibouti,2013.0,11.92624
Djibouti,2014.0,11.48195
Djibouti,2015.0,22.45862
Djibouti,2016.0,14.74808
Djibouti,2017.0,13.48859
Djibouti,2018.0,28.32714
Gabon,2000.0,42.77581
Gabon,2001.0,30.209
Gabon,2002.0,14.48133
Gabon,2003.0,10.95523
Gabon,2004.0,8.60191
Gabon,2005.0,12.61614
Gabon,2006.0,11.55333
Gabon,2007.0,13.40808
Gabon,2008.0,28.38549
Gabon,2009.0,7.49168
Gabon,2010.0,50.99861
Gabon,2011.0,102.78495
Gabon,2012.0,9.09239
Gabon,2013.0,7.08086
Gabon,2014.0,9.31543
Gabon,2015.0,13.82464
Gabon,2016.0,11.07348
Gabon,2017.0,68.75937
Gabon,2018.0,23.79454
Georgia,2000.0,15.25008
Georgia,2001.0,102.23811
Georgia,2002.0,84.07858
Georgia,2003.0,64.93815
Georgia,2004.0,62.93315
Georgia,2005.0,90.02541
Georgia,2006.0,128.06453
Georgia,2007.0,97.52602
Georgia,2008.0,100.30812
Georgia,2009.0,116.44811
Georgia,2010.0,69.01645
Georgia,2011.0,69.80581
Georgia,2012.0,126.92339
Georgia,2013.0,111.08274
Georgia,2014.0,204.59647
Georgia,2015.0,202.44008
Georgia,2016.0,129.13661
Georgia,2017.0,190.83633
Georgia,2018.0,276.38213
Gambia,2000.0,15.33104
Gambia,2001.0,25.17946
Gambia,2002.0,15.21066
Gambia,2003.0,23.21652
Gambia,2004.0,20.5575
Gambia,2005.0,16.97458
Gambia,2006.0,17.80252
Gambia,2007.0,11.98775
Gambia,2008.0,11.9407
Gambia,2009.0,13.72182
Gambia,2010.0,13.87171
Gambia,2011.0,19.68729
Gambia,2012.0,14.37613
Gambia,2013.0,26.81894
Gambia,2014.0,13.85323
Gambia,2015.0,17.87403
Gambia,2016.0,14.8237
Gambia,2017.0,65.98964
Gambia,2018.0,31.67326
Palestine,2000.0,178.166
Palestine,2001.0,103.6208
Palestine,2002.0,151.51679
Palestine,2003.0,175.68496
Palestine,2004.0,103.75857
Palestine,2005.0,160.09151
Palestine,2006.0,206.12269
Palestine,2007.0,198.06678
Palestine,2008.0,248.70568
Palestine,2009.0,400.53049
Palestine,2010.0,304.46799
Palestine,2011.0,281.36364
Palestine,2012.0,168.56305
Palestine,2013.0,210.65516
Palestine,2014.0,235.69003
Palestine,2015.0,168.95661
Palestine,2016.0,117.26167
Palestine,2017.0,228.29695
Palestine,2018.0,240.78397
Ghana,2000.0,160.16836
Ghana,2001.0,239.69303
Ghana,2002.0,125.32445
Ghana,2003.0,234.2457
Ghana,2004.0,298.84011
Ghana,2005.0,241.07833
Ghana,2006.0,260.84269
Ghana,2007.0,276.2744
Ghana,2008.0,298.7079
Ghana,2009.0,293.11957
Ghana,2010.0,375.92353
Ghana,2011.0,365.32695
Ghana,2012.0,320.03841
Ghana,2013.0,297.89034
Ghana,2014.0,231.40527
Ghana,2015.0,291.12118
Ghana,2016.0,236.73793
Ghana,2017.0,312.87864
Ghana,2018.0,164.17283
Kiribati,2000.0,14.13889
Kiribati,2001.0,11.36391
Kiribati,2002.0,9.67732
Kiribati,2003.0,7.76355
Kiribati,2004.0,3.92813
Kiribati,2005.0,4.83719
Kiribati,2006.0,6.71347
Kiribati,2007.0,7.77246
Kiribati,2008.0,11.43919
Kiribati,2009.0,4.34402
Kiribati,2010.0,4.66138
Kiribati,2011.0,18.97151
Kiribati,2012.0,4.34137
Kiribati,2013.0,4.70206
Kiribati,2014.0,9.40106
Kiribati,2015.0,7.40643
Kiribati,2016.0,5.36261
Kiribati,2017.0,20.85858
Kiribati,2018.0,11.08386
Grenada,2000.0,4.58564
Grenada,2001.0,2.15447
Grenada,2002.0,1.52454
Grenada,2003.0,0.48248
Grenada,2004.0,0.60702
Grenada,2005.0,1.98947
Grenada,2006.0,2.27242
Grenada,2007.0,2.57341
Grenada,2008.0,1.26476
Grenada,2009.0,2.31607
Grenada,2010.0,4.16014
Grenada,2011.0,1.37375
Grenada,2012.0,1.37568
Grenada,2013.0,6.33919
Grenada,2014.0,6.88309
Grenada,2015.0,13.33897
Grenada,2016.0,1.64371
Grenada,2017.0,3.73316
Grenada,2018.0,10.52494
Guatemala,2000.0,42.48545
Guatemala,2001.0,62.94167
Guatemala,2002.0,106.71385
Guatemala,2003.0,52.35936
Guatemala,2004.0,88.60533
Guatemala,2005.0,51.15379
Guatemala,2006.0,112.16224
Guatemala,2007.0,71.25807
Guatemala,2008.0,102.17041
Guatemala,2009.0,144.23721
Guatemala,2010.0,125.78975
Guatemala,2011.0,105.09205
Guatemala,2012.0,195.09307
Guatemala,2013.0,150.47457
Guatemala,2014.0,89.65264
Guatemala,2015.0,49.09661
Guatemala,2016.0,78.53983
Guatemala,2017.0,95.30787
Guatemala,2018.0,294.15309
Guinea,2000.0,63.45109
Guinea,2001.0,94.82731
Guinea,2002.0,77.16435
Guinea,2003.0,59.94079
Guinea,2004.0,60.45121
Guinea,2005.0,35.67282
Guinea,2006.0,46.4681
Guinea,2007.0,46.49446
Guinea,2008.0,43.40272
Guinea,2009.0,28.33926
Guinea,2010.0,16.87889
Guinea,2011.0,44.83301
Guinea,2012.0,39.82188
Guinea,2013.0,40.01948
Guinea,2014.0,71.51559
Guinea,2015.0,37.26139
Guinea,2016.0,72.558
Guinea,2017.0,49.32914
Guinea,2018.0,91.99637
Guyana,2000.0,53.57117
Guyana,2001.0,35.82004
Guyana,2002.0,8.07884
Guyana,2003.0,16.14575
Guyana,2004.0,10.33333
Guyana,2005.0,13.23383
Guyana,2006.0,18.32994
Guyana,2007.0,10.48116
Guyana,2008.0,14.9357
Guyana,2009.0,48.23987
Guyana,2010.0,46.39605
Guyana,2011.0,41.9304
Guyana,2012.0,33.13681
Guyana,2013.0,29.45469
Guyana,2014.0,89.83007
Guyana,2015.0,27.00574
Guyana,2016.0,18.4074
Guyana,2017.0,20.3833
Guyana,2018.0,61.19874
Haiti,2000.0,39.396
Haiti,2001.0,84.65764
Haiti,2002.0,27.957
Haiti,2003.0,43.65818
Haiti,2004.0,45.12266
Haiti,2005.0,99.313
Haiti,2006.0,104.8796
Haiti,2007.0,120.40537
Haiti,2008.0,93.94272
Haiti,2009.0,147.14587
Haiti,2010.0,105.42877
Haiti,2011.0,187.02675
Haiti,2012.0,231.29044
Haiti,2013.0,159.28437
Haiti,2014.0,125.03459
Haiti,2015.0,117.64685
Haiti,2016.0,107.94037
Haiti,2017.0,104.99806
Haiti,2018.0,88.58991
Honduras,2000.0,154.69493
Honduras,2001.0,114.73023
Honduras,2002.0,30.72331
Honduras,2003.0,40.81805
Honduras,2004.0,89.19777
Honduras,2005.0,97.25662
Honduras,2006.0,63.84917
Honduras,2007.0,63.12137
Honduras,2008.0,80.53529
Honduras,2009.0,81.55954
Honduras,2010.0,99.68158
Honduras,2011.0,139.67516
Honduras,2012.0,151.48843
Honduras,2013.0,157.1689
Honduras,2014.0,217.05913
Honduras,2015.0,128.21218
Honduras,2016.0,136.57637
Honduras,2017.0,175.70845
Honduras,2018.0,273.13076
India,2000.0,432.26237
India,2001.0,750.32598
India,2002.0,609.47748
India,2003.0,393.77414
India,2004.0,578.43518
India,2005.0,535.51139
India,2006.0,369.36542
India,2007.0,384.89858
India,2008.0,420.94144
India,2009.0,761.0951
India,2010.0,1658.603
India,2011.0,737.69553
India,2012.0,364.43948
India,2013.0,386.3412
India,2014.0,495.69155
India,2015.0,477.29118
India,2016.0,573.23175
India,2017.0,483.089
India,2018.0,660.92691
Indonesia,2000.0,298.31274
Indonesia,2001.0,1282.8127
Indonesia,2002.0,243.69472
Indonesia,2003.0,288.57635
Indonesia,2004.0,391.8184
Indonesia,2005.0,602.92625
Indonesia,2006.0,721.34975
Indonesia,2007.0,774.58956
Indonesia,2008.0,1367.97844
Indonesia,2009.0,1366.82695
Indonesia,2010.0,2089.59608
Indonesia,2011.0,591.70577
Indonesia,2012.0,952.42102
Indonesia,2013.0,1047.04257
Indonesia,2014.0,451.02953
Indonesia,2015.0,3475.67265
Indonesia,2016.0,1077.41107
Indonesia,2017.0,1199.56372
Indonesia,2018.0,2098.30146
Iran,2000.0,160.45362
Iran,2001.0,105.93955
Iran,2002.0,6.10917
Iran,2003.0,7.12011
Iran,2004.0,15.68988
Iran,2005.0,57.1868
Iran,2006.0,62.22424
Iran,2007.0,72.90584
Iran,2008.0,35.94546
Iran,2009.0,35.8772
Iran,2010.0,8.93751
Iran,2011.0,8.66853
Iran,2012.0,7.83945
Iran,2013.0,7.23466
Iran,2014.0,7.37541
Iran,2015.0,10.20393
Iran,2016.0,12.36281
Iran,2017.0,12.22171
Iran,2018.0,10.86568
Iraq,2000.0,1.31802
Iraq,2001.0,1.72212
Iraq,2002.0,0.85188
Iraq,2003.0,90.95796
Iraq,2004.0,872.30003
Iraq,2005.0,3824.76321
Iraq,2006.0,2281.2717
Iraq,2007.0,1222.51835
Iraq,2008.0,1404.30322
Iraq,2009.0,854.02647
Iraq,2010.0,597.24336
Iraq,2011.0,136.77833
Iraq,2012.0,102.28576
Iraq,2013.0,102.55322
Iraq,2014.0,71.18407
Iraq,2015.0,558.93978
Iraq,2016.0,782.83196
Iraq,2017.0,114.20839
Iraq,2018.0,119.30635
Cote d'Ivoire,2000.0,51.20564
Cote d'Ivoire,2001.0,44.93813
Cote d'Ivoire,2002.0,78.06388
Cote d'Ivoire,2003.0,31.25363
Cote d'Ivoire,2004.0,23.80207
Cote d'Ivoire,2005.0,19.48144
Cote d'Ivoire,2006.0,12.16686
Cote d'Ivoire,2007.0,41.26998
Cote d'Ivoire,2008.0,165.06112
Cote d'Ivoire,2009.0,173.29881
Cote d'Ivoire,2010.0,89.16072
Cote d'Ivoire,2011.0,52.82247
Cote d'Ivoire,2012.0,42.33582
Cote d'Ivoire,2013.0,101.01598
Cote d'Ivoire,2014.0,158.04686
Cote d'Ivoire,2015.0,125.55667
Cote d'Ivoire,2016.0,67.04322
Cote d'Ivoire,2017.0,149.0444
Cote d'Ivoire,2018.0,141.57536
Jamaica,2000.0,634.22439
Jamaica,2001.0,46.53186
Jamaica,2002.0,69.60387
Jamaica,2003.0,25.29985
Jamaica,2004.0,21.65683
Jamaica,2005.0,27.80496
Jamaica,2006.0,15.76164
Jamaica,2007.0,12.57999
Jamaica,2008.0,7.89941
Jamaica,2009.0,175.22698
Jamaica,2010.0,163.97208
Jamaica,2011.0,120.30645
Jamaica,2012.0,34.5618
Jamaica,2013.0,40.38937
Jamaica,2014.0,91.59923
Jamaica,2015.0,78.70178
Jamaica,2016.0,30.8188
Jamaica,2017.0,51.11494
Jamaica,2018.0,97.71367
Kazakhstan,2000.0,75.07797
Kazakhstan,2001.0,51.32777
Kazakhstan,2002.0,37.75507
Kazakhstan,2003.0,38.2287
Kazakhstan,2004.0,34.83955
Kazakhstan,2005.0,27.24564
Kazakhstan,2006.0,25.89868
Kazakhstan,2007.0,51.98208
Kazakhstan,2008.0,173.23492
Kazakhstan,2009.0,27.84142
Kazakhstan,2010.0,486.7909
Kazakhstan,2011.0,149.14972
Kazakhstan,2012.0,68.61229
Kazakhstan,2013.0,71.41545
Kazakhstan,2014.0,249.91494
Kazakhstan,2015.0,504.74946
Kazakhstan,2016.0,1087.73339
Kazakhstan,2017.0,195.27406
Kazakhstan,2018.0,95.23801
Jordan,2000.0,186.70273
Jordan,2001.0,143.93121
Jordan,2002.0,134.45377
Jordan,2003.0,71.74371
Jordan,2004.0,107.40593
Jordan,2005.0,165.92991
Jordan,2006.0,158.14009
Jordan,2007.0,278.54775
Jordan,2008.0,124.79308
Jordan,2009.0,296.34932
Jordan,2010.0,154.71863
Jordan,2011.0,119.95119
Jordan,2012.0,254.26016
Jordan,2013.0,200.15018
Jordan,2014.0,546.95264
Jordan,2015.0,418.86245
Jordan,2016.0,795.84741
Jordan,2017.0,934.98941
Jordan,2018.0,1369.06179
Kenya,2000.0,197.4579
Kenya,2001.0,110.99567
Kenya,2002.0,45.60296
Kenya,2003.0,87.75683
Kenya,2004.0,105.3773
Kenya,2005.0,103.47366
Kenya,2006.0,144.48107
Kenya,2007.0,172.67223
Kenya,2008.0,160.53355
Kenya,2009.0,145.52252
Kenya,2010.0,230.01066
Kenya,2011.0,245.28512
Kenya,2012.0,272.34411
Kenya,2013.0,334.25665
Kenya,2014.0,321.68145
Kenya,2015.0,421.63457
Kenya,2016.0,469.69101
Kenya,2017.0,365.3484
Kenya,2018.0,382.57888
North Korea,2000.0,2.44243
North Korea,2001.0,5.13355
North Korea,2002.0,2.40661
North Korea,2003.0,2.6983
North Korea,2004.0,1.0612
North Korea,2005.0,5.47661
North Korea,2006.0,2.3779
North Korea,2007.0,1.86984
North Korea,2008.0,17.02963
North Korea,2009.0,0.79293
North Korea,2010.0,1.0528
North Korea,2011.0,3.38007
North Korea,2012.0,4.05094
North Korea,2013.0,3.28766
North Korea,2014.0,4.44228
North Korea,2015.0,4.57081
North Korea,2016.0,2.93528
North Korea,2017.0,2.01587
North Korea,2018.0,2.61205
Kyrgyzstan,2000.0,104.31963
Kyrgyzstan,2001.0,88.47947
Kyrgyzstan,2002.0,38.27551
Kyrgyzstan,2003.0,24.83223
Kyrgyzstan,2004.0,28.94445
Kyrgyzstan,2005.0,32.46896
Kyrgyzstan,2006.0,54.24683
Kyrgyzstan,2007.0,45.64237
Kyrgyzstan,2008.0,56.20011
Kyrgyzstan,2009.0,53.33115
Kyrgyzstan,2010.0,53.91005
Kyrgyzstan,2011.0,84.74902
Kyrgyzstan,2012.0,102.6083
Kyrgyzstan,2013.0,145.20702
Kyrgyzstan,2014.0,74.81017
Kyrgyzstan,2015.0,95.61377
Kyrgyzstan,2016.0,160.49818
Kyrgyzstan,2017.0,87.41154
Kyrgyzstan,2018.0,80.27112
Laos,2000.0,56.79303
Laos,2001.0,29.34991
Laos,2002.0,18.33388
Laos,2003.0,37.64748
Laos,2004.0,42.00691
Laos,2005.0,55.93067
Laos,2006.0,66.97585
Laos,2007.0,62.99856
Laos,2008.0,65.70512
Laos,2009.0,65.03199
Laos,2010.0,100.06433
Laos,2011.0,94.20162
Laos,2012.0,85.34166
Laos,2013.0,82.55448
Laos,2014.0,67.25334
Laos,2015.0,67.04336
Laos,2016.0,60.58931
Laos,2017.0,93.3397
Laos,2018.0,137.30233
Latin America and the Caribbean,2000.0,7862.46822
Latin America and the Caribbean,2001.0,11178.8708
Latin America and the Caribbean,2002.0,2641.35371
Latin America and the Caribbean,2003.0,3160.76551
Latin America and the Caribbean,2004.0,2109.86678
Latin America and the Caribbean,2005.0,1883.10661
Latin America and the Caribbean,2006.0,2769.55543
Latin America and the Caribbean,2007.0,1986.00325
Latin America and the Caribbean,2008.0,3613.52418
Latin America and the Caribbean,2009.0,9729.31563
Latin America and the Caribbean,2010.0,6614.39728
Latin America and the Caribbean,2011.0,5546.28926
Latin America and the Caribbean,2012.0,5122.75657
Latin America and the Caribbean,2013.0,6280.95211
Latin America and the Caribbean,2014.0,5894.45799
Latin America and the Caribbean,2015.0,5448.84664
Latin America and the Caribbean,2016.0,5441.85142
Latin America and the Caribbean,2017.0,7394.54112
Latin America and the Caribbean,2018.0,6476.05481
Lebanon,2000.0,119.87897
Lebanon,2001.0,153.84547
Lebanon,2002.0,45.15267
Lebanon,2003.0,43.86023
Lebanon,2004.0,31.67085
Lebanon,2005.0,40.82876
Lebanon,2006.0,71.50032
Lebanon,2007.0,125.88344
Lebanon,2008.0,188.45685
Lebanon,2009.0,48.64888
Lebanon,2010.0,43.39189
Lebanon,2011.0,46.39927
Lebanon,2012.0,52.28417
Lebanon,2013.0,52.14781
Lebanon,2014.0,57.98852
Lebanon,2015.0,64.24284
Lebanon,2016.0,64.63902
Lebanon,2017.0,198.06924
Lebanon,2018.0,94.08777
Lesotho,2000.0,25.8072
Lesotho,2001.0,11.37025
Lesotho,2002.0,13.19215
Lesotho,2003.0,12.64567
Lesotho,2004.0,17.58998
Lesotho,2005.0,9.42932
Lesotho,2006.0,13.27728
Lesotho,2007.0,16.77692
Lesotho,2008.0,16.05884
Lesotho,2009.0,23.72855
Lesotho,2010.0,26.67124
Lesotho,2011.0,18.59212
Lesotho,2012.0,22.48975
Lesotho,2013.0,36.1838
Lesotho,2014.0,14.61383
Lesotho,2015.0,11.19351
Lesotho,2016.0,17.94283
Lesotho,2017.0,14.75165
Lesotho,2018.0,22.88995
Liberia,2000.0,4.52622
Liberia,2001.0,5.97258
Liberia,2002.0,0.99962
Liberia,2003.0,1.37519
Liberia,2004.0,4.9152
Liberia,2005.0,21.90014
Liberia,2006.0,22.39497
Liberia,2007.0,321.07435
Liberia,2008.0,69.06284
Liberia,2009.0,68.38824
Liberia,2010.0,59.76714
Liberia,2011.0,81.43358
Liberia,2012.0,88.79164
Liberia,2013.0,94.83073
Liberia,2014.0,72.01215
Liberia,2015.0,100.38443
Liberia,2016.0,98.58832
Liberia,2017.0,94.31796
Liberia,2018.0,99.29687
Landlocked developing countries (LLDCs),2000.0,3213.76466
Landlocked developing countries (LLDCs),2001.0,2415.21474
Landlocked developing countries (LLDCs),2002.0,1472.99722
Landlocked developing countries (LLDCs),2003.0,1828.32041
Landlocked developing countries (LLDCs),2004.0,2227.73306
Landlocked developing countries (LLDCs),2005.0,2612.70354
Landlocked developing countries (LLDCs),2006.0,3183.95885
Landlocked developing countries (LLDCs),2007.0,3421.99889
Landlocked developing countries (LLDCs),2008.0,4020.66737
Landlocked developing countries (LLDCs),2009.0,5020.95587
Landlocked developing countries (LLDCs),2010.0,4537.72729
Landlocked developing countries (LLDCs),2011.0,4906.21812
Landlocked developing countries (LLDCs),2012.0,4905.04094
Landlocked developing countries (LLDCs),2013.0,4051.70749
Landlocked developing countries (LLDCs),2014.0,4248.3148
Landlocked developing countries (LLDCs),2015.0,4669.09921
Landlocked developing countries (LLDCs),2016.0,5807.67756
Landlocked developing countries (LLDCs),2017.0,4878.51422
Landlocked developing countries (LLDCs),2018.0,5363.08482
Libya,2005.0,0.34262
Libya,2006.0,0.44989
Libya,2007.0,2.34276
Libya,2008.0,9.37991
Libya,2009.0,0.04586
Libya,2010.0,1.75748
Libya,2011.0,20.67121
Libya,2012.0,29.11333
Libya,2013.0,11.93257
Libya,2014.0,20.68959
Libya,2015.0,6.9711
Libya,2016.0,12.78823
Libya,2017.0,46.50695
Libya,2018.0,34.13058
Madagascar,2000.0,76.05828
Madagascar,2001.0,148.35654
Madagascar,2002.0,91.3294
Madagascar,2003.0,96.51011
Madagascar,2004.0,127.12861
Madagascar,2005.0,128.39068
Madagascar,2006.0,112.81229
Madagascar,2007.0,129.58343
Madagascar,2008.0,187.81224
Madagascar,2009.0,120.88406
Madagascar,2010.0,61.81831
Madagascar,2011.0,54.13466
Madagascar,2012.0,48.8346
Madagascar,2013.0,48.48838
Madagascar,2014.0,80.93814
Madagascar,2015.0,59.48285
Madagascar,2016.0,45.58728
Madagascar,2017.0,104.29055
Madagascar,2018.0,74.54868
Malawi,2000.0,113.8647
Malawi,2001.0,45.14936
Malawi,2002.0,52.70371
Malawi,2003.0,82.92409
Malawi,2004.0,56.97061
Malawi,2005.0,79.64499
Malawi,2006.0,113.39572
Malawi,2007.0,102.84243
Malawi,2008.0,78.37819
Malawi,2009.0,95.64126
Malawi,2010.0,111.09058
Malawi,2011.0,65.1597
Malawi,2012.0,101.76325
Malawi,2013.0,117.04442
Malawi,2014.0,111.22499
Malawi,2015.0,174.52728
Malawi,2016.0,138.61056
Malawi,2017.0,183.48686
Malawi,2018.0,140.01648
Malaysia,2000.0,34.82132
Malaysia,2001.0,8.09577
Malaysia,2002.0,2.54076
Malaysia,2003.0,20.79413
Malaysia,2004.0,26.55787
Malaysia,2005.0,22.13949
Malaysia,2006.0,22.80677
Malaysia,2007.0,13.83825
Malaysia,2008.0,12.80448
Malaysia,2009.0,14.08629
Malaysia,2010.0,30.46596
Malaysia,2011.0,12.63475
Malaysia,2012.0,11.7389
Malaysia,2013.0,13.75536
Malaysia,2014.0,12.40268
Malaysia,2015.0,11.6403
Malaysia,2016.0,11.11704
Malaysia,2017.0,13.45874
Malaysia,2018.0,10.1482
Maldives,2000.0,14.24958
Maldives,2001.0,6.75908
Maldives,2002.0,1.55066
Maldives,2003.0,1.73773
Maldives,2004.0,1.96916
Maldives,2005.0,1.58532
Maldives,2006.0,1.72526
Maldives,2007.0,1.87329
Maldives,2008.0,1.54047
Maldives,2009.0,2.13738
Maldives,2010.0,15.16538
Maldives,2011.0,15.8165
Maldives,2012.0,11.9419
Maldives,2013.0,8.65675
Maldives,2014.0,7.4613
Maldives,2015.0,6.17409
Maldives,2016.0,10.99138
Maldives,2017.0,7.66686
Maldives,2018.0,10.97222
Mali,2000.0,130.22558
Mali,2001.0,130.39367
Mali,2002.0,78.17913
Mali,2003.0,107.81611
Mali,2004.0,101.77333
Mali,2005.0,200.94345
Mali,2006.0,190.89746
Mali,2007.0,195.79407
Mali,2008.0,190.03003
Mali,2009.0,200.65149
Mali,2010.0,182.43422
Mali,2011.0,153.82947
Mali,2012.0,65.5937
Mali,2013.0,109.22476
Mali,2014.0,105.68466
Mali,2015.0,199.19252
Mali,2016.0,142.31266
Mali,2017.0,137.86474
Mali,2018.0,229.72577
Malta,2000.0,0.42991
Malta,2001.0,7.30175
Malta,2002.0,0.3971
Mauritania,2000.0,56.64651
Mauritania,2001.0,33.87346
Mauritania,2002.0,50.76512
Mauritania,2003.0,63.21371
Mauritania,2004.0,54.97113
Mauritania,2005.0,43.31963
Mauritania,2006.0,41.17064
Mauritania,2007.0,46.56936
Mauritania,2008.0,34.84465
Mauritania,2009.0,41.78675
Mauritania,2010.0,40.53859
Mauritania,2011.0,71.03589
Mauritania,2012.0,150.30829
Mauritania,2013.0,122.94191
Mauritania,2014.0,49.49803
Mauritania,2015.0,29.67971
Mauritania,2016.0,52.05941
Mauritania,2017.0,55.44287
Mauritania,2018.0,49.68323
Mauritius,2000.0,17.56933
Mauritius,2001.0,13.08057
Mauritius,2002.0,10.71548
Mauritius,2003.0,2.24221
Mauritius,2004.0,0.9911
Mauritius,2005.0,2.20474
Mauritius,2006.0,2.63121
Mauritius,2007.0,5.1554
Mauritius,2008.0,17.5131
Mauritius,2009.0,75.43701
Mauritius,2010.0,35.19242
Mauritius,2011.0,98.40804
Mauritius,2012.0,44.84327
Mauritius,2013.0,31.62474
Mauritius,2014.0,8.96985
Mauritius,2015.0,2.15053
Mauritius,2016.0,7.06489
Mauritius,2017.0,13.67238
Mauritius,2018.0,8.6935
Mexico,2000.0,2428.71244
Mexico,2001.0,1189.88467
Mexico,2002.0,672.27598
Mexico,2003.0,604.16753
Mexico,2004.0,335.88124
Mexico,2005.0,254.71765
Mexico,2006.0,308.62359
Mexico,2007.0,254.68822
Mexico,2008.0,1508.99567
Mexico,2009.0,3086.05013
Mexico,2010.0,2091.1819
Mexico,2011.0,2009.3561
Mexico,2012.0,746.58794
Mexico,2013.0,1283.48371
Mexico,2014.0,1128.43711
Mexico,2015.0,330.19132
Mexico,2016.0,691.45517
Mexico,2017.0,1689.26958
Mexico,2018.0,731.10284
Mongolia,2000.0,38.40527
Mongolia,2001.0,60.59358
Mongolia,2002.0,18.19766
Mongolia,2003.0,38.06011
Mongolia,2004.0,35.47178
Mongolia,2005.0,29.7348
Mongolia,2006.0,39.71893
Mongolia,2007.0,48.95891
Mongolia,2008.0,45.55157
Mongolia,2009.0,58.94975
Mongolia,2010.0,65.36562
Mongolia,2011.0,86.81693
Mongolia,2012.0,229.41457
Mongolia,2013.0,128.73173
Mongolia,2014.0,86.28617
Mongolia,2015.0,136.66965
Mongolia,2016.0,597.37156
Mongolia,2017.0,191.24989
Mongolia,2018.0,165.91451
Moldova,2000.0,41.46541
Moldova,2001.0,62.86447
Moldova,2002.0,48.89919
Moldova,2003.0,43.21064
Moldova,2004.0,51.34511
Moldova,2005.0,61.08732
Moldova,2006.0,65.79356
Moldova,2007.0,50.39075
Moldova,2008.0,50.9756
Moldova,2009.0,47.15197
Moldova,2010.0,70.70315
Moldova,2011.0,69.65289
Moldova,2012.0,56.64957
Moldova,2013.0,47.13438
Moldova,2014.0,61.19198
Moldova,2015.0,36.42644
Moldova,2016.0,45.91842
Moldova,2017.0,41.97942
Moldova,2018.0,61.45393
Montenegro,2002.0,0.075
Montenegro,2003.0,3.0549
Montenegro,2004.0,8.96746
Montenegro,2005.0,0.82397
Montenegro,2006.0,30.19536
Montenegro,2007.0,32.99611
Montenegro,2008.0,25.84335
Montenegro,2009.0,21.03935
Montenegro,2010.0,25.50231
Montenegro,2011.0,34.18106
Montenegro,2012.0,65.33478
Montenegro,2013.0,19.06924
Montenegro,2014.0,26.40237
Montenegro,2015.0,32.50999
Montenegro,2016.0,23.56729
Montenegro,2017.0,45.16089
Montenegro,2018.0,27.29281
Montserrat,2000.0,10.89537
Montserrat,2001.0,2.58388
Montserrat,2002.0,10.8365
Montserrat,2003.0,4.13485
Montserrat,2004.0,4.66073
Montserrat,2005.0,3.62104
Montserrat,2006.0,6.06254
Montserrat,2007.0,20.97636
Montserrat,2008.0,3.00048
Montserrat,2009.0,37.0237
Montserrat,2010.0,10.82429
Montserrat,2011.0,10.04629
Montserrat,2012.0,18.11277
Montserrat,2013.0,29.75029
Montserrat,2014.0,24.86972
Montserrat,2015.0,38.06985
Montserrat,2016.0,29.18719
Montserrat,2017.0,28.37012
Montserrat,2018.0,34.70872
Morocco,2000.0,502.21811
Morocco,2001.0,283.49674
Morocco,2002.0,71.42474
Morocco,2003.0,208.03336
Morocco,2004.0,300.68051
Morocco,2005.0,466.43334
Morocco,2006.0,553.67416
Morocco,2007.0,414.85108
Morocco,2008.0,652.86661
Morocco,2009.0,621.14632
Morocco,2010.0,287.90336
Morocco,2011.0,603.6465
Morocco,2012.0,437.74002
Morocco,2013.0,629.21117
Morocco,2014.0,397.26324
Morocco,2015.0,740.71826
Morocco,2016.0,585.9888
Morocco,2017.0,649.37816
Morocco,2018.0,464.93335
Mozambique,2000.0,305.35265
Mozambique,2001.0,316.73553
Mozambique,2002.0,326.15143
Mozambique,2003.0,294.43367
Mozambique,2004.0,259.27644
Mozambique,2005.0,261.85428
Mozambique,2006.0,282.57696
Mozambique,2007.0,288.29582
Mozambique,2008.0,286.38122
Mozambique,2009.0,303.31701
Mozambique,2010.0,357.29957
Mozambique,2011.0,252.28129
Mozambique,2012.0,272.24294
Mozambique,2013.0,313.1093
Mozambique,2014.0,327.12541
Mozambique,2015.0,336.05896
Mozambique,2016.0,272.30888
Mozambique,2017.0,259.4306
Mozambique,2018.0,274.34835
Oman,2000.0,76.30052
Oman,2001.0,0.14776
Oman,2002.0,1.72742
Oman,2003.0,1.17235
Oman,2004.0,1.83833
Oman,2005.0,0.88112
Oman,2006.0,1.11465
Oman,2007.0,9.35913
Oman,2008.0,2.13506
Oman,2009.0,1.55892
Oman,2010.0,3.85384
"Developed regions (Europe, Cyprus, Israel, Northern America, Japan, Australia & New Zealand)",2000.0,650.00647
"Developed regions (Europe, Cyprus, Israel, Northern America, Japan, Australia & New Zealand)",2001.0,974.3496
"Developed regions (Europe, Cyprus, Israel, Northern America, Japan, Australia & New Zealand)",2002.0,674.70356
"Developed regions (Europe, Cyprus, Israel, Northern America, Japan, Australia & New Zealand)",2003.0,530.33657
"Developed regions (Europe, Cyprus, Israel, Northern America, Japan, Australia & New Zealand)",2004.0,454.71427
"Developed regions (Europe, Cyprus, Israel, Northern America, Japan, Australia & New Zealand)",2005.0,1000.51458
"Developed regions (Europe, Cyprus, Israel, Northern America, Japan, Australia & New Zealand)",2006.0,1150.01432
"Developed regions (Europe, Cyprus, Israel, Northern America, Japan, Australia & New Zealand)",2007.0,944.38342
"Developed regions (Europe, Cyprus, Israel, Northern America, Japan, Australia & New Zealand)",2008.0,1158.68241
"Developed regions (Europe, Cyprus, Israel, Northern America, Japan, Australia & New Zealand)",2009.0,1286.51598
"Developed regions (Europe, Cyprus, Israel, Northern America, Japan, Australia & New Zealand)",2010.0,909.53702
"Developed regions (Europe, Cyprus, Israel, Northern America, Japan, Australia & New Zealand)",2011.0,701.67555
"Developed regions (Europe, Cyprus, Israel, Northern America, Japan, Australia & New Zealand)",2012.0,702.98197
"Developed regions (Europe, Cyprus, Israel, Northern America, Japan, Australia & New Zealand)",2013.0,732.75378
"Developed regions (Europe, Cyprus, Israel, Northern America, Japan, Australia & New Zealand)",2014.0,1285.11978
"Developed regions (Europe, Cyprus, Israel, Northern America, Japan, Australia & New Zealand)",2015.0,1009.4543
"Developed regions (Europe, Cyprus, Israel, Northern America, Japan, Australia & New Zealand)",2016.0,763.63556
"Developed regions (Europe, Cyprus, Israel, Northern America, Japan, Australia & New Zealand)",2017.0,1064.35018
"Developed regions (Europe, Cyprus, Israel, Northern America, Japan, Australia & New Zealand)",2018.0,934.41221
Developing regions,2000.0,20497.09284
Developing regions,2001.0,26597.55799
Developing regions,2002.0,12810.45517
Developing regions,2003.0,13217.76419
Developing regions,2004.0,15297.29362
Developing regions,2005.0,19076.9041
Developing regions,2006.0,19896.52765
Developing regions,2007.0,20458.95301
Developing regions,2008.0,23777.93461
Developing regions,2009.0,34386.87807
Developing regions,2010.0,31242.30953
Developing regions,2011.0,25843.4056
Developing regions,2012.0,25924.34669
Developing regions,2013.0,27618.04305
Developing regions,2014.0,28978.64646
Developing regions,2015.0,34834.22986
Developing regions,2016.0,33413.24328
Developing regions,2017.0,35242.97127
Developing regions,2018.0,36406.58257
Namibia,2000.0,35.36281
Namibia,2001.0,29.49432
Namibia,2002.0,32.21784
Namibia,2003.0,43.01031
Namibia,2004.0,35.44922
Namibia,2005.0,31.17845
Namibia,2006.0,28.67692
Namibia,2007.0,25.55891
Namibia,2008.0,22.88801
Namibia,2009.0,19.14791
Namibia,2010.0,23.09705
Namibia,2011.0,31.17925
Namibia,2012.0,47.39653
Namibia,2013.0,46.25844
Namibia,2014.0,49.00895
Namibia,2015.0,28.3937
Namibia,2016.0,18.16847
Namibia,2017.0,260.98089
Namibia,2018.0,229.61975
Nauru,2000.0,0.00655
Nauru,2001.0,1.46642
Nauru,2002.0,2.50486
Nauru,2003.0,3.99761
Nauru,2004.0,0.13977
Nauru,2005.0,3.47634
Nauru,2006.0,19.88686
Nauru,2007.0,24.69922
Nauru,2008.0,26.68319
Nauru,2009.0,15.92265
Nauru,2010.0,15.67579
Nauru,2011.0,16.13462
Nauru,2012.0,5.30244
Nauru,2013.0,3.64969
Nauru,2014.0,5.12869
Nauru,2015.0,2.74134
Nauru,2016.0,9.99024
Nauru,2017.0,4.88401
Nauru,2018.0,10.36756
Nepal,2000.0,19.7058
Nepal,2001.0,157.71992
Nepal,2002.0,49.9457
Nepal,2003.0,121.55637
Nepal,2004.0,81.8969
Nepal,2005.0,75.94072
Nepal,2006.0,72.36831
Nepal,2007.0,71.16806
Nepal,2008.0,90.83215
Nepal,2009.0,123.98132
Nepal,2010.0,139.91102
Nepal,2011.0,193.17644
Nepal,2012.0,154.21036
Nepal,2013.0,206.34667
Nepal,2014.0,150.48798
Nepal,2015.0,144.27884
Nepal,2016.0,178.98615
Nepal,2017.0,247.14331
Nepal,2018.0,283.05125
Vanuatu,2000.0,9.09735
Vanuatu,2001.0,4.75288
Vanuatu,2002.0,11.10109
Vanuatu,2003.0,13.29699
Vanuatu,2004.0,10.73439
Vanuatu,2005.0,15.926
Vanuatu,2006.0,19.72229
Vanuatu,2007.0,17.66131
Vanuatu,2008.0,18.6112
Vanuatu,2009.0,27.87141
Vanuatu,2010.0,14.1053
Vanuatu,2011.0,13.66981
Vanuatu,2012.0,18.31228
Vanuatu,2013.0,12.58507
Vanuatu,2014.0,21.08799
Vanuatu,2015.0,23.39607
Vanuatu,2016.0,31.21614
Vanuatu,2017.0,17.99308
Vanuatu,2018.0,18.83707
Nicaragua,2000.0,123.32678
Nicaragua,2001.0,155.275
Nicaragua,2002.0,69.56387
Nicaragua,2003.0,68.67736
Nicaragua,2004.0,102.53301
Nicaragua,2005.0,110.76449
Nicaragua,2006.0,115.24844
Nicaragua,2007.0,147.7249
Nicaragua,2008.0,119.74865
Nicaragua,2009.0,151.99074
Nicaragua,2010.0,97.34102
Nicaragua,2011.0,167.68812
Nicaragua,2012.0,128.46341
Nicaragua,2013.0,147.33218
Nicaragua,2014.0,146.686
Nicaragua,2015.0,107.04069
Nicaragua,2016.0,143.69856
Nicaragua,2017.0,252.32698
Nicaragua,2018.0,88.54712
Niger,2000.0,46.2779
Niger,2001.0,68.17878
Niger,2002.0,55.24249
Niger,2003.0,51.45847
Niger,2004.0,65.03895
Niger,2005.0,70.02582
Niger,2006.0,61.82281
Niger,2007.0,80.40542
Niger,2008.0,80.45293
Niger,2009.0,55.28273
Niger,2010.0,61.95899
Niger,2011.0,67.13178
Niger,2012.0,69.08873
Niger,2013.0,92.98743
Niger,2014.0,85.42049
Niger,2015.0,104.38651
Niger,2016.0,188.44177
Niger,2017.0,290.64135
Niger,2018.0,312.74378
Nigeria,2000.0,183.30856
Nigeria,2001.0,86.04968
Nigeria,2002.0,134.63918
Nigeria,2003.0,107.75985
Nigeria,2004.0,195.3876
Nigeria,2005.0,221.48839
Nigeria,2006.0,228.18781
Nigeria,2007.0,170.86246
Nigeria,2008.0,157.53312
Nigeria,2009.0,190.17081
Nigeria,2010.0,382.2774
Nigeria,2011.0,279.38513
Nigeria,2012.0,274.36279
Nigeria,2013.0,428.69025
Nigeria,2014.0,386.49633
Nigeria,2015.0,493.90797
Nigeria,2016.0,352.15097
Nigeria,2017.0,301.66999
Nigeria,2018.0,337.8771
Niue,2000.0,0.0037
Niue,2001.0,0.1626
Niue,2002.0,5.55963
Niue,2003.0,1.61296
Niue,2004.0,0.66247
Niue,2005.0,2.31093
Niue,2006.0,1.5367
Niue,2007.0,1.23076
Niue,2008.0,3.94546
Niue,2009.0,1.98349
Niue,2010.0,3.03714
Niue,2011.0,10.72755
Niue,2012.0,6.77042
Niue,2013.0,6.13115
Niue,2014.0,4.6938
Niue,2015.0,13.43168
Niue,2016.0,6.88513
Niue,2017.0,5.7437
Niue,2018.0,2.84771
Micronesia (region),2001.0,1.38388
Micronesia (region),2002.0,0.74011
Micronesia (region),2003.0,7.57736
Micronesia (region),2004.0,63.4288
Micronesia (region),2005.0,66.64117
Micronesia (region),2006.0,61.33487
Micronesia (region),2007.0,59.17332
Micronesia (region),2008.0,60.92477
Micronesia (region),2009.0,68.42321
Micronesia (region),2010.0,1.69415
Micronesia (region),2011.0,1.96858
Micronesia (region),2012.0,33.81498
Micronesia (region),2013.0,1.98808
Micronesia (region),2014.0,56.39765
Micronesia (region),2015.0,27.5094
Micronesia (region),2016.0,10.79726
Micronesia (region),2017.0,5.86654
Micronesia (region),2018.0,10.48919
Marshall Islands,2001.0,17.83502
Marshall Islands,2002.0,0.50535
Marshall Islands,2003.0,4.73842
Marshall Islands,2004.0,24.75778
Marshall Islands,2005.0,26.256
Marshall Islands,2006.0,24.69013
Marshall Islands,2007.0,25.92177
Marshall Islands,2008.0,26.1109
Marshall Islands,2009.0,29.36425
Marshall Islands,2010.0,1.66304
Marshall Islands,2011.0,1.37726
Marshall Islands,2012.0,11.67935
Marshall Islands,2013.0,7.81102
Marshall Islands,2014.0,7.15336
Marshall Islands,2015.0,11.97317
Marshall Islands,2016.0,4.11786
Marshall Islands,2017.0,9.53508
Marshall Islands,2018.0,10.46147
Palau,2000.0,0.18385
Palau,2001.0,0.45824
Palau,2002.0,0.39004
Palau,2003.0,2.78192
Palau,2004.0,2.39907
Palau,2005.0,3.49695
Palau,2006.0,2.48519
Palau,2007.0,1.451
Palau,2008.0,1.89094
Palau,2009.0,1.49816
Palau,2010.0,1.64938
Palau,2011.0,4.57008
Palau,2012.0,1.48374
Palau,2013.0,1.78341
Palau,2014.0,12.82346
Palau,2015.0,1.70642
Palau,2016.0,1.72776
Palau,2017.0,1.80265
Palau,2018.0,2.44636
Pakistan,2000.0,565.39907
Pakistan,2001.0,401.2722
Pakistan,2002.0,390.50031
Pakistan,2003.0,75.41599
Pakistan,2004.0,352.50037
Pakistan,2005.0,382.63053
Pakistan,2006.0,229.96897
Pakistan,2007.0,714.94159
Pakistan,2008.0,296.8268
Pakistan,2009.0,413.25879
Pakistan,2010.0,544.32188
Pakistan,2011.0,607.0216
Pakistan,2012.0,376.26658
Pakistan,2013.0,481.18648
Pakistan,2014.0,1689.48719
Pakistan,2015.0,1605.01082
Pakistan,2016.0,1364.53015
Pakistan,2017.0,1271.8755
Pakistan,2018.0,499.29573
Panama,2000.0,111.89434
Panama,2001.0,160.79488
Panama,2002.0,8.3793
Panama,2003.0,13.57448
Panama,2004.0,16.96824
Panama,2005.0,13.61579
Panama,2006.0,20.18153
Panama,2007.0,55.351
Panama,2008.0,39.55335
Panama,2009.0,251.56399
Panama,2010.0,52.96702
Panama,2011.0,70.81733
Panama,2012.0,153.88257
Panama,2013.0,365.89703
Panama,2014.0,356.85532
Panama,2015.0,240.59641
Panama,2016.0,248.7359
Panama,2017.0,472.55705
Panama,2018.0,458.7687
Papua New Guinea,2000.0,187.39776
Papua New Guinea,2001.0,143.66587
Papua New Guinea,2002.0,67.40976
Papua New Guinea,2003.0,75.69786
Papua New Guinea,2004.0,75.21629
Papua New Guinea,2005.0,74.10144
Papua New Guinea,2006.0,87.28337
Papua New Guinea,2007.0,74.71504
Papua New Guinea,2008.0,79.60949
Papua New Guinea,2009.0,119.43764
Papua New Guinea,2010.0,156.04551
Papua New Guinea,2011.0,167.08607
Papua New Guinea,2012.0,173.98811
Papua New Guinea,2013.0,175.38564
Papua New Guinea,2014.0,168.57415
Papua New Guinea,2015.0,196.94725
Papua New Guinea,2016.0,148.87237
Papua New Guinea,2017.0,154.87583
Papua New Guinea,2018.0,278.80606
Paraguay,2000.0,801.64463
Paraguay,2001.0,180.89093
Paraguay,2002.0,12.30421
Paraguay,2003.0,52.96757
Paraguay,2004.0,42.26892
Paraguay,2005.0,19.7041
Paraguay,2006.0,31.94586
Paraguay,2007.0,18.63369
Paraguay,2008.0,19.70158
Paraguay,2009.0,119.80215
Paraguay,2010.0,182.02679
Paraguay,2011.0,32.55234
Paraguay,2012.0,133.33641
Paraguay,2013.0,27.20805
Paraguay,2014.0,73.09078
Paraguay,2015.0,28.85528
Paraguay,2016.0,176.21707
Paraguay,2017.0,209.00415
Paraguay,2018.0,216.46245
Peru,2000.0,179.08886
Peru,2001.0,502.82025
Peru,2002.0,65.17459
Peru,2003.0,197.47735
Peru,2004.0,147.67873
Peru,2005.0,126.57014
Peru,2006.0,103.23899
Peru,2007.0,146.65272
Peru,2008.0,182.2368
Peru,2009.0,628.98623
Peru,2010.0,284.31621
Peru,2011.0,99.04279
Peru,2012.0,179.28181
Peru,2013.0,251.4181
Peru,2014.0,258.4541
Peru,2015.0,708.47114
Peru,2016.0,134.62917
Peru,2017.0,92.31281
Peru,2018.0,337.16126
Philippines,2000.0,47.70396
Philippines,2001.0,67.74094
Philippines,2002.0,107.74557
Philippines,2003.0,165.55241
Philippines,2004.0,137.96285
Philippines,2005.0,126.93116
Philippines,2006.0,158.56826
Philippines,2007.0,253.06229
Philippines,2008.0,181.95089
Philippines,2009.0,292.55649
Philippines,2010.0,181.50441
Philippines,2011.0,279.38161
Philippines,2012.0,529.36232
Philippines,2013.0,208.54586
Philippines,2014.0,582.72858
Philippines,2015.0,899.57388
Philippines,2016.0,369.02934
Philippines,2017.0,150.56175
Philippines,2018.0,574.7946
Guinea-Bissau,2000.0,21.33504
Guinea-Bissau,2001.0,18.22872
Guinea-Bissau,2002.0,7.39764
Guinea-Bissau,2003.0,13.12481
Guinea-Bissau,2004.0,13.66782
Guinea-Bissau,2005.0,14.0696
Guinea-Bissau,2006.0,27.31331
Guinea-Bissau,2007.0,28.67222
Guinea-Bissau,2008.0,23.3502
Guinea-Bissau,2009.0,21.13418
Guinea-Bissau,2010.0,21.88423
Guinea-Bissau,2011.0,26.43098
Guinea-Bissau,2012.0,12.08975
Guinea-Bissau,2013.0,6.29825
Guinea-Bissau,2014.0,14.9317
Guinea-Bissau,2015.0,15.39644
Guinea-Bissau,2016.0,7.99303
Guinea-Bissau,2017.0,9.37974
Guinea-Bissau,2018.0,13.28683
Timor-Leste,2000.0,54.73721
Timor-Leste,2001.0,72.87217
Timor-Leste,2002.0,48.28225
Timor-Leste,2003.0,56.90238
Timor-Leste,2004.0,65.02044
Timor-Leste,2005.0,35.73417
Timor-Leste,2006.0,48.65778
Timor-Leste,2007.0,51.20754
Timor-Leste,2008.0,63.97319
Timor-Leste,2009.0,52.71405
Timor-Leste,2010.0,49.80833
Timor-Leste,2011.0,55.72633
Timor-Leste,2012.0,51.3033
Timor-Leste,2013.0,40.99561
Timor-Leste,2014.0,46.92278
Timor-Leste,2015.0,48.89407
Timor-Leste,2016.0,46.25044
Timor-Leste,2017.0,44.33455
Timor-Leste,2018.0,43.90193
Rwanda,2000.0,111.93065
Rwanda,2001.0,87.46368
Rwanda,2002.0,47.12334
Rwanda,2003.0,41.06742
Rwanda,2004.0,76.87922
Rwanda,2005.0,116.53145
Rwanda,2006.0,70.76117
Rwanda,2007.0,88.5391
Rwanda,2008.0,92.87877
Rwanda,2009.0,115.99097
Rwanda,2010.0,161.80752
Rwanda,2011.0,183.65223
Rwanda,2012.0,110.6002
Rwanda,2013.0,179.94059
Rwanda,2014.0,100.30481
Rwanda,2015.0,142.47298
Rwanda,2016.0,137.92265
Rwanda,2017.0,117.59656
Rwanda,2018.0,249.62175
Saint Kitts and Nevis,2000.0,1.97489
Saint Kitts and Nevis,2001.0,5.11468
Saint Kitts and Nevis,2002.0,5.28935
Saint Kitts and Nevis,2003.0,0.88709
Saint Kitts and Nevis,2004.0,0.58782
Saint Kitts and Nevis,2005.0,0.46654
Saint Kitts and Nevis,2006.0,0.32191
Saint Kitts and Nevis,2007.0,0.77813
Saint Kitts and Nevis,2008.0,0.58582
Saint Kitts and Nevis,2009.0,1.61342
Saint Kitts and Nevis,2010.0,0.69063
Saint Kitts and Nevis,2011.0,0.68885
Saint Kitts and Nevis,2012.0,0.5775
Saint Kitts and Nevis,2013.0,0.5808
Anguilla,2000.0,2.97756
Anguilla,2001.0,0.21789
Anguilla,2002.0,0.7868
Anguilla,2003.0,0.23426
Anguilla,2004.0,0.26217
Anguilla,2005.0,1.88733
Anguilla,2006.0,0.24814
Anguilla,2007.0,0.18315
Anguilla,2008.0,0.04372
Anguilla,2009.0,0.79557
Anguilla,2010.0,0.00786
Anguilla,2011.0,0.02587
Anguilla,2012.0,0.03079
Anguilla,2013.0,0.19835
Saint Lucia,2000.0,1.00075
Saint Lucia,2001.0,11.64691
Saint Lucia,2002.0,9.6941
Saint Lucia,2003.0,4.61121
Saint Lucia,2004.0,1.2811
Saint Lucia,2005.0,1.47769
Saint Lucia,2006.0,2.17905
Saint Lucia,2007.0,4.80843
Saint Lucia,2008.0,4.94741
Saint Lucia,2009.0,6.47872
Saint Lucia,2010.0,8.5892
Saint Lucia,2011.0,5.75101
Saint Lucia,2012.0,5.08461
Saint Lucia,2013.0,7.80367
Saint Lucia,2014.0,4.898
Saint Lucia,2015.0,4.01864
Saint Lucia,2016.0,1.77206
Saint Lucia,2017.0,2.49694
Saint Lucia,2018.0,4.12541
Saint Vincent and the Grenadines,2000.0,0.18229
Saint Vincent and the Grenadines,2001.0,0.16591
Saint Vincent and the Grenadines,2002.0,0.33921
Saint Vincent and the Grenadines,2003.0,0.12553
Saint Vincent and the Grenadines,2004.0,1.01425
Saint Vincent and the Grenadines,2005.0,1.50339
Saint Vincent and the Grenadines,2006.0,2.33237
Saint Vincent and the Grenadines,2007.0,0.77084
Saint Vincent and the Grenadines,2008.0,1.86338
Saint Vincent and the Grenadines,2009.0,3.91349
Saint Vincent and the Grenadines,2010.0,4.73975
Saint Vincent and the Grenadines,2011.0,2.84232
Saint Vincent and the Grenadines,2012.0,3.55319
Saint Vincent and the Grenadines,2013.0,1.55556
Saint Vincent and the Grenadines,2014.0,1.06515
Saint Vincent and the Grenadines,2015.0,1.26314
Saint Vincent and the Grenadines,2016.0,1.12869
Saint Vincent and the Grenadines,2017.0,1.39006
Saint Vincent and the Grenadines,2018.0,1.55241
Sao Tome and Principe,2000.0,13.67985
Sao Tome and Principe,2001.0,10.8832
Sao Tome and Principe,2002.0,7.75216
Sao Tome and Principe,2003.0,7.26649
Sao Tome and Principe,2004.0,10.64575
Sao Tome and Principe,2005.0,7.48683
Sao Tome and Principe,2006.0,4.00758
Sao Tome and Principe,2007.0,6.09935
Sao Tome and Principe,2008.0,5.45368
Sao Tome and Principe,2009.0,5.86508
Sao Tome and Principe,2010.0,5.78332
Sao Tome and Principe,2011.0,7.73587
Sao Tome and Principe,2012.0,6.0933
Sao Tome and Principe,2013.0,9.4949
Sao Tome and Principe,2014.0,7.68881
Sao Tome and Principe,2015.0,7.02877
Sao Tome and Principe,2016.0,7.02271
Sao Tome and Principe,2017.0,9.50938
Sao Tome and Principe,2018.0,16.72623
Saudi Arabia,2000.0,1.31375
Saudi Arabia,2001.0,16.83612
Saudi Arabia,2002.0,0.1701
Saudi Arabia,2003.0,2.2931
Saudi Arabia,2004.0,2.61782
Saudi Arabia,2005.0,2.86555
Saudi Arabia,2006.0,3.08628
Saudi Arabia,2007.0,1.86931
Senegal,2000.0,216.07578
Senegal,2001.0,154.5557
Senegal,2002.0,182.33499
Senegal,2003.0,142.88874
Senegal,2004.0,120.03295
Senegal,2005.0,147.83087
Senegal,2006.0,111.83974
Senegal,2007.0,163.26909
Senegal,2008.0,222.73222
Senegal,2009.0,142.58013
Senegal,2010.0,152.69754
Senegal,2011.0,162.28458
Senegal,2012.0,123.76893
Senegal,2013.0,155.55794
Senegal,2014.0,145.09419
Senegal,2015.0,183.51944
Senegal,2016.0,112.77611
Senegal,2017.0,203.47782
Senegal,2018.0,158.40788
Serbia,2000.0,226.93233
Serbia,2001.0,471.23828
Serbia,2002.0,330.2705
Serbia,2003.0,151.85824
Serbia,2004.0,148.11211
Serbia,2005.0,284.28304
Serbia,2006.0,411.82311
Serbia,2007.0,338.30769
Serbia,2008.0,175.45544
Serbia,2009.0,154.66632
Serbia,2010.0,178.6926
Serbia,2011.0,160.60263
Serbia,2012.0,119.65468
Serbia,2013.0,72.41388
Serbia,2014.0,193.85266
Serbia,2015.0,179.90233
Serbia,2016.0,221.1291
Serbia,2017.0,341.74648
Serbia,2018.0,304.61052
Seychelles,2000.0,2.66986
Seychelles,2001.0,1.97458
Seychelles,2002.0,2.71008
Seychelles,2003.0,4.58295
Seychelles,2004.0,1.43457
Seychelles,2005.0,2.28611
Seychelles,2006.0,5.59551
Seychelles,2007.0,0.74288
Seychelles,2008.0,0.53751
Seychelles,2009.0,11.50853
Seychelles,2010.0,10.1099
Seychelles,2011.0,1.43542
Seychelles,2012.0,3.57706
Seychelles,2013.0,4.06499
Seychelles,2014.0,6.99329
Seychelles,2015.0,4.87314
Seychelles,2016.0,17.46489
Seychelles,2017.0,2.90642
Sierra Leone,2000.0,74.21767
Sierra Leone,2001.0,54.17779
Sierra Leone,2002.0,45.18779
Sierra Leone,2003.0,47.78419
Sierra Leone,2004.0,57.37982
Sierra Leone,2005.0,52.70727
Sierra Leone,2006.0,71.53966
Sierra Leone,2007.0,47.45866
Sierra Leone,2008.0,59.17582
Sierra Leone,2009.0,38.20412
Sierra Leone,2010.0,53.86667
Sierra Leone,2011.0,45.86306
Sierra Leone,2012.0,72.3452
Sierra Leone,2013.0,76.57047
Sierra Leone,2014.0,83.43442
Sierra Leone,2015.0,52.68101
Sierra Leone,2016.0,110.48452
Sierra Leone,2017.0,109.82135
Sierra Leone,2018.0,103.50617
Vietnam,2000.0,374.22131
Vietnam,2001.0,574.91774
Vietnam,2002.0,116.12406
Vietnam,2003.0,287.07641
Vietnam,2004.0,297.39246
Vietnam,2005.0,271.76868
Vietnam,2006.0,209.1932
Vietnam,2007.0,401.65791
Vietnam,2008.0,321.26353
Vietnam,2009.0,491.65516
Vietnam,2010.0,938.73495
Vietnam,2011.0,767.62379
Vietnam,2012.0,673.23606
Vietnam,2013.0,824.55439
Vietnam,2014.0,568.35226
Vietnam,2015.0,1029.45629
Vietnam,2016.0,656.49321
Vietnam,2017.0,528.24179
Vietnam,2018.0,275.60855
Slovenia,2000.0,13.96877
Slovenia,2001.0,23.9076
Slovenia,2002.0,4.28382
Somalia,2000.0,1.73854
Somalia,2001.0,25.9528
Somalia,2002.0,2.62341
Somalia,2003.0,7.27406
Somalia,2004.0,23.89494
Somalia,2005.0,10.49108
Somalia,2006.0,22.52793
Somalia,2007.0,18.94247
Somalia,2008.0,30.33497
Somalia,2009.0,22.33225
Somalia,2010.0,20.83618
Somalia,2011.0,38.63671
Somalia,2012.0,65.3577
Somalia,2013.0,86.00163
Somalia,2014.0,98.01213
Somalia,2015.0,184.65798
Somalia,2016.0,149.74766
Somalia,2017.0,126.06919
Somalia,2018.0,143.91438
South Africa,2000.0,183.76174
South Africa,2001.0,98.65362
South Africa,2002.0,129.30212
South Africa,2003.0,155.956
South Africa,2004.0,130.9414
South Africa,2005.0,199.88708
South Africa,2006.0,152.08586
South Africa,2007.0,112.50686
South Africa,2008.0,244.12525
South Africa,2009.0,638.85497
South Africa,2010.0,75.02514
South Africa,2011.0,130.44197
South Africa,2012.0,95.93464
South Africa,2013.0,89.3663
South Africa,2014.0,230.69544
South Africa,2015.0,274.1163
South Africa,2016.0,63.57948
South Africa,2017.0,495.88818
South Africa,2018.0,75.60483
Zimbabwe,2000.0,67.97462
Zimbabwe,2001.0,71.93939
Zimbabwe,2002.0,15.15972
Zimbabwe,2003.0,22.47916
Zimbabwe,2004.0,30.32024
Zimbabwe,2005.0,28.52014
Zimbabwe,2006.0,42.87368
Zimbabwe,2007.0,12.82426
Zimbabwe,2008.0,11.40405
Zimbabwe,2009.0,21.85085
Zimbabwe,2010.0,29.65818
Zimbabwe,2011.0,43.95875
Zimbabwe,2012.0,35.44721
Zimbabwe,2013.0,29.20628
Zimbabwe,2014.0,51.71604
Zimbabwe,2015.0,36.51838
Zimbabwe,2016.0,37.18772
Zimbabwe,2017.0,43.42266
Zimbabwe,2018.0,38.23238
Small island developing States (SIDS),2000.0,1268.23371
Small island developing States (SIDS),2001.0,867.34715
Small island developing States (SIDS),2002.0,442.95934
Small island developing States (SIDS),2003.0,535.68448
Small island developing States (SIDS),2004.0,636.73008
Small island developing States (SIDS),2005.0,754.39331
Small island developing States (SIDS),2006.0,785.11147
Small island developing States (SIDS),2007.0,783.3693
Small island developing States (SIDS),2008.0,805.18512
Small island developing States (SIDS),2009.0,1463.03899
Small island developing States (SIDS),2010.0,1287.53163
Small island developing States (SIDS),2011.0,1282.49069
Small island developing States (SIDS),2012.0,994.95327
Small island developing States (SIDS),2013.0,946.84142
Small island developing States (SIDS),2014.0,989.47555
Small island developing States (SIDS),2015.0,1494.55206
Small island developing States (SIDS),2016.0,1172.29747
Small island developing States (SIDS),2017.0,820.52085
Small island developing States (SIDS),2018.0,1344.08491
South Sudan,2011.0,57.34998
South Sudan,2012.0,110.40448
South Sudan,2013.0,133.04621
South Sudan,2014.0,91.2781
South Sudan,2015.0,108.82806
South Sudan,2016.0,75.74126
South Sudan,2017.0,77.57527
South Sudan,2018.0,55.31723
Sudan,2000.0,31.70815
Sudan,2001.0,30.53829
Sudan,2002.0,7.68621
Sudan,2003.0,9.71351
Sudan,2004.0,43.55266
Sudan,2005.0,122.22759
Sudan,2006.0,193.29222
Sudan,2007.0,113.14819
Sudan,2008.0,147.51278
Sudan,2009.0,208.3148
Sudan,2010.0,206.66731
Sudan,2011.0,177.954
Sudan,2012.0,92.61825
Sudan,2013.0,64.77564
Sudan,2014.0,45.29183
Sudan,2015.0,112.01658
Sudan,2016.0,41.09108
Sudan,2017.0,40.7233
Sudan,2018.0,48.97485
Suriname,2000.0,10.04481
Suriname,2001.0,1.49785
Suriname,2002.0,9.24137
Suriname,2003.0,12.12189
Suriname,2004.0,22.45385
Suriname,2005.0,14.50061
Suriname,2006.0,18.97375
Suriname,2007.0,14.44148
Suriname,2008.0,24.30438
Suriname,2009.0,46.84621
Suriname,2010.0,10.88971
Suriname,2011.0,42.69351
Suriname,2012.0,52.20361
Suriname,2013.0,81.21791
Suriname,2014.0,23.43098
Suriname,2015.0,26.91605
Suriname,2016.0,83.53157
Suriname,2017.0,12.13353
Suriname,2018.0,9.46807
Eswatini,2000.0,4.14458
Eswatini,2001.0,1.3964
Eswatini,2002.0,8.52687
Eswatini,2003.0,3.98312
Eswatini,2004.0,4.07594
Eswatini,2005.0,2.32467
Eswatini,2006.0,2.59953
Eswatini,2007.0,3.26671
Eswatini,2008.0,6.41207
Eswatini,2009.0,5.40938
Eswatini,2010.0,8.57805
Eswatini,2011.0,11.16421
Eswatini,2012.0,5.71899
Eswatini,2013.0,4.2605
Eswatini,2014.0,5.32775
Eswatini,2015.0,6.28971
Eswatini,2016.0,12.26845
Eswatini,2017.0,8.54247
Eswatini,2018.0,6.78358
Syria,2000.0,31.09294
Syria,2001.0,12.25716
Syria,2002.0,2.62317
Syria,2003.0,9.05404
Syria,2004.0,13.40741
Syria,2005.0,38.556
Syria,2006.0,35.55313
Syria,2007.0,28.80665
Syria,2008.0,30.08957
Syria,2009.0,21.90426
Syria,2010.0,21.91852
Syria,2011.0,17.00067
Syria,2012.0,6.61301
Syria,2013.0,7.29786
Syria,2014.0,14.74344
Syria,2015.0,6.87513
Syria,2016.0,29.93041
Syria,2017.0,14.22043
Syria,2018.0,25.22803
Tajikistan,2000.0,26.60143
Tajikistan,2001.0,79.85496
Tajikistan,2002.0,6.47751
Tajikistan,2003.0,19.77825
Tajikistan,2004.0,38.98445
Tajikistan,2005.0,21.63409
Tajikistan,2006.0,23.39469
Tajikistan,2007.0,38.69851
Tajikistan,2008.0,21.08026
Tajikistan,2009.0,34.98027
Tajikistan,2010.0,52.2245
Tajikistan,2011.0,32.42536
Tajikistan,2012.0,30.13494
Tajikistan,2013.0,37.2179
Tajikistan,2014.0,21.4068
Tajikistan,2015.0,75.66485
Tajikistan,2016.0,45.06734
Tajikistan,2017.0,67.97824
Tajikistan,2018.0,51.15927
Thailand,2000.0,25.16365
Thailand,2001.0,30.45101
Thailand,2002.0,36.82375
Thailand,2003.0,59.15604
Thailand,2004.0,51.36844
Thailand,2005.0,63.11948
Thailand,2006.0,73.2413
Thailand,2007.0,54.08347
Thailand,2008.0,35.01663
Thailand,2009.0,25.957
Thailand,2010.0,48.56877
Thailand,2011.0,24.79243
Thailand,2012.0,64.74207
Thailand,2013.0,331.42648
Thailand,2014.0,34.1414
Thailand,2015.0,24.27658
Thailand,2016.0,37.26446
Thailand,2017.0,26.54333
Thailand,2018.0,46.74569
Togo,2000.0,21.89247
Togo,2001.0,13.0401
Togo,2002.0,6.92532
Togo,2003.0,5.54525
Togo,2004.0,9.0405
Togo,2005.0,5.8403
Togo,2006.0,6.00048
Togo,2007.0,12.41314
Togo,2008.0,52.00434
Togo,2009.0,33.4077
Togo,2010.0,17.06145
Togo,2011.0,39.21975
Togo,2012.0,44.02474
Togo,2013.0,22.29685
Togo,2014.0,29.02119
Togo,2015.0,21.60195
Togo,2016.0,25.46508
Togo,2017.0,27.53635
Togo,2018.0,58.8064
Tokelau,2002.0,7.99229
Tokelau,2003.0,0.72365
Tokelau,2004.0,0.07425
Tokelau,2005.0,0.12585
Tokelau,2006.0,4.99972
Tokelau,2007.0,0.44875
Tokelau,2008.0,1.48934
Tokelau,2009.0,1.79803
Tokelau,2010.0,1.42773
Tokelau,2011.0,2.50278
Tokelau,2012.0,0.58782
Tokelau,2013.0,0.4657
Tokelau,2014.0,0.81453
Tokelau,2015.0,1.26476
Tokelau,2016.0,1.04113
Tokelau,2017.0,0.99212
Tokelau,2018.0,0.54598
Tonga,2000.0,3.14603
Tonga,2001.0,17.59766
Tonga,2002.0,6.60766
Tonga,2003.0,8.65561
Tonga,2004.0,8.35936
Tonga,2005.0,12.45477
Tonga,2006.0,9.89741
Tonga,2007.0,19.10773
Tonga,2008.0,10.01699
Tonga,2009.0,8.82756
Tonga,2010.0,17.30192
Tonga,2011.0,20.18763
Tonga,2012.0,11.66894
Tonga,2013.0,21.03103
Tonga,2014.0,13.86313
Tonga,2015.0,11.95392
Tonga,2016.0,15.15314
Tonga,2017.0,23.08908
Tonga,2018.0,14.10273
Trinidad and Tobago,2000.0,0.44319
Trinidad and Tobago,2001.0,0.95277
Trinidad and Tobago,2002.0,4.83747
Trinidad and Tobago,2003.0,4.88635
Trinidad and Tobago,2004.0,4.78869
Trinidad and Tobago,2005.0,4.17414
Trinidad and Tobago,2006.0,4.08719
Trinidad and Tobago,2007.0,2.60356
Trinidad and Tobago,2008.0,0.45873
Trinidad and Tobago,2009.0,18.69586
Trinidad and Tobago,2010.0,12.41861
Tunisia,2000.0,59.57364
Tunisia,2001.0,257.00404
Tunisia,2002.0,100.41684
Tunisia,2003.0,135.17273
Tunisia,2004.0,74.3699
Tunisia,2005.0,53.01697
Tunisia,2006.0,60.13839
Tunisia,2007.0,67.92431
Tunisia,2008.0,83.23693
Tunisia,2009.0,385.97914
Tunisia,2010.0,139.67197
Tunisia,2011.0,438.64699
Tunisia,2012.0,406.60419
Tunisia,2013.0,122.21632
Tunisia,2014.0,140.48574
Tunisia,2015.0,447.41643
Tunisia,2016.0,350.38024
Tunisia,2017.0,483.53266
Tunisia,2018.0,688.39044
Turkey,2000.0,726.83153
Turkey,2001.0,892.58631
Turkey,2002.0,503.95577
Turkey,2003.0,77.41458
Turkey,2004.0,320.33857
Turkey,2005.0,272.2158
Turkey,2006.0,988.18053
Turkey,2007.0,833.4837
Turkey,2008.0,462.0925
Turkey,2009.0,1604.62821
Turkey,2010.0,1135.03757
Turkey,2011.0,750.90876
Turkey,2012.0,701.51525
Turkey,2013.0,1087.84562
Turkey,2014.0,1052.97229
Turkey,2015.0,793.99117
Turkey,2016.0,1208.36764
Turkey,2017.0,1117.17538
Turkey,2018.0,826.8642
Turkmenistan,2000.0,2.7969
Turkmenistan,2001.0,28.56905
Turkmenistan,2002.0,2.29202
Turkmenistan,2003.0,4.36296
Turkmenistan,2004.0,5.6441
Turkmenistan,2005.0,3.08671
Turkmenistan,2006.0,3.25084
Turkmenistan,2007.0,2.21014
Turkmenistan,2008.0,4.48206
Turkmenistan,2009.0,4.9878
Turkmenistan,2010.0,5.78439
Turkmenistan,2011.0,8.11021
Turkmenistan,2012.0,5.27441
Turkmenistan,2013.0,5.50582
Turkmenistan,2014.0,7.1389
Turkmenistan,2015.0,6.79485
Turkmenistan,2016.0,8.64261
Turkmenistan,2017.0,5.60409
Turkmenistan,2018.0,5.54733
Turks and Caicos Islands,2000.0,1.14688
Turks and Caicos Islands,2001.0,1.53159
Turks and Caicos Islands,2002.0,1.60677
Turks and Caicos Islands,2003.0,0.78566
Turks and Caicos Islands,2004.0,0.67562
Turks and Caicos Islands,2005.0,1.4485
Turks and Caicos Islands,2006.0,0.07343
Turks and Caicos Islands,2007.0,0.35934
Tuvalu,2000.0,1.86834
Tuvalu,2002.0,1.62926
Tuvalu,2003.0,1.46557
Tuvalu,2004.0,3.8249
Tuvalu,2005.0,3.5227
Tuvalu,2006.0,4.45374
Tuvalu,2007.0,4.83778
Tuvalu,2008.0,4.88026
Tuvalu,2009.0,1.60198
Tuvalu,2010.0,1.7051
Tuvalu,2011.0,5.77517
Tuvalu,2012.0,2.30219
Tuvalu,2013.0,5.98955
Tuvalu,2014.0,4.04416
Tuvalu,2015.0,5.4163
Tuvalu,2016.0,5.01421
Tuvalu,2017.0,4.93223
Tuvalu,2018.0,7.20331
Uganda,2000.0,317.84961
Uganda,2001.0,210.42637
Uganda,2002.0,100.36296
Uganda,2003.0,190.61326
Uganda,2004.0,247.32169
Uganda,2005.0,240.54105
Uganda,2006.0,242.72241
Uganda,2007.0,241.1695
Uganda,2008.0,203.38518
Uganda,2009.0,209.46427
Uganda,2010.0,175.96792
Uganda,2011.0,227.70172
Uganda,2012.0,192.37485
Uganda,2013.0,206.27561
Uganda,2014.0,190.44999
Uganda,2015.0,176.82049
Uganda,2016.0,165.40205
Uganda,2017.0,141.97525
Uganda,2018.0,247.5885
Ukraine,2005.0,208.30787
Ukraine,2006.0,109.65509
Ukraine,2007.0,133.64332
Ukraine,2008.0,495.42204
Ukraine,2009.0,581.19945
Ukraine,2010.0,201.45034
Ukraine,2011.0,212.89939
Ukraine,2012.0,245.10879
Ukraine,2013.0,353.77761
Ukraine,2014.0,714.69206
Ukraine,2015.0,495.39022
Ukraine,2016.0,267.55687
Ukraine,2017.0,280.62363
Ukraine,2018.0,192.27515
North Macedonia,2000.0,91.11334
North Macedonia,2001.0,40.04497
North Macedonia,2002.0,36.19472
North Macedonia,2003.0,92.23997
North Macedonia,2004.0,82.03283
North Macedonia,2005.0,124.98829
North Macedonia,2006.0,88.63583
North Macedonia,2007.0,97.34561
North Macedonia,2008.0,68.17694
North Macedonia,2009.0,53.921
North Macedonia,2010.0,46.37309
North Macedonia,2011.0,50.93112
North Macedonia,2012.0,39.94395
North Macedonia,2013.0,77.15907
North Macedonia,2014.0,88.66434
North Macedonia,2015.0,89.98784
North Macedonia,2016.0,58.31871
North Macedonia,2017.0,67.8116
North Macedonia,2018.0,87.17835
Egypt,2000.0,257.19466
Egypt,2001.0,495.90072
Egypt,2002.0,701.07622
Egypt,2003.0,519.1962
Egypt,2004.0,713.54473
Egypt,2005.0,441.49968
Egypt,2006.0,354.45508
Egypt,2007.0,942.08051
Egypt,2008.0,601.91701
Egypt,2009.0,801.84739
Egypt,2010.0,665.75215
Egypt,2011.0,268.18475
Egypt,2012.0,313.59386
Egypt,2013.0,183.11095
Egypt,2014.0,234.26035
Egypt,2015.0,592.52705
Egypt,2016.0,1235.32663
Egypt,2017.0,991.14032
Egypt,2018.0,1294.35336
Tanzania,2000.0,273.48852
Tanzania,2001.0,176.96487
Tanzania,2002.0,188.65017
Tanzania,2003.0,223.67566
Tanzania,2004.0,278.58711
Tanzania,2005.0,265.6806
Tanzania,2006.0,317.853
Tanzania,2007.0,337.00188
Tanzania,2008.0,412.45977
Tanzania,2009.0,523.52793
Tanzania,2010.0,514.57545
Tanzania,2011.0,230.45759
Tanzania,2012.0,333.24685
Tanzania,2013.0,323.74505
Tanzania,2014.0,417.61713
Tanzania,2015.0,508.84739
Tanzania,2016.0,348.05457
Tanzania,2017.0,353.02012
Tanzania,2018.0,423.75414
Burkina Faso,2000.0,219.076
Burkina Faso,2001.0,160.19524
Burkina Faso,2002.0,71.60986
Burkina Faso,2003.0,119.70705
Burkina Faso,2004.0,104.43504
Burkina Faso,2005.0,108.37066
Burkina Faso,2006.0,115.75138
Burkina Faso,2007.0,99.86974
Burkina Faso,2008.0,118.31229
Burkina Faso,2009.0,139.29896
Burkina Faso,2010.0,150.6814
Burkina Faso,2011.0,114.77621
Burkina Faso,2012.0,143.92018
Burkina Faso,2013.0,105.58176
Burkina Faso,2014.0,90.99944
Burkina Faso,2015.0,142.78599
Burkina Faso,2016.0,107.90184
Burkina Faso,2017.0,166.66829
Burkina Faso,2018.0,225.44658
Uruguay,2000.0,73.54712
Uruguay,2001.0,342.20067
Uruguay,2002.0,139.26585
Uruguay,2003.0,52.89911
Uruguay,2004.0,59.05658
Uruguay,2005.0,40.3902
Uruguay,2006.0,6.03392
Uruguay,2007.0,32.79438
Uruguay,2008.0,40.30638
Uruguay,2009.0,380.40327
Uruguay,2010.0,28.08602
Uruguay,2011.0,117.38853
Uruguay,2012.0,211.38308
Uruguay,2013.0,90.33896
Uruguay,2014.0,45.86153
Uruguay,2015.0,80.4531
Uruguay,2016.0,74.62092
Uruguay,2017.0,69.45783
Uzbekistan,2000.0,52.98701
Uzbekistan,2001.0,20.12138
Uzbekistan,2002.0,23.92371
Uzbekistan,2003.0,51.57535
Uzbekistan,2004.0,60.67066
Uzbekistan,2005.0,30.13594
Uzbekistan,2006.0,54.00922
Uzbekistan,2007.0,24.57167
Uzbekistan,2008.0,25.43565
Uzbekistan,2009.0,30.91177
Uzbekistan,2010.0,30.33153
Uzbekistan,2011.0,30.35064
Uzbekistan,2012.0,202.24917
Uzbekistan,2013.0,209.8071
Uzbekistan,2014.0,182.59802
Uzbekistan,2015.0,281.47956
Uzbekistan,2016.0,178.94529
Uzbekistan,2017.0,242.49534
Uzbekistan,2018.0,561.81699
Venezuela,2000.0,5.6134
Venezuela,2001.0,43.90026
Venezuela,2002.0,21.06406
Venezuela,2003.0,16.5398
Venezuela,2004.0,11.66076
Venezuela,2005.0,10.99315
Venezuela,2006.0,9.03366
Venezuela,2007.0,4.38702
Venezuela,2008.0,3.9066
Venezuela,2009.0,15.80596
Venezuela,2010.0,6.78041
Venezuela,2011.0,11.43722
Venezuela,2012.0,12.0954
Venezuela,2013.0,14.10165
Venezuela,2014.0,39.54632
Venezuela,2015.0,8.47429
Venezuela,2016.0,3.96881
Venezuela,2017.0,2.80997
Venezuela,2018.0,4.75251
Wallis and Futuna,2001.0,84.83974
Wallis and Futuna,2002.0,79.64719
Wallis and Futuna,2003.0,66.93481
Wallis and Futuna,2004.0,62.763
Wallis and Futuna,2005.0,0.15363
Wallis and Futuna,2006.0,0.09399
Wallis and Futuna,2007.0,14.91589
Wallis and Futuna,2008.0,19.15898
Wallis and Futuna,2009.0,18.61612
Wallis and Futuna,2010.0,16.18732
Wallis and Futuna,2011.0,18.93841
Wallis and Futuna,2012.0,17.0568
Wallis and Futuna,2013.0,15.56947
Wallis and Futuna,2014.0,16.49742
Wallis and Futuna,2015.0,25.38778
Wallis and Futuna,2016.0,27.42434
Wallis and Futuna,2017.0,28.64104
Wallis and Futuna,2018.0,10.81368
Samoa,2000.0,30.58245
Samoa,2001.0,10.12895
Samoa,2002.0,15.81939
Samoa,2003.0,13.38799
Samoa,2004.0,13.36319
Samoa,2005.0,16.5478
Samoa,2006.0,16.38523
Samoa,2007.0,12.38484
Samoa,2008.0,13.58223
Samoa,2009.0,14.32216
Samoa,2010.0,37.95231
Samoa,2011.0,46.85388
Samoa,2012.0,47.62027
Samoa,2013.0,24.49544
Samoa,2014.0,26.76296
Samoa,2015.0,37.59202
Samoa,2016.0,33.39256
Samoa,2017.0,39.48955
Samoa,2018.0,37.25047
Yemen,2000.0,109.79923
Yemen,2001.0,21.52913
Yemen,2002.0,23.01975
Yemen,2003.0,21.3002
Yemen,2004.0,30.82497
Yemen,2005.0,47.38152
Yemen,2006.0,39.84145
Yemen,2007.0,34.21917
Yemen,2008.0,63.85158
Yemen,2009.0,68.68641
Yemen,2010.0,94.76859
Yemen,2011.0,49.93453
Yemen,2012.0,48.54176
Yemen,2013.0,64.45475
Yemen,2014.0,58.96223
Yemen,2015.0,257.68672
Yemen,2016.0,218.27892
Yemen,2017.0,137.80052
Yemen,2018.0,57.36525
Zambia,2000.0,358.93994
Zambia,2001.0,56.84422
Zambia,2002.0,147.13502
Zambia,2003.0,152.60702
Zambia,2004.0,139.41924
Zambia,2005.0,162.16685
Zambia,2006.0,134.72474
Zambia,2007.0,205.96031
Zambia,2008.0,183.74403
Zambia,2009.0,165.99514
Zambia,2010.0,104.2722
Zambia,2011.0,100.06787
Zambia,2012.0,80.62854
Zambia,2013.0,89.59443
Zambia,2014.0,131.52688
Zambia,2015.0,98.95727
Zambia,2016.0,97.34656
Zambia,2017.0,101.66199
Zambia,2018.0,106.53504
ODA residual,2000.0,1832.46253
ODA residual,2001.0,2843.93747
ODA residual,2002.0,1919.37991
ODA residual,2003.0,2095.23605
ODA residual,2004.0,2618.66385
ODA residual,2005.0,2620.86462
ODA residual,2006.0,2393.034
ODA residual,2007.0,2995.54593
ODA residual,2008.0,3616.77398
ODA residual,2009.0,4824.56976
ODA residual,2010.0,5427.92051
ODA residual,2011.0,4444.16554
ODA residual,2012.0,4916.48763
ODA residual,2013.0,4957.50779
ODA residual,2014.0,5843.56324
ODA residual,2015.0,6023.87152
ODA residual,2016.0,6237.62416
ODA residual,2017.0,6905.1613
ODA residual,2018.0,7557.94477
