country,year,value
Albania,2011.0,6.52778
Argentina,2013.0,7.33909
Austria,2009.0,14.81556
Armenia,2008.0,6.67083
Belgium,2013.0,15.91625
Bolivia,2001.0,12.1654
Brazil,2012.0,3.64045
Brazil,2017.0,5.67885
Cameroon,2014.0,4.29708
Canada,2016.0,12.5
Chile,2008.0,5.71507
Chile,2015.0,10.28653
Colombia,2013.0,5.33333
Colombia,2017.0,5.4812
Costa Rica,2017.0,10.14984
Dominican Republic,2016.0,3.66849
Ecuador,2012.0,5.65425
El Salvador,2010.0,9.50948
El Salvador,2017.0,9.09522
Estonia,2000.0,17.70833
Estonia,2010.0,17.08333
Fiji,2016.0,4.06421
Finland,2000.0,13.30417
Finland,2010.0,13.5875
France,2010.0,14.02323
Palestine,2000.0,2.63889
Palestine,2013.0,3.40278
Germany,2013.0,14.3
Greece,2014.0,9.65278
Guatemala,2014.0,2.93981
Guatemala,2017.0,2.21008
Honduras,2009.0,2.51589
Hungary,2010.0,9.75249
Italy,2003.0,11.3
Italy,2009.0,12.0
Italy,2014.0,12.2
Japan,2001.0,3.95833
Japan,2006.0,4.65278
Japan,2011.0,4.72222
Japan,2016.0,4.51389
Kazakhstan,2018.0,7.22222
South Korea,2014.0,5.4875
South Korea,2019.0,5.69444
Laos,2017.0,10.98163
Lithuania,2003.0,15.5625
Mexico,2009.0,9.32659
Mexico,2014.0,9.59316
Mexico,2019.0,12.30677
Mongolia,2015.0,8.72986
Mongolia,2019.0,11.71859
Moldova,2012.0,16.15932
Norway,2011.0,17.22083
Panama,2011.0,9.20177
Paraguay,2016.0,3.66167
Peru,2010.0,10.55008
Poland,2013.0,13.125
Portugal,2015.0,9.97082
Qatar,2013.0,2.70833
Romania,2000.0,16.25
Romania,2012.0,13.75
Serbia,2011.0,13.22708
Serbia,2015.0,10.75145
Sweden,2001.0,16.45241
Sweden,2011.0,16.4367
Switzerland,2000.0,10.0625
Switzerland,2004.0,10.80833
Switzerland,2007.0,10.32917
Switzerland,2010.0,9.35417
Switzerland,2013.0,9.69167
Switzerland,2016.0,10.43333
Switzerland,2020.0,11.05833
Turkey,2006.0,5.11184
Turkey,2015.0,5.0168
Uganda,2018.0,5.83333
North Macedonia,2015.0,8.26389
United Kingdom,2001.0,11.59789
United Kingdom,2015.0,10.41041
United States,2003.0,12.29167
United States,2004.0,12.45833
United States,2005.0,11.33333
United States,2006.0,12.45833
United States,2007.0,11.41667
United States,2008.0,11.0
United States,2009.0,11.5
United States,2010.0,11.5
United States,2011.0,12.83333
United States,2012.0,11.625
United States,2013.0,11.375
United States,2014.0,11.66667
United States,2015.0,11.75
United States,2016.0,12.0
United States,2017.0,12.75
United States,2018.0,12.125
United States,2019.0,11.75
Uruguay,2013.0,9.52425
