country,year,value
Afghanistan,2011.0,5.32455
Afghanistan,2015.0,20.1792
Albania,2009.0,19.68903
Albania,2017.0,62.69916
Algeria,2013.0,13.01183
Angola,2015.0,2.33898
Azerbaijan,2006.0,70.29942
Bangladesh,2006.0,1.28624
Bangladesh,2011.0,0.52152
Bangladesh,2014.0,3.50528
Bangladesh,2019.0,16.33495
Armenia,2006.0,3.09057
Armenia,2011.0,80.46172
Armenia,2016.0,45.65429
Barbados,2012.0,0
Bhutan,2010.0,10.20146
Bolivia,2000.0,2.92
Bolivia,2001.0,0.46
Bolivia,2002.0,17.96
Bolivia,2003.0,8.73522
Bolivia,2004.0,0
Bolivia,2005.0,0
Bolivia,2006.0,0
Bolivia,2007.0,0
Bolivia,2008.0,21.80777
Bolivia,2009.0,0
Bolivia,2011.0,32.68
Bolivia,2012.0,28.62
Bolivia,2013.0,0
Bolivia,2014.0,0
Bolivia,2015.0,0
Bolivia,2016.0,0
Bolivia,2017.0,0
Bolivia,2018.0,0
Bosnia and Herzegovina,2012.0,82.45838
Brazil,2001.0,3.32
Brazil,2002.0,4.2
Brazil,2003.0,6.94
Brazil,2004.0,12.26
Brazil,2005.0,5.73
Brazil,2006.0,11.57
Brazil,2007.0,15.56
Brazil,2008.0,14.3
Brazil,2009.0,13.52
Brazil,2011.0,22.62
Brazil,2012.0,23.59
Brazil,2013.0,31.36
Brazil,2014.0,27.99
Brazil,2015.0,34.17
Brazil,2016.0,24.34
Brazil,2017.0,24.57
Brazil,2018.0,25.36
Belize,2016.0,17.20245
Myanmar,2016.0,0.42036
Burundi,2000.0,1.42857
Burundi,2010.0,0
Burundi,2017.0,0
Belarus,2012.0,81.0955
Cambodia,2005.0,1.5094
Cambodia,2010.0,1.00655
Cambodia,2014.0,4.45011
Cameroon,2004.0,0
Cameroon,2006.0,0
Cameroon,2011.0,0.35577
Cameroon,2014.0,1.0533
Cameroon,2018.0,2.71592
Central African Republic,2006.0,0
Central African Republic,2010.0,0
Sri Lanka,2006.0,7.3413
Chad,2004.0,0
Chad,2014.0,1.68451
Chile,2000.0,22.61
Chile,2003.0,26
Chile,2006.0,47.42
Chile,2009.0,60.9
Chile,2011.0,56.94
Chile,2013.0,48.98
Chile,2015.0,65.54
Chile,2017.0,68.53
Colombia,2002.0,12.9
Colombia,2003.0,21.89
Colombia,2004.0,18.16
Colombia,2005.0,15.46732
Colombia,2008.0,15.87
Colombia,2009.0,20.77
Colombia,2010.0,25.87891
Colombia,2011.0,22.68
Colombia,2012.0,30.32
Colombia,2013.0,31.81
Colombia,2014.0,25.84
Colombia,2015.0,34.86078
Colombia,2016.0,28.21
Colombia,2017.0,33.22
Colombia,2018.0,33.22
Comoros,2012.0,10.74519
Congo,2005.0,5.0516
Congo,2012.0,1.23984
Congo,2015.0,0.69493
Democratic Republic of Congo,2007.0,3.62514
Democratic Republic of Congo,2010.0,6.01709
Democratic Republic of Congo,2013.0,9.27141
Democratic Republic of Congo,2018.0,9.75036
Costa Rica,2000.0,6.91
Costa Rica,2001.0,9.64
Costa Rica,2002.0,8.14
Costa Rica,2003.0,3.45
Costa Rica,2004.0,15.09
Costa Rica,2005.0,8.18
Costa Rica,2006.0,10.4
Costa Rica,2007.0,10.39
Costa Rica,2008.0,11.53
Costa Rica,2009.0,19.05
Costa Rica,2010.0,16.2
Costa Rica,2011.0,14.23841
Costa Rica,2012.0,20.79
Costa Rica,2013.0,19.21
Costa Rica,2014.0,22.18
Costa Rica,2015.0,22.02
Costa Rica,2016.0,32.58
Costa Rica,2017.0,18.99
Costa Rica,2018.0,33.30428
Cuba,2014.0,0
Benin,2006.0,0.55876
Benin,2011.0,1.16808
Benin,2014.0,1.20916
Benin,2018.0,0
Dominican Republic,2000.0,8.66
Dominican Republic,2001.0,6.27
Dominican Republic,2002.0,24.22
Dominican Republic,2003.0,9.21
Dominican Republic,2004.0,0
Dominican Republic,2005.0,16.07
Dominican Republic,2006.0,11.94
Dominican Republic,2007.0,10.4874
Dominican Republic,2008.0,14.76
Dominican Republic,2009.0,18.08
Dominican Republic,2010.0,6.96
Dominican Republic,2011.0,16.26
Dominican Republic,2012.0,31.44
Dominican Republic,2013.0,19.19276
Dominican Republic,2014.0,21.82995
Dominican Republic,2015.0,38.52
Dominican Republic,2016.0,0
Dominican Republic,2017.0,0
Dominican Republic,2018.0,0
Ecuador,2001.0,11.67
Ecuador,2003.0,13.11
Ecuador,2005.0,20.85
Ecuador,2006.0,15.58
Ecuador,2007.0,19.04
Ecuador,2008.0,19.75
Ecuador,2009.0,20.71
Ecuador,2010.0,19.78
Ecuador,2011.0,24.25
Ecuador,2012.0,27.71
Ecuador,2013.0,34.52
Ecuador,2014.0,33.73
Ecuador,2015.0,45.69
Ecuador,2016.0,53.66
Ecuador,2017.0,45.45
Ecuador,2018.0,35.82
El Salvador,2000.0,3.56
El Salvador,2001.0,8.91
El Salvador,2002.0,11.09
El Salvador,2003.0,6.17
El Salvador,2004.0,7.94
El Salvador,2005.0,12.26
El Salvador,2006.0,9.9
El Salvador,2009.0,12.46
El Salvador,2010.0,14.91
El Salvador,2012.0,15.64
El Salvador,2013.0,19.89
El Salvador,2014.0,19.5
El Salvador,2015.0,17.51
El Salvador,2016.0,17.01
El Salvador,2017.0,18.27
El Salvador,2018.0,29.31
Ethiopia,2000.0,0
Ethiopia,2005.0,0.02573
Ethiopia,2011.0,0.83788
Ethiopia,2016.0,1.31963
Djibouti,2006.0,0
Gabon,2012.0,0
Georgia,2018.0,54.13092
Gambia,2006.0,8.30867
Gambia,2010.0,7.21592
Gambia,2013.0,15.43522
Gambia,2018.0,0
Palestine,2014.0,0
Ghana,2009.0,5.28707
Ghana,2014.0,0
Ghana,2018.0,9.20278
Kiribati,2019.0,0
Guatemala,2000.0,0
Guatemala,2006.0,1.22
Guatemala,2014.0,7.68
Guatemala,2015.0,7.00674
Guinea,2005.0,1.49984
Guinea,2012.0,4.28333
Guinea,2016.0,2.16684
Guinea,2018.0,0
Guyana,2006.0,7.97927
Guyana,2009.0,14.46834
Guyana,2014.0,20.2392
Haiti,2005.0,0.42584
Haiti,2012.0,1.39529
Haiti,2017.0,0.97569
Honduras,2001.0,0
Honduras,2004.0,5.45
Honduras,2005.0,1.47
Honduras,2009.0,4.88
Honduras,2010.0,2.29
Honduras,2011.0,6.13176
Honduras,2012.0,4.55
Honduras,2013.0,14.71
Honduras,2014.0,15.83
Honduras,2015.0,8.05
Honduras,2016.0,2.11
Honduras,2018.0,5.02
India,2006.0,4.34966
India,2016.0,18.36256
Indonesia,2003.0,8.80001
Indonesia,2008.0,14.47699
Indonesia,2017.0,30.12634
Iraq,2011.0,5.98231
Iraq,2018.0,17.19591
Cote d'Ivoire,2006.0,1.1928
Cote d'Ivoire,2012.0,1.3646
Cote d'Ivoire,2016.0,3.83537
Jamaica,2011.0,66.47185
Kazakhstan,2006.0,91.13489
Kazakhstan,2011.0,85.03226
Kazakhstan,2015.0,88.48273
Jordan,2007.0,27.10834
Jordan,2018.0,15.5949
Kenya,2003.0,11.35485
Kenya,2008.0,11.01412
Kenya,2014.0,17.56753
Kyrgyzstan,2006.0,70.121
Kyrgyzstan,2012.0,87.91006
Kyrgyzstan,2014.0,79.89569
Kyrgyzstan,2018.0,74.44405
Laos,2006.0,1.1251
Laos,2012.0,0.88007
Laos,2017.0,5.15917
Lesotho,2005.0,0.99059
Lesotho,2009.0,0.92435
Lesotho,2014.0,0
Lesotho,2018.0,0
Liberia,2007.0,0
Liberia,2013.0,2.69518
Madagascar,2009.0,0
Madagascar,2018.0,0
Malawi,2004.0,4.79389
Malawi,2010.0,2.87397
Malawi,2016.0,3.96504
Maldives,2008.0,6.89324
Maldives,2017.0,15.28219
Mali,2006.0,0
Mali,2013.0,0.57817
Mali,2015.0,2.01309
Mali,2018.0,0
Mauritania,2007.0,2.7634
Mauritania,2011.0,3.59494
Mauritania,2015.0,9.08042
Mexico,2000.0,8.24
Mexico,2002.0,7.41
Mexico,2004.0,8.35
Mexico,2006.0,5.85
Mexico,2008.0,12.04
Mexico,2010.0,15.37
Mexico,2012.0,17.66
Mexico,2014.0,18.87
Mexico,2016.0,41.76907
Mexico,2018.0,21.16
Mongolia,2006.0,9.61382
Mongolia,2014.0,12.59928
Mongolia,2018.0,43.41891
Moldova,2005.0,19.51823
Moldova,2012.0,22.67766
Montenegro,2013.0,58.82465
Montenegro,2018.0,0
Morocco,2004.0,3.82246
Mozambique,2003.0,0
Mozambique,2008.0,0
Mozambique,2011.0,0
Namibia,2007.0,2.53574
Namibia,2013.0,8.21644
Nepal,2007.0,0.4719
Vanuatu,2007.0,0
Nicaragua,2001.0,1.05
Nicaragua,2005.0,0
Nicaragua,2009.0,5.22
Nicaragua,2014.0,24.73
Niger,2006.0,0
Niger,2012.0,1.17969
Nigeria,2003.0,10.90107
Nigeria,2007.0,8.88894
Nigeria,2008.0,13.96412
Nigeria,2011.0,13.55055
Nigeria,2013.0,13.28591
Nigeria,2016.0,22.77628
Nigeria,2018.0,15.66444
Pakistan,2007.0,3.61071
Pakistan,2012.0,5.48984
Pakistan,2018.0,2.92784
Panama,2000.0,10.79
Panama,2001.0,5.64
Panama,2002.0,5.46
Panama,2003.0,6.18
Panama,2004.0,1.7
Panama,2005.0,5.69
Panama,2006.0,4.56
Panama,2007.0,10.95
Panama,2008.0,12.52
Panama,2009.0,19.08
Panama,2011.0,12.85
Panama,2013.0,15.05
Panama,2014.0,12.29
Panama,2015.0,17.79
Panama,2016.0,21.7
Panama,2017.0,20.13
Panama,2018.0,31.52
Papua New Guinea,2018.0,0
Paraguay,2001.0,5.34
Paraguay,2003.0,13.98
Paraguay,2004.0,17.03
Paraguay,2005.0,1.72
Paraguay,2006.0,7.24
Paraguay,2007.0,7.83
Paraguay,2008.0,17.97
Paraguay,2009.0,31.92
Paraguay,2010.0,21.9
Paraguay,2011.0,10.06
Paraguay,2012.0,28.95
Paraguay,2013.0,40.26
Paraguay,2014.0,24.11
Paraguay,2015.0,39.69
Paraguay,2016.0,20.09492
Paraguay,2017.0,32.52
Paraguay,2018.0,0
Peru,2000.0,0
Peru,2001.0,23.99
Peru,2002.0,14.3
Peru,2003.0,12.75
Peru,2004.0,33.85
Peru,2005.0,28.07
Peru,2006.0,35.88
Peru,2007.0,41.1
Peru,2008.0,42.11
Peru,2009.0,39.02
Peru,2010.0,44.26
Peru,2011.0,43.02
Peru,2012.0,54.91
Peru,2013.0,45.45
Peru,2014.0,51.27
Peru,2015.0,45.26
Peru,2016.0,60.38
Peru,2017.0,54
Peru,2018.0,60.12
Philippines,2004.0,13.54014
Philippines,2018.0,40.75087
Guinea-Bissau,2014.0,3.13894
Timor-Leste,2009.0,34.48962
Timor-Leste,2016.0,17.8841
Qatar,2012.0,0
Rwanda,2005.0,0.82063
Rwanda,2010.0,1.69112
Rwanda,2015.0,2.42257
Saint Lucia,2012.0,0
Sao Tome and Principe,2009.0,0
Sao Tome and Principe,2014.0,0
Senegal,2005.0,0
Senegal,2011.0,0.95564
Senegal,2016.0,0.63601
Senegal,2017.0,3.57903
Senegal,2018.0,2.49919
Senegal,2019.0,1.96242
Serbia,2011.0,12.32079
Serbia,2014.0,43.50198
Serbia,2019.0,67.40537
Sierra Leone,2008.0,0
Sierra Leone,2013.0,2.62388
Sierra Leone,2017.0,1.30618
Vietnam,2011.0,18.86038
Vietnam,2014.0,16.80456
South Africa,2016.0,19.99261
Zimbabwe,2005.0,0
Zimbabwe,2010.0,0
Zimbabwe,2015.0,2.11515
Zimbabwe,2019.0,0
South Sudan,2010.0,3.59846
Sudan,2014.0,15.17712
Suriname,2010.0,2.13753
Suriname,2018.0,0
Eswatini,2006.0,5.54852
Eswatini,2010.0,6.06583
Eswatini,2014.0,11.17957
Syria,2006.0,11.62393
Tajikistan,2006.0,49.42011
Tajikistan,2012.0,65.66547
Tajikistan,2017.0,76.04448
Thailand,2013.0,13.15992
Thailand,2016.0,21.26431
Thailand,2019.0,40.10223
Togo,2006.0,3.01611
Togo,2010.0,1.37591
Togo,2014.0,1.78561
Togo,2017.0,0
Tonga,2019.0,6.05772
Tunisia,2012.0,15.38473
Tunisia,2018.0,16.5199
Turkey,2004.0,12.39383
Turkey,2014.0,28.08096
Turkmenistan,2016.0,87.50568
Uganda,2006.0,1.86419
Uganda,2011.0,2.2821
Uganda,2016.0,1.85722
Ukraine,2007.0,70.71773
Ukraine,2013.0,82.79453
North Macedonia,2011.0,48.15494
North Macedonia,2019.0,73.63172
Egypt,2005.0,12.47326
Egypt,2009.0,10.48901
Egypt,2014.0,27.50885
Tanzania,2004.0,0
Tanzania,2010.0,0
Tanzania,2015.0,0.41481
Burkina Faso,2003.0,0.1194
Burkina Faso,2006.0,0
Burkina Faso,2010.0,0.4157
Uruguay,2008.0,2.73
Uruguay,2009.0,0
Uruguay,2010.0,0
Uruguay,2011.0,0
Uruguay,2012.0,0
Uruguay,2013.0,0
Uruguay,2014.0,0
Uruguay,2015.0,0
Uruguay,2016.0,0
Uruguay,2017.0,7.52
Uruguay,2018.0,0
Uzbekistan,2006.0,69.29903
Yemen,2006.0,21.69364
Yemen,2013.0,16.57782
Zambia,2001.0,1.73945
Zambia,2007.0,6.34385
Zambia,2013.0,2.95418
Zambia,2018.0,0
