country,year,value
World,2021.0,1.0
World,2022.0,1.0
Africa,2021.0,1.0
Africa,2022.0,1.0
Southern Africa,2021.0,1.0
Southern Africa,2022.0,1.0
Antigua and Barbuda,2021.0,0.0
Antigua and Barbuda,2022.0,0.0
Belgium,2021.0,0.0
Belgium,2022.0,0.0
Botswana,2021.0,0.0
Botswana,2022.0,0.0
Belize,2021.0,0.0
Belize,2022.0,0.0
Solomon Islands,2021.0,0.0
Solomon Islands,2022.0,0.0
Sri Lanka,2021.0,0.0
Sri Lanka,2022.0,0.0
Cuba,2021.0,0.0
Cuba,2022.0,0.0
Sub-Saharan Africa,2021.0,1.0
Sub-Saharan Africa,2022.0,1.0
Denmark,2021.0,0.0
Denmark,2022.0,0.0
Ethiopia,2021.0,0.0
Ethiopia,2022.0,0.0
Estonia,2021.0,0.0
Estonia,2022.0,0.0
France,2021.0,0.0
France,2022.0,0.0
Djibouti,2021.0,0.0
Djibouti,2022.0,0.0
Kiribati,2021.0,0.0
Kiribati,2022.0,0.0
Grenada,2021.0,0.0
Grenada,2022.0,0.0
Guyana,2021.0,0.0
Guyana,2022.0,0.0
Honduras,2021.0,0.0
Honduras,2022.0,0.0
Iceland,2021.0,0.0
Iceland,2022.0,0.0
India,2021.0,0.0
India,2022.0,0.0
Ireland,2021.0,0.0
Ireland,2022.0,0.0
Israel,2021.0,0.0
Israel,2022.0,0.0
Italy,2021.0,0.0
Italy,2022.0,0.0
Jamaica,2021.0,0.0
Jamaica,2022.0,0.0
South Korea,2021.0,0.0
South Korea,2022.0,0.0
Laos,2021.0,0.0
Laos,2022.0,0.0
Liechtenstein,2021.0,0.0
Liechtenstein,2022.0,0.0
Malta,2021.0,0.0
Malta,2022.0,0.0
Mauritania,2021.0,0.0
Mauritania,2022.0,0.0
Mauritius,2021.0,0.0
Mauritius,2022.0,0.0
Oman,2021.0,0.0
Oman,2022.0,0.0
Developing regions,2021.0,1.0
Developing regions,2022.0,1.0
Namibia,2021.0,1.0
Namibia,2022.0,1.0
Netherlands,2021.0,0.0
Netherlands,2022.0,0.0
Vanuatu,2021.0,0.0
Vanuatu,2022.0,0.0
New Zealand,2021.0,0.0
New Zealand,2022.0,0.0
Micronesia (country),2021.0,0.0
Micronesia (country),2022.0,0.0
Marshall Islands,2021.0,0.0
Marshall Islands,2022.0,0.0
Papua New Guinea,2021.0,0.0
Papua New Guinea,2022.0,0.0
Russia,2021.0,0.0
Russia,2022.0,0.0
Saint Kitts and Nevis,2021.0,0.0
Saint Kitts and Nevis,2022.0,0.0
Saint Lucia,2021.0,0.0
Saint Lucia,2022.0,0.0
Saint Vincent and the Grenadines,2021.0,0.0
Saint Vincent and the Grenadines,2022.0,0.0
San Marino,2021.0,0.0
San Marino,2022.0,0.0
Seychelles,2021.0,0.0
Seychelles,2022.0,0.0
Singapore,2021.0,0.0
Singapore,2022.0,0.0
Vietnam,2021.0,0.0
Vietnam,2022.0,0.0
Sub-Saharan Africa (inc. Sudan),2021.0,1.0
Sub-Saharan Africa (inc. Sudan),2022.0,1.0
Tonga,2021.0,0.0
Tonga,2022.0,0.0
United Arab Emirates,2021.0,0.0
United Arab Emirates,2022.0,0.0
