country,year,value
World,2020.0,37
South America,2020.0,40
Central America,2020.0,40
Northern America,2020.0,0
Caribbean,2020.0,89
Eastern Asia,2020.0,0
Southern Asia,2020.0,60
South-Eastern Asia,2020.0,38
Australia and New Zealand,2020.0,50
Central Asia,2020.0,0
Western Asia,2020.0,8
Europe,2020.0,10
Least Developed Countries (LDCs),2020.0,48
Sub-Saharan Africa,2020.0,50
Landlocked developing countries (LLDCs),2020.0,38
Oceania (exc. Australia and New Zealand),2020.0,90
Small island developing States (SIDS),2020.0,67
