country,year,value
World,2020.0,57
Afghanistan,2020.0,1
Albania,2020.0,1
Oceania,2020.0,8
Americas,2020.0,9
Angola,2020.0,1
Caribbean,2020.0,6
Australia,2020.0,1
Bahamas,2020.0,1
Bahrain,2020.0,1
Barbados,2020.0,1
Micronesia (country),2020.0,4
Polynesia,2020.0,3
Bulgaria,2020.0,1
Cambodia,2020.0,1
Europe,2020.0,16
Western Europe,2020.0,3
Colombia,2020.0,1
Comoros,2020.0,1
Cook Islands,2020.0,1
Cyprus,2020.0,1
Czechia,2020.0,1
Benin,2020.0,1
Denmark,2020.0,1
Dominica,2020.0,1
El Salvador,2020.0,1
Eritrea,2020.0,1
Djibouti,2020.0,1
Gabon,2020.0,1
Georgia,2020.0,1
Palestine,2020.0,1
Kiribati,2020.0,1
Grenada,2020.0,1
Haiti,2020.0,1
Iceland,2020.0,1
Iraq,2020.0,1
Ireland,2020.0,1
Jamaica,2020.0,1
North Korea,2020.0,1
Kuwait,2020.0,1
Latin America and the Caribbean,2020.0,9
Libya,2020.0,1
Lithuania,2020.0,1
Luxembourg,2020.0,1
Madagascar,2020.0,1
Monaco,2020.0,1
Oman,2020.0,1
Europe and North America,2020.0,16
Nauru,2020.0,1
Netherlands,2020.0,1
Oceania (exc. Australia and New Zealand),2020.0,7
Nicaragua,2020.0,1
Niue,2020.0,1
Norway,2020.0,1
Micronesia (region),2020.0,1
Palau,2020.0,1
Papua New Guinea,2020.0,1
Timor-Leste,2020.0,1
Romania,2020.0,1
Russia,2020.0,1
San Marino,2020.0,1
Vietnam,2020.0,1
Slovenia,2020.0,1
Small island developing States (SIDS),2020.0,15
Syria,2020.0,1
Turkmenistan,2020.0,1
Tuvalu,2020.0,1
Uganda,2020.0,1
North Macedonia,2020.0,1
Uzbekistan,2020.0,1
