country,year,value
Austria,2012.0,13.0
Armenia,2008.0,25.8
Armenia,2014.0,16.2
Armenia,2015.0,15.7
Armenia,2016.0,18.9
Armenia,2017.0,14.0
Armenia,2018.0,17.8
Belgium,2012.0,19.0
Belgium,2015.0,13.0
Belgium,2016.0,12.0
Botswana,2009.0,11.0
Botswana,2019.0,19.4
Bulgaria,2010.0,14.5
Bulgaria,2012.0,45.0
Bulgaria,2015.0,15.8
Bulgaria,2016.0,12.3
Myanmar,2015.0,2.1
Cambodia,2012.0,1.1
Cameroon,2007.0,3.0
Cameroon,2014.0,6.7
Sri Lanka,2018.0,4.3
Chile,2006.0,8.9
Chile,2009.0,8.9
Chile,2011.0,7.2
Chile,2013.0,5.9
Chile,2015.0,7.0
Chile,2017.0,6.8
Costa Rica,2010.0,9.3
Costa Rica,2012.0,9.1
Costa Rica,2013.0,8.6
Costa Rica,2014.0,11.2
Costa Rica,2015.0,11.3
Costa Rica,2016.0,10.1
Costa Rica,2017.0,8.7
Costa Rica,2018.0,8.4
Costa Rica,2019.0,8.5
Cyprus,2012.0,31.0
Czechia,2012.0,32.0
Czechia,2015.0,19.6
Czechia,2016.0,16.4
Denmark,2012.0,35.0
Ethiopia,2005.0,2.5
Ethiopia,2013.0,1.6
Estonia,2012.0,15.0
Estonia,2015.0,9.7
Fiji,2005.0,1.5
Fiji,2016.0,1.8
Finland,2012.0,23.0
France,2012.0,28.0
France,2015.0,14.4
France,2016.0,14.5
Gambia,2012.0,8.5
Gambia,2018.0,9.1
Palestine,2019.0,29.2
Germany,2012.0,16.0
Ghana,2015.0,6.0
Greece,2012.0,43.0
Hungary,2012.0,32.0
Hungary,2015.0,18.0
Iceland,2012.0,13.0
Indonesia,2016.0,1.6
Israel,2016.0,10.5
Israel,2017.0,8.8
Israel,2018.0,8.5
Italy,2012.0,35.0
Cote d'Ivoire,2016.0,2.7
Cote d'Ivoire,2017.0,5.8
Laos,2017.0,1.5
Lebanon,2019.0,12.1
Latvia,2012.0,26.0
Liberia,2010.0,2.8
Liberia,2012.0,14.5
Lithuania,2012.0,34.0
Luxembourg,2012.0,10.0
Malta,2012.0,26.0
Mongolia,2008.0,7.4
Mongolia,2009.0,9.5
Mongolia,2010.0,7.5
Mongolia,2011.0,4.1
Mongolia,2012.0,4.3
Mongolia,2013.0,2.8
Mongolia,2014.0,3.6
Mongolia,2015.0,4.1
Mongolia,2016.0,3.7
Mongolia,2017.0,4.5
Mongolia,2018.0,2.3
Mongolia,2019.0,11.2
Moldova,2017.0,2.7
Moldova,2018.0,1.9
Moldova,2019.0,3.8
Netherlands,2012.0,25.0
New Zealand,2017.0,11.3
New Zealand,2018.0,10.6
New Zealand,2019.0,8.6
Nigeria,2011.0,1.0
Norway,2012.0,7.0
Norway,2015.0,5.5
Norway,2016.0,6.0
Peru,2014.0,2.1
Peru,2015.0,2.6
Peru,2016.0,4.4
Peru,2017.0,3.2
Peru,2018.0,2.5
Peru,2019.0,3.5
Portugal,2011.0,14.4
Portugal,2012.0,41.0
Timor,2016.0,7.5
Romania,2012.0,8.0
Russia,2015.0,19.0
Russia,2016.0,18.3
Russia,2018.0,17.8
Russia,2019.0,15.9
Rwanda,2017.0,16.6
Rwanda,2018.0,14.3
Rwanda,2019.0,15.9
Senegal,2015.0,6.5
Senegal,2016.0,2.0
Seychelles,2018.0,4.8
Sierra Leone,2014.0,2.8
Slovakia,2012.0,29.0
Slovakia,2015.0,16.9
Slovakia,2016.0,15.9
Slovenia,2012.0,34.0
Zimbabwe,2014.0,3.1
Zimbabwe,2019.0,15.5
Spain,2009.0,21.7
Spain,2010.0,23.6
Spain,2011.0,26.8
Spain,2012.0,33.2
Spain,2013.0,35.0
Spain,2014.0,32.2
Spain,2015.0,31.0
Eswatini,2016.0,17.2
Sweden,2012.0,22.0
Uganda,2017.0,9.0
Egypt,2016.0,19.6
Egypt,2017.0,14.2
Egypt,2018.0,8.1
United Kingdom,2012.0,44.0
United Kingdom,2015.0,11.7
Tanzania,2014.0,1.0
United States,2009.0,14.5
United States,2010.0,14.8
United States,2011.0,15.1
United States,2012.0,13.4
United States,2013.0,13.3
United States,2014.0,12.5
United States,2015.0,10.7
United States,2016.0,10.6
United States,2017.0,9.2
United States,2018.0,8.0
United States,2019.0,7.3
Samoa,2012.0,8.2
Samoa,2017.0,7.8
Zambia,2018.0,13.6
