country,year,value
Afghanistan,2017.0,17
Afghanistan,2019.0,368
Albania,2005.0,7
Albania,2006.0,2
Albania,2007.0,2
Albania,2008.0,16
Albania,2009.0,6
Albania,2010.0,13
Albania,2011.0,13
Albania,2012.0,7
Albania,2013.0,9
Albania,2014.0,9
Albania,2015.0,10
Albania,2016.0,20
Albania,2018.0,21
Albania,2019.0,55
Albania,2020.0,10
Algeria,2005.0,117
Algeria,2006.0,11
Algeria,2007.0,60
Algeria,2008.0,83
Algeria,2009.0,21
Algeria,2010.0,8
Algeria,2011.0,30
Algeria,2012.0,43
Algeria,2013.0,23
Algeria,2014.0,1
Algeria,2015.0,51
Algeria,2016.0,2
Algeria,2017.0,16
Algeria,2018.0,294
Algeria,2019.0,13
American Samoa,2009.0,180
American Samoa,2015.0,4
Angola,2005.0,17
Angola,2006.0,47
Angola,2007.0,426
Angola,2008.0,217
Angola,2009.0,73
Angola,2010.0,86
Angola,2011.0,245
Angola,2012.0,72
Angola,2013.0,47
Angola,2014.0,152
Angola,2015.0,426
Angola,2016.0,343
Angola,2017.0,2642
Angola,2018.0,89
Angola,2019.0,276
Angola,2020.0,55
Antigua and Barbuda,2009.0,2
Antigua and Barbuda,2010.0,8
Antigua and Barbuda,2011.0,1
Antigua and Barbuda,2012.0,1
Antigua and Barbuda,2013.0,4
Antigua and Barbuda,2014.0,3
Antigua and Barbuda,2020.0,4
Argentina,2005.0,188
Argentina,2006.0,121
Argentina,2007.0,370
Argentina,2008.0,228
Argentina,2009.0,407
Argentina,2010.0,165
Argentina,2011.0,72
Argentina,2012.0,70
Argentina,2014.0,74
Argentina,2015.0,86
Argentina,2018.0,10
Australia,2009.0,173
Australia,2011.0,38
Australia,2015.0,10
Australia,2016.0,17
Australia,2017.0,8
Australia,2018.0,1
Australia,2019.0,28
Australia,2020.0,127
Austria,2005.0,15
Austria,2006.0,4
Austria,2007.0,4
Austria,2008.0,8
Austria,2009.0,6
Austria,2010.0,9
Austria,2011.0,1
Austria,2012.0,13
Austria,2013.0,15
Austria,2014.0,3
Austria,2015.0,6
Austria,2016.0,4
Austria,2017.0,11
Austria,2018.0,1
Austria,2019.0,9
Austria,2020.0,11
Bangladesh,2007.0,4460
Bangladesh,2008.0,11
Bangladesh,2009.0,190
Bangladesh,2010.0,96
Bangladesh,2011.0,19
Bangladesh,2012.0,201
Bangladesh,2013.0,185
Bangladesh,2014.0,170
Bangladesh,2015.0,244
Bangladesh,2016.0,327
Bangladesh,2017.0,716
Bangladesh,2018.0,391
Bangladesh,2019.0,338
Bangladesh,2020.0,7840
Armenia,2005.0,412
Armenia,2006.0,436
Armenia,2007.0,466
Armenia,2008.0,500
Armenia,2009.0,402
Armenia,2010.0,155
Armenia,2011.0,188
Armenia,2012.0,274
Armenia,2013.0,393
Armenia,2014.0,393
Armenia,2015.0,430
Armenia,2016.0,333
Armenia,2017.0,356
Armenia,2018.0,403
Armenia,2019.0,427
Armenia,2020.0,3284
Barbados,2005.0,4
Barbados,2006.0,2
Barbados,2007.0,6
Barbados,2008.0,5
Barbados,2009.0,1
Barbados,2010.0,7
Barbados,2014.0,1
Barbados,2015.0,3
Barbados,2016.0,3
Barbados,2017.0,4
Bhutan,2005.0,568
Bhutan,2006.0,469
Bhutan,2007.0,513
Bhutan,2008.0,397
Bhutan,2009.0,3210
Bhutan,2010.0,2763
Bhutan,2011.0,2331
Bhutan,2012.0,1994
Bhutan,2013.0,2109
Bhutan,2014.0,1899
Bhutan,2015.0,1302
Bhutan,2017.0,13
Bhutan,2018.0,12
Bhutan,2019.0,21
Bolivia,2005.0,43
Bolivia,2006.0,35
Bolivia,2007.0,78
Bolivia,2008.0,108
Bolivia,2009.0,29
Bolivia,2010.0,43
Bolivia,2011.0,134
Bolivia,2012.0,94
Bolivia,2013.0,11
Bolivia,2014.0,23
Bolivia,2017.0,30
Botswana,2018.0,1
Brazil,2005.0,147
Brazil,2006.0,84
Brazil,2007.0,73
Brazil,2008.0,178
Brazil,2009.0,275
Brazil,2010.0,640
Brazil,2011.0,1034
Brazil,2012.0,94
Brazil,2013.0,698
Brazil,2014.0,93
Brazil,2015.0,78
Brazil,2016.0,87
Brazil,2017.0,150
Belize,2005.0,3
Belize,2008.0,7
Belize,2010.0,4
Belize,2011.0,1
Solomon Islands,2007.0,138
Solomon Islands,2009.0,42
Solomon Islands,2010.0,4
Solomon Islands,2011.0,2
Solomon Islands,2012.0,1
Solomon Islands,2013.0,20
Solomon Islands,2014.0,22
Bulgaria,2005.0,2
Bulgaria,2007.0,9
Bulgaria,2012.0,10
Bulgaria,2014.0,21
Bulgaria,2016.0,7
Bulgaria,2017.0,4
Bulgaria,2018.0,1
Myanmar,2005.0,17
Myanmar,2006.0,59
Myanmar,2007.0,35
Myanmar,2008.0,138373
Myanmar,2009.0,24
Myanmar,2010.0,55
Myanmar,2011.0,236
Myanmar,2012.0,106
Myanmar,2013.0,68
Myanmar,2014.0,279
Myanmar,2015.0,346
Myanmar,2016.0,518
Myanmar,2017.0,554
Myanmar,2018.0,555
Myanmar,2019.0,526
Myanmar,2020.0,21
Burundi,2015.0,147
Burundi,2016.0,185
Burundi,2017.0,202
Burundi,2018.0,650
Cambodia,2005.0,29
Cambodia,2006.0,29
Cambodia,2007.0,33
Cambodia,2008.0,49
Cambodia,2009.0,177
Cambodia,2010.0,91
Cambodia,2011.0,458
Cambodia,2012.0,192
Cambodia,2013.0,375
Cambodia,2014.0,130
Cambodia,2015.0,101
Cambodia,2016.0,51
Cambodia,2017.0,98
Cambodia,2018.0,206
Cambodia,2019.0,154
Cameroon,2005.0,1351
Cameroon,2006.0,1095
Cameroon,2007.0,1179
Cameroon,2008.0,1342
Cameroon,2009.0,1290
Cameroon,2011.0,1665
Cameroon,2012.0,15
Cameroon,2014.0,1337
Cameroon,2015.0,1091
Cameroon,2016.0,838
Cameroon,2017.0,285
Cameroon,2018.0,254
Cameroon,2019.0,1013
Cape Verde,2009.0,3
Cape Verde,2015.0,3
Cape Verde,2017.0,1
Central African Republic,2015.0,2
Sri Lanka,2005.0,37
Sri Lanka,2006.0,92
Sri Lanka,2007.0,95
Sri Lanka,2008.0,100
Sri Lanka,2009.0,46
Sri Lanka,2010.0,50
Sri Lanka,2011.0,104
Sri Lanka,2012.0,120
Sri Lanka,2013.0,97
Sri Lanka,2014.0,91
Sri Lanka,2015.0,49
Sri Lanka,2016.0,127
Sri Lanka,2017.0,281
Sri Lanka,2018.0,76
Sri Lanka,2019.0,42
Sri Lanka,2020.0,83
Chile,2005.0,24
Chile,2006.0,22
Chile,2007.0,14
Chile,2008.0,7
Chile,2009.0,70
Chile,2010.0,521
Chile,2011.0,2
Chile,2013.0,6
Chile,2014.0,21
Chile,2015.0,58
Chile,2016.0,1
Chile,2017.0,44
China,2015.0,819
China,2016.0,1432
China,2017.0,881
China,2018.0,589
China,2019.0,816
Colombia,2005.0,241
Colombia,2006.0,222
Colombia,2007.0,201
Colombia,2008.0,246
Colombia,2009.0,227
Colombia,2010.0,503
Colombia,2011.0,499
Colombia,2012.0,249
Colombia,2013.0,439
Colombia,2014.0,609
Colombia,2015.0,492
Colombia,2016.0,485
Colombia,2017.0,853
Colombia,2018.0,439
Colombia,2019.0,394
Colombia,2020.0,384
Comoros,2007.0,1
Comoros,2012.0,3
Comoros,2014.0,4
Comoros,2015.0,6
Comoros,2017.0,5
Comoros,2019.0,6
Cook Islands,2010.0,3
Costa Rica,2005.0,8
Costa Rica,2006.0,7
Costa Rica,2007.0,30
Costa Rica,2008.0,9
Costa Rica,2009.0,28
Costa Rica,2010.0,40
Costa Rica,2011.0,11
Costa Rica,2012.0,14
Costa Rica,2013.0,12
Costa Rica,2014.0,10
Costa Rica,2015.0,8
Costa Rica,2016.0,19
Costa Rica,2017.0,22
Costa Rica,2018.0,5
Costa Rica,2019.0,3
Costa Rica,2020.0,2352
Croatia,2017.0,25
Cuba,2005.0,17
Cuba,2008.0,7
Cuba,2012.0,11
Cuba,2017.0,10
Cyprus,2005.0,1
Cyprus,2006.0,1
Cyprus,2008.0,1
Cyprus,2009.0,1
Cyprus,2011.0,13
Cyprus,2013.0,1
Cyprus,2016.0,2
Cyprus,2018.0,1
Cyprus,2019.0,17
Czechia,2015.0,2
Czechia,2016.0,1
Czechia,2017.0,9
Czechia,2018.0,2
Benin,2010.0,46
Benin,2011.0,56
Benin,2012.0,18
Benin,2013.0,21
Benin,2014.0,1
Benin,2015.0,11
Benin,2016.0,23
Benin,2017.0,7
Benin,2018.0,49
Benin,2019.0,27
Benin,2020.0,7
Dominica,2007.0,2
Dominica,2010.0,5
Dominica,2011.0,5
Dominica,2012.0,3
Dominica,2013.0,2
Ecuador,2005.0,64
Ecuador,2006.0,51
Ecuador,2007.0,30
Ecuador,2008.0,160
Ecuador,2009.0,58
Ecuador,2010.0,133
Ecuador,2013.0,589
Ecuador,2014.0,513
Ecuador,2016.0,648
Ecuador,2017.0,2
Ecuador,2020.0,9473
El Salvador,2005.0,185
El Salvador,2006.0,68
El Salvador,2007.0,22
El Salvador,2008.0,67
El Salvador,2009.0,77
El Salvador,2010.0,48
El Salvador,2011.0,61
El Salvador,2012.0,20
El Salvador,2013.0,6
El Salvador,2014.0,21
El Salvador,2015.0,4
Equatorial Guinea,2012.0,1
Equatorial Guinea,2015.0,4
Equatorial Guinea,2016.0,11
Equatorial Guinea,2017.0,17
Ethiopia,2005.0,542
Ethiopia,2006.0,1840
Ethiopia,2008.0,151
Ethiopia,2009.0,6
Ethiopia,2010.0,66
Ethiopia,2011.0,94
Ethiopia,2012.0,80
Ethiopia,2013.0,198
Ethiopia,2014.0,74
Ethiopia,2015.0,75
Ethiopia,2016.0,367
Ethiopia,2017.0,153
Ethiopia,2018.0,237
Ethiopia,2019.0,235
Estonia,2005.0,15
Estonia,2011.0,10
Fiji,2005.0,3
Fiji,2006.0,8
Fiji,2007.0,83
Fiji,2008.0,14
Fiji,2009.0,28
Fiji,2010.0,3
Fiji,2011.0,1
Fiji,2012.0,25
Fiji,2016.0,44
Fiji,2018.0,8
Fiji,2019.0,2
Fiji,2020.0,16
Finland,2005.0,22
Finland,2006.0,6
Finland,2007.0,17
Finland,2008.0,18
Finland,2009.0,6
Finland,2010.0,11
Finland,2011.0,3
Finland,2013.0,3
Finland,2014.0,19
Finland,2015.0,1
Finland,2016.0,3
Finland,2018.0,4
France,2016.0,760
France,2017.0,550
France,2018.0,1576
French Polynesia,2007.0,20
Djibouti,2005.0,50
Djibouti,2006.0,129
Djibouti,2007.0,21
Djibouti,2008.0,25
Djibouti,2009.0,57
Djibouti,2010.0,69
Djibouti,2011.0,185
Djibouti,2012.0,28
Georgia,2017.0,8
Georgia,2018.0,2
Georgia,2019.0,7
Gambia,2007.0,32
Gambia,2008.0,6
Gambia,2009.0,5
Gambia,2010.0,48
Gambia,2013.0,2
Gambia,2016.0,1
Gambia,2017.0,6
Gambia,2018.0,269
Gambia,2019.0,245
Palestine,2006.0,1
Palestine,2008.0,2
Palestine,2009.0,1
Palestine,2010.0,1
Palestine,2013.0,4
Palestine,2015.0,45
Palestine,2016.0,85
Palestine,2017.0,70
Palestine,2018.0,1
Ghana,2012.0,69
Ghana,2014.0,2
Ghana,2015.0,106
Ghana,2016.0,5
Ghana,2017.0,130
Ghana,2018.0,6
Ghana,2019.0,2073
Ghana,2020.0,3156
Kiribati,2018.0,95
Grenada,2005.0,2
Grenada,2007.0,1
Guatemala,2005.0,73
Guatemala,2007.0,37
Guatemala,2008.0,243
Guatemala,2009.0,108
Guatemala,2010.0,287
Guatemala,2011.0,118
Guatemala,2012.0,95
Guatemala,2013.0,75
Guatemala,2014.0,53
Guatemala,2015.0,979
Guatemala,2016.0,57
Guatemala,2017.0,15
Guatemala,2018.0,684
Guatemala,2019.0,19
Guatemala,2020.0,4896
Guinea,2014.0,1760
Guinea,2015.0,56
Guyana,2005.0,34
Guyana,2006.0,12
Guyana,2007.0,5
Guyana,2008.0,8
Guyana,2009.0,8
Guyana,2010.0,3
Guyana,2011.0,12
Guyana,2012.0,4
Guyana,2013.0,3
Honduras,2005.0,55
Honduras,2006.0,2
Honduras,2007.0,21
Honduras,2008.0,52
Honduras,2009.0,7
Honduras,2010.0,62
Honduras,2011.0,59
Honduras,2012.0,24
Honduras,2013.0,28
Honduras,2014.0,14
Honduras,2015.0,10
Honduras,2017.0,500
Honduras,2018.0,76
Honduras,2020.0,161
India,2005.0,8230
India,2006.0,5662
India,2007.0,8340
India,2008.0,7341
India,2009.0,6148
India,2010.0,7489
India,2011.0,6165
India,2012.0,5812
India,2013.0,10901
India,2014.0,6517
India,2015.0,7313
India,2016.0,6942
India,2017.0,7317
India,2018.0,6859
India,2019.0,7505
India,2020.0,2769
Indonesia,2005.0,1960
Indonesia,2006.0,7186
Indonesia,2007.0,671
Indonesia,2008.0,264
Indonesia,2009.0,1614
Indonesia,2010.0,1630
Indonesia,2011.0,359
Indonesia,2012.0,282
Indonesia,2013.0,468
Indonesia,2014.0,532
Indonesia,2015.0,219
Indonesia,2016.0,482
Indonesia,2017.0,309
Indonesia,2018.0,3369
Indonesia,2019.0,478
Iran,2005.0,634
Iran,2006.0,304
Iran,2007.0,356
Iran,2008.0,404
Iran,2009.0,77
Iran,2010.0,90
Iran,2011.0,6
Iraq,2007.0,2129
Iraq,2008.0,2557
Iraq,2009.0,6010
Iraq,2010.0,7308
Iraq,2011.0,7612
Iraq,2012.0,9554
Iraq,2013.0,1143
Iraq,2014.0,1149
Iraq,2015.0,1750
Iraq,2016.0,7181
Iraq,2017.0,7746
Iraq,2018.0,95120
Ireland,2017.0,3
Italy,2010.0,70
Italy,2011.0,60
Italy,2012.0,58
Italy,2013.0,70
Italy,2014.0,58
Italy,2015.0,48
Italy,2016.0,332
Italy,2017.0,58
Italy,2018.0,57
Cote d'Ivoire,2005.0,11
Cote d'Ivoire,2006.0,19
Cote d'Ivoire,2007.0,23
Cote d'Ivoire,2008.0,7
Cote d'Ivoire,2009.0,22
Cote d'Ivoire,2010.0,25
Cote d'Ivoire,2011.0,2
Cote d'Ivoire,2013.0,8
Cote d'Ivoire,2014.0,73
Cote d'Ivoire,2015.0,37
Jamaica,2005.0,9
Jamaica,2006.0,45
Jamaica,2007.0,6
Jamaica,2008.0,16
Jamaica,2009.0,52
Jamaica,2010.0,17
Jamaica,2011.0,21
Jamaica,2012.0,1
Japan,2005.0,148
Japan,2006.0,177
Japan,2007.0,39
Japan,2008.0,101
Japan,2009.0,115
Japan,2010.0,89
Japan,2011.0,22466
Japan,2012.0,190
Japan,2013.0,173
Japan,2014.0,283
Japan,2015.0,64
Japan,2016.0,293
Japan,2017.0,127
Japan,2018.0,444
Kazakhstan,2005.0,6
Kazakhstan,2006.0,22
Kazakhstan,2007.0,17
Kazakhstan,2008.0,11
Kazakhstan,2009.0,9
Kazakhstan,2010.0,9
Kazakhstan,2011.0,14
Kazakhstan,2012.0,9
Kazakhstan,2013.0,6
Kazakhstan,2014.0,2
Kazakhstan,2015.0,4
Kazakhstan,2016.0,8
Kazakhstan,2017.0,29
Kazakhstan,2018.0,1
Kazakhstan,2019.0,3
Kazakhstan,2020.0,2793
Jordan,2005.0,83
Jordan,2006.0,40
Jordan,2007.0,35
Jordan,2008.0,36
Jordan,2009.0,18
Jordan,2010.0,47
Jordan,2011.0,17
Jordan,2012.0,33
Jordan,2013.0,35
Jordan,2014.0,17
Jordan,2015.0,11
Jordan,2016.0,11
Jordan,2017.0,34
Jordan,2018.0,53
Jordan,2019.0,10
Kenya,2005.0,11
Kenya,2006.0,17
Kenya,2007.0,11
Kenya,2008.0,62
Kenya,2009.0,282
Kenya,2010.0,148
Kenya,2011.0,36
Kenya,2012.0,24
Kenya,2013.0,172
Kenya,2014.0,224
Kenya,2015.0,723
Kenya,2016.0,672
Kenya,2017.0,21
Kenya,2019.0,930
Kenya,2020.0,1754
Korea,2005.0,26
Korea,2006.0,53
Korea,2007.0,23
Korea,2008.0,65
Korea,2009.0,236
Korea,2010.0,91
Korea,2011.0,74
Korea,2012.0,21
Korea,2013.0,14
Korea,2014.0,378
Korea,2015.0,64
Korea,2016.0,21
Korea,2017.0,68
Korea,2018.0,133
Korea,2019.0,100
Kosovo,2010.0,2
Kosovo,2011.0,5
Kosovo,2012.0,10
Kosovo,2013.0,2
Kuwait,2011.0,1
Kuwait,2020.0,908
Kyrgyzstan,2005.0,70
Kyrgyzstan,2006.0,84
Kyrgyzstan,2007.0,93
Kyrgyzstan,2008.0,281
Kyrgyzstan,2009.0,71
Kyrgyzstan,2010.0,158
Kyrgyzstan,2011.0,140
Kyrgyzstan,2012.0,99
Kyrgyzstan,2013.0,95
Kyrgyzstan,2014.0,67
Kyrgyzstan,2015.0,53
Kyrgyzstan,2016.0,47
Kyrgyzstan,2017.0,141
Kyrgyzstan,2018.0,18
Kyrgyzstan,2019.0,19
Kyrgyzstan,2020.0,3957
Laos,2005.0,19
Laos,2006.0,16
Laos,2007.0,25
Laos,2008.0,45
Laos,2009.0,59
Laos,2010.0,50
Laos,2011.0,28
Laos,2012.0,19
Lebanon,2005.0,1
Lebanon,2006.0,5
Lebanon,2008.0,4
Lebanon,2012.0,1
Lebanon,2013.0,1
Lebanon,2015.0,11
Lebanon,2016.0,1
Lebanon,2018.0,10
Lebanon,2019.0,4
Lebanon,2020.0,1
Liberia,2014.0,3441
Liberia,2015.0,41
Liberia,2020.0,131
Madagascar,2005.0,55
Madagascar,2006.0,13
Madagascar,2007.0,151
Madagascar,2008.0,137
Madagascar,2009.0,77
Madagascar,2010.0,144
Madagascar,2011.0,117
Madagascar,2012.0,169
Madagascar,2013.0,97
Madagascar,2014.0,118
Madagascar,2015.0,215
Madagascar,2016.0,6
Madagascar,2017.0,81
Madagascar,2018.0,72
Malawi,2005.0,2051
Malawi,2006.0,1845
Malawi,2007.0,2040
Malawi,2008.0,3879
Malawi,2009.0,4978
Malawi,2010.0,1444
Malawi,2011.0,1243
Malawi,2012.0,606
Malawi,2013.0,1931
Malawi,2014.0,1811
Malawi,2015.0,992
Malawi,2016.0,972
Malawi,2017.0,946
Malawi,2018.0,1324
Malawi,2019.0,1319
Malawi,2020.0,676
Malaysia,2005.0,14
Malaysia,2006.0,15
Malaysia,2007.0,22
Malaysia,2008.0,28
Malaysia,2010.0,4
Malaysia,2011.0,16
Malaysia,2012.0,5
Malaysia,2014.0,25
Malaysia,2015.0,18
Malaysia,2016.0,5
Malaysia,2017.0,31
Malaysia,2018.0,16
Malaysia,2019.0,9
Malaysia,2020.0,479
Maldives,2005.0,1
Maldives,2006.0,23
Maldives,2007.0,1
Maldives,2008.0,4
Maldives,2019.0,1
Mali,2005.0,20
Mali,2006.0,8
Mali,2007.0,77
Mali,2008.0,43
Mali,2009.0,29
Mali,2010.0,132
Mali,2011.0,33
Mali,2012.0,21
Mali,2013.0,43
Mali,2014.0,7
Mali,2017.0,21
Mauritius,2005.0,6
Mauritius,2006.0,6
Mauritius,2007.0,159
Mauritius,2008.0,22
Mauritius,2009.0,141
Mauritius,2010.0,140
Mauritius,2011.0,8
Mauritius,2012.0,143
Mauritius,2013.0,26
Mauritius,2014.0,10
Mexico,2005.0,518
Mexico,2006.0,697
Mexico,2007.0,526
Mexico,2008.0,530
Mexico,2009.0,608
Mexico,2010.0,535
Mexico,2011.0,427
Mexico,2012.0,627
Mexico,2013.0,646
Mexico,2014.0,485
Mexico,2015.0,494
Mexico,2016.0,495
Mexico,2017.0,877
Mexico,2018.0,503
Mexico,2019.0,614
Mexico,2020.0,399
Mongolia,2005.0,193
Mongolia,2006.0,187
Mongolia,2007.0,215
Mongolia,2008.0,261
Mongolia,2009.0,247
Mongolia,2010.0,226
Mongolia,2011.0,211
Mongolia,2012.0,226
Mongolia,2013.0,191
Mongolia,2014.0,175
Mongolia,2015.0,198
Mongolia,2016.0,230
Mongolia,2017.0,204
Mongolia,2018.0,205
Mongolia,2019.0,203
Mongolia,2020.0,255
Montenegro,2006.0,50
Montenegro,2009.0,1
Montenegro,2013.0,19
Montenegro,2016.0,3
Morocco,2008.0,58
Morocco,2009.0,102
Morocco,2010.0,40
Morocco,2011.0,7
Morocco,2012.0,3
Morocco,2013.0,5
Morocco,2014.0,59
Morocco,2015.0,21
Morocco,2016.0,38
Morocco,2017.0,31
Morocco,2018.0,25
Morocco,2019.0,61
Mozambique,2005.0,1221
Mozambique,2006.0,911
Mozambique,2007.0,1080
Mozambique,2008.0,1188
Mozambique,2009.0,624
Mozambique,2010.0,19
Mozambique,2011.0,19
Mozambique,2012.0,28
Mozambique,2015.0,184
Mozambique,2016.0,59
Mozambique,2017.0,31
Mozambique,2018.0,24
Namibia,2008.0,100
Namibia,2009.0,105
Namibia,2011.0,110
Namibia,2017.0,39
Namibia,2018.0,40
Nepal,2005.0,333
Nepal,2006.0,599
Nepal,2007.0,637
Nepal,2008.0,936
Nepal,2009.0,1260
Nepal,2010.0,1002
Nepal,2011.0,418
Nepal,2012.0,442
Nepal,2013.0,456
Nepal,2014.0,503
Nepal,2015.0,9248
Nepal,2016.0,450
Nepal,2017.0,490
Nepal,2018.0,478
Nepal,2019.0,489
New Caledonia,2009.0,4
New Caledonia,2011.0,3
Vanuatu,2006.0,2
Vanuatu,2011.0,1
Vanuatu,2014.0,11
Vanuatu,2015.0,11
Vanuatu,2020.0,3
New Zealand,2006.0,2
New Zealand,2007.0,3
New Zealand,2008.0,11
New Zealand,2009.0,3
New Zealand,2011.0,186
New Zealand,2012.0,3
New Zealand,2013.0,2
New Zealand,2014.0,1
New Zealand,2016.0,2
New Zealand,2017.0,1
New Zealand,2019.0,22
Nicaragua,2005.0,9
Nicaragua,2006.0,45
Nicaragua,2007.0,348
Nicaragua,2008.0,22
Nicaragua,2009.0,5
Nicaragua,2010.0,21
Nicaragua,2011.0,15
Nicaragua,2012.0,18
Nicaragua,2013.0,39
Niger,2005.0,49
Niger,2006.0,50
Niger,2007.0,75
Niger,2008.0,69
Niger,2009.0,81
Niger,2010.0,58
Niger,2011.0,79
Niger,2012.0,68
Niger,2013.0,60
Niger,2014.0,34
Niger,2015.0,1521
Niger,2016.0,372
Niger,2017.0,516
Niger,2018.0,462
Niger,2019.0,633
Norway,2017.0,230
Micronesia (region),2011.0,2
Micronesia (region),2015.0,10
Micronesia (region),2018.0,1
Micronesia (region),2019.0,521
Marshall Islands,2019.0,1
Marshall Islands,2020.0,1
Pakistan,2005.0,45319
Pakistan,2006.0,9730
Pakistan,2007.0,4411
Pakistan,2008.0,7695
Pakistan,2009.0,6911
Pakistan,2010.0,5105
Pakistan,2011.0,2561
Pakistan,2012.0,3224
Pakistan,2013.0,3544
Pakistan,2014.0,1443
Pakistan,2016.0,471
Pakistan,2017.0,328
Pakistan,2018.0,137
Panama,2005.0,13
Panama,2006.0,11
Panama,2007.0,31
Panama,2008.0,124
Panama,2009.0,80
Panama,2010.0,67
Panama,2011.0,80
Panama,2012.0,37
Panama,2013.0,63
Panama,2014.0,96
Panama,2015.0,14
Panama,2016.0,50
Panama,2017.0,23
Panama,2018.0,36
Panama,2019.0,8
Panama,2020.0,2
Papua New Guinea,2005.0,4
Papua New Guinea,2006.0,63
Papua New Guinea,2007.0,513
Papua New Guinea,2008.0,24
Papua New Guinea,2009.0,379
Papua New Guinea,2010.0,16
Papua New Guinea,2011.0,1
Papua New Guinea,2012.0,34
Papua New Guinea,2013.0,10
Papua New Guinea,2014.0,30
Papua New Guinea,2015.0,30
Papua New Guinea,2020.0,40
Paraguay,2005.0,2
Paraguay,2006.0,2
Paraguay,2007.0,19
Paraguay,2008.0,41
Paraguay,2009.0,15
Paraguay,2010.0,19
Paraguay,2011.0,25
Paraguay,2012.0,25
Paraguay,2013.0,4
Paraguay,2014.0,8
Paraguay,2015.0,9
Paraguay,2016.0,11
Paraguay,2017.0,3
Paraguay,2018.0,7
Paraguay,2019.0,5
Peru,2005.0,121
Peru,2006.0,87
Peru,2007.0,628
Peru,2008.0,165
Peru,2009.0,109
Peru,2010.0,130
Peru,2011.0,121
Peru,2012.0,180
Peru,2013.0,137
Peru,2014.0,73
Peru,2015.0,162
Peru,2016.0,103
Peru,2017.0,225
Peru,2018.0,162
Peru,2019.0,97
Philippines,2005.0,98
Philippines,2006.0,1428
Philippines,2007.0,219
Philippines,2008.0,835
Philippines,2009.0,1258
Philippines,2010.0,192
Philippines,2011.0,1730
Philippines,2012.0,1721
Philippines,2013.0,6764
Philippines,2014.0,324
Philippines,2015.0,211
Philippines,2016.0,80
Philippines,2017.0,177
Philippines,2018.0,310
Philippines,2019.0,60
Philippines,2020.0,9396
Guinea-Bissau,2017.0,30
Guinea-Bissau,2018.0,1
Timor-Leste,2006.0,7
Timor-Leste,2009.0,4
Timor-Leste,2010.0,10
Timor-Leste,2011.0,8
Timor-Leste,2012.0,10
Timor-Leste,2013.0,19
Timor-Leste,2014.0,4
Timor-Leste,2015.0,47
Timor-Leste,2016.0,4
Timor-Leste,2017.0,2
Romania,2005.0,39
Romania,2006.0,30
Romania,2007.0,11
Romania,2008.0,18
Romania,2009.0,12
Romania,2010.0,27
Romania,2012.0,4
Romania,2013.0,6
Romania,2014.0,8
Romania,2015.0,4
Romania,2016.0,6
Romania,2017.0,1
Romania,2018.0,1239
Russia,2009.0,734
Russia,2010.0,683
Russia,2011.0,791
Russia,2012.0,832
Russia,2013.0,620
Russia,2014.0,567
Russia,2015.0,699
Russia,2016.0,788
Russia,2017.0,556
Russia,2018.0,717
Russia,2019.0,532
Russia,2020.0,326
Rwanda,2016.0,35
Saint Kitts and Nevis,2006.0,2
Saint Kitts and Nevis,2007.0,4
Saint Kitts and Nevis,2008.0,1
Saint Kitts and Nevis,2010.0,2
Saint Kitts and Nevis,2011.0,1
Saint Kitts and Nevis,2014.0,2
Saint Lucia,2007.0,1
Saint Lucia,2009.0,3
Saint Lucia,2010.0,7
Saint Lucia,2011.0,18
Saint Lucia,2013.0,5
Saint Vincent and the Grenadines,2005.0,2
Saint Vincent and the Grenadines,2008.0,1
Saint Vincent and the Grenadines,2013.0,9
Senegal,2005.0,77
Senegal,2006.0,53
Senegal,2007.0,113
Senegal,2008.0,44
Senegal,2009.0,69
Senegal,2010.0,215
Senegal,2011.0,193
Senegal,2012.0,291
Senegal,2013.0,610
Senegal,2014.0,557
Senegal,2015.0,1
Serbia,2005.0,5
Serbia,2006.0,10
Serbia,2007.0,12
Serbia,2008.0,18
Serbia,2009.0,16
Serbia,2010.0,27
Serbia,2011.0,36
Serbia,2012.0,53
Serbia,2013.0,4
Serbia,2014.0,33
Serbia,2016.0,1
Serbia,2017.0,3
Serbia,2018.0,9
Serbia,2020.0,3
Sierra Leone,2006.0,3
Sierra Leone,2009.0,57
Sierra Leone,2010.0,59
Sierra Leone,2011.0,46
Sierra Leone,2012.0,257
Sierra Leone,2013.0,188
Sierra Leone,2014.0,300
Sierra Leone,2015.0,914
Vietnam,2005.0,675
Vietnam,2006.0,317
Vietnam,2007.0,381
Vietnam,2008.0,575
Vietnam,2009.0,294
Vietnam,2010.0,60
Slovenia,2005.0,29
Slovenia,2006.0,21
Slovenia,2007.0,28
Slovenia,2008.0,23
Slovenia,2009.0,25
Slovenia,2010.0,44
Slovenia,2011.0,18
Slovenia,2012.0,32
Slovenia,2013.0,10
Slovenia,2014.0,13
Slovenia,2015.0,11
Slovenia,2016.0,22
Slovenia,2017.0,13
Slovenia,2018.0,23
Slovenia,2019.0,19
South Africa,2015.0,307
South Africa,2016.0,300
Zimbabwe,2005.0,92516
Spain,2005.0,57
Spain,2006.0,59
Spain,2007.0,35
Spain,2008.0,29
Spain,2009.0,44
Spain,2010.0,66
Spain,2011.0,52
Spain,2012.0,40
Spain,2013.0,34
Spain,2014.0,30
Spain,2015.0,59
Spain,2016.0,33
Spain,2017.0,42
Spain,2018.0,57
Spain,2019.0,52
South Sudan,2016.0,275
Sudan,2005.0,1235
Sudan,2006.0,986
Sudan,2007.0,753
Sudan,2008.0,629
Sudan,2009.0,607
Sudan,2010.0,585
Sudan,2011.0,409
Sudan,2012.0,334
Sudan,2013.0,283
Sudan,2014.0,258
Sudan,2015.0,129
Sudan,2016.0,77
Sudan,2017.0,182
Sudan,2018.0,78
Sudan,2019.0,299
Eswatini,2006.0,2
Eswatini,2007.0,2
Eswatini,2010.0,2
Eswatini,2011.0,15
Eswatini,2014.0,27
Eswatini,2016.0,1
Eswatini,2019.0,23
Sweden,2005.0,7
Sweden,2007.0,3
Sweden,2014.0,1
Sweden,2020.0,9265
Switzerland,2005.0,502
Switzerland,2006.0,436
Switzerland,2007.0,444
Switzerland,2008.0,440
Switzerland,2009.0,418
Switzerland,2010.0,376
Switzerland,2011.0,392
Switzerland,2012.0,430
Switzerland,2013.0,337
Switzerland,2014.0,309
Switzerland,2015.0,1116
Switzerland,2016.0,268
Switzerland,2017.0,296
Switzerland,2018.0,501
Switzerland,2019.0,770
Syria,2005.0,24
Syria,2006.0,69
Syria,2007.0,157
Syria,2008.0,248
Syria,2009.0,52
Tajikistan,2015.0,35
Tajikistan,2016.0,20
Tajikistan,2017.0,31
Tajikistan,2018.0,12
Tajikistan,2019.0,24
Tajikistan,2020.0,8
Thailand,2015.0,123
Thailand,2016.0,183
Thailand,2017.0,233
Thailand,2018.0,81
Togo,2005.0,7
Togo,2006.0,12
Togo,2007.0,210
Togo,2008.0,12
Togo,2009.0,87
Togo,2010.0,157
Togo,2011.0,222
Togo,2012.0,5
Togo,2013.0,1212
Togo,2014.0,161
Togo,2017.0,4
Togo,2019.0,8
Togo,2020.0,79
Tonga,2009.0,9
Tonga,2014.0,1
Trinidad and Tobago,2005.0,2
Trinidad and Tobago,2008.0,1
Trinidad and Tobago,2009.0,1
Trinidad and Tobago,2010.0,1
Trinidad and Tobago,2012.0,2
Trinidad and Tobago,2020.0,129
United Arab Emirates,2007.0,21
United Arab Emirates,2008.0,172
United Arab Emirates,2009.0,98
United Arab Emirates,2010.0,110
United Arab Emirates,2011.0,90
United Arab Emirates,2012.0,107
United Arab Emirates,2013.0,244
United Arab Emirates,2014.0,164
United Arab Emirates,2015.0,43
United Arab Emirates,2016.0,16
United Arab Emirates,2017.0,28
United Arab Emirates,2018.0,30
United Arab Emirates,2019.0,41
United Arab Emirates,2020.0,15
Tunisia,2005.0,2
Tunisia,2006.0,8
Tunisia,2007.0,22
Tunisia,2008.0,1
Tunisia,2009.0,106
Tunisia,2010.0,6
Tunisia,2011.0,53
Tunisia,2012.0,36
Tunisia,2013.0,2
Tunisia,2018.0,19
Turkey,2005.0,83
Turkey,2006.0,160
Turkey,2007.0,182
Turkey,2008.0,96
Turkey,2009.0,115
Turkey,2010.0,179
Turkey,2011.0,762
Turkey,2012.0,101
Turkey,2013.0,167
Turkey,2014.0,164
Turkey,2015.0,16
Turkey,2016.0,32
Turkey,2017.0,10
Turkey,2018.0,6
Turkey,2019.0,37
Uganda,2005.0,109
Uganda,2006.0,383
Uganda,2007.0,276
Uganda,2008.0,203
Uganda,2009.0,207
Uganda,2010.0,2143
Uganda,2011.0,709
Uganda,2012.0,116
Uganda,2013.0,105
Uganda,2014.0,84
Uganda,2015.0,28
Uganda,2016.0,106
Uganda,2017.0,38
Uganda,2018.0,122
Ukraine,2005.0,1
Ukraine,2006.0,5
Ukraine,2007.0,33
Ukraine,2008.0,44
Ukraine,2009.0,1
Ukraine,2010.0,5
Ukraine,2012.0,3
Ukraine,2013.0,3
Ukraine,2014.0,3
Ukraine,2016.0,4
Ukraine,2017.0,1
Ukraine,2019.0,7
Ukraine,2020.0,19809
Egypt,2005.0,6473
Egypt,2006.0,6291
Egypt,2007.0,6726
Egypt,2008.0,6743
Egypt,2009.0,7822
Egypt,2010.0,7204
Egypt,2011.0,7304
Egypt,2012.0,6491
Egypt,2013.0,6855
Egypt,2014.0,6501
Egypt,2015.0,6481
Egypt,2016.0,2246
Egypt,2017.0,4067
Egypt,2018.0,3162
Egypt,2019.0,1723
Egypt,2020.0,9946
United Kingdom,2005.0,63
United Kingdom,2006.0,50
United Kingdom,2007.0,46
United Kingdom,2008.0,48
United Kingdom,2009.0,70
United Kingdom,2010.0,49
United Kingdom,2011.0,49
United Kingdom,2012.0,45
United Kingdom,2013.0,58
United Kingdom,2014.0,32
United Kingdom,2015.0,80
United Kingdom,2016.0,44
United Kingdom,2017.0,62
United Kingdom,2018.0,88
United Kingdom,2019.0,41
Tanzania,2006.0,2
Tanzania,2007.0,39
Tanzania,2008.0,81
Tanzania,2009.0,94
Tanzania,2010.0,196
Tanzania,2011.0,283
Tanzania,2012.0,218
Tanzania,2013.0,49
Tanzania,2014.0,24
Tanzania,2015.0,3986
Tanzania,2016.0,3616
Tanzania,2017.0,2876
Tanzania,2018.0,2624
Tanzania,2019.0,325
Tanzania,2020.0,92
United States,2015.0,698
United States,2016.0,668
United States,2017.0,3847
United States,2018.0,772
United States,2019.0,570
Burkina Faso,2005.0,773
Burkina Faso,2006.0,1677
Burkina Faso,2007.0,1957
Burkina Faso,2008.0,1158
Burkina Faso,2009.0,761
Burkina Faso,2010.0,1029
Burkina Faso,2011.0,714
Burkina Faso,2012.0,815
Burkina Faso,2013.0,504
Burkina Faso,2014.0,436
Burkina Faso,2015.0,311
Burkina Faso,2016.0,327
Burkina Faso,2017.0,227
Burkina Faso,2018.0,182
Burkina Faso,2019.0,7
Uruguay,2005.0,24
Uruguay,2006.0,5
Uruguay,2007.0,1
Uruguay,2008.0,7
Uruguay,2009.0,51
Uruguay,2010.0,5
Uruguay,2011.0,13
Uruguay,2012.0,26
Uruguay,2013.0,12
Uruguay,2014.0,5
Uruguay,2015.0,4
Uruguay,2017.0,1
Uruguay,2018.0,5
Uruguay,2019.0,6
Uruguay,2020.0,181
Uzbekistan,2019.0,2
Venezuela,2005.0,297
Venezuela,2006.0,127
Venezuela,2007.0,66
Venezuela,2008.0,33
Venezuela,2009.0,28
Venezuela,2010.0,25
Venezuela,2011.0,22
Venezuela,2012.0,109
Venezuela,2013.0,18
Venezuela,2014.0,54
Venezuela,2015.0,15
Samoa,2005.0,18
Samoa,2009.0,369
Samoa,2014.0,1
Samoa,2019.0,83
Yemen,2005.0,166
Yemen,2006.0,70
Yemen,2007.0,423
Yemen,2008.0,256
Yemen,2009.0,617
Yemen,2010.0,135
Zambia,2005.0,100
Zambia,2006.0,1
Zambia,2009.0,7
Zambia,2010.0,3
Zambia,2012.0,2
Zambia,2013.0,2
Zambia,2014.0,3
Zambia,2015.0,4
Zambia,2016.0,8
Zambia,2017.0,11
