country,year,value
Argentina,2020.0,49.7
Brazil,2020.0,46.9
Belize,2020.0,71.9
British Virgin Islands,2020.0,100.0
Cape Verde,2020.0,47.2
Chile,2020.0,70.8
Costa Rica,2020.0,61.0
Cuba,2020.0,100.0
Dominican Republic,2020.0,42.0
Ecuador,2020.0,42.8
El Salvador,2020.0,31.9
Ethiopia,2020.0,9.7
Germany,2020.0,100.0
Guatemala,2017.0,20.0
Guatemala,2020.0,18.4
Guyana,2020.0,100.0
Mexico,2020.0,35.3
Aruba,2020.0,62.9
New Zealand,2020.0,100.0
Panama,2020.0,59.4
Paraguay,2020.0,18.8
Poland,2020.0,100.0
Puerto Rico,2020.0,100.0
Rwanda,2020.0,12.2
Saint Pierre and Miquelon,2020.0,100.0
Zimbabwe,2020.0,19.6
Uruguay,2020.0,62.5
