country,year,value
Ethiopia,2014.0,4.28835
Ethiopia,2016.0,4.43759
India,2005.0,5.46505
India,2012.0,8.05433
Malawi,2011.0,5.05147
Malawi,2013.0,6.7853
Malawi,2017.0,5.26817
Mali,2014.0,7.79589
Mali,2017.0,13.68157
Niger,2011.0,5.12537
Niger,2014.0,5.5903
Nigeria,2016.0,12.17028
Nigeria,2019.0,5.17798
Uganda,2010.0,4.89866
Uganda,2011.0,3.87106
Uganda,2012.0,4.58506
Uganda,2014.0,3.75516
Uganda,2016.0,3.96457
Tanzania,2009.0,3.41551
Tanzania,2011.0,4.3234
Tanzania,2013.0,3.68406
Burkina Faso,2014.0,3.79962
