country,year,value
Afghanistan,2021.0,1
Algeria,2021.0,1
Australia,2021.0,1
Austria,2021.0,1
Bahrain,2021.0,1
Barbados,2021.0,1
Bosnia and Herzegovina,2021.0,3
Myanmar,2021.0,1
Burundi,2021.0,1
Cambodia,2021.0,1
Cameroon,2021.0,1
Canada,2021.0,1
Colombia,2021.0,1
Congo,2021.0,1
Democratic Republic of Congo,2021.0,1
Czechia,2021.0,1
Dominican Republic,2021.0,1
France,2021.0,1
Germany,2021.0,1
Grenada,2021.0,1
Haiti,2021.0,1
India,2021.0,1
Ireland,2021.0,1
Cote d'Ivoire,2021.0,1
Jamaica,2021.0,1
Kazakhstan,2021.0,1
Jordan,2021.0,1
Kenya,2021.0,1
Madagascar,2021.0,1
Malaysia,2021.0,1
Morocco,2021.0,1
Oman,2021.0,1
Namibia,2021.0,1
Nepal,2021.0,1
Netherlands,2021.0,1
Nigeria,2021.0,1
Palau,2021.0,1
Paraguay,2021.0,1
Philippines,2021.0,1
Poland,2021.0,1
Rwanda,2021.0,1
Slovenia,2021.0,1
Somalia,2021.0,1
South Africa,2021.0,1
Switzerland,2021.0,1
Thailand,2021.0,1
Egypt,2021.0,1
United Kingdom,2021.0,1
United States,2021.0,2
