country,year,value
Afghanistan,2011.0,67.48992
Afghanistan,2015.0,70.75815
Albania,2000.0,95.42
Albania,2005.0,98.31
Albania,2009.0,97.81924
Albania,2017.0,96.33082
Algeria,2013.0,95.65218
Angola,2015.0,73.92891
Azerbaijan,2000.0,98.24
Azerbaijan,2006.0,98.81858
Argentina,2000.0,96.16
Argentina,2001.0,94.97
Argentina,2002.0,95.08
Argentina,2003.0,91.41
Argentina,2004.0,94.13
Argentina,2005.0,95.25
Argentina,2006.0,95.4
Argentina,2007.0,94.93
Argentina,2008.0,95.45
Argentina,2009.0,95.08
Argentina,2011.0,96.46
Argentina,2012.0,95.7
Argentina,2013.0,95.87
Argentina,2014.0,95.79
Argentina,2016.0,97.84
Argentina,2017.0,97.13
Argentina,2018.0,97.47
Bangladesh,2000.0,66.84
Bangladesh,2004.0,69.01
Bangladesh,2006.0,75.3471
Bangladesh,2007.0,69.11
Bangladesh,2011.0,79.10136
Bangladesh,2013.0,74.85
Bangladesh,2014.0,80.8069
Bangladesh,2019.0,82.97742
Armenia,2000.0,99.5
Armenia,2006.0,99.68671
Armenia,2011.0,100
Armenia,2016.0,99.0743
Barbados,2012.0,98.4471
Bhutan,2010.0,88.65156
Bolivia,2000.0,88.45
Bolivia,2001.0,89.85
Bolivia,2002.0,90.58
Bolivia,2003.0,93.99713
Bolivia,2004.0,92.46
Bolivia,2005.0,93.85
Bolivia,2006.0,93.32
Bolivia,2007.0,93.92
Bolivia,2008.0,94.56524
Bolivia,2009.0,95.52
Bolivia,2011.0,95.08
Bolivia,2012.0,95.1
Bolivia,2013.0,97.04
Bolivia,2014.0,95.1
Bolivia,2015.0,97.56
Bolivia,2016.0,97.93
Bolivia,2017.0,98.96
Bolivia,2018.0,98.03
Bosnia and Herzegovina,2000.0,99.48
Bosnia and Herzegovina,2006.0,97.97
Bosnia and Herzegovina,2012.0,99.91445
Brazil,2001.0,92.6
Brazil,2002.0,93.38
Brazil,2003.0,93.96
Brazil,2004.0,94.72
Brazil,2005.0,95.33
Brazil,2006.0,95.49
Brazil,2007.0,95.15
Brazil,2008.0,95.26
Brazil,2009.0,95.75
Brazil,2011.0,95.87
Brazil,2012.0,96.57
Brazil,2013.0,96.66
Brazil,2014.0,97.18
Brazil,2015.0,97.41
Brazil,2016.0,94.63
Brazil,2017.0,95.42
Brazil,2018.0,95.78
Belize,2006.0,93.75
Belize,2011.0,89.03
Belize,2016.0,96.74338
Myanmar,2000.0,76.02
Myanmar,2016.0,89.25049
Burundi,2000.0,37.69231
Burundi,2005.0,42.08
Burundi,2010.0,58.34531
Burundi,2017.0,72.14172
Belarus,2005.0,100
Belarus,2012.0,99.66731
Cambodia,2000.0,61.09
Cambodia,2005.0,72.61649
Cambodia,2008.0,75.48562
Cambodia,2010.0,82.52591
Cambodia,2014.0,84.86874
Cameroon,2000.0,85.11
Cameroon,2004.0,74.35593
Cameroon,2005.0,85.13978
Cameroon,2006.0,78.76852
Cameroon,2011.0,81.43974
Cameroon,2014.0,86.42224
Cameroon,2018.0,88.67269
Central African Republic,2000.0,35.19
Central African Republic,2006.0,41.89662
Central African Republic,2010.0,61.44322
Sri Lanka,2006.0,98.44435
Chad,2000.0,43.8
Chad,2004.0,47.29466
Chad,2010.0,46.49
Chad,2014.0,53.32626
Chile,2000.0,95.47
Chile,2002.0,94.58665
Chile,2003.0,96.75
Chile,2006.0,96.29
Chile,2009.0,96.77
Chile,2011.0,96.3
Chile,2013.0,95.8
Chile,2015.0,96.75
Chile,2017.0,96.29
China,2010.0,99.2
China,2012.0,96.08
China,2014.0,97.58
Colombia,2000.0,88.2
Colombia,2002.0,88.36
Colombia,2003.0,88.56
Colombia,2004.0,89.47
Colombia,2005.0,90.89539
Colombia,2008.0,92.98
Colombia,2009.0,93.11
Colombia,2010.0,93.33416
Colombia,2011.0,93.37
Colombia,2012.0,93.74
Colombia,2013.0,93.8
Colombia,2014.0,94.06
Colombia,2015.0,94.66612
Colombia,2016.0,94.24
Colombia,2017.0,94.79
Colombia,2018.0,94.98
Comoros,2000.0,51.64
Comoros,2012.0,86.8987
Congo,2005.0,75.93839
Congo,2012.0,84.09235
Congo,2015.0,89.55567
Democratic Republic of Congo,2001.0,56.81
Democratic Republic of Congo,2007.0,67.46084
Democratic Republic of Congo,2010.0,70.28671
Democratic Republic of Congo,2013.0,85.32569
Democratic Republic of Congo,2018.0,81.13438
Costa Rica,2000.0,86.63
Costa Rica,2001.0,86.92
Costa Rica,2002.0,89.58
Costa Rica,2003.0,90.39
Costa Rica,2004.0,92.73
Costa Rica,2005.0,93.36
Costa Rica,2006.0,92.1
Costa Rica,2007.0,93.8
Costa Rica,2008.0,93.96
Costa Rica,2009.0,94.54
Costa Rica,2010.0,93.39
Costa Rica,2011.0,96.95452
Costa Rica,2012.0,94.54
Costa Rica,2013.0,93.57
Costa Rica,2014.0,95.52
Costa Rica,2015.0,95.52
Costa Rica,2016.0,96.14
Costa Rica,2017.0,96.99
Costa Rica,2018.0,98.76516
Cuba,2006.0,99.09
Cuba,2010.0,98.82
Cuba,2014.0,99.38896
Benin,2001.0,47.12
Benin,2006.0,62.72516
Benin,2011.0,69.06201
Benin,2014.0,65.49314
Benin,2018.0,57.92332
Dominican Republic,2000.0,80.85
Dominican Republic,2001.0,80.67
Dominican Republic,2002.0,83.32
Dominican Republic,2003.0,82.36
Dominican Republic,2004.0,83.19
Dominican Republic,2005.0,84.59
Dominican Republic,2006.0,85.05
Dominican Republic,2007.0,87.54945
Dominican Republic,2008.0,86.54
Dominican Republic,2009.0,87.59
Dominican Republic,2010.0,88.35
Dominican Republic,2011.0,90.49
Dominican Republic,2012.0,90.78
Dominican Republic,2013.0,91.38096
Dominican Republic,2014.0,93.05545
Dominican Republic,2015.0,90.99
Dominican Republic,2016.0,92.48
Dominican Republic,2017.0,94.36
Dominican Republic,2018.0,94.43
Ecuador,2000.0,92.98
Ecuador,2001.0,92.65
Ecuador,2003.0,92.25
Ecuador,2005.0,94.03
Ecuador,2006.0,95.65
Ecuador,2007.0,94.65
Ecuador,2008.0,96.2
Ecuador,2009.0,96.75
Ecuador,2010.0,97.16
Ecuador,2011.0,97.8
Ecuador,2012.0,97.81
Ecuador,2013.0,98.18
Ecuador,2014.0,97.72
Ecuador,2015.0,98.68
Ecuador,2016.0,98.66
Ecuador,2017.0,98.46
Ecuador,2018.0,99
El Salvador,2000.0,84.57
El Salvador,2001.0,85.58
El Salvador,2002.0,86.16
El Salvador,2003.0,85.07
El Salvador,2004.0,84.7
El Salvador,2005.0,86.94
El Salvador,2006.0,88.41
El Salvador,2007.0,84.86137
El Salvador,2009.0,87.86
El Salvador,2010.0,88.5
El Salvador,2012.0,90.63
El Salvador,2013.0,91.9
El Salvador,2014.0,91.61
El Salvador,2015.0,92.04
El Salvador,2016.0,92.13
El Salvador,2017.0,92.47
El Salvador,2018.0,92.94
Equatorial Guinea,2000.0,58.82
Ethiopia,2000.0,64.78995
Ethiopia,2005.0,70.06515
Ethiopia,2007.0,64.55776
Ethiopia,2011.0,74.1321
Ethiopia,2016.0,83.25919
Fiji,2007.0,99.39048
Djibouti,2006.0,73.95146
Gabon,2000.0,57.33
Gabon,2012.0,76.65987
Georgia,2005.0,99.27
Georgia,2018.0,99.85268
Gambia,2000.0,67.84
Gambia,2006.0,74.00748
Gambia,2010.0,73.88084
Gambia,2013.0,75.33307
Gambia,2018.0,73.30997
Palestine,2010.0,98.74
Palestine,2014.0,99.09488
Ghana,2003.0,70.46
Ghana,2006.0,81.69
Ghana,2009.0,76.61093
Ghana,2010.0,74.83597
Ghana,2011.0,76.56
Ghana,2014.0,75.95959
Ghana,2018.0,78.7441
Kiribati,2019.0,95.53265
Guatemala,2000.0,75.88
Guatemala,2006.0,76.42
Guatemala,2011.0,81.22
Guatemala,2014.0,81.97
Guatemala,2015.0,86.59694
Guinea,2005.0,56.41703
Guinea,2012.0,64.42998
Guinea,2016.0,73.9777
Guinea,2018.0,67.53896
Guyana,2000.0,99.28
Guyana,2006.0,97.31856
Guyana,2009.0,98.6312
Guyana,2014.0,97.08408
Haiti,2000.0,53.89
Haiti,2003.0,55.87341
Haiti,2005.0,60.70933
Haiti,2012.0,62.65844
Haiti,2017.0,69.43688
Honduras,2001.0,80.16
Honduras,2004.0,84.36
Honduras,2005.0,85.19
Honduras,2006.0,87.28
Honduras,2009.0,87.78
Honduras,2010.0,89.46
Honduras,2011.0,89.99194
Honduras,2012.0,89.89
Honduras,2013.0,90.97
Honduras,2014.0,90.05
Honduras,2015.0,90.96
Honduras,2016.0,90.95
Honduras,2018.0,91
India,2005.0,86.79
India,2006.0,87.36375
India,2011.0,92.07
India,2016.0,93.60993
Indonesia,2000.0,96.08
Indonesia,2003.0,94.31599
Indonesia,2008.0,95.71194
Indonesia,2012.0,97.73
Indonesia,2017.0,97.93917
Iraq,2000.0,63.48
Iraq,2006.0,66.94
Iraq,2011.0,72.02121
Iraq,2018.0,79.09772
Israel,2012.0,99.94
Cote d'Ivoire,2000.0,47.32
Cote d'Ivoire,2006.0,51.50956
Cote d'Ivoire,2012.0,60.71481
Cote d'Ivoire,2016.0,70.19846
Jamaica,2001.0,98.90128
Jamaica,2005.0,98.87
Jamaica,2011.0,99.19289
Kazakhstan,2006.0,99.50173
Kazakhstan,2011.0,99.76862
Kazakhstan,2015.0,99.85565
Jordan,2002.0,97.99
Jordan,2007.0,97.52883
Jordan,2012.0,97.45
Jordan,2018.0,96.53
Kenya,2000.0,82.25
Kenya,2003.0,71.18419
Kenya,2008.0,87.1231
Kenya,2009.0,76.34898
Kenya,2014.0,91.9483
Kyrgyzstan,2006.0,99.26193
Kyrgyzstan,2012.0,99.49416
Kyrgyzstan,2014.0,99.49174
Kyrgyzstan,2018.0,99.51936
Laos,2000.0,77.53
Laos,2006.0,88.97272
Laos,2012.0,88.78758
Laos,2017.0,96.33368
Lesotho,2005.0,74.60985
Lesotho,2009.0,84.34387
Lesotho,2014.0,81.37762
Lesotho,2018.0,92.28773
Liberia,2007.0,32.1617
Liberia,2008.0,33.41212
Liberia,2013.0,44.11558
Madagascar,2000.0,55.24
Madagascar,2004.0,55.84
Madagascar,2009.0,68.56975
Madagascar,2018.0,74.08533
Malawi,2000.0,73.65
Malawi,2004.0,78.81213
Malawi,2006.0,68.09
Malawi,2008.0,75.03231
Malawi,2010.0,74.19184
Malawi,2014.0,77.26
Malawi,2016.0,73.27318
Maldives,2008.0,98.59062
Maldives,2017.0,99.1734
Mali,2001.0,40.43
Mali,2006.0,47.02507
Mali,2009.0,53.7522
Mali,2010.0,57.76
Mali,2013.0,64.10961
Mali,2015.0,73.33697
Mali,2018.0,73.76684
Mauritania,2007.0,50.80582
Mauritania,2011.0,57.77666
Mauritania,2015.0,67.29057
Mexico,2000.0,94.85
Mexico,2002.0,93.65
Mexico,2004.0,93.28
Mexico,2006.0,95.84
Mexico,2008.0,96.22
Mexico,2010.0,97.26
Mexico,2012.0,97.33
Mexico,2014.0,97.09
Mexico,2015.0,96.94923
Mexico,2016.0,96.2779
Mexico,2018.0,98.13
Mongolia,2000.0,90.95
Mongolia,2006.0,97.44485
Mongolia,2010.0,97.88
Mongolia,2014.0,98.60018
Mongolia,2018.0,99.1659
Moldova,2000.0,99.31
Moldova,2005.0,99.37712
Moldova,2012.0,98.95536
Montenegro,2005.0,97.04
Montenegro,2013.0,99.83424
Montenegro,2018.0,96.00181
Morocco,2004.0,74.90933
Mozambique,2003.0,18.46094
Mozambique,2008.0,54.14285
Mozambique,2011.0,66.52283
Namibia,2000.0,86.11
Namibia,2007.0,89.23687
Namibia,2013.0,91.31886
Nepal,2001.0,75.83
Nepal,2007.0,75.84077
Nepal,2011.0,86.54192
Nepal,2014.0,87.52516
Nepal,2016.0,87.20386
Vanuatu,2007.0,90.9256
Nicaragua,2001.0,76.6
Nicaragua,2005.0,77.54
Nicaragua,2009.0,78.54
Nicaragua,2014.0,84.27
Niger,2000.0,43.6
Niger,2006.0,44.93525
Niger,2012.0,58.95765
Nigeria,2003.0,70.27138
Nigeria,2007.0,76.05434
Nigeria,2008.0,86.57202
Nigeria,2010.0,86.35018
Nigeria,2011.0,88.82001
Nigeria,2013.0,88.14614
Nigeria,2016.0,92.22729
Nigeria,2018.0,88.00071
Pakistan,2007.0,68.84336
Pakistan,2012.0,75.49019
Pakistan,2018.0,75.4145
Panama,2000.0,95.31
Panama,2001.0,95.4
Panama,2002.0,95.92
Panama,2003.0,96.64
Panama,2004.0,95.39
Panama,2005.0,95.67
Panama,2006.0,94.84
Panama,2007.0,96.97
Panama,2008.0,96.92
Panama,2009.0,96.49
Panama,2010.0,96.28249
Panama,2011.0,96.2
Panama,2013.0,96.55
Panama,2014.0,96.86
Panama,2015.0,98.32
Panama,2016.0,97.62
Panama,2017.0,98.23
Panama,2018.0,98.25
Papua New Guinea,2018.0,79.26958
Paraguay,2001.0,85.03
Paraguay,2002.0,85.57928
Paraguay,2003.0,85.95
Paraguay,2004.0,87.51
Paraguay,2005.0,90.42
Paraguay,2006.0,87.11
Paraguay,2007.0,91.12
Paraguay,2008.0,92.19
Paraguay,2009.0,92.35
Paraguay,2010.0,91.63
Paraguay,2011.0,93.65
Paraguay,2012.0,93.08
Paraguay,2013.0,92.97
Paraguay,2014.0,93.38
Paraguay,2015.0,92.72
Paraguay,2016.0,94.41001
Paraguay,2017.0,92.93
Paraguay,2018.0,95.67
Peru,2000.0,90.71
Peru,2001.0,89.95
Peru,2002.0,93.11
Peru,2003.0,91.61
Peru,2004.0,93.8
Peru,2005.0,94.26
Peru,2006.0,94.89
Peru,2007.0,95.15
Peru,2008.0,95.58
Peru,2009.0,95.18
Peru,2010.0,96.23
Peru,2011.0,95.79
Peru,2012.0,97.49
Peru,2013.0,97.71
Peru,2014.0,97.55
Peru,2015.0,97.68
Peru,2016.0,97.14
Peru,2017.0,98.01
Peru,2018.0,97.82
Philippines,2004.0,90.45058
Philippines,2008.0,90.55
Philippines,2013.0,89.93
Philippines,2018.0,93.21056
Guinea-Bissau,2000.0,36.75
Guinea-Bissau,2006.0,44.23
Guinea-Bissau,2014.0,47.00232
Timor-Leste,2009.0,72.74345
Timor-Leste,2016.0,92.04506
Qatar,2012.0,99.02237
Russia,2013.0,100
Rwanda,2000.0,50.61
Rwanda,2002.0,34.83252
Rwanda,2005.0,22.16552
Rwanda,2010.0,51.80907
Rwanda,2012.0,55.37666
Rwanda,2015.0,67.74018
Saint Lucia,2012.0,100
Sao Tome and Principe,2000.0,58.71
Sao Tome and Principe,2009.0,71.34838
Sao Tome and Principe,2014.0,85.29729
Senegal,2000.0,54.08
Senegal,2002.0,52.7382
Senegal,2005.0,40.53076
Senegal,2011.0,57.38832
Senegal,2014.0,64.68
Senegal,2016.0,68.68878
Senegal,2017.0,65.39089
Senegal,2018.0,68.29332
Senegal,2019.0,63.61762
Serbia,2005.0,98.77
Serbia,2011.0,99.91602
Serbia,2014.0,99.64886
Serbia,2019.0,99.51097
Sierra Leone,2000.0,51.67
Sierra Leone,2004.0,49.2079
Sierra Leone,2005.0,64.06
Sierra Leone,2008.0,71.32975
Sierra Leone,2010.0,70.23
Sierra Leone,2013.0,83.64325
Sierra Leone,2017.0,82.76851
Vietnam,2000.0,95.32
Vietnam,2002.0,94.44
Vietnam,2006.0,98.27
Vietnam,2009.0,97.40819
Vietnam,2011.0,98.55608
Vietnam,2014.0,98.08366
Somalia,2006.0,52.17
South Africa,2011.0,95.32305
South Africa,2016.0,97.73272
Zimbabwe,2005.0,96.577
Zimbabwe,2009.0,96.15
Zimbabwe,2010.0,96.12283
Zimbabwe,2012.0,94.83827
Zimbabwe,2014.0,96.01
Zimbabwe,2015.0,96.90096
Zimbabwe,2019.0,97.31339
South Sudan,2000.0,46.1
South Sudan,2010.0,39.54739
Sudan,2000.0,72.77
Sudan,2010.0,88.48
Sudan,2014.0,81.42097
Suriname,2000.0,75.87
Suriname,2006.0,88.25
Suriname,2010.0,85.73156
Suriname,2018.0,88.93608
Eswatini,2006.0,82.08228
Eswatini,2010.0,81.82674
Eswatini,2014.0,86.14139
Syria,2006.0,96.49001
Tajikistan,2000.0,95.01
Tajikistan,2006.0,96.71069
Tajikistan,2012.0,99.11966
Tajikistan,2017.0,98.62288
Thailand,2000.0,96.48408
Thailand,2005.0,97.64
Thailand,2013.0,98.00883
Thailand,2016.0,97.56126
Thailand,2019.0,99.35872
Togo,2000.0,58.38
Togo,2006.0,77.49841
Togo,2010.0,75.04321
Togo,2014.0,77.49441
Togo,2017.0,85.72043
Tonga,2019.0,96.4821
Trinidad and Tobago,2011.0,97.25
Tunisia,2012.0,96.88394
Tunisia,2018.0,97.32452
Turkey,2004.0,92.117
Turkey,2008.0,94.13
Turkey,2014.0,99.07634
Turkmenistan,2006.0,99.6
Turkmenistan,2016.0,100
Turkmenistan,2019.0,99.31402
Uganda,2001.0,69.3
Uganda,2002.0,63.1831
Uganda,2006.0,62.62228
Uganda,2011.0,70.33424
Uganda,2016.0,63.96358
Ukraine,2005.0,99.47
Ukraine,2007.0,99.89116
Ukraine,2013.0,99.45113
North Macedonia,2005.0,95.64
North Macedonia,2011.0,99.73704
North Macedonia,2019.0,97.50564
Egypt,2000.0,89.26
Egypt,2005.0,89.32568
Egypt,2009.0,90.66471
Egypt,2014.0,92.62299
Tanzania,2002.0,77.61523
Tanzania,2004.0,76.80904
Tanzania,2010.0,87.50995
Tanzania,2012.0,90.78412
Tanzania,2015.0,89.67205
Burkina Faso,2003.0,58.65693
Burkina Faso,2006.0,63.2477
Burkina Faso,2010.0,58.41206
Uruguay,2000.0,94.98
Uruguay,2001.0,94.38
Uruguay,2002.0,94.95
Uruguay,2003.0,95
Uruguay,2004.0,94.86
Uruguay,2005.0,95.17
Uruguay,2008.0,94.69
Uruguay,2009.0,96.31
Uruguay,2010.0,96.08
Uruguay,2011.0,97.05
Uruguay,2012.0,96.86
Uruguay,2013.0,96.82069
Uruguay,2014.0,97.27
Uruguay,2015.0,97.3
Uruguay,2016.0,97.87
Uruguay,2017.0,97.95
Uruguay,2018.0,97.54
Uzbekistan,2000.0,99.56
Uzbekistan,2006.0,100
Yemen,2006.0,80.38287
Yemen,2013.0,77.43507
Zambia,2001.0,79.21896
Zambia,2007.0,81.48582
Zambia,2013.0,88.62099
Zambia,2018.0,87.54806
