country,year,value
World,2014.0,22.34043
World,2017.0,20.73171
World,2019.0,33.33333
Oceania,2014.0,50
Oceania,2017.0,33.33333
Northern Africa,2014.0,33.33333
Eastern Asia,2014.0,0
Eastern Asia,2017.0,0
Eastern Asia,2019.0,0
Southern Asia,2014.0,44.44444
Southern Asia,2017.0,28.57143
South-Eastern Asia,2014.0,25
South-Eastern Asia,2017.0,12.5
South-Eastern Asia,2019.0,0
Central and Southern Asia,2014.0,41.66667
Central and Southern Asia,2017.0,20
Central Asia,2014.0,33.33333
Central Asia,2017.0,0
Central Asia,2019.0,0
Western Asia,2014.0,0
Western Asia,2017.0,33.33333
Europe,2014.0,0
Europe,2017.0,16.66667
Least Developed Countries (LDCs),2014.0,28.94737
Least Developed Countries (LDCs),2017.0,32.14286
Least Developed Countries (LDCs),2019.0,35
Sub-Saharan Africa,2014.0,22.22222
Sub-Saharan Africa,2017.0,24
Sub-Saharan Africa,2019.0,37.5
Latin America and the Caribbean,2014.0,18.75
Latin America and the Caribbean,2017.0,18.18182
Latin America and the Caribbean,2019.0,32
Landlocked developing countries (LLDCs),2014.0,30.76923
Landlocked developing countries (LLDCs),2017.0,36.36364
Landlocked developing countries (LLDCs),2019.0,38.46154
Europe and Northern America,2014.0,0
Europe and Northern America,2017.0,16.66667
Oceania (exc. Australia and New Zealand),2014.0,50
Oceania (exc. Australia and New Zealand),2017.0,33.33333
Oceania (exc. Australia and New Zealand),2019.0,28.57143
Small island developing States (SIDS),2014.0,20
Small island developing States (SIDS),2017.0,21.42857
Small island developing States (SIDS),2019.0,17.3913
Northern Africa and Western Asia,2014.0,10
Northern Africa and Western Asia,2017.0,33.33333
Eastern and South-Eastern Asia,2014.0,22.22222
Eastern and South-Eastern Asia,2017.0,10
Eastern and South-Eastern Asia,2019.0,0
