country,year,value
Australia,2016.0,11.11575
Australia,2017.0,1.9297
Australia,2018.0,3.38388
Australia,2019.0,2.10907
Australia,2020.0,1.88559
Australia,2021.0,-0.55667
Canada,2016.0,9.84698
Canada,2017.0,1.15762
Canada,2018.0,5.07115
Canada,2019.0,5.81185
Canada,2020.0,3.98787
Canada,2021.0,4.91
France,2016.0,10.36253
France,2017.0,9.04217
France,2018.0,7.49434
France,2019.0,4.84528
France,2020.0,4.80112
France,2021.0,1.85667
Germany,2016.0,9.17064
Germany,2017.0,3.78277
Germany,2018.0,4.64544
Germany,2019.0,6.07923
Germany,2020.0,4.97192
Germany,2021.0,5.41667
Italy,2016.0,9.8461
Italy,2017.0,6.3554
Italy,2018.0,4.58911
Italy,2019.0,6.60965
Italy,2020.0,6.71799
Italy,2021.0,7.83639
Japan,2016.0,14.22815
Japan,2017.0,7.36449
Japan,2018.0,2.14558
Japan,2019.0,5.45641
Japan,2020.0,3.76605
Japan,2021.0,2.35
South Korea,2016.0,6.12351
South Korea,2017.0,-0.39189
South Korea,2018.0,1.2698
South Korea,2019.0,1.41356
South Korea,2020.0,2.76582
South Korea,2021.0,2.615
Malaysia,2016.0,7.27908
Malaysia,2017.0,6.23386
Malaysia,2018.0,6.09057
Malaysia,2019.0,2.95756
Malaysia,2020.0,2.59423
Malaysia,2021.0,2.83333
New Zealand,2016.0,9.54282
New Zealand,2017.0,5.48532
New Zealand,2018.0,1.63057
New Zealand,2019.0,2.11356
New Zealand,2020.0,2.23087
New Zealand,2021.0,0.64333
Singapore,2016.0,7.11861
Singapore,2017.0,7.09737
Singapore,2018.0,5.9631
Singapore,2019.0,4.04511
Singapore,2020.0,1.86714
Singapore,2021.0,0.73
South Africa,2016.0,21.60474
South Africa,2017.0,22.60789
South Africa,2018.0,16.03937
South Africa,2019.0,20.30895
South Africa,2020.0,18.17334
South Africa,2021.0,12.73667
Spain,2016.0,17.03801
Spain,2017.0,17.30296
Spain,2018.0,5.39311
Spain,2019.0,4.90949
Spain,2020.0,3.21427
Spain,2021.0,0.36
Sweden,2016.0,6.09551
Sweden,2017.0,4.24395
Sweden,2018.0,3.43929
Sweden,2019.0,2.63147
Sweden,2020.0,3.07789
Sweden,2021.0,1.73667
Thailand,2016.0,16.73482
Thailand,2017.0,20.20924
Thailand,2018.0,12.45339
Thailand,2019.0,6.52084
Thailand,2020.0,6.88643
Thailand,2021.0,8.10667
United Kingdom,2016.0,7.44885
United Kingdom,2017.0,2.43196
United Kingdom,2018.0,2.20713
United Kingdom,2019.0,2.07417
United Kingdom,2020.0,2.59778
United Kingdom,2021.0,0.51667
United States,2016.0,8.63138
United States,2017.0,2.54946
United States,2018.0,2.19834
United States,2019.0,4.16667
United States,2020.0,0.83167
United States,2021.0,0.38667
