country,year,value
Afghanistan,2017.0,1986628.0
Afghanistan,2018.0,4737688.0
Afghanistan,2019.0,38318.0
Albania,2005.0,1213100.0
Albania,2006.0,104485.0
Albania,2007.0,64643.0
Albania,2009.0,465696.0
Albania,2010.0,3276197.0
Albania,2011.0,196420.0
Albania,2012.0,234476.0
Albania,2013.0,77283.0
Albania,2015.0,308880.0
Albania,2016.0,64746.0
Albania,2017.0,275484.0
Albania,2018.0,167970.0
Albania,2019.0,175230.0
Angola,2007.0,2955398.0
Angola,2008.0,6880005.0
Angola,2009.0,3541972.0
Angola,2010.0,5390550.0
Angola,2012.0,5179515.0
Angola,2013.0,2283930.0
Angola,2014.0,17985825.0
Angola,2015.0,3063308.0
Angola,2016.0,5678640.0
Angola,2017.0,3662505.0
Angola,2018.0,8359230.0
Antigua and Barbuda,2008.0,49714.0
Antigua and Barbuda,2010.0,4063570.0
Antigua and Barbuda,2011.0,199980.0
Antigua and Barbuda,2012.0,135168.0
Antigua and Barbuda,2014.0,67980.0
Argentina,2005.0,2785702.0
Argentina,2006.0,38026428.0
Argentina,2007.0,56057321.0
Argentina,2008.0,5396103.0
Argentina,2009.0,2823832.0
Argentina,2010.0,313104.0
Argentina,2012.0,19456188.0
Argentina,2014.0,264000.0
Argentina,2015.0,342540.0
Argentina,2016.0,39240300.0
Armenia,2016.0,1625.0
Armenia,2018.0,551884.0
Armenia,2019.0,124953.0
Barbados,2007.0,1196910.0
Barbados,2009.0,162294.0
Barbados,2010.0,380094.0
Barbados,2011.0,146256.0
Barbados,2014.0,658152.0
Barbados,2015.0,219780.0
Barbados,2017.0,224334.0
Bhutan,2015.0,2509980.0
Bhutan,2017.0,9865102.0
Bhutan,2018.0,1201118.0
Bolivia,2005.0,777275.0
Bolivia,2006.0,771144.0
Bolivia,2007.0,23818.0
Bolivia,2008.0,2272031.0
Bolivia,2009.0,1468855.0
Bolivia,2010.0,417801.0
Bolivia,2011.0,1187596.0
Bolivia,2012.0,503976.0
Bolivia,2013.0,347886.0
Bolivia,2014.0,362274.0
Brazil,2005.0,451696.0
Brazil,2006.0,313693.0
Brazil,2007.0,837102.0
Brazil,2008.0,1137384.0
Brazil,2009.0,1776953.0
Brazil,2010.0,1054659.0
Brazil,2011.0,1349380.0
Brazil,2012.0,470949.0
Brazil,2013.0,876044.0
Brazil,2014.0,833401.0
Belize,2007.0,60.0
Belize,2008.0,1036804.0
Belize,2010.0,520594.0
Belize,2011.0,65.0
Solomon Islands,2007.0,638880.0
Solomon Islands,2009.0,46662.0
Solomon Islands,2010.0,210936.0
Solomon Islands,2012.0,191928.0
Solomon Islands,2013.0,192192.0
Bulgaria,2005.0,49009935.0
Bulgaria,2006.0,249933.0
Bulgaria,2007.0,826352.0
Bulgaria,2008.0,714619.0
Bulgaria,2009.0,4717.0
Bulgaria,2010.0,1109331.0
Bulgaria,2011.0,413802.0
Bulgaria,2012.0,3769866.0
Bulgaria,2013.0,426776.0
Bulgaria,2014.0,6192178.0
Bulgaria,2015.0,54986016.0
Bulgaria,2016.0,1585952.0
Bulgaria,2017.0,52735680.0
Bulgaria,2018.0,175986623.0
Bulgaria,2019.0,2093564.0
Myanmar,2005.0,510484.0
Myanmar,2006.0,132859.0
Myanmar,2007.0,4548520.0
Myanmar,2008.0,400435444.0
Myanmar,2009.0,2566812.0
Myanmar,2010.0,462731.0
Myanmar,2011.0,437737239.0
Myanmar,2012.0,4417010.0
Myanmar,2013.0,835579.0
Myanmar,2014.0,1275952.0
Myanmar,2015.0,19726582.0
Myanmar,2016.0,10790575.0
Myanmar,2017.0,6954168.0
Burundi,2015.0,2856834.0
Burundi,2016.0,292750.0
Burundi,2017.0,735391.0
Cambodia,2005.0,7935688.0
Cambodia,2006.0,7372165.0
Cambodia,2007.0,18344190.0
Cambodia,2008.0,372402.0
Cambodia,2009.0,84614112.0
Cambodia,2010.0,66015959.0
Cambodia,2011.0,280369788.0
Cambodia,2012.0,9074919.0
Cambodia,2013.0,46471384.0
Cambodia,2014.0,8229994.0
Cambodia,2015.0,379129.0
Cambodia,2016.0,234300.0
Cambodia,2018.0,189024.0
Cambodia,2019.0,25542351.0
Cameroon,2006.0,65340.0
Cameroon,2009.0,146685.0
Cameroon,2017.0,471240.0
Cameroon,2018.0,66536.0
Cameroon,2019.0,1109419.0
Cape Verde,2014.0,114444.0
Cape Verde,2015.0,21524.0
Chile,2016.0,53460.0
Chile,2017.0,2793167.0
Colombia,2007.0,4422000.0
Colombia,2008.0,6663525.0
Colombia,2009.0,3722524.0
Colombia,2010.0,17400982.0
Colombia,2011.0,11278575.0
Colombia,2012.0,23599744.0
Colombia,2013.0,15159540.0
Colombia,2014.0,6637496.0
Colombia,2015.0,10957897.0
Colombia,2016.0,6642075.0
Colombia,2017.0,5908766985.0
Colombia,2018.0,6845231.0
Costa Rica,2005.0,332411771.0
Costa Rica,2006.0,21416192.0
Costa Rica,2007.0,239122403.0
Costa Rica,2008.0,89327229.0
Costa Rica,2009.0,5760732.0
Costa Rica,2010.0,282963216.0
Costa Rica,2012.0,100622065.0
Costa Rica,2014.0,48202471.0
Costa Rica,2015.0,156818202.0
Costa Rica,2016.0,583554.0
Costa Rica,2017.0,524687403.0
Costa Rica,2018.0,15609293.0
Costa Rica,2019.0,60527419.0
Cyprus,2006.0,5769200.0
Cyprus,2010.0,331429.0
Cyprus,2011.0,144602282.0
Cyprus,2012.0,385894.0
Cyprus,2013.0,896548.0
Cyprus,2014.0,6643.0
Cyprus,2015.0,442141.0
Dominica,2007.0,68706.0
Dominica,2009.0,2773.0
Dominica,2014.0,57288.0
Ecuador,2005.0,3609237.0
Ecuador,2006.0,2238685.0
Ecuador,2007.0,901526.0
Ecuador,2008.0,1275770.0
Ecuador,2009.0,598030.0
Ecuador,2015.0,8239008.0
Ecuador,2016.0,174600873.0
Ecuador,2017.0,19806090.0
Ecuador,2018.0,53904170.0
El Salvador,2005.0,109890.0
El Salvador,2006.0,245850.0
El Salvador,2007.0,544500.0
El Salvador,2008.0,807642.0
El Salvador,2009.0,1697652.0
El Salvador,2010.0,6120560.0
El Salvador,2011.0,3433836.0
El Salvador,2012.0,202224.0
El Salvador,2013.0,304128.0
El Salvador,2014.0,954175.0
Equatorial Guinea,2016.0,75768.0
Estonia,2010.0,991775.0
Fiji,2010.0,3668544.0
Fiji,2011.0,156618.0
Fiji,2012.0,8455656.0
Fiji,2016.0,5988048.0
Fiji,2018.0,12979012.0
Palestine,2015.0,373230.0
Palestine,2016.0,281036.0
Palestine,2017.0,251460.0
Palestine,2018.0,940500.0
Ghana,2012.0,189816.0
Ghana,2017.0,15357012.0
Grenada,2005.0,10562296.0
Guatemala,2005.0,18138395.0
Guatemala,2006.0,1052997.0
Guatemala,2007.0,1343594.0
Guatemala,2015.0,1799490.0
Guatemala,2016.0,569910.0
Guyana,2005.0,37431.0
Guyana,2006.0,820133.0
Guyana,2007.0,97416.0
Guyana,2008.0,380556.0
Guyana,2009.0,49434.0
Guyana,2010.0,62370.0
Guyana,2012.0,462.0
Guyana,2013.0,2265455.0
Indonesia,2015.0,44152515.0
Indonesia,2016.0,225494610.0
Indonesia,2019.0,71660959.0
Iran,2005.0,74539018.0
Iran,2006.0,3186460.0
Iran,2007.0,28498533.0
Iran,2008.0,8353833.0
Iran,2010.0,20243080.0
Iraq,2018.0,2598565.0
Ireland,2016.0,121913254.0
Ireland,2017.0,28242029.0
Jamaica,2005.0,273391.0
Jamaica,2006.0,4.0
Jamaica,2007.0,30137046.0
Jamaica,2008.0,2470706.0
Jamaica,2010.0,6832353.0
Jamaica,2012.0,8625540.0
Jamaica,2014.0,884.0
Japan,2015.0,17243028.0
Japan,2016.0,109053978.0
Japan,2017.0,19332324.0
Japan,2018.0,143222112.0
Kazakhstan,2014.0,66792.0
Kazakhstan,2017.0,1183560.0
Kazakhstan,2018.0,280289.0
Kazakhstan,2019.0,395920.0
Jordan,2015.0,902576.0
Jordan,2016.0,825378.0
Jordan,2017.0,615664.0
Jordan,2018.0,28000000.0
Kenya,2013.0,280368.0
Korea,2016.0,298003.0
Korea,2017.0,11575155.0
Korea,2018.0,149947.0
Kyrgyzstan,2015.0,9200407.0
Kyrgyzstan,2016.0,5859079.0
Kyrgyzstan,2017.0,5677628.0
Kyrgyzstan,2018.0,3596699.0
Kyrgyzstan,2019.0,4318715.0
Laos,2005.0,134618.0
Laos,2006.0,230292.0
Laos,2007.0,2507518.0
Laos,2008.0,3395942.0
Laos,2009.0,3865537.0
Laos,2010.0,3472187.0
Laos,2011.0,13148139.0
Laos,2012.0,214002.0
Lebanon,2005.0,105072.0
Lebanon,2006.0,52668.0
Lebanon,2007.0,53658.0
Madagascar,2005.0,180576.0
Madagascar,2006.0,1794474.0
Madagascar,2008.0,136818.0
Madagascar,2009.0,954954.0
Madagascar,2011.0,3258137.0
Madagascar,2012.0,29114508.0
Madagascar,2013.0,8561190.0
Madagascar,2015.0,18109872.0
Madagascar,2016.0,272844.0
Madagascar,2017.0,22887951.0
Malawi,2015.0,76275649.0
Malawi,2018.0,329670.0
Malawi,2019.0,50781193.0
Malaysia,2007.0,1282238.0
Malaysia,2008.0,10442.0
Malaysia,2009.0,4528.0
Malaysia,2010.0,4488496.0
Malaysia,2011.0,8470.0
Malaysia,2012.0,11974.0
Malaysia,2015.0,11193272.0
Malaysia,2018.0,150727.0
Maldives,2007.0,108636.0
Mali,2009.0,779790.0
Mali,2010.0,2339370.0
Mexico,2015.0,77647152.0
Mexico,2017.0,1030669215.0
Mexico,2018.0,285124643.0
Mexico,2019.0,10594737.0
Morocco,2005.0,21659810.0
Morocco,2006.0,51260440.0
Morocco,2007.0,50478.0
Morocco,2008.0,484229.0
Morocco,2009.0,30395637.0
Morocco,2010.0,2117578.0
Morocco,2018.0,1150.0
Mozambique,2007.0,13676988.0
Mozambique,2008.0,3757287.0
Mozambique,2009.0,3831854.0
Mozambique,2010.0,45474.0
Mozambique,2011.0,862796.0
Mozambique,2017.0,17451402.0
Nepal,2005.0,4855062.0
Nepal,2006.0,1380.0
Nepal,2007.0,1469802.0
Nepal,2008.0,6842509.0
Nepal,2009.0,4958950.0
Nepal,2010.0,1822486.0
Nepal,2015.0,593721878.0
Nepal,2016.0,16333447.0
Nepal,2017.0,221556150.0
Nepal,2018.0,6058862.0
Vanuatu,2011.0,113190.0
Vanuatu,2012.0,100188.0
Nicaragua,2005.0,12289767.0
Nicaragua,2007.0,36381246.0
Nicaragua,2008.0,29468879.0
Nicaragua,2009.0,613360.0
Nicaragua,2010.0,27647083.0
Nicaragua,2011.0,24645024.0
Nicaragua,2012.0,33478487.0
Nicaragua,2013.0,20933636.0
Niger,2016.0,1593822.0
Niger,2018.0,960699.0
Norway,2017.0,10891089.0
Palau,2012.0,130680.0
Pakistan,2005.0,220828688.0
Pakistan,2006.0,105033686.0
Pakistan,2007.0,106916787.0
Pakistan,2008.0,69134195.0
Pakistan,2009.0,48093778.0
Pakistan,2010.0,52905365.0
Pakistan,2011.0,40442893.0
Pakistan,2012.0,73043160.0
Pakistan,2013.0,48197416.0
Pakistan,2014.0,13449260.0
Panama,2006.0,107844.0
Panama,2007.0,247001.0
Panama,2008.0,57024.0
Panama,2009.0,57812.0
Panama,2010.0,293040.0
Panama,2012.0,414879.0
Panama,2013.0,200706.0
Panama,2014.0,3244688.0
Panama,2015.0,223257.0
Panama,2016.0,26745.0
Panama,2018.0,148202.0
Panama,2019.0,161005.0
Paraguay,2005.0,59796.0
Paraguay,2006.0,48576.0
Paraguay,2008.0,580668.0
Paraguay,2009.0,203544.0
Paraguay,2010.0,208824.0
Paraguay,2012.0,294756.0
Paraguay,2014.0,344850.0
Paraguay,2015.0,4720642.0
Paraguay,2016.0,13295700.0
Paraguay,2018.0,2291149.0
Peru,2005.0,15805474.0
Peru,2006.0,17463064.0
Peru,2007.0,30143314.0
Peru,2008.0,60652804.0
Peru,2009.0,19787089.0
Peru,2010.0,25879614.0
Peru,2011.0,65871878.0
Peru,2012.0,126867634.0
Peru,2013.0,50214945.0
Peru,2014.0,20097454.0
Peru,2015.0,79227225.0
Peru,2016.0,35864648.0
Peru,2017.0,158575977.0
Peru,2018.0,27530539.0
Timor-Leste,2008.0,103752.0
Timor-Leste,2015.0,911129.0
Romania,2005.0,115404211.0
Romania,2006.0,548026.0
Romania,2007.0,169599.0
Romania,2008.0,592207.0
Romania,2009.0,276792.0
Romania,2010.0,2065223.0
Romania,2011.0,2263241.0
Romania,2012.0,2143994.0
Romania,2013.0,11488920.0
Romania,2014.0,439756.0
Romania,2015.0,24598.0
Romania,2016.0,33571.0
Romania,2017.0,283900.0
Romania,2018.0,3831524.0
Rwanda,2016.0,91872.0
Saint Kitts and Nevis,2005.0,66000.0
Saint Kitts and Nevis,2006.0,68640.0
Saint Kitts and Nevis,2010.0,9393.0
Saint Kitts and Nevis,2012.0,791.0
Saint Lucia,2007.0,72336.0
Saint Lucia,2008.0,245388.0
Saint Lucia,2009.0,71874.0
Saint Lucia,2010.0,1902780.0
Saint Lucia,2011.0,73590.0
Saint Vincent and the Grenadines,2005.0,760914.0
Saint Vincent and the Grenadines,2008.0,55770.0
Saint Vincent and the Grenadines,2010.0,169586.0
Saint Vincent and the Grenadines,2011.0,110880.0
Saint Vincent and the Grenadines,2013.0,2691194.0
Saint Vincent and the Grenadines,2014.0,56232.0
Senegal,2005.0,57948.0
Senegal,2008.0,94248.0
Senegal,2009.0,46926.0
Senegal,2010.0,152328.0
Senegal,2011.0,152790.0
Senegal,2012.0,187704.0
Senegal,2013.0,635250.0
Senegal,2014.0,576444.0
Serbia,2005.0,178728.0
Serbia,2006.0,2651672.0
Serbia,2007.0,54780.0
Serbia,2008.0,113164.0
Serbia,2009.0,4981397.0
Serbia,2012.0,36703159.0
Serbia,2013.0,488176.0
Serbia,2015.0,30324538.0
Serbia,2016.0,6313294.0
Seychelles,2014.0,3870.0
Sierra Leone,2011.0,56760.0
Sierra Leone,2012.0,45606.0
Sierra Leone,2014.0,5849910.0
Sierra Leone,2015.0,1416865.0
Slovenia,2008.0,8947808.0
Slovenia,2009.0,11295711.0
Slovenia,2010.0,30142998.0
Slovenia,2011.0,594341.0
Slovenia,2012.0,218729591.0
Slovenia,2016.0,25076254.0
Slovenia,2017.0,138895317.0
Slovenia,2018.0,58625398.0
Slovenia,2019.0,13620604.0
Eswatini,2006.0,44313.0
Eswatini,2008.0,133172.0
Eswatini,2011.0,388384.0
Eswatini,2012.0,982806.0
Eswatini,2013.0,932380.0
Eswatini,2014.0,720724.0
Eswatini,2016.0,1001761.0
Eswatini,2017.0,283964.0
Eswatini,2018.0,15862.0
Eswatini,2019.0,1186438.0
Switzerland,2005.0,84991764.0
Switzerland,2006.0,50345156.0
Switzerland,2007.0,57485332.0
Switzerland,2008.0,50889954.0
Switzerland,2009.0,54475839.0
Switzerland,2010.0,45739082.0
Switzerland,2011.0,48764688.0
Switzerland,2012.0,68712488.0
Switzerland,2013.0,144462254.0
Switzerland,2014.0,54585354.0
Switzerland,2015.0,39133023.0
Switzerland,2016.0,43987086.0
Switzerland,2017.0,46343045.0
Switzerland,2018.0,58651264.0
Syria,2005.0,615912.0
Syria,2006.0,524172.0
Syria,2007.0,60192.0
Tajikistan,2017.0,644820.0
Tajikistan,2018.0,4803282.0
Togo,2005.0,113355.0
Tonga,2010.0,114312.0
Tonga,2011.0,64614.0
Tunisia,2006.0,219688.0
Tunisia,2009.0,168366.0
Tunisia,2010.0,51810.0
Tunisia,2011.0,156269.0
Tunisia,2012.0,103620.0
Tunisia,2018.0,53838799.0
Turkey,2015.0,1859154.0
Turkey,2016.0,681120.0
Turkey,2017.0,2167704.0
Turkey,2018.0,1216908.0
Turkey,2019.0,6936204.0
Uganda,2005.0,271260.0
Uganda,2006.0,184033.0
Uganda,2007.0,7482936.0
Uganda,2008.0,2739792.0
Uganda,2009.0,3391146.0
Uganda,2010.0,18153240.0
Uganda,2011.0,18656558.0
Uganda,2012.0,790152.0
Uganda,2013.0,986106.0
Uganda,2014.0,2802096.0
Uganda,2015.0,2110020.0
Uganda,2016.0,3973728.0
Ukraine,2005.0,21329561.0
Ukraine,2006.0,29261723.0
Ukraine,2007.0,12964356.0
Ukraine,2008.0,270336090.0
Ukraine,2009.0,12672801.0
Ukraine,2010.0,33634976.0
Ukraine,2011.0,3676787.0
Ukraine,2012.0,6430597.0
Ukraine,2013.0,9337040.0
Ukraine,2014.0,1527114.0
Ukraine,2015.0,128329.0
Ukraine,2016.0,4760291.0
Ukraine,2017.0,2692222.0
Ukraine,2018.0,7466714.0
Ukraine,2019.0,3430367.0
Egypt,2010.0,28556908.0
Egypt,2011.0,20492667.0
Egypt,2012.0,22281077.0
Egypt,2013.0,2124399.0
Egypt,2014.0,12043481.0
Egypt,2015.0,25131063.0
Egypt,2016.0,1342556.0
Egypt,2017.0,16280197.0
Egypt,2018.0,3000664.0
Tanzania,2006.0,102366.0
Tanzania,2009.0,91740.0
Tanzania,2011.0,287496.0
Tanzania,2013.0,92664.0
Tanzania,2015.0,1887435.0
Tanzania,2016.0,3599958.0
Tanzania,2017.0,1689352.0
Tanzania,2018.0,4428600.0
Tanzania,2019.0,1289574.0
United States,2015.0,843597444.0
United States,2016.0,1326294680.0
United States,2017.0,3157534945.0
Venezuela,2005.0,130682.0
Venezuela,2006.0,23695695.0
Venezuela,2007.0,421495.0
Venezuela,2008.0,131705.0
Venezuela,2009.0,8626.0
Venezuela,2010.0,2477128.0
Venezuela,2011.0,105369.0
Venezuela,2012.0,126931.0
Venezuela,2013.0,225195.0
Venezuela,2014.0,545665.0
Samoa,2009.0,476388.0
Yemen,2008.0,98864.0
Zambia,2008.0,247038.0
Zambia,2009.0,528950.0
Zambia,2010.0,94512.0
Zambia,2011.0,285120.0
Zambia,2012.0,1121274.0
Zambia,2013.0,4859489.0
Zambia,2014.0,2719728.0
Zambia,2016.0,2014980.0
Zambia,2017.0,816288.0
