country,year,value
Africa,2000.0,2536.53853
Africa,2001.0,1873.91529
Africa,2002.0,1464.3457
Africa,2003.0,1623.99193
Africa,2004.0,1592.34291
Africa,2005.0,1751.7269
Africa,2006.0,1980.19596
Africa,2007.0,2184.86508
Africa,2008.0,2299.35863
Africa,2009.0,2805.87858
Africa,2010.0,3062.79174
Africa,2011.0,3355.43836
Africa,2012.0,3173.31881
Africa,2013.0,3733.70252
Africa,2014.0,3919.68662
Africa,2015.0,3946.07502
Africa,2016.0,4314.63853
Africa,2017.0,4796.91983
Africa,2018.0,4299.72577
Africa,2019.0,5150.5712
Afghanistan,2000.0,4.4
Afghanistan,2001.0,16.6
Afghanistan,2002.0,14.2
Afghanistan,2003.0,28.3
Afghanistan,2004.0,71.7
Afghanistan,2005.0,186.6
Afghanistan,2006.0,101.2
Afghanistan,2007.0,97.1
Afghanistan,2008.0,294.5
Afghanistan,2009.0,615.3
Afghanistan,2010.0,716.6
Afghanistan,2011.0,633.0
Afghanistan,2012.0,528.8
Afghanistan,2013.0,372.9
Afghanistan,2014.0,383.4
Afghanistan,2015.0,344.9
Afghanistan,2016.0,414.8
Afghanistan,2017.0,332.8
Afghanistan,2018.0,260.6
Afghanistan,2019.0,235.5
South America,2000.0,982.51976
South America,2001.0,482.56472
South America,2002.0,326.29924
South America,2003.0,366.37183
South America,2004.0,916.7199
South America,2005.0,501.99874
South America,2006.0,531.01568
South America,2007.0,637.57048
South America,2008.0,578.32391
South America,2009.0,780.2807
South America,2010.0,805.71753
South America,2011.0,900.46641
South America,2012.0,955.4767
South America,2013.0,799.35544
South America,2014.0,804.89881
South America,2015.0,805.41218
South America,2016.0,821.06728
South America,2017.0,824.56439
South America,2018.0,842.45548
South America,2019.0,649.40264
Albania,2000.0,12.0
Albania,2001.0,38.8
Albania,2002.0,16.3
Albania,2003.0,17.4
Albania,2004.0,11.4
Albania,2005.0,11.7
Albania,2006.0,12.2
Albania,2007.0,12.2
Albania,2008.0,12.2
Albania,2009.0,19.0
Albania,2010.0,14.3
Albania,2011.0,13.7
Albania,2012.0,14.0
Albania,2013.0,11.7
Albania,2014.0,14.6
Albania,2015.0,41.0
Albania,2016.0,23.8
Albania,2017.0,22.7
Albania,2018.0,34.4
Albania,2019.0,28.7
Oceania,2000.0,90.77684
Oceania,2001.0,60.06332
Oceania,2002.0,43.06221
Oceania,2003.0,48.87902
Oceania,2004.0,37.88375
Oceania,2005.0,44.39202
Oceania,2006.0,51.81432
Oceania,2007.0,54.21784
Oceania,2008.0,55.6034
Oceania,2009.0,62.50022
Oceania,2010.0,56.55715
Oceania,2011.0,58.82634
Oceania,2012.0,60.86795
Oceania,2013.0,77.42281
Oceania,2014.0,63.92701
Oceania,2015.0,83.44536
Oceania,2016.0,57.01841
Oceania,2017.0,96.54547
Oceania,2018.0,93.69548
Oceania,2019.0,124.72258
Western Africa,2000.0,931.67422
Western Africa,2001.0,642.17854
Western Africa,2002.0,545.20892
Western Africa,2003.0,513.30201
Western Africa,2004.0,485.7836
Western Africa,2005.0,540.35202
Western Africa,2006.0,590.27032
Western Africa,2007.0,590.63069
Western Africa,2008.0,797.58586
Western Africa,2009.0,973.38937
Western Africa,2010.0,1185.16922
Western Africa,2011.0,1156.36871
Western Africa,2012.0,1005.44518
Western Africa,2013.0,1063.43682
Western Africa,2014.0,1238.25548
Western Africa,2015.0,1155.81838
Western Africa,2016.0,1277.94126
Western Africa,2017.0,1520.51415
Western Africa,2018.0,1420.44301
Western Africa,2019.0,1801.59655
Algeria,2000.0,1.8
Algeria,2001.0,20.2
Algeria,2002.0,20.1
Algeria,2003.0,26.8
Algeria,2004.0,19.9
Algeria,2005.0,14.8
Algeria,2006.0,7.7
Algeria,2007.0,18.2
Algeria,2008.0,8.5
Algeria,2009.0,28.0
Algeria,2010.0,6.8
Algeria,2011.0,8.3
Algeria,2012.0,8.5
Algeria,2013.0,4.1
Algeria,2014.0,6.3
Algeria,2015.0,5.1
Algeria,2016.0,6.9
Algeria,2017.0,7.9
Algeria,2018.0,10.7
Algeria,2019.0,11.1
Central America,2000.0,300.69305
Central America,2001.0,1051.51156
Central America,2002.0,318.74309
Central America,2003.0,259.45918
Central America,2004.0,216.08044
Central America,2005.0,258.79775
Central America,2006.0,326.12151
Central America,2007.0,325.59851
Central America,2008.0,385.20153
Central America,2009.0,236.52855
Central America,2010.0,663.12315
Central America,2011.0,349.39743
Central America,2012.0,472.0397
Central America,2013.0,265.70388
Central America,2014.0,275.34618
Central America,2015.0,278.50541
Central America,2016.0,310.5566
Central America,2017.0,210.85387
Central America,2018.0,171.93708
Central America,2019.0,151.85414
Eastern Africa,2000.0,844.00394
Eastern Africa,2001.0,802.18391
Eastern Africa,2002.0,533.85564
Eastern Africa,2003.0,738.98823
Eastern Africa,2004.0,748.45373
Eastern Africa,2005.0,766.50304
Eastern Africa,2006.0,895.34315
Eastern Africa,2007.0,1043.48857
Eastern Africa,2008.0,1049.32592
Eastern Africa,2009.0,1337.16903
Eastern Africa,2010.0,1280.37105
Eastern Africa,2011.0,1245.98398
Eastern Africa,2012.0,1378.00214
Eastern Africa,2013.0,1588.9335
Eastern Africa,2014.0,1534.78756
Eastern Africa,2015.0,1794.21524
Eastern Africa,2016.0,1967.72964
Eastern Africa,2017.0,1929.54372
Eastern Africa,2018.0,1807.61437
Eastern Africa,2019.0,2258.99028
Northern Africa,2000.0,571.79551
Northern Africa,2001.0,267.17911
Northern Africa,2002.0,208.08898
Northern Africa,2003.0,215.44285
Northern Africa,2004.0,195.36362
Northern Africa,2005.0,249.96956
Northern Africa,2006.0,267.44723
Northern Africa,2007.0,259.01622
Northern Africa,2008.0,208.05519
Northern Africa,2009.0,243.0348
Northern Africa,2010.0,305.98496
Northern Africa,2011.0,640.6092
Northern Africa,2012.0,500.65741
Northern Africa,2013.0,762.84181
Northern Africa,2014.0,824.29179
Northern Africa,2015.0,728.26992
Northern Africa,2016.0,716.49193
Northern Africa,2017.0,986.39096
Northern Africa,2018.0,672.15207
Northern Africa,2019.0,687.20679
Middle Africa,2000.0,91.9114
Middle Africa,2001.0,89.28444
Middle Africa,2002.0,138.5601
Middle Africa,2003.0,108.11974
Middle Africa,2004.0,118.11286
Middle Africa,2005.0,138.51521
Middle Africa,2006.0,169.7603
Middle Africa,2007.0,210.35488
Middle Africa,2008.0,183.02101
Middle Africa,2009.0,197.4695
Middle Africa,2010.0,226.74815
Middle Africa,2011.0,246.80991
Middle Africa,2012.0,224.50456
Middle Africa,2013.0,240.99231
Middle Africa,2014.0,253.63546
Middle Africa,2015.0,207.32263
Middle Africa,2016.0,300.44532
Middle Africa,2017.0,300.41693
Middle Africa,2018.0,328.44451
Middle Africa,2019.0,321.73653
Southern Africa,2000.0,97.15347
Southern Africa,2001.0,73.0893
Southern Africa,2002.0,38.63206
Southern Africa,2003.0,48.1391
Southern Africa,2004.0,44.62911
Southern Africa,2005.0,56.38708
Southern Africa,2006.0,57.37497
Southern Africa,2007.0,81.37472
Southern Africa,2008.0,61.37065
Southern Africa,2009.0,54.81589
Southern Africa,2010.0,64.51836
Southern Africa,2011.0,65.66656
Southern Africa,2012.0,64.70951
Southern Africa,2013.0,77.49808
Southern Africa,2014.0,68.71633
Southern Africa,2015.0,60.44885
Southern Africa,2016.0,52.03038
Southern Africa,2017.0,60.05408
Southern Africa,2018.0,71.07181
Southern Africa,2019.0,81.04105
Angola,2000.0,8.5
Angola,2001.0,11.0
Angola,2002.0,8.1
Angola,2003.0,12.7
Angola,2004.0,5.3
Angola,2005.0,7.3
Angola,2006.0,17.8
Angola,2007.0,18.6
Angola,2008.0,40.1
Angola,2009.0,42.4
Angola,2010.0,33.1
Angola,2011.0,30.4
Angola,2012.0,23.3
Angola,2013.0,28.2
Angola,2014.0,24.6
Angola,2015.0,14.1
Angola,2016.0,26.4
Angola,2017.0,20.9
Angola,2018.0,27.8
Angola,2019.0,29.3
Antigua and Barbuda,2000.0,7.1
Antigua and Barbuda,2001.0,6.7
Antigua and Barbuda,2002.0,9.0
Antigua and Barbuda,2003.0,2.7
Antigua and Barbuda,2004.0,1.1
Antigua and Barbuda,2005.0,5.3
Antigua and Barbuda,2006.0,2.0
Antigua and Barbuda,2007.0,0.2
Antigua and Barbuda,2008.0,0.4
Antigua and Barbuda,2009.0,0.7
Antigua and Barbuda,2010.0,5.3
Antigua and Barbuda,2011.0,7.2
Antigua and Barbuda,2012.0,0.2
Antigua and Barbuda,2013.0,0.5
Antigua and Barbuda,2014.0,0.3
Antigua and Barbuda,2015.0,0.6
Antigua and Barbuda,2016.0,5.1
Antigua and Barbuda,2017.0,0.4
Antigua and Barbuda,2018.0,0.1
Antigua and Barbuda,2019.0,2.5
Caribbean,2000.0,465.59916
Caribbean,2001.0,194.0488
Caribbean,2002.0,85.01617
Caribbean,2003.0,65.59562
Caribbean,2004.0,82.70683
Caribbean,2005.0,54.84699
Caribbean,2006.0,50.04506
Caribbean,2007.0,77.07123
Caribbean,2008.0,87.72954
Caribbean,2009.0,134.36848
Caribbean,2010.0,207.23296
Caribbean,2011.0,139.4976
Caribbean,2012.0,128.59081
Caribbean,2013.0,148.26243
Caribbean,2014.0,128.95574
Caribbean,2015.0,118.12804
Caribbean,2016.0,157.30146
Caribbean,2017.0,130.66353
Caribbean,2018.0,159.7312
Caribbean,2019.0,141.11339
Eastern Asia,2000.0,340.20357
Eastern Asia,2001.0,807.82429
Eastern Asia,2002.0,673.64848
Eastern Asia,2003.0,450.07106
Eastern Asia,2004.0,423.33276
Eastern Asia,2005.0,362.30353
Eastern Asia,2006.0,400.15882
Eastern Asia,2007.0,396.3545
Eastern Asia,2008.0,369.00913
Eastern Asia,2009.0,302.08871
Eastern Asia,2010.0,366.41702
Eastern Asia,2011.0,359.75967
Eastern Asia,2012.0,240.49221
Eastern Asia,2013.0,294.2689
Eastern Asia,2014.0,312.50717
Eastern Asia,2015.0,418.7714
Eastern Asia,2016.0,478.92136
Eastern Asia,2017.0,510.69526
Eastern Asia,2018.0,523.13314
Eastern Asia,2019.0,469.01896
Azerbaijan,2000.0,76.1
Azerbaijan,2001.0,24.2
Azerbaijan,2002.0,18.9
Azerbaijan,2003.0,16.9
Azerbaijan,2004.0,19.5
Azerbaijan,2005.0,24.0
Azerbaijan,2006.0,15.7
Azerbaijan,2007.0,21.6
Azerbaijan,2008.0,23.5
Azerbaijan,2009.0,28.2
Azerbaijan,2010.0,16.8
Azerbaijan,2011.0,8.8
Azerbaijan,2012.0,18.2
Azerbaijan,2013.0,24.9
Azerbaijan,2014.0,37.3
Azerbaijan,2015.0,53.3
Azerbaijan,2016.0,27.4
Azerbaijan,2017.0,10.9
Azerbaijan,2018.0,6.6
Azerbaijan,2019.0,13.0
Argentina,2000.0,10.4
Argentina,2001.0,4.0
Argentina,2002.0,12.6
Argentina,2003.0,38.6
Argentina,2004.0,51.5
Argentina,2005.0,57.1
Argentina,2006.0,40.8
Argentina,2007.0,38.0
Argentina,2008.0,23.6
Argentina,2009.0,159.6
Argentina,2010.0,206.9
Argentina,2011.0,122.5
Argentina,2012.0,137.2
Argentina,2013.0,151.9
Argentina,2014.0,160.6
Argentina,2015.0,132.4
Argentina,2016.0,177.7
Argentina,2017.0,197.3
Argentina,2018.0,44.2
Argentina,2019.0,28.3
Southern Asia,2000.0,762.76546
Southern Asia,2001.0,695.55456
Southern Asia,2002.0,848.61383
Southern Asia,2003.0,680.97729
Southern Asia,2004.0,714.57932
Southern Asia,2005.0,832.23303
Southern Asia,2006.0,892.85567
Southern Asia,2007.0,816.10169
Southern Asia,2008.0,1183.04474
Southern Asia,2009.0,1721.533
Southern Asia,2010.0,1952.36974
Southern Asia,2011.0,1960.12669
Southern Asia,2012.0,1773.37389
Southern Asia,2013.0,1889.58655
Southern Asia,2014.0,2142.65273
Southern Asia,2015.0,2153.69699
Southern Asia,2016.0,2054.0309
Southern Asia,2017.0,1774.83529
Southern Asia,2018.0,1563.08599
Southern Asia,2019.0,1606.71411
South-Eastern Asia,2000.0,905.96279
South-Eastern Asia,2001.0,1304.69041
South-Eastern Asia,2002.0,490.7276
South-Eastern Asia,2003.0,480.40998
South-Eastern Asia,2004.0,534.03637
South-Eastern Asia,2005.0,540.84349
South-Eastern Asia,2006.0,718.3174
South-Eastern Asia,2007.0,924.85198
South-Eastern Asia,2008.0,791.34942
South-Eastern Asia,2009.0,747.67682
South-Eastern Asia,2010.0,1575.07866
South-Eastern Asia,2011.0,1205.68515
South-Eastern Asia,2012.0,932.52387
South-Eastern Asia,2013.0,1048.20591
South-Eastern Asia,2014.0,967.21858
South-Eastern Asia,2015.0,954.2365
South-Eastern Asia,2016.0,1095.70628
South-Eastern Asia,2017.0,1258.51957
South-Eastern Asia,2018.0,1220.86924
South-Eastern Asia,2019.0,1173.75033
Southern Europe,2000.0,181.77439
Southern Europe,2001.0,198.33023
Southern Europe,2002.0,65.31017
Southern Europe,2003.0,73.69154
Southern Europe,2004.0,86.83599
Southern Europe,2005.0,51.8808
Southern Europe,2006.0,55.04223
Southern Europe,2007.0,66.76018
Southern Europe,2008.0,72.35456
Southern Europe,2009.0,145.91297
Southern Europe,2010.0,95.38076
Southern Europe,2011.0,137.27812
Southern Europe,2012.0,80.0167
Southern Europe,2013.0,143.31196
Southern Europe,2014.0,75.53647
Southern Europe,2015.0,97.97217
Southern Europe,2016.0,53.83254
Southern Europe,2017.0,70.76723
Southern Europe,2018.0,106.02746
Southern Europe,2019.0,121.28587
Bahrain,2000.0,0.0
Bahrain,2003.0,0.0
Bangladesh,2000.0,341.6
Bangladesh,2001.0,102.4
Bangladesh,2002.0,78.8
Bangladesh,2003.0,78.3
Bangladesh,2004.0,65.2
Bangladesh,2005.0,67.4
Bangladesh,2006.0,71.1
Bangladesh,2007.0,75.6
Bangladesh,2008.0,176.1
Bangladesh,2009.0,127.9
Bangladesh,2010.0,183.0
Bangladesh,2011.0,205.9
Bangladesh,2012.0,254.8
Bangladesh,2013.0,317.2
Bangladesh,2014.0,323.5
Bangladesh,2015.0,257.3
Bangladesh,2016.0,276.9
Bangladesh,2017.0,288.2
Bangladesh,2018.0,254.2
Bangladesh,2019.0,279.1
Armenia,2000.0,15.6
Armenia,2001.0,76.2
Armenia,2002.0,33.6
Armenia,2003.0,17.5
Armenia,2004.0,19.2
Armenia,2005.0,12.4
Armenia,2006.0,30.6
Armenia,2007.0,43.5
Armenia,2008.0,38.4
Armenia,2009.0,55.8
Armenia,2010.0,87.7
Armenia,2011.0,76.9
Armenia,2012.0,43.1
Armenia,2013.0,19.9
Armenia,2014.0,16.7
Armenia,2015.0,38.2
Armenia,2016.0,85.0
Armenia,2017.0,115.1
Armenia,2018.0,54.3
Armenia,2019.0,18.3
Barbados,2000.0,0.0
Barbados,2001.0,0.0
Barbados,2002.0,0.0
Barbados,2003.0,1.5
Barbados,2004.0,1.5
Barbados,2005.0,0.7
Barbados,2006.0,0.0
Barbados,2008.0,0.0
Barbados,2009.0,0.2
Barbados,2010.0,2.1
Melanesia,2000.0,66.51433
Melanesia,2001.0,23.72487
Melanesia,2002.0,22.44124
Melanesia,2003.0,30.77867
Melanesia,2004.0,21.53157
Melanesia,2005.0,28.55293
Melanesia,2006.0,26.18847
Melanesia,2007.0,32.08834
Melanesia,2008.0,41.97678
Melanesia,2009.0,49.15629
Melanesia,2010.0,40.13128
Melanesia,2011.0,46.36659
Melanesia,2012.0,46.54918
Melanesia,2013.0,42.81962
Melanesia,2014.0,48.75995
Melanesia,2015.0,67.81604
Melanesia,2016.0,42.80338
Melanesia,2017.0,61.59233
Melanesia,2018.0,73.82501
Melanesia,2019.0,94.72846
Micronesia,2000.0,21.46916
Micronesia,2001.0,0.12938
Micronesia,2002.0,4.58406
Micronesia,2003.0,7.6821
Micronesia,2004.0,4.34516
Micronesia,2005.0,8.69421
Micronesia,2006.0,12.73281
Micronesia,2007.0,13.80365
Micronesia,2008.0,8.06067
Micronesia,2009.0,7.99562
Micronesia,2010.0,8.86878
Micronesia,2011.0,5.98788
Micronesia,2012.0,4.66236
Micronesia,2013.0,23.3426
Micronesia,2014.0,5.83814
Micronesia,2015.0,7.18594
Micronesia,2016.0,3.52414
Micronesia,2017.0,10.95029
Micronesia,2018.0,12.73971
Micronesia,2019.0,16.80511
Polynesia,2000.0,2.79335
Polynesia,2001.0,36.20907
Polynesia,2002.0,16.03691
Polynesia,2003.0,10.41824
Polynesia,2004.0,12.00702
Polynesia,2005.0,7.14487
Polynesia,2006.0,12.89303
Polynesia,2007.0,8.32585
Polynesia,2008.0,5.56595
Polynesia,2009.0,5.34831
Polynesia,2010.0,7.55709
Polynesia,2011.0,6.47187
Polynesia,2012.0,9.65642
Polynesia,2013.0,11.26059
Polynesia,2014.0,9.32891
Polynesia,2015.0,8.44338
Polynesia,2016.0,10.69089
Polynesia,2017.0,24.00285
Polynesia,2018.0,7.13076
Polynesia,2019.0,13.18901
Bhutan,2000.0,6.0
Bhutan,2001.0,5.3
Bhutan,2002.0,7.0
Bhutan,2003.0,9.4
Bhutan,2004.0,4.3
Bhutan,2005.0,8.9
Bhutan,2006.0,7.1
Bhutan,2007.0,9.8
Bhutan,2008.0,11.1
Bhutan,2009.0,10.0
Bhutan,2010.0,6.2
Bhutan,2011.0,3.9
Bhutan,2012.0,6.6
Bhutan,2013.0,7.7
Bhutan,2014.0,12.7
Bhutan,2015.0,7.3
Bhutan,2016.0,6.1
Bhutan,2017.0,19.9
Bhutan,2018.0,9.3
Bhutan,2019.0,17.5
Bolivia,2000.0,125.0
Bolivia,2001.0,38.2
Bolivia,2002.0,55.8
Bolivia,2003.0,66.4
Bolivia,2004.0,125.7
Bolivia,2005.0,118.0
Bolivia,2006.0,109.7
Bolivia,2007.0,97.8
Bolivia,2008.0,92.5
Bolivia,2009.0,125.9
Bolivia,2010.0,152.5
Bolivia,2011.0,132.1
Bolivia,2012.0,118.3
Bolivia,2013.0,104.7
Bolivia,2014.0,112.2
Bolivia,2015.0,109.1
Bolivia,2016.0,92.5
Bolivia,2017.0,105.5
Bolivia,2018.0,103.8
Bolivia,2019.0,85.8
Bosnia and Herzegovina,2000.0,97.9
Bosnia and Herzegovina,2001.0,81.7
Bosnia and Herzegovina,2002.0,9.2
Bosnia and Herzegovina,2003.0,11.9
Bosnia and Herzegovina,2004.0,37.9
Bosnia and Herzegovina,2005.0,11.1
Bosnia and Herzegovina,2006.0,11.3
Bosnia and Herzegovina,2007.0,11.4
Bosnia and Herzegovina,2008.0,12.6
Bosnia and Herzegovina,2009.0,18.7
Bosnia and Herzegovina,2010.0,14.8
Bosnia and Herzegovina,2011.0,17.2
Bosnia and Herzegovina,2012.0,19.0
Bosnia and Herzegovina,2013.0,20.6
Bosnia and Herzegovina,2014.0,17.6
Bosnia and Herzegovina,2015.0,10.7
Bosnia and Herzegovina,2016.0,7.6
Bosnia and Herzegovina,2017.0,9.3
Bosnia and Herzegovina,2018.0,13.8
Bosnia and Herzegovina,2019.0,19.4
Botswana,2000.0,3.7
Botswana,2001.0,4.2
Botswana,2002.0,1.5
Botswana,2003.0,0.8
Botswana,2004.0,1.2
Botswana,2005.0,0.9
Botswana,2006.0,0.9
Botswana,2007.0,7.7
Botswana,2008.0,2.1
Botswana,2009.0,2.0
Botswana,2010.0,1.9
Botswana,2011.0,7.3
Botswana,2012.0,7.9
Botswana,2013.0,11.6
Botswana,2014.0,11.2
Botswana,2015.0,9.5
Botswana,2016.0,9.8
Botswana,2017.0,7.4
Botswana,2018.0,7.5
Botswana,2019.0,8.2
Brazil,2000.0,152.1
Brazil,2001.0,121.2
Brazil,2002.0,81.8
Brazil,2003.0,80.0
Brazil,2004.0,275.9
Brazil,2005.0,88.2
Brazil,2006.0,85.2
Brazil,2007.0,136.5
Brazil,2008.0,64.1
Brazil,2009.0,74.5
Brazil,2010.0,97.8
Brazil,2011.0,310.6
Brazil,2012.0,216.0
Brazil,2013.0,132.3
Brazil,2014.0,107.1
Brazil,2015.0,147.0
Brazil,2016.0,216.8
Brazil,2017.0,209.2
Brazil,2018.0,157.5
Brazil,2019.0,256.0
Belize,2000.0,7.4
Belize,2001.0,5.2
Belize,2003.0,0.3
Belize,2004.0,0.2
Belize,2005.0,1.1
Belize,2006.0,2.8
Belize,2007.0,4.2
Belize,2008.0,8.8
Belize,2009.0,6.3
Belize,2010.0,8.0
Belize,2011.0,3.6
Belize,2012.0,7.8
Belize,2013.0,11.3
Belize,2014.0,14.6
Belize,2015.0,8.6
Belize,2016.0,8.8
Belize,2017.0,7.2
Belize,2018.0,2.2
Belize,2019.0,2.3
Solomon Islands,2000.0,3.4
Solomon Islands,2001.0,0.2
Solomon Islands,2002.0,2.8
Solomon Islands,2003.0,3.5
Solomon Islands,2004.0,2.4
Solomon Islands,2005.0,6.0
Solomon Islands,2006.0,6.4
Solomon Islands,2007.0,4.7
Solomon Islands,2008.0,19.2
Solomon Islands,2009.0,20.7
Solomon Islands,2010.0,10.7
Solomon Islands,2011.0,9.8
Solomon Islands,2012.0,14.6
Solomon Islands,2013.0,9.3
Solomon Islands,2014.0,6.5
Solomon Islands,2015.0,12.6
Solomon Islands,2016.0,12.3
Solomon Islands,2017.0,13.8
Solomon Islands,2018.0,8.1
Solomon Islands,2019.0,14.2
Myanmar,2000.0,2.1
Myanmar,2001.0,0.6
Myanmar,2002.0,0.2
Myanmar,2003.0,8.2
Myanmar,2004.0,4.5
Myanmar,2005.0,8.3
Myanmar,2006.0,12.9
Myanmar,2007.0,10.5
Myanmar,2008.0,14.6
Myanmar,2009.0,24.2
Myanmar,2010.0,37.9
Myanmar,2011.0,61.6
Myanmar,2012.0,22.9
Myanmar,2013.0,52.6
Myanmar,2014.0,73.1
Myanmar,2015.0,142.4
Myanmar,2016.0,224.9
Myanmar,2017.0,197.9
Myanmar,2018.0,218.3
Myanmar,2019.0,233.7
Burundi,2000.0,12.0
Burundi,2001.0,1.0
Burundi,2002.0,4.2
Burundi,2003.0,4.2
Burundi,2004.0,7.2
Burundi,2005.0,9.6
Burundi,2006.0,28.7
Burundi,2007.0,45.2
Burundi,2008.0,22.6
Burundi,2009.0,43.0
Burundi,2010.0,44.7
Burundi,2011.0,39.5
Burundi,2012.0,64.6
Burundi,2013.0,62.8
Burundi,2014.0,54.8
Burundi,2015.0,52.7
Burundi,2016.0,47.8
Burundi,2017.0,45.2
Burundi,2018.0,64.1
Burundi,2019.0,74.0
Belarus,2005.0,0.6
Belarus,2006.0,0.4
Belarus,2007.0,0.8
Belarus,2008.0,1.9
Belarus,2009.0,2.4
Belarus,2010.0,0.7
Belarus,2011.0,2.0
Belarus,2012.0,0.8
Belarus,2013.0,2.3
Belarus,2014.0,1.5
Belarus,2015.0,2.1
Belarus,2016.0,8.1
Belarus,2017.0,25.0
Belarus,2018.0,17.3
Belarus,2019.0,5.4
Cambodia,2000.0,160.9
Cambodia,2001.0,58.6
Cambodia,2002.0,38.5
Cambodia,2003.0,54.5
Cambodia,2004.0,48.2
Cambodia,2005.0,54.2
Cambodia,2006.0,62.7
Cambodia,2007.0,66.9
Cambodia,2008.0,56.9
Cambodia,2009.0,54.6
Cambodia,2010.0,75.6
Cambodia,2011.0,70.2
Cambodia,2012.0,67.6
Cambodia,2013.0,84.3
Cambodia,2014.0,120.5
Cambodia,2015.0,115.9
Cambodia,2016.0,87.1
Cambodia,2017.0,107.6
Cambodia,2018.0,112.3
Cambodia,2019.0,175.2
Cameroon,2000.0,20.8
Cameroon,2001.0,36.8
Cameroon,2002.0,52.7
Cameroon,2003.0,28.8
Cameroon,2004.0,54.0
Cameroon,2005.0,23.5
Cameroon,2006.0,47.2
Cameroon,2007.0,72.1
Cameroon,2008.0,29.4
Cameroon,2009.0,33.3
Cameroon,2010.0,58.9
Cameroon,2011.0,43.6
Cameroon,2012.0,50.8
Cameroon,2013.0,58.1
Cameroon,2014.0,56.6
Cameroon,2015.0,47.1
Cameroon,2016.0,121.6
Cameroon,2017.0,140.0
Cameroon,2018.0,117.8
Cameroon,2019.0,138.4
Southern Asia (excluding India),2000.0,537.08994
Southern Asia (excluding India),2001.0,454.11773
Southern Asia (excluding India),2002.0,308.9057
Southern Asia (excluding India),2003.0,297.03151
Southern Asia (excluding India),2004.0,325.17319
Southern Asia (excluding India),2005.0,417.63001
Southern Asia (excluding India),2006.0,523.61377
Southern Asia (excluding India),2007.0,485.3143
Southern Asia (excluding India),2008.0,672.37351
Southern Asia (excluding India),2009.0,958.59905
Southern Asia (excluding India),2010.0,1221.86989
Southern Asia (excluding India),2011.0,1233.8178
Southern Asia (excluding India),2012.0,1228.70004
Southern Asia (excluding India),2013.0,1168.29394
Southern Asia (excluding India),2014.0,1190.67871
Southern Asia (excluding India),2015.0,1060.87602
Southern Asia (excluding India),2016.0,1110.44015
Southern Asia (excluding India),2017.0,1126.14315
Southern Asia (excluding India),2018.0,963.32013
Southern Asia (excluding India),2019.0,1002.47173
Cape Verde,2000.0,4.9
Cape Verde,2001.0,11.6
Cape Verde,2002.0,8.3
Cape Verde,2003.0,12.3
Cape Verde,2004.0,5.2
Cape Verde,2005.0,2.5
Cape Verde,2006.0,3.7
Cape Verde,2007.0,3.8
Cape Verde,2008.0,11.4
Cape Verde,2009.0,11.6
Cape Verde,2010.0,12.8
Cape Verde,2011.0,3.7
Cape Verde,2012.0,4.3
Cape Verde,2013.0,7.4
Cape Verde,2014.0,5.5
Cape Verde,2015.0,4.4
Cape Verde,2016.0,8.6
Cape Verde,2017.0,7.4
Cape Verde,2018.0,3.5
Cape Verde,2019.0,2.2
Caucasus and Central Asia,2000.0,239.36543
Caucasus and Central Asia,2001.0,289.6339
Caucasus and Central Asia,2002.0,193.89754
Caucasus and Central Asia,2003.0,110.65264
Caucasus and Central Asia,2004.0,120.89873
Caucasus and Central Asia,2005.0,131.92965
Caucasus and Central Asia,2006.0,129.58926
Caucasus and Central Asia,2007.0,163.33715
Caucasus and Central Asia,2008.0,181.48414
Caucasus and Central Asia,2009.0,220.23535
Caucasus and Central Asia,2010.0,282.91763
Caucasus and Central Asia,2011.0,239.89032
Caucasus and Central Asia,2012.0,206.26658
Caucasus and Central Asia,2013.0,232.15556
Caucasus and Central Asia,2014.0,182.93464
Caucasus and Central Asia,2015.0,333.02234
Caucasus and Central Asia,2016.0,370.94405
Caucasus and Central Asia,2017.0,390.41433
Caucasus and Central Asia,2018.0,714.38696
Caucasus and Central Asia,2019.0,479.994
Central African Republic,2000.0,7.1
Central African Republic,2001.0,10.8
Central African Republic,2002.0,4.0
Central African Republic,2003.0,3.8
Central African Republic,2004.0,2.7
Central African Republic,2005.0,24.5
Central African Republic,2006.0,30.2
Central African Republic,2007.0,24.6
Central African Republic,2008.0,12.1
Central African Republic,2009.0,7.3
Central African Republic,2010.0,4.1
Central African Republic,2011.0,16.7
Central African Republic,2012.0,7.6
Central African Republic,2013.0,6.1
Central African Republic,2014.0,13.2
Central African Republic,2015.0,6.9
Central African Republic,2016.0,13.2
Central African Republic,2017.0,5.1
Central African Republic,2018.0,8.9
Central African Republic,2019.0,5.1
Asia,2000.0,2677.22362
Asia,2001.0,4086.78698
Asia,2002.0,2449.13191
Asia,2003.0,1812.42241
Asia,2004.0,2136.92048
Asia,2005.0,2009.11885
Asia,2006.0,2355.9929
Asia,2007.0,2522.72225
Asia,2008.0,2810.92919
Asia,2009.0,3193.42084
Asia,2010.0,4510.43244
Asia,2011.0,4187.55383
Asia,2012.0,3291.18772
Asia,2013.0,3651.26569
Asia,2014.0,4096.64851
Asia,2015.0,4362.78456
Asia,2016.0,4683.28499
Asia,2017.0,4508.32077
Asia,2018.0,4488.34192
Asia,2019.0,4139.08841
Central Asia,2000.0,110.22932
Central Asia,2001.0,141.53707
Central Asia,2002.0,118.40082
Central Asia,2003.0,58.71167
Central Asia,2004.0,70.16529
Central Asia,2005.0,81.95754
Central Asia,2006.0,63.97854
Central Asia,2007.0,76.65386
Central Asia,2008.0,95.12692
Central Asia,2009.0,105.81784
Central Asia,2010.0,161.51776
Central Asia,2011.0,136.92635
Central Asia,2012.0,123.2443
Central Asia,2013.0,154.01654
Central Asia,2014.0,102.07443
Central Asia,2015.0,198.43936
Central Asia,2016.0,209.04943
Central Asia,2017.0,211.57641
Central Asia,2018.0,609.57222
Central Asia,2019.0,396.71042
Sri Lanka,2000.0,53.3
Sri Lanka,2001.0,57.8
Sri Lanka,2002.0,25.6
Sri Lanka,2003.0,91.6
Sri Lanka,2004.0,40.9
Sri Lanka,2005.0,50.0
Sri Lanka,2006.0,48.7
Sri Lanka,2007.0,50.2
Sri Lanka,2008.0,55.7
Sri Lanka,2009.0,33.8
Sri Lanka,2010.0,35.1
Sri Lanka,2011.0,86.9
Sri Lanka,2012.0,65.0
Sri Lanka,2013.0,50.1
Sri Lanka,2014.0,49.3
Sri Lanka,2015.0,35.1
Sri Lanka,2016.0,48.8
Sri Lanka,2017.0,56.3
Sri Lanka,2018.0,78.0
Sri Lanka,2019.0,45.4
Western Asia,2000.0,558.06247
Western Asia,2001.0,1137.18065
Western Asia,2002.0,317.74117
Western Asia,2003.0,142.25241
Western Asia,2004.0,394.80674
Western Asia,2005.0,191.78125
Western Asia,2006.0,280.68247
Western Asia,2007.0,308.76022
Western Asia,2008.0,372.39898
Western Asia,2009.0,316.30447
Western Asia,2010.0,455.04926
Western Asia,2011.0,525.05596
Western Asia,2012.0,221.55345
Western Asia,2013.0,265.18779
Western Asia,2014.0,572.1956
Western Asia,2015.0,637.64031
Western Asia,2016.0,845.57702
Western Asia,2017.0,752.69424
Western Asia,2018.0,571.68133
Western Asia,2019.0,492.89459
Chad,2000.0,33.0
Chad,2001.0,10.4
Chad,2002.0,31.1
Chad,2003.0,37.9
Chad,2004.0,29.9
Chad,2005.0,36.8
Chad,2006.0,36.4
Chad,2007.0,37.1
Chad,2008.0,30.1
Chad,2009.0,31.7
Chad,2010.0,27.8
Chad,2011.0,32.0
Chad,2012.0,27.3
Chad,2013.0,27.3
Chad,2014.0,36.1
Chad,2015.0,38.7
Chad,2016.0,26.2
Chad,2017.0,33.7
Chad,2018.0,46.8
Chad,2019.0,38.6
Europe,2000.0,192.76684
Europe,2001.0,213.86816
Europe,2002.0,83.32248
Europe,2003.0,79.53481
Europe,2004.0,93.29598
Europe,2005.0,110.79826
Europe,2006.0,86.1703
Europe,2007.0,97.64245
Europe,2008.0,114.20079
Europe,2009.0,230.59876
Europe,2010.0,292.86286
Europe,2011.0,262.72202
Europe,2012.0,248.85031
Europe,2013.0,326.15734
Europe,2014.0,330.9213
Europe,2015.0,281.30011
Europe,2016.0,313.47787
Europe,2017.0,292.75409
Europe,2018.0,324.56951
Europe,2019.0,365.93808
Eastern Europe,2000.0,10.99245
Eastern Europe,2001.0,15.53793
Eastern Europe,2002.0,18.01231
Eastern Europe,2003.0,5.84327
Eastern Europe,2004.0,6.45999
Eastern Europe,2005.0,58.91747
Eastern Europe,2006.0,31.12807
Eastern Europe,2007.0,30.88227
Eastern Europe,2008.0,41.84623
Eastern Europe,2009.0,84.68579
Eastern Europe,2010.0,197.4821
Eastern Europe,2011.0,125.4439
Eastern Europe,2012.0,168.83361
Eastern Europe,2013.0,182.84539
Eastern Europe,2014.0,255.38483
Eastern Europe,2015.0,183.32794
Eastern Europe,2016.0,259.64534
Eastern Europe,2017.0,221.98686
Eastern Europe,2018.0,218.54205
Eastern Europe,2019.0,244.65221
Chile,2000.0,18.5
Chile,2001.0,3.2
Chile,2002.0,4.9
Chile,2003.0,7.1
Chile,2004.0,8.0
Chile,2005.0,11.3
Chile,2006.0,6.9
Chile,2007.0,8.5
Chile,2008.0,3.3
Chile,2009.0,4.7
Chile,2010.0,4.8
Chile,2011.0,6.0
Chile,2012.0,12.1
Chile,2013.0,5.2
Chile,2014.0,3.5
Chile,2015.0,6.4
Chile,2016.0,4.8
Chile,2017.0,6.5
China,2000.0,333.9
China,2001.0,777.8
China,2002.0,671.7
China,2003.0,439.3
China,2004.0,412.8
China,2005.0,349.3
China,2006.0,381.2
China,2007.0,380.5
China,2008.0,344.7
China,2009.0,279.0
China,2010.0,321.2
China,2011.0,337.9
China,2012.0,214.0
China,2013.0,274.0
China,2014.0,288.9
China,2015.0,398.9
China,2016.0,457.2
China,2017.0,476.2
China,2018.0,503.7
China,2019.0,449.9
Colombia,2000.0,97.1
Colombia,2001.0,44.5
Colombia,2002.0,32.5
Colombia,2003.0,26.9
Colombia,2004.0,191.8
Colombia,2005.0,47.6
Colombia,2006.0,112.6
Colombia,2007.0,144.9
Colombia,2008.0,153.4
Colombia,2009.0,165.6
Colombia,2010.0,106.0
Colombia,2011.0,86.3
Colombia,2012.0,105.8
Colombia,2013.0,110.9
Colombia,2014.0,113.5
Colombia,2015.0,180.1
Colombia,2016.0,129.2
Colombia,2017.0,141.9
Colombia,2018.0,388.8
Colombia,2019.0,112.9
Comoros,2000.0,2.1
Comoros,2001.0,0.5
Comoros,2002.0,1.2
Comoros,2003.0,2.0
Comoros,2004.0,1.7
Comoros,2005.0,0.6
Comoros,2006.0,0.8
Comoros,2007.0,0.8
Comoros,2008.0,1.0
Comoros,2009.0,0.4
Comoros,2010.0,2.3
Comoros,2011.0,2.2
Comoros,2012.0,2.2
Comoros,2013.0,4.1
Comoros,2014.0,3.2
Comoros,2015.0,3.9
Comoros,2016.0,2.9
Comoros,2017.0,1.5
Comoros,2018.0,2.2
Comoros,2019.0,5.5
Mayotte,2001.0,6.1
Mayotte,2002.0,5.5
Mayotte,2003.0,6.7
Mayotte,2004.0,5.0
Mayotte,2005.0,0.4
Mayotte,2006.0,0.4
Mayotte,2007.0,31.0
Mayotte,2008.0,16.8
Mayotte,2009.0,33.1
Mayotte,2010.0,8.4
Congo,2000.0,1.2
Congo,2001.0,1.2
Congo,2002.0,1.2
Congo,2003.0,1.1
Congo,2004.0,1.6
Congo,2005.0,3.7
Congo,2006.0,2.3
Congo,2007.0,7.9
Congo,2008.0,3.7
Congo,2009.0,3.1
Congo,2010.0,4.3
Congo,2011.0,5.1
Congo,2012.0,8.1
Congo,2013.0,10.0
Congo,2014.0,6.4
Congo,2015.0,7.4
Congo,2016.0,7.9
Congo,2017.0,6.7
Congo,2018.0,14.3
Congo,2019.0,10.6
Democratic Republic of Congo,2000.0,4.3
Democratic Republic of Congo,2001.0,6.9
Democratic Republic of Congo,2002.0,27.1
Democratic Republic of Congo,2003.0,13.7
Democratic Republic of Congo,2004.0,17.8
Democratic Republic of Congo,2005.0,30.6
Democratic Republic of Congo,2006.0,32.2
Democratic Republic of Congo,2007.0,29.9
Democratic Republic of Congo,2008.0,40.7
Democratic Republic of Congo,2009.0,74.3
Democratic Republic of Congo,2010.0,79.8
Democratic Republic of Congo,2011.0,95.1
Democratic Republic of Congo,2012.0,96.2
Democratic Republic of Congo,2013.0,97.0
Democratic Republic of Congo,2014.0,103.6
Democratic Republic of Congo,2015.0,84.8
Democratic Republic of Congo,2016.0,93.3
Democratic Republic of Congo,2017.0,86.4
Democratic Republic of Congo,2018.0,103.3
Democratic Republic of Congo,2019.0,90.7
Cook Islands,2000.0,0.0
Cook Islands,2001.0,0.9
Cook Islands,2002.0,0.0
Cook Islands,2003.0,0.4
Cook Islands,2004.0,0.7
Cook Islands,2005.0,0.3
Cook Islands,2006.0,3.4
Cook Islands,2007.0,1.4
Cook Islands,2008.0,2.1
Cook Islands,2009.0,1.1
Cook Islands,2010.0,1.2
Cook Islands,2011.0,1.1
Cook Islands,2012.0,1.6
Cook Islands,2013.0,0.9
Cook Islands,2014.0,0.3
Cook Islands,2015.0,0.3
Cook Islands,2016.0,0.0
Cook Islands,2017.0,0.2
Cook Islands,2018.0,0.0
Cook Islands,2019.0,0.7
Costa Rica,2000.0,61.9
Costa Rica,2001.0,2.5
Costa Rica,2002.0,15.7
Costa Rica,2003.0,16.5
Costa Rica,2004.0,12.4
Costa Rica,2005.0,11.4
Costa Rica,2006.0,10.5
Costa Rica,2007.0,11.5
Costa Rica,2008.0,5.1
Costa Rica,2009.0,8.7
Costa Rica,2010.0,5.6
Costa Rica,2011.0,8.3
Costa Rica,2012.0,5.3
Costa Rica,2013.0,12.6
Costa Rica,2014.0,4.2
Costa Rica,2015.0,3.2
Costa Rica,2016.0,2.8
Costa Rica,2017.0,2.7
Costa Rica,2018.0,4.5
Costa Rica,2019.0,3.1
Croatia,2000.0,19.8
Croatia,2001.0,38.9
Croatia,2002.0,24.0
Croatia,2003.0,27.8
Croatia,2004.0,7.6
Croatia,2005.0,7.6
Croatia,2006.0,7.5
Croatia,2007.0,16.5
Croatia,2008.0,13.9
Croatia,2009.0,20.0
Croatia,2010.0,19.5
Cuba,2000.0,11.5
Cuba,2001.0,19.2
Cuba,2002.0,3.9
Cuba,2003.0,4.3
Cuba,2004.0,5.5
Cuba,2005.0,7.6
Cuba,2006.0,9.3
Cuba,2007.0,6.9
Cuba,2008.0,7.7
Cuba,2009.0,17.6
Cuba,2010.0,29.4
Cuba,2011.0,15.1
Cuba,2012.0,10.5
Cuba,2013.0,11.2
Cuba,2014.0,17.5
Cuba,2015.0,9.7
Cuba,2016.0,11.6
Cuba,2017.0,11.2
Cuba,2018.0,13.2
Cuba,2019.0,15.2
Least Developed Countries (LDCs),2000.0,2195.92719
Least Developed Countries (LDCs),2001.0,1640.81726
Least Developed Countries (LDCs),2002.0,1191.76717
Least Developed Countries (LDCs),2003.0,1421.97264
Least Developed Countries (LDCs),2004.0,1459.50249
Least Developed Countries (LDCs),2005.0,1692.52558
Least Developed Countries (LDCs),2006.0,1765.02497
Least Developed Countries (LDCs),2007.0,1905.51669
Least Developed Countries (LDCs),2008.0,2317.3395
Least Developed Countries (LDCs),2009.0,3042.43532
Least Developed Countries (LDCs),2010.0,3400.13955
Least Developed Countries (LDCs),2011.0,3403.12339
Least Developed Countries (LDCs),2012.0,3303.95791
Least Developed Countries (LDCs),2013.0,3431.1307
Least Developed Countries (LDCs),2014.0,3646.92595
Least Developed Countries (LDCs),2015.0,3713.70513
Least Developed Countries (LDCs),2016.0,4161.00069
Least Developed Countries (LDCs),2017.0,4219.57662
Least Developed Countries (LDCs),2018.0,3910.68401
Least Developed Countries (LDCs),2019.0,4161.50077
Sub-Saharan Africa,2000.0,1964.74302
Sub-Saharan Africa,2001.0,1606.73618
Sub-Saharan Africa,2002.0,1256.25672
Sub-Saharan Africa,2003.0,1408.54908
Sub-Saharan Africa,2004.0,1396.9793
Sub-Saharan Africa,2005.0,1501.75735
Sub-Saharan Africa,2006.0,1712.74874
Sub-Saharan Africa,2007.0,1925.84886
Sub-Saharan Africa,2008.0,2091.30343
Sub-Saharan Africa,2009.0,2562.84378
Sub-Saharan Africa,2010.0,2756.80678
Sub-Saharan Africa,2011.0,2714.82916
Sub-Saharan Africa,2012.0,2672.6614
Sub-Saharan Africa,2013.0,2970.86071
Sub-Saharan Africa,2014.0,3095.39483
Sub-Saharan Africa,2015.0,3217.80509
Sub-Saharan Africa,2016.0,3598.1466
Sub-Saharan Africa,2017.0,3810.52887
Sub-Saharan Africa,2018.0,3627.57369
Sub-Saharan Africa,2019.0,4463.3644
Benin,2000.0,50.2
Benin,2001.0,23.0
Benin,2002.0,16.1
Benin,2003.0,23.5
Benin,2004.0,33.7
Benin,2005.0,36.9
Benin,2006.0,40.1
Benin,2007.0,36.1
Benin,2008.0,42.5
Benin,2009.0,57.0
Benin,2010.0,55.5
Benin,2011.0,65.1
Benin,2012.0,43.3
Benin,2013.0,52.8
Benin,2014.0,71.8
Benin,2015.0,59.6
Benin,2016.0,71.5
Benin,2017.0,82.0
Benin,2018.0,82.6
Benin,2019.0,68.9
Dominica,2000.0,11.6
Dominica,2001.0,24.2
Dominica,2002.0,12.5
Dominica,2003.0,2.2
Dominica,2004.0,12.9
Dominica,2005.0,0.6
Dominica,2006.0,2.7
Dominica,2007.0,7.2
Dominica,2008.0,4.8
Dominica,2009.0,8.9
Dominica,2010.0,3.5
Dominica,2011.0,4.3
Dominica,2012.0,0.2
Dominica,2013.0,0.6
Dominica,2014.0,2.3
Dominica,2015.0,0.3
Dominica,2016.0,4.5
Dominica,2017.0,4.6
Dominica,2018.0,2.7
Dominica,2019.0,11.1
Dominican Republic,2000.0,15.9
Dominican Republic,2001.0,34.4
Dominican Republic,2002.0,16.9
Dominican Republic,2003.0,21.4
Dominican Republic,2004.0,31.5
Dominican Republic,2005.0,14.3
Dominican Republic,2006.0,13.6
Dominican Republic,2007.0,19.4
Dominican Republic,2008.0,20.1
Dominican Republic,2009.0,30.3
Dominican Republic,2010.0,19.5
Dominican Republic,2011.0,12.9
Dominican Republic,2012.0,12.6
Dominican Republic,2013.0,10.6
Dominican Republic,2014.0,12.5
Dominican Republic,2015.0,12.6
Dominican Republic,2016.0,12.0
Dominican Republic,2017.0,11.5
Dominican Republic,2018.0,6.6
Dominican Republic,2019.0,26.9
Ecuador,2000.0,15.3
Ecuador,2001.0,67.2
Ecuador,2002.0,43.9
Ecuador,2003.0,28.1
Ecuador,2004.0,49.7
Ecuador,2005.0,44.1
Ecuador,2006.0,28.1
Ecuador,2007.0,31.4
Ecuador,2008.0,36.1
Ecuador,2009.0,31.8
Ecuador,2010.0,34.8
Ecuador,2011.0,45.8
Ecuador,2012.0,65.2
Ecuador,2013.0,57.5
Ecuador,2014.0,57.9
Ecuador,2015.0,62.8
Ecuador,2016.0,24.4
Ecuador,2017.0,21.8
Ecuador,2018.0,22.3
Ecuador,2019.0,42.3
El Salvador,2000.0,19.4
El Salvador,2001.0,122.3
El Salvador,2002.0,24.0
El Salvador,2003.0,21.1
El Salvador,2004.0,23.1
El Salvador,2005.0,17.6
El Salvador,2006.0,10.2
El Salvador,2007.0,11.4
El Salvador,2008.0,10.6
El Salvador,2009.0,17.9
El Salvador,2010.0,26.8
El Salvador,2011.0,29.0
El Salvador,2012.0,19.7
El Salvador,2013.0,7.1
El Salvador,2014.0,10.3
El Salvador,2015.0,11.0
El Salvador,2016.0,14.5
El Salvador,2017.0,9.5
El Salvador,2018.0,10.1
El Salvador,2019.0,14.2
Eastern Asia (excluding Japan and China),2000.0,6.28359
Eastern Asia (excluding Japan and China),2001.0,29.98798
Eastern Asia (excluding Japan and China),2002.0,1.92657
Eastern Asia (excluding Japan and China),2003.0,10.7823
Eastern Asia (excluding Japan and China),2004.0,10.50295
Eastern Asia (excluding Japan and China),2005.0,13.01193
Eastern Asia (excluding Japan and China),2006.0,18.92966
Eastern Asia (excluding Japan and China),2007.0,15.89361
Eastern Asia (excluding Japan and China),2008.0,24.26239
Eastern Asia (excluding Japan and China),2009.0,23.11028
Eastern Asia (excluding Japan and China),2010.0,45.19066
Eastern Asia (excluding Japan and China),2011.0,21.85426
Eastern Asia (excluding Japan and China),2012.0,26.54129
Eastern Asia (excluding Japan and China),2013.0,20.22574
Eastern Asia (excluding Japan and China),2014.0,23.60122
Eastern Asia (excluding Japan and China),2015.0,19.91477
Eastern Asia (excluding Japan and China),2016.0,21.70275
Eastern Asia (excluding Japan and China),2017.0,34.45502
Eastern Asia (excluding Japan and China),2018.0,19.38635
Eastern Asia (excluding Japan and China),2019.0,19.07068
Equatorial Guinea,2000.0,1.6
Equatorial Guinea,2001.0,1.5
Equatorial Guinea,2002.0,0.4
Equatorial Guinea,2003.0,0.4
Equatorial Guinea,2004.0,0.3
Equatorial Guinea,2005.0,0.3
Equatorial Guinea,2006.0,0.1
Equatorial Guinea,2007.0,0.5
Equatorial Guinea,2008.0,0.8
Equatorial Guinea,2009.0,0.5
Equatorial Guinea,2010.0,0.3
Equatorial Guinea,2011.0,1.2
Equatorial Guinea,2012.0,1.0
Equatorial Guinea,2013.0,0.1
Equatorial Guinea,2014.0,0.0
Equatorial Guinea,2015.0,0.0
Equatorial Guinea,2016.0,0.0
Equatorial Guinea,2018.0,0.4
Equatorial Guinea,2019.0,0.3
Ethiopia,2000.0,80.5
Ethiopia,2001.0,92.8
Ethiopia,2002.0,82.9
Ethiopia,2003.0,122.3
Ethiopia,2004.0,121.6
Ethiopia,2005.0,97.7
Ethiopia,2006.0,147.8
Ethiopia,2007.0,127.9
Ethiopia,2008.0,147.2
Ethiopia,2009.0,437.6
Ethiopia,2010.0,243.7
Ethiopia,2011.0,254.4
Ethiopia,2012.0,305.0
Ethiopia,2013.0,302.9
Ethiopia,2014.0,350.9
Ethiopia,2015.0,368.9
Ethiopia,2016.0,505.7
Ethiopia,2017.0,398.3
Ethiopia,2018.0,397.8
Ethiopia,2019.0,415.4
Eritrea,2000.0,42.4
Eritrea,2001.0,19.7
Eritrea,2002.0,26.6
Eritrea,2003.0,26.7
Eritrea,2004.0,29.7
Eritrea,2005.0,20.1
Eritrea,2006.0,9.0
Eritrea,2007.0,5.9
Eritrea,2008.0,4.4
Eritrea,2009.0,10.7
Eritrea,2010.0,7.5
Eritrea,2011.0,10.7
Eritrea,2012.0,5.2
Eritrea,2013.0,8.1
Eritrea,2014.0,6.0
Eritrea,2015.0,13.1
Eritrea,2016.0,12.9
Eritrea,2017.0,2.7
Eritrea,2018.0,5.3
Eritrea,2019.0,11.3
Fiji,2000.0,1.0
Fiji,2001.0,0.6
Fiji,2002.0,0.4
Fiji,2003.0,2.1
Fiji,2004.0,2.2
Fiji,2005.0,4.5
Fiji,2006.0,3.3
Fiji,2007.0,4.4
Fiji,2008.0,3.5
Fiji,2009.0,3.3
Fiji,2010.0,3.1
Fiji,2011.0,4.6
Fiji,2012.0,8.4
Fiji,2013.0,9.4
Fiji,2014.0,6.6
Fiji,2015.0,20.8
Fiji,2016.0,9.1
Fiji,2017.0,17.4
Fiji,2018.0,13.6
Fiji,2019.0,12.1
Djibouti,2000.0,1.3
Djibouti,2001.0,1.2
Djibouti,2002.0,0.6
Djibouti,2003.0,0.7
Djibouti,2004.0,0.6
Djibouti,2005.0,0.8
Djibouti,2006.0,0.6
Djibouti,2007.0,1.2
Djibouti,2008.0,1.1
Djibouti,2009.0,0.7
Djibouti,2010.0,1.4
Djibouti,2011.0,1.4
Djibouti,2012.0,6.3
Djibouti,2013.0,2.0
Djibouti,2014.0,3.4
Djibouti,2015.0,6.0
Djibouti,2016.0,5.6
Djibouti,2017.0,2.6
Djibouti,2018.0,6.8
Djibouti,2019.0,7.9
Gabon,2000.0,7.9
Gabon,2001.0,7.8
Gabon,2002.0,9.5
Gabon,2003.0,7.0
Gabon,2004.0,4.9
Gabon,2005.0,10.9
Gabon,2006.0,3.5
Gabon,2007.0,19.2
Gabon,2008.0,25.6
Gabon,2009.0,4.2
Gabon,2010.0,16.4
Gabon,2011.0,20.6
Gabon,2012.0,7.8
Gabon,2013.0,7.9
Gabon,2014.0,10.6
Gabon,2015.0,6.0
Gabon,2016.0,5.6
Gabon,2017.0,2.9
Gabon,2018.0,4.0
Gabon,2019.0,2.5
Georgia,2000.0,37.5
Georgia,2001.0,47.7
Georgia,2002.0,23.0
Georgia,2003.0,17.5
Georgia,2004.0,12.1
Georgia,2005.0,13.6
Georgia,2006.0,19.3
Georgia,2007.0,21.6
Georgia,2008.0,24.5
Georgia,2009.0,30.4
Georgia,2010.0,16.9
Georgia,2011.0,17.3
Georgia,2012.0,21.7
Georgia,2013.0,33.3
Georgia,2014.0,26.8
Georgia,2015.0,43.1
Georgia,2016.0,49.5
Georgia,2017.0,52.8
Georgia,2018.0,43.9
Georgia,2019.0,51.9
Gambia,2000.0,6.0
Gambia,2001.0,16.3
Gambia,2002.0,14.0
Gambia,2003.0,23.6
Gambia,2004.0,14.0
Gambia,2005.0,6.7
Gambia,2006.0,5.7
Gambia,2007.0,5.8
Gambia,2008.0,8.8
Gambia,2009.0,16.5
Gambia,2010.0,8.5
Gambia,2011.0,10.6
Gambia,2012.0,8.1
Gambia,2013.0,18.3
Gambia,2014.0,2.9
Gambia,2015.0,7.9
Gambia,2016.0,12.8
Gambia,2017.0,17.4
Gambia,2018.0,7.8
Gambia,2019.0,17.6
Palestine,2000.0,17.3
Palestine,2001.0,12.1
Palestine,2002.0,8.7
Palestine,2003.0,3.2
Palestine,2004.0,5.8
Palestine,2005.0,6.7
Palestine,2006.0,17.6
Palestine,2007.0,19.5
Palestine,2008.0,24.3
Palestine,2009.0,36.2
Palestine,2010.0,50.4
Palestine,2011.0,35.3
Palestine,2012.0,20.0
Palestine,2013.0,21.3
Palestine,2014.0,28.1
Palestine,2015.0,22.1
Palestine,2016.0,31.5
Palestine,2017.0,30.6
Palestine,2018.0,35.7
Palestine,2019.0,39.1
Ghana,2000.0,152.3
Ghana,2001.0,100.8
Ghana,2002.0,45.1
Ghana,2003.0,57.7
Ghana,2004.0,58.1
Ghana,2005.0,84.0
Ghana,2006.0,78.2
Ghana,2007.0,86.7
Ghana,2008.0,157.0
Ghana,2009.0,235.4
Ghana,2010.0,286.3
Ghana,2011.0,241.9
Ghana,2012.0,229.4
Ghana,2013.0,160.7
Ghana,2014.0,142.9
Ghana,2015.0,172.7
Ghana,2016.0,194.3
Ghana,2017.0,147.5
Ghana,2018.0,184.2
Ghana,2019.0,160.6
Kiribati,2000.0,7.9
Kiribati,2001.0,0.1
Kiribati,2002.0,0.3
Kiribati,2003.0,1.8
Kiribati,2004.0,1.2
Kiribati,2005.0,5.0
Kiribati,2006.0,6.3
Kiribati,2007.0,9.1
Kiribati,2008.0,5.1
Kiribati,2009.0,2.3
Kiribati,2010.0,2.9
Kiribati,2011.0,1.8
Kiribati,2012.0,1.7
Kiribati,2013.0,1.6
Kiribati,2014.0,3.1
Kiribati,2015.0,2.6
Kiribati,2016.0,1.5
Kiribati,2017.0,4.1
Kiribati,2018.0,3.3
Kiribati,2019.0,4.2
Grenada,2000.0,2.3
Grenada,2001.0,6.8
Grenada,2002.0,1.8
Grenada,2003.0,7.4
Grenada,2004.0,8.2
Grenada,2005.0,0.3
Grenada,2006.0,0.4
Grenada,2007.0,0.7
Grenada,2008.0,1.5
Grenada,2009.0,1.0
Grenada,2010.0,5.3
Grenada,2011.0,6.6
Grenada,2012.0,0.1
Grenada,2013.0,0.1
Grenada,2014.0,0.0
Grenada,2015.0,3.6
Grenada,2016.0,3.3
Grenada,2017.0,0.1
Grenada,2018.0,0.4
Grenada,2019.0,0.2
Guatemala,2000.0,32.2
Guatemala,2001.0,35.3
Guatemala,2002.0,31.3
Guatemala,2003.0,32.1
Guatemala,2004.0,30.7
Guatemala,2005.0,17.9
Guatemala,2006.0,27.8
Guatemala,2007.0,22.7
Guatemala,2008.0,35.2
Guatemala,2009.0,36.7
Guatemala,2010.0,41.7
Guatemala,2011.0,33.6
Guatemala,2012.0,38.8
Guatemala,2013.0,49.1
Guatemala,2014.0,57.0
Guatemala,2015.0,61.9
Guatemala,2016.0,52.3
Guatemala,2017.0,47.6
Guatemala,2018.0,40.9
Guatemala,2019.0,35.9
Guinea,2000.0,18.8
Guinea,2001.0,78.8
Guinea,2002.0,29.9
Guinea,2003.0,33.9
Guinea,2004.0,14.8
Guinea,2005.0,14.2
Guinea,2006.0,13.0
Guinea,2007.0,24.1
Guinea,2008.0,19.8
Guinea,2009.0,24.1
Guinea,2010.0,18.4
Guinea,2011.0,17.3
Guinea,2012.0,14.9
Guinea,2013.0,31.2
Guinea,2014.0,16.0
Guinea,2015.0,12.5
Guinea,2016.0,12.8
Guinea,2017.0,33.4
Guinea,2018.0,31.8
Guinea,2019.0,61.6
Guyana,2000.0,0.3
Guyana,2001.0,4.6
Guyana,2002.0,4.1
Guyana,2003.0,3.7
Guyana,2004.0,0.3
Guyana,2005.0,0.1
Guyana,2006.0,1.7
Guyana,2007.0,5.4
Guyana,2008.0,27.6
Guyana,2009.0,8.5
Guyana,2010.0,7.9
Guyana,2011.0,8.5
Guyana,2012.0,31.7
Guyana,2013.0,31.7
Guyana,2014.0,3.9
Guyana,2015.0,0.7
Guyana,2016.0,32.6
Guyana,2017.0,2.2
Guyana,2018.0,2.5
Guyana,2019.0,2.0
Haiti,2000.0,24.4
Haiti,2001.0,21.8
Haiti,2002.0,21.5
Haiti,2003.0,17.5
Haiti,2004.0,12.6
Haiti,2005.0,11.0
Haiti,2006.0,8.2
Haiti,2007.0,15.4
Haiti,2008.0,20.9
Haiti,2009.0,38.3
Haiti,2010.0,110.9
Haiti,2011.0,70.3
Haiti,2012.0,92.5
Haiti,2013.0,92.5
Haiti,2014.0,79.2
Haiti,2015.0,82.9
Haiti,2016.0,92.4
Haiti,2017.0,90.5
Haiti,2018.0,111.1
Haiti,2019.0,64.9
Honduras,2000.0,64.7
Honduras,2001.0,52.5
Honduras,2002.0,25.9
Honduras,2003.0,25.4
Honduras,2004.0,31.8
Honduras,2005.0,30.0
Honduras,2006.0,24.8
Honduras,2007.0,28.1
Honduras,2008.0,47.2
Honduras,2009.0,53.3
Honduras,2010.0,50.7
Honduras,2011.0,41.2
Honduras,2012.0,43.3
Honduras,2013.0,45.6
Honduras,2014.0,41.5
Honduras,2015.0,46.7
Honduras,2016.0,74.7
Honduras,2017.0,41.5
Honduras,2018.0,56.4
Honduras,2019.0,52.7
India,2000.0,225.7
India,2001.0,241.4
India,2002.0,539.7
India,2003.0,383.9
India,2004.0,389.4
India,2005.0,414.6
India,2006.0,369.2
India,2007.0,330.8
India,2008.0,510.7
India,2009.0,762.9
India,2010.0,730.5
India,2011.0,726.3
India,2012.0,544.7
India,2013.0,721.3
India,2014.0,952.0
India,2015.0,1092.8
India,2016.0,943.6
India,2017.0,648.7
India,2018.0,599.8
India,2019.0,604.2
Indonesia,2000.0,201.0
Indonesia,2001.0,460.6
Indonesia,2002.0,166.2
Indonesia,2003.0,133.4
Indonesia,2004.0,144.5
Indonesia,2005.0,121.0
Indonesia,2006.0,283.2
Indonesia,2007.0,402.2
Indonesia,2008.0,298.8
Indonesia,2009.0,268.8
Indonesia,2010.0,968.5
Indonesia,2011.0,562.9
Indonesia,2012.0,294.6
Indonesia,2013.0,390.8
Indonesia,2014.0,294.9
Indonesia,2015.0,227.3
Indonesia,2016.0,299.2
Indonesia,2017.0,364.6
Indonesia,2018.0,219.0
Indonesia,2019.0,160.6
Iran,2000.0,0.2
Iran,2001.0,0.1
Iran,2002.0,0.1
Iran,2003.0,3.5
Iran,2004.0,2.7
Iran,2005.0,2.6
Iran,2006.0,19.7
Iran,2007.0,13.2
Iran,2008.0,17.7
Iran,2009.0,12.2
Iran,2010.0,16.9
Iran,2011.0,11.4
Iran,2012.0,14.2
Iran,2013.0,6.7
Iran,2014.0,1.2
Iran,2015.0,4.5
Iran,2016.0,0.6
Iran,2017.0,0.8
Iran,2018.0,1.0
Iran,2019.0,2.6
Iraq,2000.0,0.6
Iraq,2002.0,0.2
Iraq,2003.0,14.1
Iraq,2004.0,14.5
Iraq,2005.0,42.3
Iraq,2006.0,63.9
Iraq,2007.0,80.2
Iraq,2008.0,125.0
Iraq,2009.0,76.0
Iraq,2010.0,98.2
Iraq,2011.0,46.2
Iraq,2012.0,41.4
Iraq,2013.0,65.1
Iraq,2014.0,26.6
Iraq,2015.0,45.5
Iraq,2016.0,22.0
Iraq,2017.0,11.7
Iraq,2018.0,4.3
Iraq,2019.0,10.1
Cote d'Ivoire,2000.0,74.1
Cote d'Ivoire,2001.0,13.4
Cote d'Ivoire,2002.0,119.9
Cote d'Ivoire,2003.0,29.8
Cote d'Ivoire,2004.0,7.9
Cote d'Ivoire,2005.0,4.4
Cote d'Ivoire,2006.0,14.8
Cote d'Ivoire,2007.0,6.6
Cote d'Ivoire,2008.0,91.9
Cote d'Ivoire,2009.0,57.6
Cote d'Ivoire,2010.0,57.0
Cote d'Ivoire,2011.0,45.7
Cote d'Ivoire,2012.0,12.9
Cote d'Ivoire,2013.0,40.7
Cote d'Ivoire,2014.0,70.6
Cote d'Ivoire,2015.0,137.9
Cote d'Ivoire,2016.0,53.2
Cote d'Ivoire,2017.0,41.3
Cote d'Ivoire,2018.0,82.2
Cote d'Ivoire,2019.0,188.1
Jamaica,2000.0,365.8
Jamaica,2001.0,41.1
Jamaica,2002.0,4.3
Jamaica,2003.0,2.6
Jamaica,2004.0,2.1
Jamaica,2005.0,7.9
Jamaica,2006.0,1.2
Jamaica,2007.0,9.5
Jamaica,2008.0,7.5
Jamaica,2009.0,14.7
Jamaica,2010.0,22.2
Jamaica,2011.0,20.3
Jamaica,2012.0,11.8
Jamaica,2013.0,30.3
Jamaica,2014.0,16.7
Jamaica,2015.0,5.9
Jamaica,2016.0,14.3
Jamaica,2017.0,3.9
Jamaica,2018.0,19.7
Jamaica,2019.0,4.8
Kazakhstan,2000.0,3.7
Kazakhstan,2001.0,67.9
Kazakhstan,2002.0,28.2
Kazakhstan,2003.0,17.8
Kazakhstan,2004.0,21.9
Kazakhstan,2005.0,13.4
Kazakhstan,2006.0,6.4
Kazakhstan,2007.0,7.1
Kazakhstan,2008.0,14.6
Kazakhstan,2009.0,29.7
Kazakhstan,2010.0,55.1
Kazakhstan,2011.0,14.4
Kazakhstan,2012.0,3.6
Kazakhstan,2013.0,33.5
Kazakhstan,2014.0,6.4
Kazakhstan,2015.0,67.5
Kazakhstan,2016.0,4.1
Kazakhstan,2017.0,44.8
Kazakhstan,2018.0,15.2
Kazakhstan,2019.0,15.6
Jordan,2000.0,42.2
Jordan,2001.0,21.0
Jordan,2002.0,8.4
Jordan,2003.0,2.4
Jordan,2004.0,3.3
Jordan,2005.0,3.2
Jordan,2006.0,1.9
Jordan,2007.0,1.7
Jordan,2008.0,14.5
Jordan,2009.0,9.9
Jordan,2010.0,10.1
Jordan,2011.0,5.8
Jordan,2012.0,6.7
Jordan,2013.0,4.4
Jordan,2014.0,14.7
Jordan,2015.0,24.4
Jordan,2016.0,36.6
Jordan,2017.0,22.1
Jordan,2018.0,14.6
Jordan,2019.0,11.2
Kenya,2000.0,94.7
Kenya,2001.0,67.5
Kenya,2002.0,39.9
Kenya,2003.0,68.4
Kenya,2004.0,46.0
Kenya,2005.0,42.6
Kenya,2006.0,94.2
Kenya,2007.0,104.3
Kenya,2008.0,117.8
Kenya,2009.0,105.2
Kenya,2010.0,134.2
Kenya,2011.0,137.9
Kenya,2012.0,146.0
Kenya,2013.0,188.5
Kenya,2014.0,184.2
Kenya,2015.0,196.4
Kenya,2016.0,193.2
Kenya,2017.0,201.9
Kenya,2018.0,209.4
Kenya,2019.0,606.8
North Korea,2000.0,1.8
North Korea,2001.0,4.6
North Korea,2002.0,0.9
North Korea,2003.0,4.8
North Korea,2004.0,4.1
North Korea,2005.0,4.0
North Korea,2006.0,2.7
North Korea,2007.0,2.2
North Korea,2008.0,1.9
North Korea,2009.0,3.4
North Korea,2010.0,4.2
North Korea,2011.0,1.3
North Korea,2012.0,2.7
North Korea,2013.0,2.3
North Korea,2014.0,2.1
North Korea,2015.0,1.8
North Korea,2016.0,1.6
North Korea,2017.0,1.1
North Korea,2018.0,1.6
North Korea,2019.0,1.4
Kyrgyzstan,2000.0,82.6
Kyrgyzstan,2001.0,4.8
Kyrgyzstan,2002.0,30.4
Kyrgyzstan,2003.0,23.7
Kyrgyzstan,2004.0,22.9
Kyrgyzstan,2005.0,33.9
Kyrgyzstan,2006.0,23.4
Kyrgyzstan,2007.0,29.7
Kyrgyzstan,2008.0,32.8
Kyrgyzstan,2009.0,24.9
Kyrgyzstan,2010.0,22.8
Kyrgyzstan,2011.0,30.0
Kyrgyzstan,2012.0,30.5
Kyrgyzstan,2013.0,29.1
Kyrgyzstan,2014.0,16.9
Kyrgyzstan,2015.0,25.5
Kyrgyzstan,2016.0,21.4
Kyrgyzstan,2017.0,22.2
Kyrgyzstan,2018.0,21.3
Kyrgyzstan,2019.0,13.4
Laos,2000.0,27.8
Laos,2001.0,64.5
Laos,2002.0,29.1
Laos,2003.0,27.6
Laos,2004.0,29.6
Laos,2005.0,42.2
Laos,2006.0,48.5
Laos,2007.0,68.3
Laos,2008.0,49.5
Laos,2009.0,48.5
Laos,2010.0,52.5
Laos,2011.0,58.0
Laos,2012.0,57.3
Laos,2013.0,58.0
Laos,2014.0,68.1
Laos,2015.0,68.9
Laos,2016.0,76.4
Laos,2017.0,87.7
Laos,2018.0,98.1
Laos,2019.0,89.0
Latin America and the Caribbean,2000.0,1748.81197
Latin America and the Caribbean,2001.0,1728.12508
Latin America and the Caribbean,2002.0,730.0585
Latin America and the Caribbean,2003.0,691.42663
Latin America and the Caribbean,2004.0,1215.50717
Latin America and the Caribbean,2005.0,815.64348
Latin America and the Caribbean,2006.0,907.18225
Latin America and the Caribbean,2007.0,1040.24022
Latin America and the Caribbean,2008.0,1051.25498
Latin America and the Caribbean,2009.0,1151.17773
Latin America and the Caribbean,2010.0,1676.07364
Latin America and the Caribbean,2011.0,1389.36144
Latin America and the Caribbean,2012.0,1556.10722
Latin America and the Caribbean,2013.0,1213.32176
Latin America and the Caribbean,2014.0,1209.20073
Latin America and the Caribbean,2015.0,1202.04563
Latin America and the Caribbean,2016.0,1288.92533
Latin America and the Caribbean,2017.0,1166.08179
Latin America and the Caribbean,2018.0,1174.12376
Latin America and the Caribbean,2019.0,942.37017
Lebanon,2000.0,10.2
Lebanon,2001.0,19.9
Lebanon,2002.0,14.1
Lebanon,2003.0,13.3
Lebanon,2004.0,10.1
Lebanon,2005.0,3.2
Lebanon,2006.0,5.0
Lebanon,2007.0,6.2
Lebanon,2008.0,13.3
Lebanon,2009.0,8.8
Lebanon,2010.0,7.4
Lebanon,2011.0,13.3
Lebanon,2012.0,26.1
Lebanon,2013.0,17.7
Lebanon,2014.0,43.7
Lebanon,2015.0,32.3
Lebanon,2016.0,58.7
Lebanon,2017.0,73.7
Lebanon,2018.0,49.1
Lebanon,2019.0,34.9
Lesotho,2000.0,17.0
Lesotho,2001.0,4.1
Lesotho,2002.0,4.9
Lesotho,2003.0,7.3
Lesotho,2004.0,4.7
Lesotho,2005.0,2.6
Lesotho,2006.0,5.4
Lesotho,2007.0,3.7
Lesotho,2008.0,4.7
Lesotho,2009.0,6.6
Lesotho,2010.0,3.0
Lesotho,2011.0,4.5
Lesotho,2012.0,7.5
Lesotho,2013.0,4.2
Lesotho,2014.0,5.4
Lesotho,2015.0,2.4
Lesotho,2016.0,4.6
Lesotho,2017.0,1.6
Lesotho,2018.0,4.0
Lesotho,2019.0,11.4
Liberia,2000.0,4.6
Liberia,2001.0,4.6
Liberia,2002.0,0.1
Liberia,2003.0,0.1
Liberia,2004.0,0.8
Liberia,2005.0,2.4
Liberia,2006.0,1.1
Liberia,2007.0,2.3
Liberia,2008.0,15.5
Liberia,2009.0,38.0
Liberia,2010.0,14.2
Liberia,2011.0,21.7
Liberia,2012.0,29.2
Liberia,2013.0,45.2
Liberia,2014.0,36.8
Liberia,2015.0,40.6
Liberia,2016.0,30.9
Liberia,2017.0,31.1
Liberia,2018.0,23.1
Liberia,2019.0,29.3
Landlocked developing countries (LLDCs),2000.0,1791.53233
Landlocked developing countries (LLDCs),2001.0,1101.5809
Landlocked developing countries (LLDCs),2002.0,817.09909
Landlocked developing countries (LLDCs),2003.0,890.15924
Landlocked developing countries (LLDCs),2004.0,1067.36873
Landlocked developing countries (LLDCs),2005.0,1265.761
Landlocked developing countries (LLDCs),2006.0,1259.05214
Landlocked developing countries (LLDCs),2007.0,1415.85416
Landlocked developing countries (LLDCs),2008.0,1612.91408
Landlocked developing countries (LLDCs),2009.0,2365.80571
Landlocked developing countries (LLDCs),2010.0,2577.05762
Landlocked developing countries (LLDCs),2011.0,2568.07787
Landlocked developing countries (LLDCs),2012.0,2443.15376
Landlocked developing countries (LLDCs),2013.0,2334.06555
Landlocked developing countries (LLDCs),2014.0,2495.23467
Landlocked developing countries (LLDCs),2015.0,2594.30533
Landlocked developing countries (LLDCs),2016.0,2970.60204
Landlocked developing countries (LLDCs),2017.0,3016.7861
Landlocked developing countries (LLDCs),2018.0,3068.82079
Landlocked developing countries (LLDCs),2019.0,2959.2237
Libya,2005.0,7.9
Libya,2006.0,0.4
Libya,2007.0,2.8
Libya,2008.0,0.9
Libya,2009.0,0.8
Libya,2010.0,0.4
Libya,2012.0,1.4
Libya,2013.0,0.3
Libya,2014.0,0.0
Libya,2015.0,0.6
Libya,2016.0,2.1
Libya,2019.0,0.0
Madagascar,2000.0,86.2
Madagascar,2001.0,187.5
Madagascar,2002.0,46.5
Madagascar,2003.0,75.4
Madagascar,2004.0,91.2
Madagascar,2005.0,70.9
Madagascar,2006.0,73.3
Madagascar,2007.0,116.4
Madagascar,2008.0,67.8
Madagascar,2009.0,57.9
Madagascar,2010.0,54.7
Madagascar,2011.0,57.0
Madagascar,2012.0,45.3
Madagascar,2013.0,46.6
Madagascar,2014.0,68.9
Madagascar,2015.0,58.7
Madagascar,2016.0,131.2
Madagascar,2017.0,96.8
Madagascar,2018.0,88.7
Madagascar,2019.0,88.7
Malawi,2000.0,58.4
Malawi,2001.0,20.1
Malawi,2002.0,32.7
Malawi,2003.0,74.5
Malawi,2004.0,58.0
Malawi,2005.0,86.0
Malawi,2006.0,73.9
Malawi,2007.0,96.2
Malawi,2008.0,81.6
Malawi,2009.0,76.9
Malawi,2010.0,108.3
Malawi,2011.0,108.5
Malawi,2012.0,102.4
Malawi,2013.0,121.8
Malawi,2014.0,116.4
Malawi,2015.0,136.1
Malawi,2016.0,166.1
Malawi,2017.0,195.9
Malawi,2018.0,126.8
Malawi,2019.0,118.8
Malaysia,2000.0,8.5
Malaysia,2001.0,0.9
Malaysia,2002.0,3.1
Malaysia,2003.0,6.6
Malaysia,2004.0,5.1
Malaysia,2005.0,3.1
Malaysia,2006.0,2.8
Malaysia,2007.0,3.9
Malaysia,2008.0,13.7
Malaysia,2009.0,2.2
Malaysia,2010.0,2.3
Malaysia,2011.0,2.8
Malaysia,2012.0,2.4
Malaysia,2013.0,4.8
Malaysia,2014.0,5.9
Malaysia,2015.0,4.8
Malaysia,2016.0,3.5
Malaysia,2017.0,3.8
Malaysia,2018.0,2.6
Malaysia,2019.0,2.4
Maldives,2000.0,0.0
Maldives,2002.0,0.1
Maldives,2003.0,0.1
Maldives,2004.0,0.1
Maldives,2005.0,1.1
Maldives,2006.0,1.3
Maldives,2007.0,0.0
Maldives,2008.0,0.0
Maldives,2009.0,0.0
Maldives,2010.0,0.0
Maldives,2011.0,0.1
Maldives,2012.0,0.2
Maldives,2013.0,0.2
Maldives,2014.0,1.6
Maldives,2015.0,0.7
Maldives,2016.0,1.5
Maldives,2017.0,6.1
Maldives,2018.0,4.8
Maldives,2019.0,14.6
Mali,2000.0,168.3
Mali,2001.0,120.6
Mali,2002.0,83.6
Mali,2003.0,74.6
Mali,2004.0,92.9
Mali,2005.0,103.6
Mali,2006.0,101.8
Mali,2007.0,131.6
Mali,2008.0,127.3
Mali,2009.0,176.4
Mali,2010.0,222.1
Mali,2011.0,254.0
Mali,2012.0,160.0
Mali,2013.0,147.8
Mali,2014.0,173.9
Mali,2015.0,133.4
Mali,2016.0,188.3
Mali,2017.0,176.7
Mali,2018.0,205.6
Mali,2019.0,251.5
Mauritania,2000.0,29.9
Mauritania,2001.0,38.5
Mauritania,2002.0,37.9
Mauritania,2003.0,33.4
Mauritania,2004.0,31.5
Mauritania,2005.0,39.1
Mauritania,2006.0,27.0
Mauritania,2007.0,36.8
Mauritania,2008.0,30.6
Mauritania,2009.0,36.1
Mauritania,2010.0,31.4
Mauritania,2011.0,22.6
Mauritania,2012.0,12.7
Mauritania,2013.0,15.4
Mauritania,2014.0,18.2
Mauritania,2015.0,15.3
Mauritania,2016.0,43.8
Mauritania,2017.0,26.8
Mauritania,2018.0,33.7
Mauritania,2019.0,56.1
Mauritius,2000.0,2.1
Mauritius,2001.0,1.1
Mauritius,2002.0,1.6
Mauritius,2003.0,5.6
Mauritius,2004.0,8.0
Mauritius,2005.0,2.2
Mauritius,2006.0,1.4
Mauritius,2007.0,12.2
Mauritius,2008.0,6.1
Mauritius,2009.0,0.7
Mauritius,2010.0,2.6
Mauritius,2011.0,0.8
Mauritius,2012.0,1.0
Mauritius,2013.0,0.3
Mauritius,2014.0,1.2
Mauritius,2015.0,0.0
Mauritius,2016.0,2.1
Mauritius,2017.0,2.3
Mauritius,2018.0,4.7
Mauritius,2019.0,6.2
Mexico,2000.0,39.5
Mexico,2001.0,732.3
Mexico,2002.0,166.7
Mexico,2003.0,107.0
Mexico,2004.0,53.3
Mexico,2005.0,130.4
Mexico,2006.0,154.5
Mexico,2007.0,131.9
Mexico,2008.0,178.7
Mexico,2009.0,29.3
Mexico,2010.0,453.7
Mexico,2011.0,165.4
Mexico,2012.0,308.7
Mexico,2013.0,89.2
Mexico,2014.0,99.2
Mexico,2015.0,91.8
Mexico,2016.0,108.6
Mexico,2017.0,70.8
Mexico,2018.0,39.0
Mexico,2019.0,17.0
Mongolia,2000.0,4.5
Mongolia,2001.0,25.4
Mongolia,2002.0,1.1
Mongolia,2003.0,6.0
Mongolia,2004.0,6.4
Mongolia,2005.0,9.1
Mongolia,2006.0,16.3
Mongolia,2007.0,13.7
Mongolia,2008.0,22.4
Mongolia,2009.0,19.7
Mongolia,2010.0,41.0
Mongolia,2011.0,20.5
Mongolia,2012.0,23.9
Mongolia,2013.0,17.9
Mongolia,2014.0,21.5
Mongolia,2015.0,18.1
Mongolia,2016.0,20.1
Mongolia,2017.0,33.4
Mongolia,2018.0,17.8
Mongolia,2019.0,17.7
Moldova,2000.0,11.0
Moldova,2001.0,15.5
Moldova,2002.0,18.0
Moldova,2003.0,5.8
Moldova,2004.0,6.5
Moldova,2005.0,5.3
Moldova,2006.0,15.3
Moldova,2007.0,18.0
Moldova,2008.0,21.6
Moldova,2009.0,19.3
Moldova,2010.0,22.9
Moldova,2011.0,20.6
Moldova,2012.0,45.9
Moldova,2013.0,40.0
Moldova,2014.0,66.2
Moldova,2015.0,83.8
Moldova,2016.0,79.8
Moldova,2017.0,44.3
Moldova,2018.0,13.2
Moldova,2019.0,30.4
Montenegro,2006.0,1.4
Montenegro,2007.0,2.4
Montenegro,2008.0,2.0
Montenegro,2009.0,5.7
Montenegro,2010.0,7.0
Montenegro,2011.0,7.4
Montenegro,2012.0,10.0
Montenegro,2013.0,9.7
Montenegro,2014.0,7.6
Montenegro,2015.0,23.7
Montenegro,2016.0,4.1
Montenegro,2017.0,22.4
Montenegro,2018.0,10.7
Montenegro,2019.0,7.3
Montserrat,2000.0,0.6
Montserrat,2001.0,0.5
Montserrat,2002.0,0.4
Montserrat,2003.0,0.1
Montserrat,2004.0,0.0
Montserrat,2005.0,0.1
Montserrat,2006.0,2.6
Montserrat,2007.0,2.9
Montserrat,2008.0,1.0
Montserrat,2010.0,0.0
Montserrat,2017.0,1.1
Montserrat,2018.0,1.2
Montserrat,2019.0,1.2
Morocco,2000.0,51.2
Morocco,2001.0,70.7
Morocco,2002.0,18.5
Morocco,2003.0,27.3
Morocco,2004.0,27.1
Morocco,2005.0,37.2
Morocco,2006.0,48.2
Morocco,2007.0,103.1
Morocco,2008.0,44.5
Morocco,2009.0,54.1
Morocco,2010.0,105.1
Morocco,2011.0,333.4
Morocco,2012.0,242.9
Morocco,2013.0,535.6
Morocco,2014.0,173.3
Morocco,2015.0,171.0
Morocco,2016.0,304.7
Morocco,2017.0,564.3
Morocco,2018.0,326.1
Morocco,2019.0,269.1
Mozambique,2000.0,56.0
Mozambique,2001.0,123.1
Mozambique,2002.0,98.9
Mozambique,2003.0,108.7
Mozambique,2004.0,72.7
Mozambique,2005.0,120.5
Mozambique,2006.0,102.8
Mozambique,2007.0,98.1
Mozambique,2008.0,146.0
Mozambique,2009.0,110.1
Mozambique,2010.0,135.6
Mozambique,2011.0,110.7
Mozambique,2012.0,135.3
Mozambique,2013.0,179.2
Mozambique,2014.0,137.8
Mozambique,2015.0,217.2
Mozambique,2016.0,178.6
Mozambique,2017.0,161.4
Mozambique,2018.0,137.9
Mozambique,2019.0,129.0
Oman,2000.0,5.7
Oman,2001.0,0.0
Oman,2002.0,1.5
Oman,2003.0,1.4
Oman,2004.0,0.7
Oman,2005.0,0.3
Oman,2006.0,0.2
Oman,2007.0,0.2
Oman,2008.0,0.2
Oman,2009.0,0.2
Oman,2010.0,0.1
"Developed regions (Europe, Cyprus, Israel, Northern America, Japan, Australia & New Zealand)",2000.0,192.76684
"Developed regions (Europe, Cyprus, Israel, Northern America, Japan, Australia & New Zealand)",2001.0,213.86816
"Developed regions (Europe, Cyprus, Israel, Northern America, Japan, Australia & New Zealand)",2002.0,83.32248
"Developed regions (Europe, Cyprus, Israel, Northern America, Japan, Australia & New Zealand)",2003.0,79.53481
"Developed regions (Europe, Cyprus, Israel, Northern America, Japan, Australia & New Zealand)",2004.0,93.29598
"Developed regions (Europe, Cyprus, Israel, Northern America, Japan, Australia & New Zealand)",2005.0,110.79826
"Developed regions (Europe, Cyprus, Israel, Northern America, Japan, Australia & New Zealand)",2006.0,86.1703
"Developed regions (Europe, Cyprus, Israel, Northern America, Japan, Australia & New Zealand)",2007.0,97.64245
"Developed regions (Europe, Cyprus, Israel, Northern America, Japan, Australia & New Zealand)",2008.0,114.20079
"Developed regions (Europe, Cyprus, Israel, Northern America, Japan, Australia & New Zealand)",2009.0,230.59876
"Developed regions (Europe, Cyprus, Israel, Northern America, Japan, Australia & New Zealand)",2010.0,292.86286
"Developed regions (Europe, Cyprus, Israel, Northern America, Japan, Australia & New Zealand)",2011.0,262.72202
"Developed regions (Europe, Cyprus, Israel, Northern America, Japan, Australia & New Zealand)",2012.0,248.85031
"Developed regions (Europe, Cyprus, Israel, Northern America, Japan, Australia & New Zealand)",2013.0,326.15734
"Developed regions (Europe, Cyprus, Israel, Northern America, Japan, Australia & New Zealand)",2014.0,330.9213
"Developed regions (Europe, Cyprus, Israel, Northern America, Japan, Australia & New Zealand)",2015.0,281.30011
"Developed regions (Europe, Cyprus, Israel, Northern America, Japan, Australia & New Zealand)",2016.0,313.47787
"Developed regions (Europe, Cyprus, Israel, Northern America, Japan, Australia & New Zealand)",2017.0,292.75409
"Developed regions (Europe, Cyprus, Israel, Northern America, Japan, Australia & New Zealand)",2018.0,324.56951
"Developed regions (Europe, Cyprus, Israel, Northern America, Japan, Australia & New Zealand)",2019.0,365.93808
Developing regions,2000.0,7718.36218
Developing regions,2001.0,8651.12325
Developing regions,2002.0,5190.3442
Developing regions,2003.0,4807.08182
Developing regions,2004.0,5661.15314
Developing regions,2005.0,5390.06417
Developing regions,2006.0,5985.63332
Developing regions,2007.0,6502.64003
Developing regions,2008.0,7371.93049
Developing regions,2009.0,8691.06771
Developing regions,2010.0,11184.94266
Developing regions,2011.0,10540.50809
Developing regions,2012.0,9746.59253
Developing regions,2013.0,10788.21524
Developing regions,2014.0,11280.985
Developing regions,2015.0,11628.06385
Developing regions,2016.0,12672.33092
Developing regions,2017.0,13323.02076
Developing regions,2018.0,12562.21282
Developing regions,2019.0,12957.14685
Namibia,2000.0,17.7
Namibia,2001.0,27.4
Namibia,2002.0,13.3
Namibia,2003.0,17.2
Namibia,2004.0,14.3
Namibia,2005.0,18.8
Namibia,2006.0,23.2
Namibia,2007.0,33.4
Namibia,2008.0,19.7
Namibia,2009.0,12.4
Namibia,2010.0,16.9
Namibia,2011.0,18.3
Namibia,2012.0,19.4
Namibia,2013.0,26.7
Namibia,2014.0,32.0
Namibia,2015.0,17.2
Namibia,2016.0,17.6
Namibia,2017.0,14.2
Namibia,2018.0,21.7
Namibia,2019.0,25.5
Nauru,2003.0,0.2
Nauru,2004.0,0.2
Nauru,2005.0,0.3
Nauru,2006.0,0.4
Nauru,2007.0,0.4
Nauru,2008.0,0.3
Nauru,2009.0,0.9
Nauru,2010.0,0.5
Nauru,2011.0,1.0
Nauru,2012.0,0.4
Nauru,2013.0,1.5
Nauru,2014.0,0.8
Nauru,2015.0,0.4
Nauru,2016.0,0.3
Nauru,2017.0,0.4
Nauru,2018.0,0.3
Nauru,2019.0,1.0
Nepal,2000.0,71.7
Nepal,2001.0,99.2
Nepal,2002.0,57.4
Nepal,2003.0,40.5
Nepal,2004.0,43.9
Nepal,2005.0,31.5
Nepal,2006.0,28.7
Nepal,2007.0,33.9
Nepal,2008.0,34.1
Nepal,2009.0,52.5
Nepal,2010.0,100.4
Nepal,2011.0,114.5
Nepal,2012.0,106.7
Nepal,2013.0,74.8
Nepal,2014.0,83.1
Nepal,2015.0,105.3
Nepal,2016.0,114.7
Nepal,2017.0,140.1
Nepal,2018.0,89.4
Nepal,2019.0,110.5
Vanuatu,2000.0,3.8
Vanuatu,2001.0,2.8
Vanuatu,2002.0,1.0
Vanuatu,2003.0,1.8
Vanuatu,2004.0,1.2
Vanuatu,2005.0,2.0
Vanuatu,2006.0,3.9
Vanuatu,2007.0,6.8
Vanuatu,2008.0,6.9
Vanuatu,2009.0,3.3
Vanuatu,2010.0,5.6
Vanuatu,2011.0,11.8
Vanuatu,2012.0,6.0
Vanuatu,2013.0,5.8
Vanuatu,2014.0,4.0
Vanuatu,2015.0,3.8
Vanuatu,2016.0,2.6
Vanuatu,2017.0,8.1
Vanuatu,2018.0,8.6
Vanuatu,2019.0,7.2
Nicaragua,2000.0,70.1
Nicaragua,2001.0,50.6
Nicaragua,2002.0,52.5
Nicaragua,2003.0,48.9
Nicaragua,2004.0,57.9
Nicaragua,2005.0,46.2
Nicaragua,2006.0,90.5
Nicaragua,2007.0,109.4
Nicaragua,2008.0,94.7
Nicaragua,2009.0,73.1
Nicaragua,2010.0,65.3
Nicaragua,2011.0,59.7
Nicaragua,2012.0,39.0
Nicaragua,2013.0,40.3
Nicaragua,2014.0,33.0
Nicaragua,2015.0,40.0
Nicaragua,2016.0,36.4
Nicaragua,2017.0,25.8
Nicaragua,2018.0,15.6
Nicaragua,2019.0,26.2
Niger,2000.0,116.2
Niger,2001.0,43.3
Niger,2002.0,32.8
Niger,2003.0,42.7
Niger,2004.0,59.7
Niger,2005.0,70.6
Niger,2006.0,69.1
Niger,2007.0,64.8
Niger,2008.0,59.9
Niger,2009.0,45.7
Niger,2010.0,67.9
Niger,2011.0,54.0
Niger,2012.0,66.1
Niger,2013.0,63.2
Niger,2014.0,81.3
Niger,2015.0,63.4
Niger,2016.0,132.8
Niger,2017.0,178.9
Niger,2018.0,165.9
Niger,2019.0,172.8
Nigeria,2000.0,27.8
Nigeria,2001.0,61.5
Nigeria,2002.0,15.5
Nigeria,2003.0,10.5
Nigeria,2004.0,15.6
Nigeria,2005.0,28.9
Nigeria,2006.0,57.6
Nigeria,2007.0,30.4
Nigeria,2008.0,31.4
Nigeria,2009.0,51.6
Nigeria,2010.0,111.4
Nigeria,2011.0,109.2
Nigeria,2012.0,122.2
Nigeria,2013.0,135.3
Nigeria,2014.0,209.6
Nigeria,2015.0,158.5
Nigeria,2016.0,154.2
Nigeria,2017.0,317.5
Nigeria,2018.0,235.9
Nigeria,2019.0,404.9
Niue,2002.0,0.0
Niue,2003.0,0.4
Niue,2004.0,0.3
Niue,2005.0,0.5
Niue,2006.0,0.3
Niue,2007.0,0.2
Niue,2008.0,0.0
Niue,2009.0,0.0
Niue,2010.0,0.2
Niue,2011.0,0.0
Niue,2012.0,0.2
Niue,2013.0,0.6
Niue,2014.0,0.2
Niue,2015.0,0.1
Niue,2017.0,0.1
Niue,2018.0,0.0
Niue,2019.0,0.7
Micronesia (country),2000.0,10.0
Micronesia (country),2002.0,1.2
Micronesia (country),2003.0,1.6
Micronesia (country),2004.0,1.2
Micronesia (country),2005.0,0.9
Micronesia (country),2006.0,0.7
Micronesia (country),2007.0,2.0
Micronesia (country),2008.0,1.3
Micronesia (country),2009.0,1.3
Micronesia (country),2010.0,1.1
Micronesia (country),2011.0,0.9
Micronesia (country),2012.0,1.5
Micronesia (country),2013.0,18.5
Micronesia (country),2014.0,0.8
Micronesia (country),2015.0,1.9
Micronesia (country),2016.0,0.7
Micronesia (country),2017.0,2.1
Micronesia (country),2018.0,1.8
Micronesia (country),2019.0,4.3
Marshall Islands,2000.0,3.4
Marshall Islands,2002.0,1.3
Marshall Islands,2003.0,0.9
Marshall Islands,2004.0,1.0
Marshall Islands,2005.0,1.1
Marshall Islands,2006.0,0.7
Marshall Islands,2007.0,0.4
Marshall Islands,2008.0,0.8
Marshall Islands,2009.0,3.1
Marshall Islands,2010.0,3.8
Marshall Islands,2011.0,2.0
Marshall Islands,2012.0,0.5
Marshall Islands,2013.0,1.0
Marshall Islands,2014.0,0.7
Marshall Islands,2015.0,1.5
Marshall Islands,2016.0,0.3
Marshall Islands,2017.0,1.2
Marshall Islands,2018.0,1.4
Marshall Islands,2019.0,4.3
Palau,2000.0,0.2
Palau,2002.0,1.8
Palau,2003.0,3.2
Palau,2004.0,0.8
Palau,2005.0,1.3
Palau,2006.0,4.6
Palau,2007.0,1.9
Palau,2008.0,0.5
Palau,2009.0,0.4
Palau,2010.0,0.6
Palau,2011.0,0.3
Palau,2012.0,0.5
Palau,2013.0,0.8
Palau,2014.0,0.5
Palau,2015.0,0.8
Palau,2016.0,0.8
Palau,2017.0,3.1
Palau,2018.0,5.9
Palau,2019.0,3.1
Pakistan,2000.0,59.8
Pakistan,2001.0,172.7
Pakistan,2002.0,125.9
Pakistan,2003.0,45.4
Pakistan,2004.0,96.4
Pakistan,2005.0,69.6
Pakistan,2006.0,245.8
Pakistan,2007.0,205.4
Pakistan,2008.0,83.3
Pakistan,2009.0,106.9
Pakistan,2010.0,163.8
Pakistan,2011.0,178.3
Pakistan,2012.0,252.5
Pakistan,2013.0,338.7
Pakistan,2014.0,335.9
Pakistan,2015.0,305.8
Pakistan,2016.0,247.1
Pakistan,2017.0,282.0
Pakistan,2018.0,266.1
Pakistan,2019.0,297.4
Panama,2000.0,5.5
Panama,2001.0,50.8
Panama,2002.0,2.7
Panama,2003.0,8.1
Panama,2004.0,6.6
Panama,2005.0,4.2
Panama,2006.0,5.1
Panama,2007.0,6.4
Panama,2008.0,4.9
Panama,2009.0,11.4
Panama,2010.0,11.3
Panama,2011.0,8.6
Panama,2012.0,9.3
Panama,2013.0,10.4
Panama,2014.0,15.5
Panama,2015.0,15.2
Panama,2016.0,12.5
Panama,2017.0,5.7
Panama,2018.0,3.2
Panama,2019.0,0.6
Papua New Guinea,2000.0,58.3
Papua New Guinea,2001.0,20.1
Papua New Guinea,2002.0,18.2
Papua New Guinea,2003.0,23.4
Papua New Guinea,2004.0,15.7
Papua New Guinea,2005.0,16.1
Papua New Guinea,2006.0,12.6
Papua New Guinea,2007.0,16.3
Papua New Guinea,2008.0,12.4
Papua New Guinea,2009.0,21.8
Papua New Guinea,2010.0,20.7
Papua New Guinea,2011.0,20.1
Papua New Guinea,2012.0,17.6
Papua New Guinea,2013.0,18.3
Papua New Guinea,2014.0,31.6
Papua New Guinea,2015.0,30.6
Papua New Guinea,2016.0,18.8
Papua New Guinea,2017.0,22.2
Papua New Guinea,2018.0,43.5
Papua New Guinea,2019.0,61.2
Paraguay,2000.0,377.1
Paraguay,2001.0,3.8
Paraguay,2002.0,2.9
Paraguay,2003.0,27.9
Paraguay,2004.0,27.2
Paraguay,2005.0,12.1
Paraguay,2006.0,13.8
Paraguay,2007.0,17.0
Paraguay,2008.0,46.6
Paraguay,2009.0,49.8
Paraguay,2010.0,30.4
Paraguay,2011.0,19.3
Paraguay,2012.0,28.0
Paraguay,2013.0,26.3
Paraguay,2014.0,107.7
Paraguay,2015.0,31.6
Paraguay,2016.0,30.8
Paraguay,2017.0,37.6
Paraguay,2018.0,27.8
Paraguay,2019.0,25.7
Peru,2000.0,141.2
Peru,2001.0,143.9
Peru,2002.0,68.3
Peru,2003.0,74.7
Peru,2004.0,173.6
Peru,2005.0,112.8
Peru,2006.0,121.6
Peru,2007.0,135.9
Peru,2008.0,107.4
Peru,2009.0,129.0
Peru,2010.0,135.4
Peru,2011.0,118.2
Peru,2012.0,86.0
Peru,2013.0,102.6
Peru,2014.0,108.6
Peru,2015.0,106.8
Peru,2016.0,92.5
Peru,2017.0,84.0
Peru,2018.0,92.4
Peru,2019.0,88.6
Philippines,2000.0,364.5
Philippines,2001.0,317.8
Philippines,2002.0,87.5
Philippines,2003.0,94.0
Philippines,2004.0,74.6
Philippines,2005.0,94.0
Philippines,2006.0,90.8
Philippines,2007.0,101.3
Philippines,2008.0,140.3
Philippines,2009.0,97.8
Philippines,2010.0,131.6
Philippines,2011.0,104.3
Philippines,2012.0,126.5
Philippines,2013.0,139.0
Philippines,2014.0,94.9
Philippines,2015.0,115.5
Philippines,2016.0,96.9
Philippines,2017.0,153.5
Philippines,2018.0,218.3
Philippines,2019.0,195.8
Guinea-Bissau,2000.0,1.0
Guinea-Bissau,2001.0,10.3
Guinea-Bissau,2002.0,2.7
Guinea-Bissau,2003.0,1.5
Guinea-Bissau,2004.0,2.8
Guinea-Bissau,2005.0,3.4
Guinea-Bissau,2006.0,6.9
Guinea-Bissau,2007.0,3.8
Guinea-Bissau,2008.0,7.9
Guinea-Bissau,2009.0,13.4
Guinea-Bissau,2010.0,8.2
Guinea-Bissau,2011.0,14.2
Guinea-Bissau,2012.0,6.6
Guinea-Bissau,2013.0,4.6
Guinea-Bissau,2014.0,5.4
Guinea-Bissau,2015.0,8.4
Guinea-Bissau,2016.0,10.8
Guinea-Bissau,2017.0,13.8
Guinea-Bissau,2018.0,15.6
Guinea-Bissau,2019.0,9.7
Timor,2000.0,8.4
Timor,2001.0,35.4
Timor,2002.0,7.3
Timor,2003.0,8.3
Timor,2004.0,4.7
Timor,2005.0,7.7
Timor,2006.0,18.8
Timor,2007.0,10.7
Timor,2008.0,22.4
Timor,2009.0,19.4
Timor,2010.0,25.8
Timor,2011.0,27.9
Timor,2012.0,27.7
Timor,2013.0,37.2
Timor,2014.0,29.0
Timor,2015.0,25.2
Timor,2016.0,23.9
Timor,2017.0,32.2
Timor,2018.0,27.4
Timor,2019.0,25.0
Rwanda,2000.0,76.4
Rwanda,2001.0,80.1
Rwanda,2002.0,25.1
Rwanda,2003.0,18.6
Rwanda,2004.0,31.8
Rwanda,2005.0,38.1
Rwanda,2006.0,49.1
Rwanda,2007.0,65.6
Rwanda,2008.0,77.5
Rwanda,2009.0,47.8
Rwanda,2010.0,142.3
Rwanda,2011.0,133.5
Rwanda,2012.0,84.9
Rwanda,2013.0,93.9
Rwanda,2014.0,97.5
Rwanda,2015.0,216.8
Rwanda,2016.0,150.9
Rwanda,2017.0,183.8
Rwanda,2018.0,129.3
Rwanda,2019.0,161.9
Saint Helena,2000.0,0.3
Saint Helena,2001.0,0.1
Saint Helena,2002.0,0.1
Saint Helena,2003.0,0.0
Saint Helena,2004.0,0.2
Saint Helena,2005.0,1.2
Saint Helena,2006.0,0.0
Saint Helena,2009.0,0.1
Saint Helena,2010.0,0.7
Saint Helena,2015.0,0.7
Saint Helena,2016.0,0.4
Saint Helena,2017.0,3.5
Saint Helena,2018.0,3.8
Saint Helena,2019.0,3.5
Saint Kitts and Nevis,2000.0,3.2
Saint Kitts and Nevis,2001.0,4.8
Saint Kitts and Nevis,2002.0,6.6
Saint Kitts and Nevis,2004.0,0.3
Saint Kitts and Nevis,2005.0,0.7
Saint Kitts and Nevis,2006.0,4.4
Saint Kitts and Nevis,2007.0,0.7
Saint Kitts and Nevis,2008.0,0.4
Saint Kitts and Nevis,2009.0,1.3
Saint Kitts and Nevis,2010.0,1.1
Saint Kitts and Nevis,2011.0,0.5
Saint Kitts and Nevis,2012.0,0.1
Saint Kitts and Nevis,2013.0,0.1
Anguilla,2000.0,0.0
Anguilla,2001.0,0.0
Anguilla,2013.0,0.0
Saint Lucia,2000.0,13.4
Saint Lucia,2001.0,24.6
Saint Lucia,2002.0,8.0
Saint Lucia,2003.0,3.0
Saint Lucia,2004.0,0.2
Saint Lucia,2005.0,1.5
Saint Lucia,2006.0,1.3
Saint Lucia,2007.0,2.2
Saint Lucia,2008.0,8.4
Saint Lucia,2009.0,11.5
Saint Lucia,2010.0,4.7
Saint Lucia,2011.0,1.2
Saint Lucia,2012.0,0.4
Saint Lucia,2013.0,1.0
Saint Lucia,2014.0,0.3
Saint Lucia,2015.0,1.8
Saint Lucia,2016.0,7.4
Saint Lucia,2017.0,5.0
Saint Lucia,2018.0,3.2
Saint Lucia,2019.0,3.1
Saint Vincent and the Grenadines,2000.0,9.7
Saint Vincent and the Grenadines,2001.0,9.4
Saint Vincent and the Grenadines,2002.0,-0.1
Saint Vincent and the Grenadines,2003.0,1.0
Saint Vincent and the Grenadines,2004.0,5.2
Saint Vincent and the Grenadines,2005.0,3.5
Saint Vincent and the Grenadines,2006.0,3.0
Saint Vincent and the Grenadines,2007.0,9.2
Saint Vincent and the Grenadines,2008.0,14.7
Saint Vincent and the Grenadines,2009.0,9.5
Saint Vincent and the Grenadines,2010.0,2.9
Saint Vincent and the Grenadines,2011.0,1.0
Saint Vincent and the Grenadines,2012.0,0.2
Saint Vincent and the Grenadines,2013.0,1.4
Saint Vincent and the Grenadines,2014.0,0.1
Saint Vincent and the Grenadines,2015.0,0.8
Saint Vincent and the Grenadines,2016.0,6.7
Saint Vincent and the Grenadines,2017.0,2.4
Saint Vincent and the Grenadines,2018.0,1.7
Saint Vincent and the Grenadines,2019.0,11.1
Sao Tome and Principe,2000.0,7.5
Sao Tome and Principe,2001.0,2.9
Sao Tome and Principe,2002.0,4.3
Sao Tome and Principe,2003.0,2.8
Sao Tome and Principe,2004.0,1.5
Sao Tome and Principe,2005.0,0.9
Sao Tome and Principe,2006.0,0.1
Sao Tome and Principe,2007.0,0.4
Sao Tome and Principe,2008.0,0.6
Sao Tome and Principe,2009.0,0.8
Sao Tome and Principe,2010.0,2.0
Sao Tome and Principe,2011.0,2.2
Sao Tome and Principe,2012.0,2.5
Sao Tome and Principe,2013.0,6.3
Sao Tome and Principe,2014.0,2.7
Sao Tome and Principe,2015.0,2.4
Sao Tome and Principe,2016.0,6.2
Sao Tome and Principe,2017.0,4.7
Sao Tome and Principe,2018.0,5.1
Sao Tome and Principe,2019.0,6.4
Saudi Arabia,2000.0,0.4
Saudi Arabia,2001.0,0.0
Saudi Arabia,2002.0,0.0
Saudi Arabia,2003.0,0.0
Saudi Arabia,2004.0,0.4
Saudi Arabia,2005.0,0.4
Saudi Arabia,2006.0,0.2
Senegal,2000.0,100.5
Senegal,2001.0,74.8
Senegal,2002.0,72.1
Senegal,2003.0,80.1
Senegal,2004.0,70.0
Senegal,2005.0,60.6
Senegal,2006.0,86.7
Senegal,2007.0,68.5
Senegal,2008.0,68.6
Senegal,2009.0,74.7
Senegal,2010.0,99.2
Senegal,2011.0,116.9
Senegal,2012.0,91.8
Senegal,2013.0,135.6
Senegal,2014.0,166.8
Senegal,2015.0,202.9
Senegal,2016.0,155.9
Senegal,2017.0,178.4
Senegal,2018.0,129.7
Senegal,2019.0,129.9
Serbia,2000.0,23.4
Serbia,2001.0,20.2
Serbia,2002.0,5.7
Serbia,2003.0,6.7
Serbia,2004.0,16.7
Serbia,2005.0,10.5
Serbia,2006.0,13.0
Serbia,2007.0,14.2
Serbia,2008.0,21.0
Serbia,2009.0,72.7
Serbia,2010.0,27.7
Serbia,2011.0,82.7
Serbia,2012.0,28.7
Serbia,2013.0,88.4
Serbia,2014.0,25.8
Serbia,2015.0,20.1
Serbia,2016.0,6.8
Serbia,2017.0,3.5
Serbia,2018.0,38.0
Serbia,2019.0,52.3
Seychelles,2000.0,0.3
Seychelles,2001.0,5.2
Seychelles,2002.0,0.6
Seychelles,2003.0,2.0
Seychelles,2004.0,1.0
Seychelles,2005.0,2.3
Seychelles,2006.0,5.9
Seychelles,2007.0,1.2
Seychelles,2008.0,1.9
Seychelles,2009.0,8.5
Seychelles,2010.0,4.2
Seychelles,2011.0,0.9
Seychelles,2012.0,0.8
Seychelles,2013.0,0.1
Seychelles,2014.0,0.4
Seychelles,2015.0,2.4
Seychelles,2016.0,0.7
Seychelles,2017.0,5.4
Sierra Leone,2000.0,15.1
Sierra Leone,2001.0,3.0
Sierra Leone,2002.0,9.6
Sierra Leone,2003.0,11.6
Sierra Leone,2004.0,7.2
Sierra Leone,2005.0,3.8
Sierra Leone,2006.0,4.6
Sierra Leone,2007.0,4.6
Sierra Leone,2008.0,12.0
Sierra Leone,2009.0,21.5
Sierra Leone,2010.0,44.6
Sierra Leone,2011.0,18.3
Sierra Leone,2012.0,22.5
Sierra Leone,2013.0,30.1
Sierra Leone,2014.0,29.3
Sierra Leone,2015.0,7.2
Sierra Leone,2016.0,9.0
Sierra Leone,2017.0,35.8
Sierra Leone,2018.0,12.4
Sierra Leone,2019.0,29.2
Vietnam,2000.0,104.4
Vietnam,2001.0,361.2
Vietnam,2002.0,152.8
Vietnam,2003.0,133.5
Vietnam,2004.0,212.3
Vietnam,2005.0,197.5
Vietnam,2006.0,174.4
Vietnam,2007.0,236.8
Vietnam,2008.0,185.6
Vietnam,2009.0,224.2
Vietnam,2010.0,269.2
Vietnam,2011.0,309.6
Vietnam,2012.0,322.2
Vietnam,2013.0,268.4
Vietnam,2014.0,259.6
Vietnam,2015.0,246.7
Vietnam,2016.0,275.8
Vietnam,2017.0,303.8
Vietnam,2018.0,316.5
Vietnam,2019.0,283.9
Slovenia,2000.0,0.0
Slovenia,2001.0,9.7
Slovenia,2002.0,0.2
Somalia,2000.0,0.3
Somalia,2001.0,2.8
Somalia,2002.0,0.7
Somalia,2003.0,1.3
Somalia,2004.0,0.8
Somalia,2005.0,1.1
Somalia,2006.0,4.5
Somalia,2007.0,1.6
Somalia,2008.0,7.8
Somalia,2009.0,13.2
Somalia,2010.0,15.2
Somalia,2011.0,18.4
Somalia,2012.0,23.3
Somalia,2013.0,26.8
Somalia,2014.0,25.4
Somalia,2015.0,21.1
Somalia,2016.0,30.5
Somalia,2017.0,20.7
Somalia,2018.0,34.2
Somalia,2019.0,46.1
South Africa,2000.0,54.3
South Africa,2001.0,15.1
South Africa,2002.0,18.4
South Africa,2003.0,19.9
South Africa,2004.0,15.4
South Africa,2005.0,20.8
South Africa,2006.0,22.9
South Africa,2007.0,31.0
South Africa,2008.0,24.4
South Africa,2009.0,19.6
South Africa,2010.0,30.5
South Africa,2011.0,15.7
South Africa,2012.0,16.4
South Africa,2013.0,12.1
South Africa,2014.0,10.6
South Africa,2015.0,11.6
South Africa,2016.0,12.4
South Africa,2017.0,10.8
South Africa,2018.0,16.7
South Africa,2019.0,17.8
Zimbabwe,2000.0,22.1
Zimbabwe,2001.0,5.6
Zimbabwe,2002.0,10.9
Zimbabwe,2003.0,5.9
Zimbabwe,2004.0,12.1
Zimbabwe,2005.0,6.0
Zimbabwe,2006.0,6.6
Zimbabwe,2007.0,16.7
Zimbabwe,2008.0,9.7
Zimbabwe,2009.0,51.1
Zimbabwe,2010.0,54.0
Zimbabwe,2011.0,86.0
Zimbabwe,2012.0,83.6
Zimbabwe,2013.0,68.0
Zimbabwe,2014.0,34.8
Zimbabwe,2015.0,46.9
Zimbabwe,2016.0,47.7
Zimbabwe,2017.0,45.3
Zimbabwe,2018.0,46.1
Zimbabwe,2019.0,53.0
Small island developing States (SIDS),2000.0,595.72038
Small island developing States (SIDS),2001.0,339.76123
Small island developing States (SIDS),2002.0,162.58047
Small island developing States (SIDS),2003.0,154.98543
Small island developing States (SIDS),2004.0,148.92619
Small island developing States (SIDS),2005.0,125.59333
Small island developing States (SIDS),2006.0,149.49594
Small island developing States (SIDS),2007.0,184.46109
Small island developing States (SIDS),2008.0,242.78076
Small island developing States (SIDS),2009.0,276.42897
Small island developing States (SIDS),2010.0,353.04423
Small island developing States (SIDS),2011.0,264.49913
Small island developing States (SIDS),2012.0,272.51999
Small island developing States (SIDS),2013.0,326.05337
Small island developing States (SIDS),2014.0,271.24
Small island developing States (SIDS),2015.0,258.42016
Small island developing States (SIDS),2016.0,314.84398
Small island developing States (SIDS),2017.0,315.83196
Small island developing States (SIDS),2018.0,323.97778
Small island developing States (SIDS),2019.0,345.11181
South Sudan,2011.0,13.5
South Sudan,2012.0,25.7
South Sudan,2013.0,65.5
South Sudan,2014.0,62.2
South Sudan,2015.0,67.4
South Sudan,2016.0,37.7
South Sudan,2017.0,49.2
South Sudan,2018.0,42.9
South Sudan,2019.0,71.0
Sudan,2000.0,26.2
Sudan,2001.0,2.5
Sudan,2002.0,5.6
Sudan,2003.0,3.8
Sudan,2004.0,20.3
Sudan,2005.0,6.2
Sudan,2006.0,5.3
Sudan,2007.0,11.0
Sudan,2008.0,36.8
Sudan,2009.0,57.7
Sudan,2010.0,80.5
Sudan,2011.0,161.6
Sudan,2012.0,136.6
Sudan,2013.0,69.1
Sudan,2014.0,125.7
Sudan,2015.0,140.8
Sudan,2016.0,49.4
Sudan,2017.0,26.1
Sudan,2018.0,30.9
Sudan,2019.0,44.0
Suriname,2000.0,5.4
Suriname,2001.0,11.6
Suriname,2002.0,6.0
Suriname,2003.0,3.4
Suriname,2004.0,4.4
Suriname,2005.0,4.7
Suriname,2006.0,4.5
Suriname,2007.0,12.0
Suriname,2008.0,13.1
Suriname,2009.0,12.5
Suriname,2010.0,17.1
Suriname,2011.0,3.9
Suriname,2012.0,0.3
Suriname,2013.0,0.8
Suriname,2014.0,14.3
Suriname,2015.0,0.3
Suriname,2016.0,4.0
Suriname,2017.0,7.1
Suriname,2018.0,3.0
Suriname,2019.0,7.8
Eswatini,2000.0,4.5
Eswatini,2001.0,22.3
Eswatini,2002.0,0.6
Eswatini,2003.0,3.0
Eswatini,2004.0,9.0
Eswatini,2005.0,13.3
Eswatini,2006.0,5.0
Eswatini,2007.0,5.6
Eswatini,2008.0,10.6
Eswatini,2009.0,14.2
Eswatini,2010.0,12.3
Eswatini,2011.0,20.0
Eswatini,2012.0,13.5
Eswatini,2013.0,22.8
Eswatini,2014.0,9.5
Eswatini,2015.0,19.8
Eswatini,2016.0,7.7
Eswatini,2017.0,26.1
Eswatini,2018.0,21.2
Eswatini,2019.0,18.2
Syria,2000.0,5.9
Syria,2001.0,15.1
Syria,2002.0,16.0
Syria,2003.0,9.9
Syria,2004.0,4.5
Syria,2005.0,1.9
Syria,2006.0,3.0
Syria,2007.0,3.1
Syria,2008.0,8.0
Syria,2009.0,10.3
Syria,2010.0,7.7
Syria,2011.0,9.5
Syria,2012.0,3.9
Syria,2013.0,2.5
Syria,2014.0,1.9
Syria,2015.0,0.4
Syria,2016.0,1.2
Syria,2017.0,2.5
Syria,2018.0,18.7
Syria,2019.0,11.9
Tajikistan,2000.0,23.7
Tajikistan,2001.0,25.1
Tajikistan,2002.0,37.1
Tajikistan,2003.0,8.4
Tajikistan,2004.0,18.2
Tajikistan,2005.0,20.2
Tajikistan,2006.0,15.1
Tajikistan,2007.0,24.2
Tajikistan,2008.0,31.6
Tajikistan,2009.0,32.2
Tajikistan,2010.0,50.8
Tajikistan,2011.0,43.7
Tajikistan,2012.0,36.4
Tajikistan,2013.0,35.4
Tajikistan,2014.0,27.7
Tajikistan,2015.0,34.0
Tajikistan,2016.0,32.4
Tajikistan,2017.0,30.2
Tajikistan,2018.0,31.5
Tajikistan,2019.0,40.4
Thailand,2000.0,28.2
Thailand,2001.0,5.1
Thailand,2002.0,5.9
Thailand,2003.0,14.2
Thailand,2004.0,10.5
Thailand,2005.0,12.9
Thailand,2006.0,24.1
Thailand,2007.0,24.2
Thailand,2008.0,9.5
Thailand,2009.0,7.9
Thailand,2010.0,11.8
Thailand,2011.0,8.5
Thailand,2012.0,11.4
Thailand,2013.0,13.0
Thailand,2014.0,21.2
Thailand,2015.0,7.6
Thailand,2016.0,8.0
Thailand,2017.0,7.4
Thailand,2018.0,8.4
Thailand,2019.0,8.1
Togo,2000.0,6.3
Togo,2001.0,4.5
Togo,2002.0,3.0
Togo,2003.0,4.9
Togo,2004.0,3.7
Togo,2005.0,3.2
Togo,2006.0,2.3
Togo,2007.0,2.5
Togo,2008.0,2.6
Togo,2009.0,13.2
Togo,2010.0,23.2
Togo,2011.0,14.2
Togo,2012.0,7.9
Togo,2013.0,14.4
Togo,2014.0,18.8
Togo,2015.0,16.0
Togo,2016.0,11.9
Togo,2017.0,20.7
Togo,2018.0,26.4
Togo,2019.0,25.7
Tokelau,2005.0,0.0
Tokelau,2006.0,0.0
Tokelau,2009.0,0.0
Tokelau,2010.0,0.2
Tokelau,2012.0,0.2
Tokelau,2013.0,0.4
Tokelau,2014.0,0.2
Tokelau,2015.0,0.1
Tokelau,2017.0,0.1
Tokelau,2018.0,0.1
Tokelau,2019.0,0.2
Tonga,2000.0,0.2
Tonga,2001.0,16.5
Tonga,2002.0,1.7
Tonga,2003.0,4.0
Tonga,2004.0,4.5
Tonga,2005.0,2.7
Tonga,2006.0,2.5
Tonga,2007.0,1.7
Tonga,2008.0,0.8
Tonga,2009.0,0.4
Tonga,2010.0,2.1
Tonga,2011.0,1.1
Tonga,2012.0,1.7
Tonga,2013.0,1.8
Tonga,2014.0,1.0
Tonga,2015.0,1.8
Tonga,2016.0,1.9
Tonga,2017.0,1.7
Tonga,2018.0,1.8
Tonga,2019.0,3.5
Trinidad and Tobago,2000.0,0.1
Trinidad and Tobago,2001.0,0.2
Trinidad and Tobago,2002.0,0.1
Trinidad and Tobago,2003.0,2.0
Trinidad and Tobago,2004.0,1.6
Trinidad and Tobago,2005.0,1.6
Trinidad and Tobago,2006.0,1.3
Trinidad and Tobago,2007.0,3.0
Trinidad and Tobago,2008.0,0.3
Trinidad and Tobago,2009.0,0.4
Trinidad and Tobago,2010.0,0.3
Tunisia,2000.0,258.2
Tunisia,2001.0,77.3
Tunisia,2002.0,69.6
Tunisia,2003.0,79.9
Tunisia,2004.0,66.2
Tunisia,2005.0,74.3
Tunisia,2006.0,83.3
Tunisia,2007.0,44.9
Tunisia,2008.0,50.5
Tunisia,2009.0,33.3
Tunisia,2010.0,36.6
Tunisia,2011.0,47.5
Tunisia,2012.0,30.1
Tunisia,2013.0,28.8
Tunisia,2014.0,46.9
Tunisia,2015.0,68.6
Tunisia,2016.0,56.4
Tunisia,2017.0,58.4
Tunisia,2018.0,51.9
Tunisia,2019.0,60.1
Turkey,2000.0,315.7
Turkey,2001.0,916.6
Turkey,2002.0,180.5
Turkey,2003.0,39.7
Turkey,2004.0,293.3
Turkey,2005.0,64.2
Turkey,2006.0,84.9
Turkey,2007.0,82.2
Turkey,2008.0,64.3
Turkey,2009.0,12.4
Turkey,2010.0,113.0
Turkey,2011.0,297.9
Turkey,2012.0,9.3
Turkey,2013.0,49.9
Turkey,2014.0,351.8
Turkey,2015.0,356.0
Turkey,2016.0,518.7
Turkey,2017.0,400.8
Turkey,2018.0,321.7
Turkey,2019.0,260.9
Turkmenistan,2000.0,0.0
Turkmenistan,2001.0,0.3
Turkmenistan,2002.0,0.2
Turkmenistan,2003.0,0.0
Turkmenistan,2004.0,0.0
Turkmenistan,2005.0,0.0
Turkmenistan,2007.0,0.0
Turkmenistan,2008.0,1.1
Turkmenistan,2009.0,1.1
Turkmenistan,2010.0,1.1
Turkmenistan,2011.0,3.6
Turkmenistan,2012.0,2.1
Turkmenistan,2013.0,0.3
Turkmenistan,2014.0,0.1
Turkmenistan,2015.0,0.1
Turkmenistan,2016.0,1.6
Turkmenistan,2017.0,1.1
Turkmenistan,2018.0,1.6
Turkmenistan,2019.0,4.0
Turks and Caicos Islands,2000.0,0.1
Turks and Caicos Islands,2007.0,0.0
Tuvalu,2001.0,7.6
Tuvalu,2002.0,3.8
Tuvalu,2003.0,0.6
Tuvalu,2004.0,0.6
Tuvalu,2005.0,0.7
Tuvalu,2006.0,0.8
Tuvalu,2007.0,0.7
Tuvalu,2008.0,0.8
Tuvalu,2009.0,0.5
Tuvalu,2010.0,0.9
Tuvalu,2011.0,0.4
Tuvalu,2012.0,0.9
Tuvalu,2013.0,1.3
Tuvalu,2014.0,0.8
Tuvalu,2015.0,2.1
Tuvalu,2016.0,2.1
Tuvalu,2017.0,7.7
Tuvalu,2018.0,2.0
Tuvalu,2019.0,2.9
Uganda,2000.0,131.1
Uganda,2001.0,116.2
Uganda,2002.0,38.3
Uganda,2003.0,53.7
Uganda,2004.0,91.8
Uganda,2005.0,111.9
Uganda,2006.0,117.4
Uganda,2007.0,164.0
Uganda,2008.0,124.4
Uganda,2009.0,141.0
Uganda,2010.0,84.0
Uganda,2011.0,121.7
Uganda,2012.0,145.3
Uganda,2013.0,186.3
Uganda,2014.0,158.3
Uganda,2015.0,160.7
Uganda,2016.0,184.4
Uganda,2017.0,208.1
Uganda,2018.0,218.3
Uganda,2019.0,212.1
Ukraine,2005.0,53.0
Ukraine,2006.0,15.5
Ukraine,2007.0,12.0
Ukraine,2008.0,18.4
Ukraine,2009.0,63.0
Ukraine,2010.0,173.9
Ukraine,2011.0,102.8
Ukraine,2012.0,122.2
Ukraine,2013.0,140.5
Ukraine,2014.0,187.7
Ukraine,2015.0,97.5
Ukraine,2016.0,171.8
Ukraine,2017.0,152.7
Ukraine,2018.0,188.0
Ukraine,2019.0,208.9
North Macedonia,2000.0,28.7
North Macedonia,2001.0,9.0
North Macedonia,2002.0,9.8
North Macedonia,2003.0,9.9
North Macedonia,2004.0,13.3
North Macedonia,2005.0,10.9
North Macedonia,2006.0,9.7
North Macedonia,2007.0,10.0
North Macedonia,2008.0,10.6
North Macedonia,2009.0,9.8
North Macedonia,2010.0,12.0
North Macedonia,2011.0,16.2
North Macedonia,2012.0,8.3
North Macedonia,2013.0,12.9
North Macedonia,2014.0,10.0
North Macedonia,2015.0,2.5
North Macedonia,2016.0,11.6
North Macedonia,2017.0,12.9
North Macedonia,2018.0,9.1
North Macedonia,2019.0,13.6
Egypt,2000.0,234.3
Egypt,2001.0,96.5
Egypt,2002.0,94.3
Egypt,2003.0,77.6
Egypt,2004.0,61.9
Egypt,2005.0,109.6
Egypt,2006.0,122.5
Egypt,2007.0,79.1
Egypt,2008.0,66.8
Egypt,2009.0,69.1
Egypt,2010.0,76.4
Egypt,2011.0,89.8
Egypt,2012.0,81.3
Egypt,2013.0,125.0
Egypt,2014.0,472.1
Egypt,2015.0,342.2
Egypt,2016.0,296.9
Egypt,2017.0,329.8
Egypt,2018.0,252.5
Egypt,2019.0,302.9
Tanzania,2000.0,130.9
Tanzania,2001.0,58.2
Tanzania,2002.0,74.0
Tanzania,2003.0,109.5
Tanzania,2004.0,129.6
Tanzania,2005.0,109.0
Tanzania,2006.0,130.3
Tanzania,2007.0,119.4
Tanzania,2008.0,162.8
Tanzania,2009.0,155.9
Tanzania,2010.0,200.4
Tanzania,2011.0,113.7
Tanzania,2012.0,140.8
Tanzania,2013.0,157.0
Tanzania,2014.0,149.3
Tanzania,2015.0,130.8
Tanzania,2016.0,176.6
Tanzania,2017.0,206.8
Tanzania,2018.0,185.2
Tanzania,2019.0,147.8
Burkina Faso,2000.0,155.6
Burkina Faso,2001.0,37.0
Burkina Faso,2002.0,54.6
Burkina Faso,2003.0,73.2
Burkina Faso,2004.0,67.6
Burkina Faso,2005.0,74.8
Burkina Faso,2006.0,77.7
Burkina Faso,2007.0,82.0
Burkina Faso,2008.0,110.5
Burkina Faso,2009.0,100.5
Burkina Faso,2010.0,123.8
Burkina Faso,2011.0,146.9
Burkina Faso,2012.0,173.4
Burkina Faso,2013.0,160.7
Burkina Faso,2014.0,188.6
Burkina Faso,2015.0,114.4
Burkina Faso,2016.0,186.5
Burkina Faso,2017.0,208.3
Burkina Faso,2018.0,176.1
Burkina Faso,2019.0,190.1
Uruguay,2000.0,21.5
Uruguay,2001.0,38.6
Uruguay,2002.0,7.4
Uruguay,2003.0,2.7
Uruguay,2004.0,4.9
Uruguay,2005.0,3.1
Uruguay,2006.0,3.3
Uruguay,2007.0,8.7
Uruguay,2008.0,9.7
Uruguay,2009.0,14.2
Uruguay,2010.0,11.6
Uruguay,2011.0,46.1
Uruguay,2012.0,153.6
Uruguay,2013.0,74.5
Uruguay,2014.0,12.9
Uruguay,2015.0,25.8
Uruguay,2016.0,13.8
Uruguay,2017.0,11.5
Uzbekistan,2000.0,0.2
Uzbekistan,2001.0,43.4
Uzbekistan,2002.0,22.5
Uzbekistan,2003.0,8.8
Uzbekistan,2004.0,7.1
Uzbekistan,2005.0,14.6
Uzbekistan,2006.0,19.0
Uzbekistan,2007.0,15.6
Uzbekistan,2008.0,15.0
Uzbekistan,2009.0,17.9
Uzbekistan,2010.0,31.8
Uzbekistan,2011.0,45.2
Uzbekistan,2012.0,50.7
Uzbekistan,2013.0,55.8
Uzbekistan,2014.0,51.1
Uzbekistan,2015.0,71.4
Uzbekistan,2016.0,149.6
Uzbekistan,2017.0,113.2
Uzbekistan,2018.0,540.0
Uzbekistan,2019.0,323.4
Venezuela,2000.0,18.5
Venezuela,2001.0,1.7
Venezuela,2002.0,6.1
Venezuela,2003.0,7.0
Venezuela,2004.0,3.7
Venezuela,2005.0,2.7
Venezuela,2006.0,2.8
Venezuela,2007.0,1.5
Venezuela,2008.0,0.8
Venezuela,2009.0,4.2
Venezuela,2010.0,0.5
Venezuela,2011.0,1.2
Venezuela,2012.0,1.3
Venezuela,2013.0,0.9
Venezuela,2014.0,2.7
Venezuela,2015.0,2.7
Venezuela,2016.0,1.9
Venezuela,2017.0,0.1
Venezuela,2018.0,0.1
Venezuela,2019.0,0.1
Wallis and Futuna,2001.0,2.6
Wallis and Futuna,2002.0,1.7
Wallis and Futuna,2003.0,1.4
Wallis and Futuna,2004.0,1.8
Wallis and Futuna,2005.0,0.2
Wallis and Futuna,2006.0,0.4
Wallis and Futuna,2007.0,1.3
Wallis and Futuna,2008.0,1.4
Wallis and Futuna,2009.0,2.6
Wallis and Futuna,2010.0,1.5
Wallis and Futuna,2011.0,1.7
Wallis and Futuna,2012.0,1.7
Wallis and Futuna,2013.0,3.3
Wallis and Futuna,2014.0,3.4
Wallis and Futuna,2015.0,0.0
Wallis and Futuna,2016.0,1.6
Wallis and Futuna,2017.0,1.2
Wallis and Futuna,2018.0,0.4
Wallis and Futuna,2019.0,2.1
Samoa,2000.0,2.6
Samoa,2001.0,8.7
Samoa,2002.0,8.8
Samoa,2003.0,3.7
Samoa,2004.0,4.1
Samoa,2005.0,2.7
Samoa,2006.0,5.5
Samoa,2007.0,2.9
Samoa,2008.0,0.5
Samoa,2009.0,0.7
Samoa,2010.0,1.5
Samoa,2011.0,2.1
Samoa,2012.0,3.3
Samoa,2013.0,3.1
Samoa,2014.0,3.4
Samoa,2015.0,4.0
Samoa,2016.0,5.2
Samoa,2017.0,13.0
Samoa,2018.0,2.8
Samoa,2019.0,3.2
Yemen,2000.0,30.9
Yemen,2001.0,4.3
Yemen,2002.0,12.7
Yemen,2003.0,6.1
Yemen,2004.0,11.6
Yemen,2005.0,19.7
Yemen,2006.0,38.3
Yemen,2007.0,29.0
Yemen,2008.0,36.4
Yemen,2009.0,48.1
Yemen,2010.0,46.9
Yemen,2011.0,14.0
Yemen,2012.0,31.0
Yemen,2013.0,26.1
Yemen,2014.0,24.7
Yemen,2015.0,22.4
Yemen,2016.0,15.0
Yemen,2017.0,32.6
Yemen,2018.0,22.7
Yemen,2019.0,41.5
Zambia,2000.0,47.4
Zambia,2001.0,13.4
Zambia,2002.0,43.6
Zambia,2003.0,52.9
Zambia,2004.0,39.5
Zambia,2005.0,46.5
Zambia,2006.0,48.5
Zambia,2007.0,35.7
Zambia,2008.0,52.9
Zambia,2009.0,43.3
Zambia,2010.0,36.9
Zambia,2011.0,35.0
Zambia,2012.0,60.1
Zambia,2013.0,75.1
Zambia,2014.0,80.3
Zambia,2015.0,95.3
Zambia,2016.0,93.1
Zambia,2017.0,101.6
Zambia,2018.0,108.0
Zambia,2019.0,103.6
ODA residual,2000.0,472.2
ODA residual,2001.0,688.4
ODA residual,2002.0,420.4
ODA residual,2003.0,550.8
ODA residual,2004.0,585.2
ODA residual,2005.0,658.4
ODA residual,2006.0,604.3
ODA residual,2007.0,603.0
ODA residual,2008.0,1040.6
ODA residual,2009.0,1247.5
ODA residual,2010.0,1586.2
ODA residual,2011.0,1286.6
ODA residual,2012.0,1416.3
ODA residual,2013.0,1786.3
ODA residual,2014.0,1660.6
ODA residual,2015.0,1752.4
ODA residual,2016.0,2015.0
ODA residual,2017.0,2462.4
ODA residual,2018.0,2181.8
