country,year,value
Austria,2012.0,3.0
Armenia,2008.0,22.9
Armenia,2014.0,17.5
Armenia,2015.0,18.4
Armenia,2016.0,17.6
Armenia,2017.0,17.9
Armenia,2018.0,19.0
Belgium,2012.0,6.0
Belgium,2015.0,8.1
Belgium,2016.0,7.5
Botswana,2009.0,16.4
Botswana,2019.0,22.9
Bulgaria,2010.0,10.2
Bulgaria,2012.0,24.0
Bulgaria,2015.0,9.0
Bulgaria,2016.0,7.5
Myanmar,2015.0,0.8
Cambodia,2012.0,1.3
Cameroon,2007.0,3.1
Cameroon,2014.0,4.2
Chile,2006.0,7.3
Chile,2009.0,10.4
Chile,2011.0,7.1
Chile,2013.0,6.5
Chile,2015.0,6.8
Chile,2017.0,7.2
Cook Islands,2019.0,1.3
Costa Rica,2010.0,7.1
Costa Rica,2012.0,7.7
Costa Rica,2013.0,8.3
Costa Rica,2014.0,8.3
Costa Rica,2015.0,8.4
Costa Rica,2016.0,7.6
Costa Rica,2017.0,7.2
Costa Rica,2018.0,8.0
Costa Rica,2019.0,9.1
Cyprus,2012.0,21.0
Czechia,2012.0,5.0
Czechia,2015.0,4.7
Czechia,2016.0,3.6
Denmark,2012.0,7.0
Ethiopia,2005.0,2.5
Ethiopia,2013.0,2.3
Estonia,2012.0,7.0
Estonia,2015.0,6.1
Fiji,2005.0,4.0
Fiji,2011.0,4.6
Fiji,2016.0,4.5
Finland,2012.0,9.0
France,2012.0,15.0
France,2015.0,9.9
France,2016.0,9.5
Gambia,2012.0,9.5
Gambia,2018.0,10.2
Palestine,2019.0,25.3
Germany,2012.0,4.0
Ghana,2015.0,6.8
Greece,2012.0,25.0
Hungary,2012.0,10.0
Hungary,2015.0,7.3
Iceland,2012.0,5.0
Indonesia,2016.0,4.3
Indonesia,2017.0,3.9
Indonesia,2018.0,4.4
Indonesia,2019.0,3.6
Israel,2016.0,4.5
Israel,2017.0,4.0
Israel,2018.0,3.8
Italy,2012.0,14.0
Cote d'Ivoire,2016.0,2.6
Cote d'Ivoire,2017.0,3.2
Laos,2017.0,9.4
Lebanon,2019.0,11.3
Latvia,2012.0,13.0
Liberia,2010.0,2.2
Liberia,2012.0,19.7
Liberia,2014.0,10.7
Lithuania,2012.0,19.0
Luxembourg,2012.0,4.0
Malta,2012.0,6.0
Mongolia,2008.0,5.5
Mongolia,2009.0,5.8
Mongolia,2010.0,6.5
Mongolia,2011.0,4.8
Mongolia,2012.0,3.9
Mongolia,2013.0,4.3
Mongolia,2014.0,4.8
Mongolia,2015.0,4.9
Mongolia,2016.0,7.3
Mongolia,2017.0,6.4
Mongolia,2018.0,5.5
Mongolia,2019.0,10.0
Moldova,2017.0,3.9
Moldova,2018.0,3.0
Moldova,2019.0,5.1
Netherlands,2012.0,6.0
New Zealand,2017.0,4.5
New Zealand,2018.0,4.3
New Zealand,2019.0,3.8
Nigeria,2011.0,3.8
Nigeria,2013.0,3.7
Norway,2012.0,2.0
Norway,2015.0,4.3
Norway,2016.0,3.7
Peru,2014.0,3.2
Peru,2015.0,3.3
Peru,2016.0,3.7
Peru,2017.0,3.7
Peru,2018.0,3.5
Peru,2019.0,3.4
Portugal,2011.0,12.5
Portugal,2012.0,16.0
Timor,2016.0,4.6
Romania,2012.0,7.0
Russia,2015.0,5.5
Russia,2016.0,5.4
Russia,2018.0,4.7
Russia,2019.0,4.5
Rwanda,2017.0,17.4
Rwanda,2018.0,15.1
Rwanda,2019.0,15.3
Senegal,2015.0,6.8
Senegal,2016.0,4.4
Senegal,2017.0,3.7
Seychelles,2018.0,3.5
Seychelles,2019.0,3.0
Sierra Leone,2014.0,4.7
Slovakia,2012.0,12.0
Slovakia,2015.0,11.3
Slovakia,2016.0,9.5
Slovenia,2012.0,13.0
Zimbabwe,2014.0,5.1
Zimbabwe,2019.0,17.1
Spain,2009.0,17.9
Spain,2010.0,19.9
Spain,2011.0,21.4
Spain,2012.0,24.7
Spain,2013.0,26.0
Spain,2014.0,24.4
Spain,2015.0,21.9
Eswatini,2016.0,23.3
Sweden,2012.0,5.0
Togo,2014.0,5.4
Tonga,2018.0,3.1
Uganda,2017.0,10.1
Egypt,2016.0,12.3
Egypt,2017.0,11.7
Egypt,2018.0,9.8
United Kingdom,2012.0,13.0
United Kingdom,2015.0,4.7
Tanzania,2014.0,2.1
United States,2009.0,9.0
United States,2010.0,9.4
United States,2011.0,8.7
United States,2012.0,7.9
United States,2013.0,7.2
United States,2014.0,5.9
United States,2015.0,5.1
United States,2016.0,4.7
United States,2017.0,4.2
United States,2018.0,3.7
United States,2019.0,3.5
Samoa,2012.0,8.8
Samoa,2017.0,14.5
Zambia,2018.0,12.0
