country,year,value
Austria,2009.0,11.51986
Armenia,2008.0,2.75417
Cameroon,2014.0,5.52014
Canada,2016.0,10.83333
Colombia,2013.0,4.66667
Colombia,2017.0,5.04992
Costa Rica,2017.0,9.17251
Fiji,2016.0,4.58808
Finland,2000.0,10.19583
Finland,2010.0,10.25417
Palestine,2000.0,4.02778
Palestine,2013.0,3.88889
Germany,2013.0,10.6
Greece,2014.0,7.5
Hungary,2010.0,8.30497
Kazakhstan,2018.0,5.55556
South Korea,2014.0,2.92083
South Korea,2019.0,4.23611
Laos,2017.0,8.51521
Mexico,2009.0,11.07903
Mexico,2014.0,9.5037
Mexico,2019.0,11.35755
Mongolia,2015.0,8.02708
Mongolia,2019.0,8.46605
Moldova,2012.0,11.67967
Norway,2011.0,12.2875
Paraguay,2016.0,5.0933
Peru,2010.0,8.58758
Poland,2013.0,9.79167
Romania,2012.0,9.09722
Serbia,2011.0,10.54809
Serbia,2015.0,7.12885
Switzerland,2010.0,9.8125
Switzerland,2013.0,10.55
Switzerland,2016.0,11.275
Switzerland,2020.0,11.77917
Turkey,2006.0,3.71743
Uganda,2018.0,9.58333
