country,year,value
Afghanistan,2011.0,3.1874
Afghanistan,2015.0,14.76836
Albania,2009.0,48.18109
Albania,2017.0,95.56161
Algeria,2013.0,55.20868
Angola,2015.0,2.55817
Azerbaijan,2006.0,82.90998
Bangladesh,2006.0,33.27364
Bangladesh,2011.0,35.06848
Bangladesh,2014.0,45.9687
Armenia,2006.0,61.79137
Armenia,2011.0,100.0
Armenia,2016.0,96.76173
Bhutan,2010.0,15.49608
Bolivia,2000.0,16.9
Bolivia,2001.0,46.37
Bolivia,2002.0,34.45
Bolivia,2003.0,58.79823
Bolivia,2004.0,57.29
Bolivia,2005.0,68.39
Bolivia,2007.0,54.45
Bolivia,2008.0,74.22816
Bolivia,2009.0,81.12
Bolivia,2011.0,72.83
Bolivia,2012.0,71.0
Bolivia,2013.0,64.55
Bolivia,2014.0,80.18
Bolivia,2015.0,87.87
Bolivia,2016.0,77.5
Bolivia,2017.0,86.89
Bolivia,2018.0,90.35
Bosnia and Herzegovina,2012.0,100.0
Brazil,2001.0,30.39
Brazil,2002.0,40.21
Brazil,2003.0,47.58
Brazil,2004.0,48.05
Brazil,2005.0,53.94
Brazil,2006.0,61.53
Brazil,2007.0,60.35
Brazil,2008.0,67.17
Brazil,2009.0,69.4
Brazil,2011.0,75.86
Brazil,2012.0,79.79
Brazil,2013.0,81.19
Brazil,2014.0,81.8
Brazil,2015.0,87.93
Brazil,2016.0,74.43
Brazil,2017.0,74.28
Brazil,2018.0,82.49
Belize,2016.0,42.15302
Myanmar,2016.0,23.33912
Burundi,2000.0,3.66972
Burundi,2010.0,0.73536
Burundi,2017.0,8.06004
Belarus,2012.0,100.0
Cambodia,2005.0,8.84687
Cambodia,2010.0,12.50207
Cambodia,2014.0,23.54077
Cameroon,2004.0,2.03068
Cameroon,2006.0,2.2146
Cameroon,2011.0,9.39882
Cameroon,2014.0,15.4622
Central African Republic,2006.0,0.33773
Central African Republic,2010.0,0.91111
Sri Lanka,2006.0,92.59633
Chad,2014.0,2.14003
Chile,2000.0,76.97
Chile,2003.0,88.09
Chile,2006.0,91.5
Chile,2009.0,94.82
Chile,2011.0,97.06
Chile,2013.0,97.19
Chile,2015.0,94.73
Chile,2017.0,96.7
Colombia,2002.0,26.71
Colombia,2003.0,24.81
Colombia,2004.0,29.88
Colombia,2005.0,54.43584
Colombia,2008.0,44.76
Colombia,2009.0,40.72
Colombia,2010.0,74.23175
Colombia,2011.0,52.21
Colombia,2012.0,57.22
Colombia,2013.0,54.28
Colombia,2014.0,58.75
Colombia,2015.0,78.27106
Colombia,2016.0,57.04
Colombia,2017.0,64.7
Colombia,2018.0,61.91
Comoros,2012.0,30.53939
Congo,2005.0,5.68072
Congo,2012.0,10.12451
Congo,2015.0,17.62909
Democratic Republic of Congo,2007.0,4.81236
Democratic Republic of Congo,2010.0,15.48747
Democratic Republic of Congo,2013.0,26.11163
Costa Rica,2000.0,30.6
Costa Rica,2001.0,32.75
Costa Rica,2002.0,33.5
Costa Rica,2003.0,30.14
Costa Rica,2004.0,26.94
Costa Rica,2005.0,30.15
Costa Rica,2006.0,40.65
Costa Rica,2007.0,38.32
Costa Rica,2008.0,43.73
Costa Rica,2009.0,43.6
Costa Rica,2010.0,55.49
Costa Rica,2011.0,51.65039
Costa Rica,2012.0,60.96
Costa Rica,2013.0,60.24
Costa Rica,2014.0,61.27
Costa Rica,2015.0,70.65
Costa Rica,2016.0,62.72
Costa Rica,2017.0,63.83
Costa Rica,2018.0,76.61
Benin,2006.0,1.64242
Benin,2011.0,2.9907
Benin,2014.0,5.71262
Benin,2018.0,5.38259
Dominican Republic,2000.0,52.59
Dominican Republic,2001.0,43.61
Dominican Republic,2002.0,65.28
Dominican Republic,2003.0,55.03
Dominican Republic,2004.0,65.47
Dominican Republic,2005.0,61.06
Dominican Republic,2006.0,64.65
Dominican Republic,2007.0,79.69495
Dominican Republic,2008.0,69.06
Dominican Republic,2009.0,73.97
Dominican Republic,2010.0,85.83
Dominican Republic,2011.0,82.48
Dominican Republic,2012.0,88.2
Dominican Republic,2013.0,86.13224
Dominican Republic,2014.0,90.60327
Dominican Republic,2015.0,77.64
Dominican Republic,2016.0,76.82
Dominican Republic,2017.0,82.54
Dominican Republic,2018.0,81.36
Ecuador,2001.0,33.3
Ecuador,2003.0,29.06
Ecuador,2005.0,47.87
Ecuador,2006.0,41.07
Ecuador,2007.0,42.83
Ecuador,2008.0,51.11
Ecuador,2009.0,53.48
Ecuador,2010.0,61.34
Ecuador,2011.0,69.37
Ecuador,2012.0,70.09
Ecuador,2013.0,75.96
Ecuador,2014.0,85.05
Ecuador,2015.0,76.25
Ecuador,2016.0,78.6
Ecuador,2017.0,82.63
Ecuador,2018.0,85.87
El Salvador,2000.0,25.45
El Salvador,2001.0,24.15
El Salvador,2002.0,26.29
El Salvador,2003.0,20.71
El Salvador,2004.0,18.59
El Salvador,2005.0,29.57
El Salvador,2006.0,35.81
El Salvador,2009.0,34.64
El Salvador,2010.0,43.08
El Salvador,2012.0,44.1
El Salvador,2013.0,57.92
El Salvador,2014.0,54.94
El Salvador,2015.0,52.55
El Salvador,2016.0,54.24
El Salvador,2017.0,49.14
El Salvador,2018.0,60.38
Ethiopia,2005.0,0.28633
Ethiopia,2011.0,3.47453
Ethiopia,2016.0,6.1627
Gabon,2012.0,16.52754
Gambia,2006.0,17.35163
Gambia,2010.0,25.51348
Gambia,2013.0,23.16209
Palestine,2014.0,87.24271
Ghana,2009.0,33.37551
Ghana,2015.0,40.47346
Guatemala,2006.0,7.28
Guatemala,2014.0,16.92
Guatemala,2015.0,19.71073
Guinea,2012.0,1.73108
Guinea,2016.0,6.28623
Guyana,2006.0,68.16594
Guyana,2009.0,74.9556
Guyana,2014.0,73.62182
Haiti,2005.0,9.35689
Haiti,2012.0,16.87112
Haiti,2017.0,19.31787
Honduras,2001.0,8.29
Honduras,2004.0,6.01
Honduras,2005.0,5.66
Honduras,2009.0,21.11
Honduras,2010.0,23.36
Honduras,2011.0,35.40882
Honduras,2012.0,27.88
Honduras,2013.0,31.88
Honduras,2014.0,26.81
Honduras,2015.0,33.37
Honduras,2016.0,22.48
Honduras,2018.0,30.87
India,2006.0,30.29244
India,2016.0,74.40321
Indonesia,2003.0,47.46965
Indonesia,2008.0,56.25447
Indonesia,2017.0,86.51131
Iraq,2011.0,12.02856
Cote d'Ivoire,2006.0,3.27904
Cote d'Ivoire,2012.0,5.27202
Cote d'Ivoire,2016.0,2.5805
Jamaica,2011.0,98.63299
Kazakhstan,2006.0,99.33372
Kazakhstan,2011.0,100.0
Kazakhstan,2015.0,99.62508
Jordan,2007.0,90.79352
Kenya,2003.0,30.84498
Kenya,2008.0,53.26991
Kenya,2014.0,63.09947
Kyrgyzstan,2006.0,96.93817
Kyrgyzstan,2012.0,99.55153
Kyrgyzstan,2014.0,98.60223
Laos,2006.0,7.43716
Laos,2012.0,11.54132
Laos,2017.0,33.30947
Lesotho,2005.0,13.40479
Lesotho,2009.0,16.56018
Lesotho,2014.0,21.17318
Liberia,2007.0,0.93278
Liberia,2013.0,3.82569
Madagascar,2009.0,1.12673
Malawi,2004.0,2.44468
Malawi,2010.0,5.10416
Malawi,2016.0,6.51363
Maldives,2008.0,77.33092
Maldives,2017.0,92.81922
Mali,2006.0,1.94423
Mali,2013.0,1.67993
Mali,2015.0,8.10846
Mauritania,2007.0,4.14418
Mauritania,2011.0,5.2608
Mauritania,2015.0,21.36261
Mexico,2000.0,32.05
Mexico,2002.0,51.55
Mexico,2004.0,59.37
Mexico,2006.0,73.22
Mexico,2008.0,56.98
Mexico,2010.0,67.28
Mexico,2012.0,77.18
Mexico,2014.0,74.82
Mexico,2016.0,80.66808
Mexico,2018.0,81.3
Mongolia,2006.0,86.53285
Mongolia,2014.0,83.27976
Moldova,2005.0,93.11519
Moldova,2012.0,93.77131
Morocco,2004.0,4.55893
Mozambique,2008.0,1.69067
Mozambique,2011.0,0.52977
Namibia,2007.0,19.41075
Namibia,2013.0,34.21136
Nepal,2007.0,20.66905
Nepal,2011.0,46.07276
Nepal,2014.0,47.54568
Nepal,2016.0,57.40441
Vanuatu,2007.0,19.72481
Nicaragua,2001.0,7.57
Nicaragua,2005.0,14.44
Nicaragua,2009.0,30.72
Niger,2012.0,0.50467
Nigeria,2003.0,19.47994
Nigeria,2007.0,25.39722
Nigeria,2008.0,17.57503
Nigeria,2011.0,38.62907
Nigeria,2013.0,15.21578
Nigeria,2016.0,30.67095
Pakistan,2007.0,10.5413
Pakistan,2012.0,18.05318
Pakistan,2018.0,25.51621
Panama,2000.0,49.94
Panama,2001.0,35.96
Panama,2002.0,27.88
Panama,2003.0,35.88
Panama,2004.0,40.82
Panama,2005.0,50.1
Panama,2006.0,45.19
Panama,2007.0,44.49
Panama,2008.0,44.6
Panama,2009.0,55.03
Panama,2011.0,49.28
Panama,2013.0,64.5
Panama,2014.0,54.08
Panama,2015.0,69.49
Panama,2016.0,51.24
Panama,2017.0,72.39
Panama,2018.0,74.49
Paraguay,2001.0,30.99
Paraguay,2003.0,43.67
Paraguay,2004.0,47.07
Paraguay,2005.0,47.67
Paraguay,2006.0,47.45
Paraguay,2007.0,42.96
Paraguay,2008.0,42.25
Paraguay,2009.0,51.66
Paraguay,2010.0,58.17
Paraguay,2011.0,50.57
Paraguay,2012.0,48.33
Paraguay,2013.0,81.97
Paraguay,2014.0,63.64
Paraguay,2015.0,76.46
Paraguay,2016.0,71.80318
Paraguay,2017.0,62.96
Paraguay,2018.0,74.55
Peru,2000.0,38.65
Peru,2001.0,31.09
Peru,2002.0,29.63
Peru,2003.0,27.73
Peru,2004.0,33.94
Peru,2005.0,38.29
Peru,2006.0,47.65
Peru,2007.0,39.77
Peru,2008.0,47.71
Peru,2009.0,45.18
Peru,2010.0,58.3
Peru,2011.0,60.86
Peru,2012.0,67.74
Peru,2013.0,73.2
Peru,2014.0,69.01
Peru,2015.0,68.23
Peru,2016.0,76.86
Peru,2017.0,78.11
Peru,2018.0,80.26
Philippines,2004.0,66.40741
Philippines,2018.0,85.23476
Guinea-Bissau,2014.0,2.11745
Timor-Leste,2009.0,30.82501
Timor-Leste,2016.0,46.25129
Rwanda,2010.0,6.03715
Rwanda,2015.0,11.11318
Sao Tome and Principe,2009.0,18.92933
Sao Tome and Principe,2014.0,30.1333
Senegal,2005.0,0.28327
Senegal,2011.0,1.98377
Senegal,2016.0,14.73594
Senegal,2017.0,13.56119
Serbia,2011.0,95.97527
Serbia,2014.0,99.65331
Sierra Leone,2013.0,13.54961
Sierra Leone,2017.0,11.43561
Vietnam,2011.0,70.43723
Vietnam,2014.0,88.18692
South Africa,2016.0,90.19057
Zimbabwe,2005.0,38.23252
Zimbabwe,2010.0,61.19798
Zimbabwe,2015.0,56.11673
South Sudan,2010.0,1.64012
Sudan,2014.0,29.39102
Suriname,2010.0,32.89962
Eswatini,2006.0,22.76468
Eswatini,2010.0,42.7567
Eswatini,2014.0,45.08479
Syria,2006.0,39.52991
Tajikistan,2006.0,69.88165
Tajikistan,2012.0,81.14019
Tajikistan,2017.0,88.03044
Thailand,2013.0,94.68118
Thailand,2016.0,80.13943
Togo,2006.0,4.71322
Togo,2010.0,3.313
Togo,2014.0,4.42162
Tunisia,2012.0,67.04266
Turkey,2004.0,36.07665
Turkey,2014.0,94.68948
Turkmenistan,2016.0,100.0
Uganda,2006.0,5.18601
Uganda,2011.0,7.73644
Uganda,2016.0,9.16107
Ukraine,2007.0,97.99084
Ukraine,2013.0,99.44601
North Macedonia,2011.0,99.16228
Egypt,2005.0,56.99389
Egypt,2009.0,59.80061
Egypt,2014.0,74.93607
Tanzania,2004.0,0.26568
Tanzania,2010.0,1.23863
Tanzania,2015.0,5.87804
Burkina Faso,2006.0,1.18606
Burkina Faso,2010.0,0.27619
Uruguay,2008.0,62.88
Uruguay,2009.0,55.6
Uruguay,2010.0,69.4
Uruguay,2011.0,63.61
Uruguay,2014.0,64.45
Uruguay,2015.0,71.49
Uruguay,2016.0,78.66
Uruguay,2017.0,72.63
Uruguay,2018.0,79.34
Uzbekistan,2006.0,97.37872
Yemen,2006.0,11.98695
Yemen,2013.0,23.039
Zambia,2001.0,10.43756
Zambia,2007.0,11.671
Zambia,2013.0,25.32377
