country,year,value
Afghanistan,2017.0,24315.0
Afghanistan,2018.0,3400.0
Afghanistan,2019.0,164142.0
Albania,2005.0,668.0
Albania,2006.0,194.0
Albania,2007.0,104.0
Albania,2008.0,180.0
Albania,2009.0,830.0
Albania,2010.0,1257.0
Albania,2011.0,251.0
Albania,2012.0,140.0
Albania,2013.0,64.0
Albania,2014.0,128.0
Albania,2015.0,27.0
Albania,2016.0,0.0
Albania,2017.0,0.0
Albania,2018.0,120.0
Albania,2019.0,45.0
Albania,2020.0,47.0
Algeria,2005.0,0.0
Algeria,2006.0,0.0
Algeria,2007.0,0.0
Algeria,2008.0,0.0
Algeria,2009.0,0.0
Algeria,2010.0,0.0
Algeria,2011.0,0.0
Algeria,2012.0,0.0
Algeria,2013.0,0.0
Algeria,2014.0,0.0
Algeria,2015.0,0.0
Algeria,2016.0,0.0
Algeria,2017.0,0.0
Algeria,2018.0,0.0
Algeria,2019.0,2496.0
Algeria,2020.0,0.0
American Samoa,2009.0,0.0
American Samoa,2014.0,0.0
American Samoa,2015.0,0.0
American Samoa,2018.0,224.0
American Samoa,2019.0,0.0
American Samoa,2020.0,8.0
Angola,2005.0,4738.0
Angola,2006.0,10757.0
Angola,2007.0,18979.0
Angola,2008.0,94046.0
Angola,2009.0,9389.0
Angola,2010.0,12931.0
Angola,2011.0,134381.0
Angola,2012.0,11381.0
Angola,2013.0,11630.0
Angola,2014.0,6317.0
Angola,2015.0,18972.0
Angola,2016.0,57586.0
Angola,2017.0,9389.0
Angola,2018.0,12725.0
Angola,2019.0,0.0
Angola,2020.0,0.0
Antigua and Barbuda,2005.0,0.0
Antigua and Barbuda,2008.0,36.0
Antigua and Barbuda,2009.0,4.0
Antigua and Barbuda,2010.0,16.0
Antigua and Barbuda,2011.0,4.0
Antigua and Barbuda,2012.0,16.0
Antigua and Barbuda,2013.0,24.0
Antigua and Barbuda,2014.0,28.0
Antigua and Barbuda,2017.0,0.0
Antigua and Barbuda,2020.0,0.0
Azerbaijan,2017.0,0.0
Argentina,2005.0,427.0
Argentina,2006.0,323.0
Argentina,2007.0,2186.0
Argentina,2008.0,173.0
Argentina,2009.0,3230.0
Argentina,2010.0,2640.0
Argentina,2011.0,57.0
Argentina,2012.0,4375.0
Argentina,2013.0,30000.0
Argentina,2014.0,3297.0
Argentina,2015.0,0.0
Argentina,2016.0,5454.0
Argentina,2017.0,0.0
Argentina,2018.0,0.0
Argentina,2019.0,0.0
Argentina,2020.0,0.0
Australia,2009.0,5663.0
Australia,2010.0,251.0
Australia,2011.0,476.0
Australia,2012.0,0.0
Australia,2013.0,0.0
Australia,2014.0,19.0
Australia,2015.0,1446.0
Australia,2016.0,624.0
Australia,2017.0,572.0
Australia,2018.0,377.0
Australia,2019.0,1342.0
Australia,2020.0,1250.0
Austria,2005.0,0.0
Austria,2006.0,0.0
Austria,2007.0,0.0
Austria,2008.0,0.0
Austria,2009.0,0.0
Austria,2010.0,0.0
Austria,2011.0,0.0
Austria,2012.0,0.0
Austria,2013.0,0.0
Austria,2014.0,0.0
Austria,2015.0,0.0
Austria,2016.0,0.0
Austria,2017.0,0.0
Austria,2018.0,1.0
Austria,2019.0,11.0
Austria,2020.0,4.0
Bangladesh,2005.0,0.0
Bangladesh,2006.0,0.0
Bangladesh,2007.0,0.0
Bangladesh,2008.0,0.0
Bangladesh,2009.0,0.0
Bangladesh,2010.0,0.0
Bangladesh,2011.0,0.0
Bangladesh,2012.0,0.0
Bangladesh,2013.0,0.0
Bangladesh,2014.0,0.0
Bangladesh,2015.0,96200.0
Bangladesh,2016.0,392310.0
Bangladesh,2017.0,683191.0
Bangladesh,2018.0,0.0
Bangladesh,2019.0,0.0
Bangladesh,2020.0,0.0
Armenia,2005.0,0.0
Armenia,2006.0,0.0
Armenia,2007.0,0.0
Armenia,2008.0,4.0
Armenia,2009.0,4.0
Armenia,2010.0,8.0
Armenia,2011.0,0.0
Armenia,2012.0,0.0
Armenia,2013.0,4.0
Armenia,2014.0,0.0
Armenia,2015.0,0.0
Armenia,2016.0,0.0
Armenia,2017.0,353.0
Armenia,2018.0,16.0
Armenia,2019.0,2.0
Armenia,2020.0,8.0
Barbados,2005.0,112.0
Barbados,2006.0,88.0
Barbados,2007.0,156.0
Barbados,2008.0,116.0
Barbados,2009.0,108.0
Barbados,2010.0,148.0
Barbados,2011.0,120.0
Barbados,2012.0,68.0
Barbados,2013.0,96.0
Barbados,2014.0,160.0
Barbados,2015.0,112.0
Barbados,2016.0,184.0
Barbados,2017.0,184.0
Barbados,2018.0,0.0
Bhutan,2005.0,60.0
Bhutan,2006.0,76.0
Bhutan,2007.0,67.0
Bhutan,2008.0,73.0
Bhutan,2009.0,79.0
Bhutan,2010.0,89.0
Bhutan,2011.0,115.0
Bhutan,2012.0,131.0
Bhutan,2013.0,164.0
Bhutan,2014.0,85.0
Bhutan,2015.0,64.0
Bhutan,2016.0,0.0
Bhutan,2017.0,90.0
Bhutan,2018.0,86.0
Bhutan,2019.0,0.0
Bolivia,2005.0,780.0
Bolivia,2006.0,589.0
Bolivia,2007.0,1068.0
Bolivia,2008.0,5371.0
Bolivia,2009.0,820.0
Bolivia,2010.0,881.0
Bolivia,2011.0,3963.0
Bolivia,2012.0,2058.0
Bolivia,2013.0,34.0
Bolivia,2014.0,1684.0
Bolivia,2015.0,0.0
Bolivia,2016.0,0.0
Bolivia,2017.0,466.0
Bolivia,2018.0,1814.0
Bolivia,2019.0,4228.0
Bolivia,2020.0,273.0
Bosnia and Herzegovina,2017.0,0.0
Botswana,2013.0,0.0
Botswana,2014.0,0.0
Botswana,2015.0,0.0
Botswana,2016.0,0.0
Botswana,2017.0,2161.0
Botswana,2018.0,2035.0
Brazil,2005.0,61822.0
Brazil,2006.0,54680.0
Brazil,2007.0,37763.0
Brazil,2008.0,135238.0
Brazil,2009.0,238741.0
Brazil,2010.0,131853.0
Brazil,2011.0,69611.0
Brazil,2012.0,71105.0
Brazil,2013.0,207556.0
Brazil,2014.0,66579.0
Brazil,2015.0,88173.0
Brazil,2016.0,17028.0
Brazil,2017.0,40481.0
Belize,2005.0,0.0
Belize,2007.0,0.0
Belize,2008.0,84.0
Belize,2009.0,4.0
Belize,2010.0,524.0
Belize,2011.0,0.0
Solomon Islands,2006.0,0.0
Solomon Islands,2007.0,7324.0
Solomon Islands,2008.0,0.0
Solomon Islands,2009.0,68.0
Solomon Islands,2010.0,740.0
Solomon Islands,2011.0,16.0
Solomon Islands,2012.0,120.0
Solomon Islands,2013.0,26.0
Solomon Islands,2014.0,0.0
Solomon Islands,2015.0,2364.0
Solomon Islands,2016.0,69.0
Solomon Islands,2017.0,365.0
Solomon Islands,2018.0,256.0
Solomon Islands,2019.0,701.0
Solomon Islands,2020.0,437.0
Bulgaria,2005.0,622.0
Bulgaria,2006.0,0.0
Bulgaria,2007.0,50.0
Bulgaria,2008.0,0.0
Bulgaria,2009.0,0.0
Bulgaria,2010.0,3.0
Bulgaria,2011.0,0.0
Bulgaria,2012.0,394.0
Bulgaria,2013.0,0.0
Bulgaria,2014.0,153.0
Bulgaria,2015.0,8.0
Bulgaria,2016.0,87.0
Bulgaria,2017.0,3.0
Bulgaria,2018.0,2.0
Bulgaria,2019.0,0.0
Bulgaria,2020.0,0.0
Myanmar,2005.0,0.0
Myanmar,2006.0,0.0
Myanmar,2007.0,0.0
Myanmar,2008.0,5500000.0
Myanmar,2009.0,0.0
Myanmar,2010.0,0.0
Myanmar,2011.0,0.0
Myanmar,2012.0,0.0
Myanmar,2013.0,0.0
Myanmar,2014.0,0.0
Myanmar,2015.0,0.0
Myanmar,2016.0,0.0
Myanmar,2017.0,0.0
Myanmar,2018.0,0.0
Myanmar,2019.0,58344.0
Myanmar,2020.0,664.0
Burundi,2015.0,728.0
Burundi,2016.0,494.0
Burundi,2017.0,532.0
Burundi,2018.0,32061.0
Belarus,2015.0,0.0
Belarus,2016.0,0.0
Belarus,2017.0,0.0
Belarus,2018.0,0.0
Belarus,2019.0,0.0
Belarus,2020.0,0.0
Cambodia,2005.0,4335.0
Cambodia,2006.0,2275.0
Cambodia,2007.0,5156.0
Cambodia,2008.0,7298.0
Cambodia,2009.0,9603.0
Cambodia,2010.0,12295.0
Cambodia,2011.0,4478.0
Cambodia,2012.0,4437.0
Cambodia,2013.0,12173.0
Cambodia,2014.0,2832.0
Cambodia,2015.0,8505.0
Cambodia,2016.0,593.0
Cambodia,2017.0,1067.0
Cambodia,2018.0,0.0
Cambodia,2019.0,11390.0
Cambodia,2020.0,14.0
Cameroon,2005.0,15.0
Cameroon,2006.0,0.0
Cameroon,2007.0,102.0
Cameroon,2008.0,60.0
Cameroon,2009.0,2500.0
Cameroon,2010.0,1085.0
Cameroon,2011.0,200.0
Cameroon,2012.0,222.0
Cameroon,2013.0,0.0
Cameroon,2014.0,765.0
Cameroon,2015.0,0.0
Cameroon,2016.0,32.0
Cameroon,2017.0,100.0
Cameroon,2018.0,256.0
Cameroon,2019.0,38432.0
Cameroon,2020.0,0.0
Canada,2017.0,0.0
Canada,2018.0,0.0
Cape Verde,2006.0,0.0
Cape Verde,2008.0,0.0
Cape Verde,2009.0,4.0
Cape Verde,2014.0,936.0
Cape Verde,2015.0,0.0
Cape Verde,2017.0,4.0
Sri Lanka,2005.0,4792.0
Sri Lanka,2006.0,8420.0
Sri Lanka,2007.0,9332.0
Sri Lanka,2008.0,58656.0
Sri Lanka,2009.0,0.0
Sri Lanka,2010.0,0.0
Sri Lanka,2011.0,0.0
Sri Lanka,2012.0,0.0
Sri Lanka,2013.0,0.0
Sri Lanka,2014.0,0.0
Sri Lanka,2015.0,0.0
Sri Lanka,2016.0,0.0
Sri Lanka,2017.0,0.0
Sri Lanka,2018.0,0.0
Sri Lanka,2019.0,0.0
Sri Lanka,2020.0,852.0
Chile,2005.0,7336.0
Chile,2006.0,2648.0
Chile,2007.0,12048.0
Chile,2008.0,652.0
Chile,2009.0,0.0
Chile,2010.0,325776.0
Chile,2011.0,896.0
Chile,2012.0,492.0
Chile,2013.0,0.0
Chile,2014.0,18392.0
Chile,2015.0,15032.0
Chile,2016.0,8.0
Chile,2017.0,10548.0
Chile,2018.0,0.0
Chile,2019.0,0.0
Chile,2020.0,0.0
China,2015.0,601459.0
China,2016.0,1056449.0
China,2017.0,378071.0
China,2018.0,266675.0
China,2019.0,311371.0
China,2020.0,305455.0
Colombia,2005.0,51031.0
Colombia,2006.0,13181.0
Colombia,2007.0,14692.0
Colombia,2008.0,27715.0
Colombia,2009.0,12043.0
Colombia,2010.0,46520.0
Colombia,2011.0,30006.0
Colombia,2012.0,10769.0
Colombia,2013.0,10945.0
Colombia,2014.0,8466.0
Colombia,2015.0,9560.0
Colombia,2016.0,3511.0
Colombia,2017.0,5593.0
Colombia,2018.0,3421.0
Colombia,2019.0,3977.0
Colombia,2020.0,6921.0
Comoros,2005.0,0.0
Comoros,2006.0,0.0
Comoros,2007.0,0.0
Comoros,2008.0,0.0
Comoros,2009.0,70.0
Comoros,2011.0,0.0
Comoros,2012.0,634.0
Comoros,2013.0,0.0
Comoros,2014.0,9.0
Comoros,2015.0,40.0
Comoros,2016.0,0.0
Comoros,2017.0,23.0
Comoros,2018.0,0.0
Comoros,2019.0,18477.0
Cook Islands,2005.0,560.0
Cook Islands,2007.0,0.0
Cook Islands,2009.0,0.0
Cook Islands,2010.0,2672.0
Cook Islands,2020.0,0.0
Costa Rica,2005.0,1890.0
Costa Rica,2006.0,108.0
Costa Rica,2007.0,429.0
Costa Rica,2008.0,616189.0
Costa Rica,2009.0,97.0
Costa Rica,2010.0,5351.0
Costa Rica,2011.0,0.0
Costa Rica,2012.0,1348.0
Costa Rica,2013.0,0.0
Costa Rica,2014.0,0.0
Costa Rica,2015.0,19.0
Costa Rica,2016.0,987.0
Costa Rica,2017.0,4155.0
Costa Rica,2018.0,0.0
Costa Rica,2019.0,0.0
Costa Rica,2020.0,1660.0
Croatia,2016.0,0.0
Croatia,2017.0,0.0
Cuba,2005.0,85059.0
Cuba,2006.0,390.0
Cuba,2007.0,10419.0
Cuba,2008.0,254211.0
Cuba,2012.0,68115.0
Cuba,2014.0,0.0
Cuba,2015.0,0.0
Cuba,2016.0,24936.0
Cuba,2017.0,49017.0
Cuba,2018.0,1218.0
Cyprus,2005.0,0.0
Cyprus,2006.0,0.0
Cyprus,2007.0,0.0
Cyprus,2008.0,0.0
Cyprus,2009.0,0.0
Cyprus,2010.0,0.0
Cyprus,2011.0,0.0
Cyprus,2012.0,0.0
Cyprus,2013.0,0.0
Cyprus,2014.0,0.0
Cyprus,2015.0,0.0
Cyprus,2016.0,0.0
Cyprus,2017.0,0.0
Cyprus,2018.0,0.0
Cyprus,2019.0,0.0
Cyprus,2020.0,0.0
Czechia,2015.0,0.0
Czechia,2016.0,0.0
Czechia,2017.0,0.0
Benin,2005.0,0.0
Benin,2006.0,0.0
Benin,2007.0,0.0
Benin,2008.0,0.0
Benin,2009.0,0.0
Benin,2010.0,82615.0
Benin,2011.0,6605.0
Benin,2012.0,7430.0
Benin,2013.0,585.0
Benin,2014.0,1465.0
Benin,2015.0,0.0
Benin,2016.0,2605.0
Benin,2017.0,3100.0
Benin,2018.0,5460.0
Benin,2019.0,24140.0
Benin,2020.0,11880.0
Denmark,2015.0,0.0
Denmark,2016.0,0.0
Denmark,2017.0,0.0
Denmark,2018.0,0.0
Denmark,2019.0,0.0
Denmark,2020.0,0.0
Dominica,2007.0,172.0
Dominica,2009.0,4.0
Dominica,2010.0,32.0
Dominica,2011.0,108.0
Dominica,2012.0,16.0
Dominica,2013.0,0.0
Dominica,2014.0,8.0
Ecuador,2005.0,367.0
Ecuador,2006.0,919.0
Ecuador,2007.0,2034.0
Ecuador,2008.0,1786.0
Ecuador,2009.0,1102.0
Ecuador,2010.0,0.0
Ecuador,2011.0,0.0
Ecuador,2012.0,4.0
Ecuador,2013.0,0.0
Ecuador,2014.0,0.0
Ecuador,2015.0,0.0
Ecuador,2016.0,23854.0
Ecuador,2017.0,4.0
Ecuador,2018.0,0.0
Ecuador,2019.0,0.0
Ecuador,2020.0,0.0
El Salvador,2005.0,1006.0
El Salvador,2006.0,4134.0
El Salvador,2007.0,452.0
El Salvador,2008.0,1336.0
El Salvador,2009.0,1714.0
El Salvador,2010.0,906.0
El Salvador,2011.0,2307.0
El Salvador,2012.0,21.0
El Salvador,2013.0,50.0
El Salvador,2014.0,54.0
El Salvador,2015.0,0.0
Equatorial Guinea,2010.0,0.0
Equatorial Guinea,2012.0,0.0
Equatorial Guinea,2013.0,0.0
Equatorial Guinea,2014.0,0.0
Equatorial Guinea,2015.0,0.0
Equatorial Guinea,2016.0,1008.0
Equatorial Guinea,2017.0,108.0
Equatorial Guinea,2018.0,0.0
Equatorial Guinea,2019.0,0.0
Ethiopia,2005.0,34.0
Ethiopia,2006.0,0.0
Ethiopia,2007.0,34.0
Ethiopia,2008.0,10.0
Ethiopia,2009.0,8.0
Ethiopia,2010.0,738.0
Ethiopia,2011.0,0.0
Ethiopia,2012.0,16.0
Ethiopia,2013.0,0.0
Ethiopia,2014.0,6.0
Ethiopia,2015.0,181.0
Ethiopia,2016.0,0.0
Ethiopia,2017.0,0.0
Ethiopia,2018.0,220789.0
Ethiopia,2019.0,20363.0
Estonia,2005.0,0.0
Estonia,2006.0,0.0
Estonia,2007.0,0.0
Estonia,2008.0,0.0
Estonia,2009.0,0.0
Estonia,2010.0,0.0
Estonia,2011.0,0.0
Estonia,2012.0,0.0
Estonia,2013.0,0.0
Estonia,2014.0,0.0
Estonia,2015.0,0.0
Estonia,2016.0,0.0
Estonia,2017.0,0.0
Estonia,2018.0,0.0
Fiji,2005.0,0.0
Fiji,2006.0,0.0
Fiji,2007.0,14.0
Fiji,2008.0,5.0
Fiji,2009.0,607.0
Fiji,2010.0,2341.0
Fiji,2011.0,110.0
Fiji,2012.0,9398.0
Fiji,2014.0,0.0
Fiji,2015.0,0.0
Fiji,2016.0,50779.0
Fiji,2017.0,0.0
Fiji,2018.0,865.0
Fiji,2019.0,24.0
Fiji,2020.0,14407.0
Finland,2005.0,58.0
Finland,2006.0,98.0
Finland,2007.0,64.0
Finland,2008.0,68.0
Finland,2009.0,59.0
Finland,2010.0,59.0
Finland,2011.0,44.0
Finland,2012.0,36.0
Finland,2013.0,58.0
Finland,2014.0,54.0
Finland,2015.0,43.0
Finland,2016.0,55.0
Finland,2017.0,33.0
Finland,2018.0,70.0
Finland,2019.0,0.0
France,2015.0,0.0
France,2016.0,0.0
France,2017.0,0.0
France,2018.0,0.0
France,2019.0,0.0
French Polynesia,2007.0,0.0
Djibouti,2005.0,0.0
Djibouti,2006.0,0.0
Djibouti,2007.0,0.0
Djibouti,2008.0,0.0
Djibouti,2009.0,0.0
Djibouti,2010.0,0.0
Djibouti,2011.0,0.0
Djibouti,2012.0,0.0
Georgia,2017.0,14.0
Georgia,2018.0,0.0
Georgia,2019.0,0.0
Georgia,2020.0,0.0
Gambia,2005.0,0.0
Gambia,2006.0,0.0
Gambia,2007.0,0.0
Gambia,2008.0,0.0
Gambia,2009.0,0.0
Gambia,2010.0,824.0
Gambia,2012.0,0.0
Gambia,2013.0,0.0
Gambia,2015.0,751.0
Gambia,2016.0,4165.0
Gambia,2017.0,2799.0
Gambia,2018.0,9623.0
Gambia,2019.0,18034.0
Palestine,2005.0,0.0
Palestine,2006.0,0.0
Palestine,2007.0,0.0
Palestine,2008.0,0.0
Palestine,2009.0,0.0
Palestine,2010.0,0.0
Palestine,2011.0,0.0
Palestine,2012.0,0.0
Palestine,2013.0,317.0
Palestine,2015.0,0.0
Palestine,2016.0,0.0
Palestine,2017.0,0.0
Palestine,2018.0,3.0
Germany,2015.0,0.0
Germany,2017.0,0.0
Germany,2018.0,0.0
Ghana,2011.0,0.0
Ghana,2012.0,2731.0
Ghana,2013.0,7.0
Ghana,2014.0,0.0
Ghana,2015.0,104.0
Ghana,2016.0,0.0
Ghana,2017.0,0.0
Ghana,2018.0,0.0
Ghana,2019.0,45252.0
Ghana,2020.0,29443.0
Kiribati,2008.0,0.0
Kiribati,2014.0,0.0
Kiribati,2015.0,65.0
Kiribati,2016.0,0.0
Kiribati,2018.0,0.0
Kiribati,2019.0,0.0
Kiribati,2020.0,6.0
Grenada,2005.0,1348.0
Grenada,2007.0,0.0
Grenada,2008.0,0.0
Grenada,2009.0,0.0
Grenada,2010.0,0.0
Grenada,2011.0,4.0
Grenada,2012.0,0.0
Grenada,2014.0,0.0
Grenada,2019.0,0.0
Guam,2015.0,0.0
Guatemala,2005.0,0.0
Guatemala,2006.0,0.0
Guatemala,2007.0,0.0
Guatemala,2008.0,1188.0
Guatemala,2009.0,392.0
Guatemala,2010.0,11387.0
Guatemala,2011.0,1071.0
Guatemala,2012.0,20083.0
Guatemala,2013.0,876.0
Guatemala,2014.0,11185.0
Guatemala,2015.0,1927.0
Guatemala,2016.0,748.0
Guatemala,2017.0,12244.0
Guatemala,2018.0,928.0
Guatemala,2019.0,4573.0
Guatemala,2020.0,136551.0
Guinea,2014.0,0.0
Guinea,2015.0,0.0
Guyana,2005.0,121.0
Guyana,2006.0,160.0
Guyana,2007.0,164.0
Guyana,2008.0,147.0
Guyana,2009.0,156.0
Guyana,2010.0,208.0
Guyana,2011.0,487.0
Guyana,2012.0,131.0
Guyana,2013.0,0.0
Honduras,2005.0,2085.0
Honduras,2006.0,420.0
Honduras,2007.0,2305.0
Honduras,2008.0,12370.0
Honduras,2009.0,8495.0
Honduras,2010.0,4250.0
Honduras,2011.0,5.0
Honduras,2012.0,525.0
Honduras,2013.0,840.0
Honduras,2014.0,445.0
Honduras,2015.0,450.0
Honduras,2016.0,840.0
Honduras,2017.0,1885.0
Honduras,2018.0,770.0
Honduras,2019.0,0.0
Honduras,2020.0,51050.0
Hungary,2020.0,0.0
India,2005.0,0.0
India,2006.0,0.0
India,2007.0,0.0
India,2008.0,0.0
India,2009.0,0.0
India,2010.0,0.0
India,2011.0,0.0
India,2012.0,0.0
India,2013.0,0.0
India,2014.0,0.0
India,2015.0,0.0
India,2016.0,0.0
India,2017.0,0.0
India,2018.0,0.0
India,2019.0,0.0
India,2020.0,0.0
Indonesia,2005.0,307050.0
Indonesia,2006.0,814925.0
Indonesia,2007.0,322180.0
Indonesia,2008.0,60420.0
Indonesia,2009.0,1021340.0
Indonesia,2010.0,100420.0
Indonesia,2011.0,67745.0
Indonesia,2012.0,53430.0
Indonesia,2013.0,88635.0
Indonesia,2014.0,100395.0
Indonesia,2015.0,26085.0
Indonesia,2016.0,45145.0
Indonesia,2017.0,52260.0
Indonesia,2018.0,752565.0
Indonesia,2019.0,61703.0
Indonesia,2020.0,50184.0
Iran,2005.0,30091.0
Iran,2006.0,150484.0
Iran,2007.0,0.0
Iran,2008.0,228.0
Iran,2009.0,0.0
Iran,2010.0,7.0
Iran,2011.0,120.0
Iraq,2007.0,0.0
Iraq,2008.0,0.0
Iraq,2009.0,0.0
Iraq,2010.0,0.0
Iraq,2011.0,0.0
Iraq,2012.0,0.0
Iraq,2013.0,0.0
Iraq,2014.0,0.0
Iraq,2015.0,0.0
Iraq,2016.0,0.0
Iraq,2017.0,0.0
Iraq,2018.0,13.0
Ireland,2015.0,0.0
Ireland,2016.0,0.0
Ireland,2017.0,0.0
Italy,2010.0,0.0
Italy,2011.0,0.0
Italy,2012.0,0.0
Italy,2013.0,0.0
Italy,2014.0,0.0
Italy,2015.0,0.0
Italy,2016.0,0.0
Italy,2017.0,0.0
Italy,2018.0,0.0
Italy,2019.0,0.0
Italy,2020.0,0.0
Cote d'Ivoire,2005.0,18.0
Cote d'Ivoire,2006.0,0.0
Cote d'Ivoire,2007.0,30.0
Cote d'Ivoire,2008.0,0.0
Cote d'Ivoire,2009.0,0.0
Cote d'Ivoire,2010.0,18.0
Cote d'Ivoire,2011.0,0.0
Cote d'Ivoire,2012.0,0.0
Cote d'Ivoire,2013.0,0.0
Cote d'Ivoire,2014.0,0.0
Cote d'Ivoire,2015.0,0.0
Jamaica,2005.0,161.0
Jamaica,2006.0,51.0
Jamaica,2007.0,10415.0
Jamaica,2008.0,1899.0
Jamaica,2009.0,0.0
Jamaica,2010.0,172.0
Jamaica,2011.0,0.0
Jamaica,2012.0,1725.0
Jamaica,2014.0,0.0
Jamaica,2020.0,0.0
Japan,2005.0,0.0
Japan,2006.0,0.0
Japan,2007.0,0.0
Japan,2008.0,0.0
Japan,2009.0,0.0
Japan,2010.0,0.0
Japan,2011.0,0.0
Japan,2012.0,0.0
Japan,2013.0,0.0
Japan,2014.0,0.0
Japan,2015.0,310.0
Japan,2016.0,14219.0
Japan,2017.0,888.0
Japan,2018.0,18309.0
Japan,2019.0,7602.0
Japan,2020.0,0.0
Kazakhstan,2005.0,0.0
Kazakhstan,2006.0,0.0
Kazakhstan,2007.0,0.0
Kazakhstan,2008.0,0.0
Kazakhstan,2009.0,0.0
Kazakhstan,2010.0,0.0
Kazakhstan,2011.0,0.0
Kazakhstan,2012.0,0.0
Kazakhstan,2013.0,0.0
Kazakhstan,2014.0,0.0
Kazakhstan,2015.0,0.0
Kazakhstan,2016.0,0.0
Kazakhstan,2017.0,90.0
Kazakhstan,2018.0,552.0
Kazakhstan,2019.0,0.0
Kazakhstan,2020.0,6526.0
Jordan,2005.0,0.0
Jordan,2006.0,20.0
Jordan,2007.0,0.0
Jordan,2008.0,4.0
Jordan,2009.0,0.0
Jordan,2010.0,4.0
Jordan,2011.0,0.0
Jordan,2012.0,0.0
Jordan,2013.0,169.0
Jordan,2014.0,193.0
Jordan,2015.0,236.0
Jordan,2016.0,14.0
Jordan,2017.0,145.0
Jordan,2018.0,202.0
Jordan,2019.0,0.0
Jordan,2020.0,0.0
Kenya,2005.0,0.0
Kenya,2006.0,2187.0
Kenya,2007.0,0.0
Kenya,2008.0,908.0
Kenya,2009.0,40636.0
Kenya,2010.0,35389.0
Kenya,2011.0,4.0
Kenya,2012.0,11461.0
Kenya,2013.0,822.0
Kenya,2014.0,1240.0
Kenya,2015.0,16912.0
Kenya,2016.0,1840.0
Kenya,2017.0,20.0
Kenya,2019.0,0.0
Kenya,2020.0,1352.0
South Korea,2005.0,844.0
South Korea,2006.0,1469.0
South Korea,2007.0,246.0
South Korea,2008.0,80.0
South Korea,2009.0,86.0
South Korea,2010.0,133.0
South Korea,2011.0,457.0
South Korea,2012.0,692.0
South Korea,2013.0,30.0
South Korea,2014.0,50.0
South Korea,2015.0,5.0
South Korea,2016.0,67.0
South Korea,2017.0,1800.0
South Korea,2018.0,28.0
South Korea,2019.0,166.0
South Korea,2020.0,101896.0
Kuwait,2005.0,0.0
Kuwait,2006.0,0.0
Kuwait,2007.0,0.0
Kuwait,2008.0,0.0
Kuwait,2009.0,0.0
Kuwait,2010.0,0.0
Kuwait,2011.0,0.0
Kuwait,2012.0,0.0
Kuwait,2013.0,0.0
Kuwait,2014.0,0.0
Kuwait,2015.0,0.0
Kuwait,2016.0,0.0
Kuwait,2017.0,0.0
Kuwait,2020.0,0.0
Kyrgyzstan,2005.0,1339.0
Kyrgyzstan,2006.0,0.0
Kyrgyzstan,2007.0,0.0
Kyrgyzstan,2008.0,0.0
Kyrgyzstan,2009.0,0.0
Kyrgyzstan,2010.0,0.0
Kyrgyzstan,2011.0,0.0
Kyrgyzstan,2012.0,56.0
Kyrgyzstan,2013.0,0.0
Kyrgyzstan,2014.0,0.0
Kyrgyzstan,2015.0,184.0
Kyrgyzstan,2016.0,110.0
Kyrgyzstan,2017.0,54.0
Kyrgyzstan,2018.0,17.0
Kyrgyzstan,2019.0,140.0
Kyrgyzstan,2020.0,14.0
Laos,2005.0,268.0
Laos,2006.0,1409.0
Laos,2007.0,4310.0
Laos,2008.0,13544.0
Laos,2009.0,13476.0
Laos,2010.0,23346.0
Laos,2011.0,87232.0
Laos,2012.0,2134.0
Lebanon,2005.0,4.0
Lebanon,2006.0,0.0
Lebanon,2007.0,0.0
Lebanon,2008.0,4.0
Lebanon,2009.0,8.0
Lebanon,2010.0,0.0
Lebanon,2011.0,0.0
Lebanon,2012.0,0.0
Lebanon,2013.0,12.0
Lebanon,2014.0,0.0
Lebanon,2015.0,0.0
Lebanon,2016.0,0.0
Lebanon,2017.0,0.0
Lebanon,2018.0,10.0
Lebanon,2019.0,0.0
Lebanon,2020.0,0.0
Liberia,2014.0,0.0
Liberia,2015.0,0.0
Liberia,2016.0,0.0
Liberia,2020.0,8488.0
Luxembourg,2014.0,0.0
Luxembourg,2017.0,0.0
Luxembourg,2018.0,0.0
Madagascar,2005.0,0.0
Madagascar,2006.0,0.0
Madagascar,2007.0,262807.0
Madagascar,2008.0,633061.0
Madagascar,2009.0,5835.0
Madagascar,2010.0,130365.0
Madagascar,2011.0,42390.0
Madagascar,2012.0,232117.0
Madagascar,2013.0,34378.0
Madagascar,2014.0,3706.0
Madagascar,2015.0,37806.0
Madagascar,2016.0,189.0
Madagascar,2017.0,230032.0
Madagascar,2018.0,52523.0
Malawi,2005.0,14114.0
Malawi,2006.0,71459.0
Malawi,2007.0,17210.0
Malawi,2008.0,874.0
Malawi,2009.0,53459.0
Malawi,2010.0,0.0
Malawi,2011.0,13589.0
Malawi,2012.0,12543.0
Malawi,2013.0,12874.0
Malawi,2014.0,689.0
Malawi,2015.0,0.0
Malawi,2016.0,0.0
Malawi,2017.0,0.0
Malawi,2018.0,21541.0
Malawi,2019.0,42109.0
Malawi,2020.0,491.0
Malaysia,2005.0,0.0
Malaysia,2006.0,0.0
Malaysia,2007.0,0.0
Malaysia,2008.0,0.0
Malaysia,2009.0,0.0
Malaysia,2010.0,0.0
Malaysia,2011.0,0.0
Malaysia,2012.0,0.0
Malaysia,2013.0,0.0
Malaysia,2014.0,0.0
Malaysia,2015.0,0.0
Malaysia,2016.0,41016.0
Malaysia,2017.0,0.0
Malaysia,2018.0,0.0
Malaysia,2019.0,0.0
Malaysia,2020.0,0.0
Maldives,2005.0,12.0
Maldives,2006.0,44.0
Maldives,2007.0,55.0
Maldives,2008.0,14.0
Maldives,2017.0,60.0
Maldives,2019.0,0.0
Mali,2005.0,0.0
Mali,2006.0,5789.0
Mali,2007.0,33012.0
Mali,2008.0,4657.0
Mali,2009.0,19622.0
Mali,2010.0,60373.0
Mali,2011.0,12874.0
Mali,2012.0,58517.0
Mali,2013.0,5121.0
Mali,2014.0,89.0
Mali,2017.0,57620.0
Mali,2018.0,0.0
Mauritania,2017.0,0.0
Mauritius,2005.0,23.0
Mauritius,2006.0,15.0
Mauritius,2007.0,30.0
Mauritius,2008.0,0.0
Mauritius,2009.0,15.0
Mauritius,2010.0,4.0
Mauritius,2011.0,11.0
Mauritius,2012.0,14.0
Mauritius,2013.0,67.0
Mauritius,2014.0,0.0
Mauritius,2020.0,0.0
Mexico,2005.0,0.0
Mexico,2006.0,0.0
Mexico,2007.0,0.0
Mexico,2008.0,0.0
Mexico,2009.0,0.0
Mexico,2010.0,0.0
Mexico,2011.0,0.0
Mexico,2012.0,0.0
Mexico,2013.0,0.0
Mexico,2014.0,0.0
Mexico,2015.0,0.0
Mexico,2016.0,0.0
Mexico,2017.0,243920.0
Mexico,2018.0,996.0
Mexico,2019.0,1080.0
Mexico,2020.0,3284.0
Monaco,2017.0,0.0
Monaco,2018.0,0.0
Monaco,2019.0,0.0
Mongolia,2005.0,5006.0
Mongolia,2006.0,4697.0
Mongolia,2007.0,5808.0
Mongolia,2008.0,3882.0
Mongolia,2009.0,3753.0
Mongolia,2010.0,5803.0
Mongolia,2011.0,6035.0
Mongolia,2012.0,8044.0
Mongolia,2013.0,7550.0
Mongolia,2014.0,7502.0
Mongolia,2015.0,5787.0
Mongolia,2016.0,5782.0
Mongolia,2017.0,5433.0
Mongolia,2018.0,6094.0
Mongolia,2019.0,5973.0
Mongolia,2020.0,2834.0
Montenegro,2005.0,0.0
Montenegro,2006.0,0.0
Montenegro,2007.0,7.0
Montenegro,2008.0,0.0
Montenegro,2009.0,0.0
Montenegro,2010.0,0.0
Montenegro,2011.0,0.0
Montenegro,2012.0,130.0
Montenegro,2013.0,0.0
Montenegro,2014.0,0.0
Montenegro,2015.0,0.0
Montenegro,2016.0,0.0
Montenegro,2017.0,3.0
Montenegro,2018.0,0.0
Morocco,2005.0,0.0
Morocco,2006.0,0.0
Morocco,2007.0,0.0
Morocco,2008.0,0.0
Morocco,2009.0,0.0
Morocco,2010.0,0.0
Morocco,2011.0,0.0
Morocco,2012.0,0.0
Morocco,2013.0,0.0
Morocco,2014.0,0.0
Morocco,2015.0,44.0
Morocco,2016.0,40.0
Morocco,2017.0,27.0
Morocco,2018.0,44.0
Morocco,2019.0,26.0
Morocco,2020.0,0.0
Mozambique,2005.0,10129.0
Mozambique,2006.0,16284.0
Mozambique,2007.0,108997.0
Mozambique,2008.0,367898.0
Mozambique,2009.0,18761.0
Mozambique,2010.0,2938.0
Mozambique,2011.0,681.0
Mozambique,2012.0,5824.0
Mozambique,2015.0,67250.0
Mozambique,2016.0,47200.0
Mozambique,2017.0,153371.0
Mozambique,2018.0,64607.0
Mozambique,2019.0,0.0
Namibia,2008.0,0.0
Namibia,2009.0,0.0
Namibia,2011.0,0.0
Namibia,2012.0,0.0
Namibia,2013.0,0.0
Namibia,2015.0,0.0
Namibia,2016.0,192.0
Namibia,2017.0,157.0
Namibia,2018.0,0.0
Namibia,2019.0,0.0
Nepal,2005.0,7892.0
Nepal,2006.0,10496.0
Nepal,2007.0,51505.0
Nepal,2008.0,87290.0
Nepal,2009.0,20485.0
Nepal,2010.0,29031.0
Nepal,2011.0,7083.0
Nepal,2012.0,20708.0
Nepal,2013.0,11911.0
Nepal,2014.0,48983.0
Nepal,2015.0,3791247.0
Nepal,2016.0,16744.0
Nepal,2017.0,212613.0
Nepal,2018.0,12234.0
Nepal,2019.0,24111.0
Nepal,2020.0,9048.0
Netherlands,2017.0,0.0
Netherlands,2018.0,0.0
Netherlands,2019.0,0.0
New Caledonia,2009.0,0.0
New Caledonia,2011.0,0.0
New Caledonia,2017.0,0.0
New Caledonia,2018.0,0.0
New Caledonia,2019.0,0.0
New Caledonia,2020.0,0.0
Vanuatu,2005.0,0.0
Vanuatu,2006.0,0.0
Vanuatu,2007.0,4.0
Vanuatu,2008.0,0.0
Vanuatu,2009.0,204.0
Vanuatu,2010.0,472.0
Vanuatu,2011.0,196.0
Vanuatu,2012.0,28.0
Vanuatu,2014.0,0.0
Vanuatu,2015.0,0.0
Vanuatu,2017.0,120.0
Vanuatu,2018.0,8000.0
Vanuatu,2019.0,0.0
Vanuatu,2020.0,0.0
New Zealand,2005.0,0.0
New Zealand,2006.0,0.0
New Zealand,2007.0,0.0
New Zealand,2008.0,0.0
New Zealand,2009.0,0.0
New Zealand,2010.0,0.0
New Zealand,2011.0,0.0
New Zealand,2012.0,0.0
New Zealand,2013.0,0.0
New Zealand,2014.0,0.0
New Zealand,2015.0,3.0
New Zealand,2016.0,168.0
New Zealand,2017.0,67.0
New Zealand,2018.0,136.0
New Zealand,2019.0,3.0
New Zealand,2020.0,121.0
Nicaragua,2005.0,300.0
Nicaragua,2006.0,42.0
Nicaragua,2007.0,16222.0
Nicaragua,2008.0,9513.0
Nicaragua,2009.0,940.0
Nicaragua,2010.0,244.0
Nicaragua,2011.0,114.0
Nicaragua,2012.0,563.0
Nicaragua,2013.0,520.0
Niger,2005.0,21.0
Niger,2006.0,24570.0
Niger,2007.0,1302.0
Niger,2008.0,2268.0
Niger,2009.0,2240.0
Niger,2010.0,89964.0
Niger,2011.0,50281.0
Niger,2012.0,165375.0
Niger,2013.0,152327.0
Niger,2014.0,301.0
Niger,2015.0,96327.0
Niger,2016.0,110040.0
Niger,2017.0,108206.0
Niger,2018.0,150626.0
Niger,2019.0,0.0
Niue,2012.0,0.0
Niue,2020.0,0.0
Norway,2017.0,7713.0
Northern Mariana Islands,2014.0,0.0
Northern Mariana Islands,2015.0,0.0
Micronesia (country),2006.0,0.0
Micronesia (country),2008.0,0.0
Micronesia (country),2009.0,0.0
Micronesia (country),2011.0,0.0
Micronesia (country),2015.0,830.0
Micronesia (country),2016.0,0.0
Micronesia (country),2017.0,0.0
Micronesia (country),2018.0,50.0
Micronesia (country),2019.0,10000.0
Micronesia (country),2020.0,0.0
Marshall Islands,2006.0,0.0
Marshall Islands,2008.0,0.0
Marshall Islands,2011.0,0.0
Marshall Islands,2013.0,0.0
Marshall Islands,2014.0,0.0
Marshall Islands,2015.0,0.0
Marshall Islands,2016.0,0.0
Marshall Islands,2017.0,0.0
Marshall Islands,2018.0,0.0
Marshall Islands,2019.0,0.0
Marshall Islands,2020.0,0.0
Palau,2009.0,0.0
Palau,2011.0,0.0
Palau,2012.0,388.0
Pakistan,2005.0,0.0
Pakistan,2006.0,318162.0
Pakistan,2007.0,0.0
Pakistan,2008.0,0.0
Pakistan,2009.0,148654.0
Pakistan,2010.0,0.0
Pakistan,2011.0,0.0
Pakistan,2012.0,0.0
Pakistan,2013.0,0.0
Pakistan,2014.0,0.0
Pakistan,2015.0,0.0
Pakistan,2016.0,1433.0
Pakistan,2017.0,127.0
Pakistan,2018.0,3068.0
Pakistan,2019.0,0.0
Pakistan,2020.0,0.0
Panama,2005.0,1378.0
Panama,2006.0,1076.0
Panama,2007.0,1247.0
Panama,2008.0,7967.0
Panama,2009.0,451.0
Panama,2010.0,95.0
Panama,2011.0,497.0
Panama,2012.0,172.0
Panama,2013.0,217.0
Panama,2014.0,332.0
Panama,2015.0,49.0
Panama,2016.0,119.0
Panama,2017.0,12.0
Panama,2018.0,17.0
Panama,2019.0,67.0
Panama,2020.0,0.0
Papua New Guinea,2005.0,0.0
Papua New Guinea,2006.0,216.0
Papua New Guinea,2007.0,4188.0
Papua New Guinea,2008.0,17696.0
Papua New Guinea,2009.0,380.0
Papua New Guinea,2010.0,0.0
Papua New Guinea,2011.0,0.0
Papua New Guinea,2012.0,168.0
Papua New Guinea,2013.0,264.0
Papua New Guinea,2014.0,0.0
Papua New Guinea,2015.0,0.0
Papua New Guinea,2019.0,2100.0
Papua New Guinea,2020.0,20.0
Paraguay,2005.0,4.0
Paraguay,2006.0,646.0
Paraguay,2007.0,3654.0
Paraguay,2008.0,1439.0
Paraguay,2009.0,17.0
Paraguay,2010.0,251.0
Paraguay,2011.0,12741.0
Paraguay,2012.0,112.0
Paraguay,2013.0,2041.0
Paraguay,2014.0,16.0
Paraguay,2015.0,284.0
Paraguay,2016.0,0.0
Paraguay,2017.0,0.0
Paraguay,2018.0,4450.0
Paraguay,2019.0,0.0
Peru,2005.0,75472.0
Peru,2006.0,31230.0
Peru,2007.0,491701.0
Peru,2008.0,84405.0
Peru,2009.0,31578.0
Peru,2010.0,74352.0
Peru,2011.0,176325.0
Peru,2012.0,333824.0
Peru,2013.0,55027.0
Peru,2014.0,30505.0
Peru,2015.0,63690.0
Peru,2016.0,74482.0
Peru,2017.0,299882.0
Peru,2018.0,42979.0
Peru,2019.0,30701.0
Peru,2020.0,18210.0
Philippines,2005.0,3820.0
Philippines,2006.0,1886660.0
Philippines,2007.0,23355.0
Philippines,2008.0,680350.0
Philippines,2009.0,377690.0
Philippines,2010.0,189550.0
Philippines,2011.0,147620.0
Philippines,2012.0,551565.0
Philippines,2013.0,2962160.0
Philippines,2014.0,801665.0
Philippines,2015.0,649480.0
Philippines,2016.0,714090.0
Philippines,2017.0,43025.0
Philippines,2018.0,188455.0
Philippines,2019.0,796515.0
Philippines,2020.0,430795.0
Poland,2016.0,0.0
Poland,2017.0,0.0
Poland,2018.0,0.0
Poland,2019.0,0.0
Portugal,2015.0,0.0
Portugal,2016.0,0.0
Portugal,2017.0,0.0
Portugal,2018.0,0.0
Portugal,2019.0,0.0
Portugal,2020.0,0.0
Guinea-Bissau,2017.0,440.0
Guinea-Bissau,2018.0,0.0
Timor,2006.0,114873.0
Timor,2007.0,3805.0
Timor,2008.0,29.0
Timor,2009.0,193.0
Timor,2010.0,287.0
Timor,2011.0,1339.0
Timor,2012.0,691.0
Timor,2013.0,744.0
Timor,2014.0,2743.0
Timor,2015.0,3368.0
Timor,2016.0,242.0
Timor,2017.0,0.0
Qatar,2005.0,0.0
Qatar,2006.0,0.0
Qatar,2007.0,0.0
Qatar,2008.0,0.0
Qatar,2009.0,0.0
Qatar,2010.0,0.0
Qatar,2011.0,0.0
Qatar,2012.0,0.0
Qatar,2013.0,0.0
Qatar,2014.0,0.0
Qatar,2015.0,0.0
Qatar,2016.0,0.0
Qatar,2017.0,0.0
Qatar,2018.0,0.0
Qatar,2019.0,0.0
Qatar,2020.0,0.0
Romania,2005.0,4007.0
Romania,2006.0,2175.0
Romania,2007.0,950.0
Romania,2008.0,2541.0
Romania,2009.0,35.0
Romania,2010.0,1606.0
Romania,2011.0,85.0
Romania,2012.0,73.0
Romania,2013.0,134.0
Romania,2014.0,127.0
Romania,2015.0,49.0
Romania,2016.0,115.0
Romania,2017.0,46.0
Romania,2018.0,210.0
Romania,2019.0,0.0
Russia,2009.0,0.0
Russia,2010.0,0.0
Russia,2011.0,0.0
Russia,2012.0,0.0
Russia,2013.0,0.0
Russia,2014.0,0.0
Russia,2015.0,0.0
Russia,2016.0,0.0
Russia,2017.0,0.0
Russia,2018.0,0.0
Russia,2019.0,18421.0
Russia,2020.0,14.0
Rwanda,2016.0,320.0
Saint Kitts and Nevis,2005.0,0.0
Saint Kitts and Nevis,2006.0,20.0
Saint Kitts and Nevis,2007.0,0.0
Saint Kitts and Nevis,2008.0,60.0
Saint Kitts and Nevis,2010.0,4.0
Saint Kitts and Nevis,2011.0,12.0
Saint Kitts and Nevis,2012.0,8.0
Saint Kitts and Nevis,2013.0,4.0
Saint Kitts and Nevis,2014.0,0.0
Saint Lucia,2006.0,0.0
Saint Lucia,2007.0,0.0
Saint Lucia,2008.0,32.0
Saint Lucia,2009.0,0.0
Saint Lucia,2010.0,992.0
Saint Lucia,2011.0,4.0
Saint Lucia,2012.0,0.0
Saint Lucia,2013.0,0.0
Saint Lucia,2014.0,0.0
Saint Vincent and the Grenadines,2005.0,180.0
Saint Vincent and the Grenadines,2006.0,40.0
Saint Vincent and the Grenadines,2007.0,32.0
Saint Vincent and the Grenadines,2008.0,12.0
Saint Vincent and the Grenadines,2009.0,4.0
Saint Vincent and the Grenadines,2010.0,524.0
Saint Vincent and the Grenadines,2011.0,104.0
Saint Vincent and the Grenadines,2012.0,0.0
Saint Vincent and the Grenadines,2013.0,244.0
Saint Vincent and the Grenadines,2014.0,0.0
Saudi Arabia,2015.0,0.0
Saudi Arabia,2016.0,0.0
Saudi Arabia,2017.0,0.0
Saudi Arabia,2018.0,0.0
Saudi Arabia,2019.0,0.0
Saudi Arabia,2020.0,0.0
Senegal,2005.0,9.0
Senegal,2006.0,78.0
Senegal,2007.0,0.0
Senegal,2008.0,9.0
Senegal,2009.0,9.0
Senegal,2010.0,470.0
Senegal,2011.0,273.0
Senegal,2012.0,128.0
Senegal,2013.0,2190.0
Senegal,2014.0,699.0
Senegal,2015.0,0.0
Serbia,2005.0,1839.0
Serbia,2006.0,632.0
Serbia,2007.0,0.0
Serbia,2008.0,0.0
Serbia,2009.0,160.0
Serbia,2010.0,5854.0
Serbia,2011.0,177.0
Serbia,2012.0,26.0
Serbia,2013.0,12.0
Serbia,2014.0,1276.0
Serbia,2015.0,134.0
Serbia,2016.0,218.0
Serbia,2017.0,3.0
Serbia,2018.0,1636.0
Serbia,2019.0,199.0
Serbia,2020.0,459.0
Seychelles,2005.0,0.0
Seychelles,2006.0,0.0
Seychelles,2007.0,0.0
Seychelles,2008.0,2.0
Seychelles,2009.0,24.0
Seychelles,2010.0,0.0
Seychelles,2011.0,0.0
Seychelles,2012.0,0.0
Seychelles,2013.0,0.0
Seychelles,2014.0,0.0
Seychelles,2017.0,0.0
Seychelles,2018.0,0.0
Sierra Leone,2006.0,176.0
Sierra Leone,2009.0,906.0
Sierra Leone,2010.0,1795.0
Sierra Leone,2011.0,1750.0
Sierra Leone,2012.0,1839.0
Sierra Leone,2013.0,6743.0
Sierra Leone,2014.0,2273.0
Sierra Leone,2015.0,1612.0
Slovakia,2019.0,0.0
Vietnam,2005.0,14114.0
Vietnam,2006.0,311406.0
Vietnam,2007.0,55073.0
Vietnam,2008.0,20963.0
Vietnam,2009.0,262535.0
Vietnam,2010.0,989.0
Slovenia,2005.0,0.0
Slovenia,2006.0,0.0
Slovenia,2007.0,0.0
Slovenia,2008.0,64.0
Slovenia,2009.0,12.0
Slovenia,2010.0,16.0
Slovenia,2011.0,1.0
Slovenia,2012.0,36.0
Slovenia,2013.0,0.0
Slovenia,2014.0,0.0
Slovenia,2015.0,0.0
Slovenia,2016.0,7.0
Slovenia,2017.0,41.0
Slovenia,2018.0,4.0
Slovenia,2019.0,7.0
Slovenia,2020.0,9.0
Somalia,2005.0,235.0
Somalia,2006.0,0.0
Somalia,2008.0,420.0
Somalia,2009.0,300.0
Somalia,2010.0,6246.0
Somalia,2011.0,936.0
Somalia,2012.0,171.0
Somalia,2013.0,280.0
Somalia,2014.0,42.0
Somalia,2015.0,0.0
Somalia,2016.0,8352.0
Somalia,2017.0,0.0
Somalia,2018.0,0.0
Somalia,2019.0,0.0
Somalia,2020.0,0.0
South Africa,2005.0,0.0
South Africa,2006.0,0.0
South Africa,2007.0,11717.0
South Africa,2008.0,13262.0
South Africa,2009.0,0.0
South Africa,2010.0,0.0
South Africa,2011.0,12367.0
South Africa,2012.0,0.0
South Africa,2013.0,0.0
South Africa,2014.0,0.0
South Africa,2015.0,0.0
South Africa,2016.0,0.0
South Africa,2017.0,20935.0
South Africa,2018.0,0.0
South Africa,2019.0,0.0
South Africa,2020.0,0.0
Zimbabwe,2011.0,0.0
Zimbabwe,2017.0,0.0
Zimbabwe,2018.0,0.0
Zimbabwe,2019.0,234121.0
Spain,2005.0,0.0
Spain,2006.0,0.0
Spain,2007.0,0.0
Spain,2008.0,0.0
Spain,2009.0,0.0
Spain,2010.0,0.0
Spain,2011.0,0.0
Spain,2012.0,0.0
Spain,2013.0,0.0
Spain,2014.0,0.0
Spain,2015.0,0.0
Spain,2016.0,0.0
Spain,2017.0,0.0
Spain,2018.0,0.0
Spain,2019.0,0.0
South Sudan,2016.0,0.0
Sudan,2005.0,166667.0
Sudan,2006.0,360000.0
Sudan,2007.0,600000.0
Sudan,2008.0,360000.0
Sudan,2009.0,324000.0
Sudan,2010.0,270000.0
Sudan,2011.0,186000.0
Sudan,2012.0,135960.0
Sudan,2013.0,112020.0
Sudan,2014.0,85002.0
Sudan,2015.0,42000.0
Sudan,2016.0,30168.0
Sudan,2017.0,105325.0
Sudan,2018.0,107994.0
Sudan,2019.0,322487.0
Eswatini,2005.0,342.0
Eswatini,2006.0,636.0
Eswatini,2007.0,3618.0
Eswatini,2008.0,30.0
Eswatini,2009.0,30.0
Eswatini,2010.0,42.0
Eswatini,2011.0,12.0
Eswatini,2012.0,24.0
Eswatini,2013.0,0.0
Eswatini,2014.0,216.0
Eswatini,2015.0,0.0
Eswatini,2016.0,345.0
Eswatini,2017.0,240.0
Eswatini,2018.0,0.0
Eswatini,2019.0,1123.0
Eswatini,2020.0,405.0
Sweden,2005.0,0.0
Sweden,2006.0,0.0
Sweden,2007.0,0.0
Sweden,2008.0,0.0
Sweden,2009.0,0.0
Sweden,2010.0,0.0
Sweden,2011.0,0.0
Sweden,2012.0,0.0
Sweden,2013.0,0.0
Sweden,2014.0,0.0
Sweden,2015.0,0.0
Sweden,2016.0,0.0
Sweden,2017.0,0.0
Sweden,2018.0,0.0
Sweden,2019.0,0.0
Sweden,2020.0,0.0
Switzerland,2005.0,0.0
Switzerland,2006.0,0.0
Switzerland,2007.0,0.0
Switzerland,2008.0,0.0
Switzerland,2009.0,0.0
Switzerland,2010.0,0.0
Switzerland,2011.0,0.0
Switzerland,2012.0,0.0
Switzerland,2013.0,0.0
Switzerland,2014.0,0.0
Switzerland,2015.0,0.0
Switzerland,2016.0,0.0
Switzerland,2017.0,0.0
Switzerland,2018.0,0.0
Switzerland,2019.0,0.0
Syria,2005.0,12.0
Syria,2006.0,684.0
Syria,2007.0,4.0
Syria,2008.0,32.0
Syria,2009.0,4.0
Tajikistan,2015.0,1827.0
Tajikistan,2016.0,537.0
Tajikistan,2017.0,314.0
Tajikistan,2018.0,200.0
Tajikistan,2019.0,125.0
Tajikistan,2020.0,275.0
Thailand,2015.0,2690.0
Thailand,2016.0,1669.0
Thailand,2017.0,2307.0
Thailand,2018.0,54133.0
Togo,2005.0,0.0
Togo,2006.0,38.0
Togo,2007.0,0.0
Togo,2008.0,0.0
Togo,2009.0,0.0
Togo,2010.0,0.0
Togo,2011.0,0.0
Togo,2012.0,0.0
Togo,2013.0,0.0
Togo,2014.0,952.0
Togo,2015.0,0.0
Togo,2016.0,0.0
Togo,2017.0,0.0
Togo,2018.0,0.0
Togo,2019.0,1841.0
Togo,2020.0,25153.0
Tokelau,2005.0,0.0
Tokelau,2009.0,0.0
Tokelau,2011.0,0.0
Tonga,2005.0,0.0
Tonga,2006.0,0.0
Tonga,2007.0,0.0
Tonga,2008.0,0.0
Tonga,2009.0,0.0
Tonga,2010.0,0.0
Tonga,2011.0,96.0
Tonga,2012.0,0.0
Tonga,2013.0,0.0
Tonga,2014.0,2180.0
Tonga,2015.0,0.0
Tonga,2016.0,0.0
Tonga,2017.0,0.0
Tonga,2018.0,240.0
Tonga,2019.0,0.0
Tonga,2020.0,0.0
Trinidad and Tobago,2005.0,0.0
Trinidad and Tobago,2006.0,0.0
Trinidad and Tobago,2007.0,0.0
Trinidad and Tobago,2008.0,0.0
Trinidad and Tobago,2009.0,0.0
Trinidad and Tobago,2010.0,0.0
Trinidad and Tobago,2011.0,0.0
Trinidad and Tobago,2012.0,0.0
Trinidad and Tobago,2013.0,0.0
Trinidad and Tobago,2014.0,0.0
Trinidad and Tobago,2015.0,1129.0
Trinidad and Tobago,2016.0,1234.0
Trinidad and Tobago,2017.0,1439.0
Trinidad and Tobago,2018.0,742.0
Trinidad and Tobago,2019.0,914.0
Trinidad and Tobago,2020.0,0.0
United Arab Emirates,2007.0,0.0
United Arab Emirates,2008.0,0.0
United Arab Emirates,2009.0,0.0
United Arab Emirates,2010.0,0.0
United Arab Emirates,2011.0,0.0
United Arab Emirates,2012.0,0.0
United Arab Emirates,2013.0,0.0
United Arab Emirates,2014.0,0.0
United Arab Emirates,2015.0,0.0
United Arab Emirates,2016.0,0.0
United Arab Emirates,2017.0,0.0
United Arab Emirates,2018.0,160.0
United Arab Emirates,2019.0,120.0
United Arab Emirates,2020.0,5.0
Tunisia,2005.0,0.0
Tunisia,2006.0,20.0
Tunisia,2007.0,0.0
Tunisia,2008.0,0.0
Tunisia,2009.0,0.0
Tunisia,2010.0,0.0
Tunisia,2011.0,0.0
Tunisia,2012.0,112.0
Tunisia,2013.0,4.0
Tunisia,2018.0,1277.0
Turkey,2005.0,292.0
Turkey,2006.0,152.0
Turkey,2007.0,796.0
Turkey,2008.0,344.0
Turkey,2009.0,308.0
Turkey,2010.0,1580.0
Turkey,2011.0,68340.0
Turkey,2012.0,192.0
Turkey,2013.0,56.0
Turkey,2014.0,0.0
Turkey,2015.0,156.0
Turkey,2016.0,438.0
Turkey,2017.0,1832.0
Turkey,2018.0,561.0
Turkey,2019.0,1171.0
Turkey,2020.0,12829.0
Turkmenistan,2019.0,0.0
Tuvalu,2011.0,0.0
Tuvalu,2015.0,0.0
Tuvalu,2016.0,694.0
Tuvalu,2017.0,0.0
Tuvalu,2018.0,0.0
Tuvalu,2019.0,0.0
Tuvalu,2020.0,1774.0
Uganda,2005.0,0.0
Uganda,2006.0,235.0
Uganda,2007.0,67472.0
Uganda,2008.0,4112.0
Uganda,2009.0,3455.0
Uganda,2010.0,22811.0
Uganda,2011.0,31466.0
Uganda,2012.0,1703.0
Uganda,2013.0,15398.0
Uganda,2014.0,5730.0
Uganda,2015.0,6220.0
Uganda,2016.0,10071.0
Uganda,2017.0,0.0
Uganda,2018.0,0.0
Uganda,2019.0,671.0
Uganda,2020.0,42083.0
Ukraine,2005.0,4.0
Ukraine,2006.0,0.0
Ukraine,2007.0,411.0
Ukraine,2008.0,4119.0
Ukraine,2009.0,7.0
Ukraine,2010.0,50.0
Ukraine,2011.0,0.0
Ukraine,2012.0,0.0
Ukraine,2013.0,586.0
Ukraine,2014.0,0.0
Ukraine,2015.0,0.0
Ukraine,2016.0,13.0
Ukraine,2017.0,11.0
Ukraine,2018.0,0.0
Ukraine,2019.0,95.0
Ukraine,2020.0,821.0
Egypt,2005.0,0.0
Egypt,2006.0,0.0
Egypt,2007.0,0.0
Egypt,2008.0,0.0
Egypt,2009.0,0.0
Egypt,2010.0,0.0
Egypt,2011.0,0.0
Egypt,2012.0,0.0
Egypt,2013.0,0.0
Egypt,2014.0,0.0
Egypt,2015.0,0.0
Egypt,2016.0,0.0
Egypt,2017.0,0.0
Egypt,2018.0,0.0
Egypt,2019.0,0.0
Egypt,2020.0,477.0
United Kingdom,2005.0,0.0
United Kingdom,2006.0,0.0
United Kingdom,2007.0,0.0
United Kingdom,2008.0,0.0
United Kingdom,2009.0,0.0
United Kingdom,2010.0,0.0
United Kingdom,2011.0,0.0
United Kingdom,2012.0,0.0
United Kingdom,2013.0,0.0
United Kingdom,2014.0,0.0
United Kingdom,2015.0,0.0
United Kingdom,2016.0,0.0
United Kingdom,2017.0,0.0
United Kingdom,2018.0,0.0
United Kingdom,2019.0,0.0
United Kingdom,2020.0,0.0
Tanzania,2005.0,96.0
Tanzania,2006.0,60.0
Tanzania,2007.0,499.0
Tanzania,2008.0,15.0
Tanzania,2009.0,346.0
Tanzania,2010.0,99.0
Tanzania,2011.0,5326.0
Tanzania,2012.0,260.0
Tanzania,2013.0,521.0
Tanzania,2014.0,0.0
Tanzania,2015.0,3188.0
Tanzania,2016.0,11935.0
Tanzania,2017.0,6270.0
Tanzania,2018.0,8765.0
Tanzania,2019.0,24489.0
Tanzania,2020.0,60079.0
United States,2015.0,2843.0
United States,2016.0,1111.0
United States,2017.0,12746.0
United States,2018.0,10324.0
United States,2019.0,777.0
Burkina Faso,2005.0,0.0
Burkina Faso,2006.0,0.0
Burkina Faso,2007.0,108900.0
Burkina Faso,2008.0,0.0
Burkina Faso,2009.0,183372.0
Burkina Faso,2010.0,22314.0
Burkina Faso,2011.0,0.0
Burkina Faso,2012.0,228.0
Burkina Faso,2013.0,372.0
Burkina Faso,2014.0,9642.0
Burkina Faso,2015.0,21000.0
Burkina Faso,2016.0,37926.0
Burkina Faso,2017.0,34002.0
Burkina Faso,2018.0,15726.0
Burkina Faso,2019.0,0.0
Uruguay,2005.0,0.0
Uruguay,2006.0,0.0
Uruguay,2007.0,0.0
Uruguay,2008.0,0.0
Uruguay,2009.0,0.0
Uruguay,2010.0,0.0
Uruguay,2011.0,0.0
Uruguay,2012.0,0.0
Uruguay,2013.0,0.0
Uruguay,2014.0,0.0
Uruguay,2015.0,0.0
Uruguay,2016.0,0.0
Uruguay,2017.0,0.0
Uruguay,2018.0,0.0
Uruguay,2019.0,0.0
Uruguay,2020.0,0.0
Uzbekistan,2019.0,0.0
Uzbekistan,2020.0,24142.0
Venezuela,2005.0,2948.0
Venezuela,2006.0,852.0
Venezuela,2007.0,1352.0
Venezuela,2008.0,844.0
Venezuela,2009.0,216.0
Venezuela,2010.0,1060.0
Venezuela,2011.0,3736.0
Venezuela,2012.0,576.0
Venezuela,2013.0,328.0
Venezuela,2014.0,144.0
Venezuela,2015.0,200.0
Wallis and Futuna,2020.0,0.0
Samoa,2005.0,0.0
Samoa,2006.0,0.0
Samoa,2008.0,0.0
Samoa,2009.0,6233.0
Samoa,2012.0,0.0
Samoa,2013.0,0.0
Samoa,2014.0,0.0
Samoa,2015.0,0.0
Samoa,2016.0,0.0
Samoa,2018.0,152.0
Samoa,2019.0,0.0
Samoa,2020.0,60.0
Yemen,2005.0,227.0
Yemen,2006.0,658.0
Yemen,2007.0,3993.0
Yemen,2008.0,5715.0
Yemen,2009.0,155.0
Yemen,2010.0,549.0
Zambia,2005.0,0.0
Zambia,2006.0,1850.0
Zambia,2007.0,0.0
Zambia,2008.0,760.0
Zambia,2009.0,5835.0
Zambia,2010.0,677.0
Zambia,2011.0,0.0
Zambia,2012.0,276.0
Zambia,2013.0,3012.0
Zambia,2014.0,2106.0
Zambia,2015.0,0.0
Zambia,2016.0,914.0
Zambia,2017.0,0.0
Zambia,2018.0,0.0
Zambia,2019.0,0.0
