country,year,value
Bolivia,2018.0,6.1
Canada,2014.0,2.7
Democratic Republic of Congo,2018.0,7.5
France,2018.0,16.0
Georgia,2018.0,1.5
Palestine,2018.0,2.0
Kiribati,2018.0,10.0
Hungary,2015.0,5.1
Ireland,2014.0,24.2
Ireland,2019.0,34.1
Lesotho,2018.0,5.6
Liechtenstein,2017.0,5.7
Mexico,2017.0,5.3
Mongolia,2018.0,11.9
Moldova,2018.0,18.0
Montenegro,2018.0,0.7
New Zealand,2016.0,3.4
New Zealand,2018.0,4.2
South Africa,2019.0,1.0
Zimbabwe,2019.0,4.5
Suriname,2018.0,1.8
Sweden,2015.0,11.0
Sweden,2016.0,13.0
Sweden,2018.0,13.0
Tunisia,2018.0,2.9
