country,year,value
World,2019.0,87
Africa,2019.0,84
Afghanistan,2019.0,100
South America,2019.0,100
Albania,2019.0,100
Oceania,2019.0,100
Western Africa,2019.0,88
Central America,2019.0,75
Eastern Africa,2019.0,63
Northern Africa,2019.0,94
Middle Africa,2019.0,88
Southern Africa,2019.0,100
Americas,2019.0,86
Angola,2019.0,100
Caribbean,2019.0,85
Eastern Asia,2019.0,92
Southern Asia,2019.0,71
South-Eastern Asia,2019.0,88
Australia,2019.0,100
Southern Europe,2019.0,96
Bangladesh,2019.0,0
Armenia,2019.0,75
Barbados,2019.0,100
Australia and New Zealand,2019.0,100
Central and Southern Asia,2019.0,78
Botswana,2019.0,100
Belize,2019.0,0
Myanmar,2019.0,100
Burundi,2019.0,75
Belarus,2019.0,100
Cambodia,2019.0,100
Cameroon,2019.0,100
Central African Republic,2019.0,100
Asia,2019.0,82
Central Asia,2019.0,92
Sri Lanka,2019.0,100
Western Asia,2019.0,81
Chad,2019.0,100
Europe,2019.0,98
Eastern Europe,2019.0,95
Northern Europe,2019.0,100
Western Europe,2019.0,100
China,2019.0,100
Colombia,2019.0,100
Congo,2019.0,100
Democratic Republic of Congo,2019.0,100
Costa Rica,2019.0,100
Least Developed Countries (LDCs),2019.0,78
Sub-Saharan Africa,2019.0,83
Czechia,2019.0,100
Benin,2019.0,100
Denmark,2019.0,100
El Salvador,2019.0,100
Finland,2019.0,100
Gabon,2019.0,100
Georgia,2019.0,100
Gambia,2019.0,100
Palestine,2019.0,100
Germany,2019.0,100
Greece,2019.0,100
Guatemala,2019.0,100
Guinea,2019.0,100
Guyana,2019.0,100
Haiti,2019.0,100
Honduras,2019.0,50
Iran,2019.0,100
Iraq,2019.0,75
Cote d'Ivoire,2019.0,100
Japan,2019.0,100
Kazakhstan,2019.0,75
North Korea,2019.0,75
Kyrgyzstan,2019.0,100
Laos,2019.0,100
Latin America and the Caribbean,2019.0,86
Latvia,2019.0,100
Liberia,2019.0,100
Landlocked developing countries (LLDCs),2019.0,83
Libya,2019.0,75
Lithuania,2019.0,100
Malawi,2019.0,25
Malaysia,2019.0,75
Maldives,2019.0,0
Mali,2019.0,100
Malta,2019.0,100
Mauritania,2019.0,50
Mauritius,2019.0,100
Mexico,2019.0,100
Moldova,2019.0,75
Montenegro,2019.0,75
Mozambique,2019.0,100
Europe and North America,2019.0,98
Namibia,2019.0,100
Nepal,2019.0,100
Netherlands,2019.0,100
New Zealand,2019.0,100
Niger,2019.0,100
Pakistan,2019.0,100
Peru,2019.0,100
Philippines,2019.0,100
Guinea-Bissau,2019.0,100
Russia,2019.0,100
Saint Lucia,2019.0,100
Saint Vincent and the Grenadines,2019.0,100
Sao Tome and Principe,2019.0,0
Saudi Arabia,2019.0,75
Senegal,2019.0,25
Serbia,2019.0,100
Sierra Leone,2019.0,100
Vietnam,2019.0,50
Slovenia,2019.0,100
Somalia,2019.0,0
South Africa,2019.0,100
Small island developing States (SIDS),2019.0,69
South Sudan,2019.0,0
Sudan,2019.0,100
Suriname,2019.0,100
Northern Africa and Western Asia,2019.0,85
Sweden,2019.0,100
Eastern and South-Eastern Asia,2019.0,89
Switzerland,2019.0,100
Syria,2019.0,100
Togo,2019.0,100
Trinidad and Tobago,2019.0,25
Tunisia,2019.0,100
Turkey,2019.0,100
Ukraine,2019.0,100
Egypt,2019.0,100
United Kingdom,2019.0,100
Tanzania,2019.0,100
Burkina Faso,2019.0,75
Uruguay,2019.0,100
Uzbekistan,2019.0,100
Yemen,2019.0,25
Zambia,2019.0,100
