country,year,value
Albania,2002.0,19.5
Albania,2005.0,11.2
Albania,2008.0,10.1
Albania,2012.0,13.6
Algeria,2011.0,5.8
Angola,2008.0,18.7
Azerbaijan,2001.0,55.7
Argentina,2003.0,47.8
Argentina,2004.0,40.2
Argentina,2005.0,33.8
Argentina,2006.0,26.9
Argentina,2007.0,20.6
Argentina,2008.0,15.3
Argentina,2009.0,13.2
Argentina,2010.0,9.9
Argentina,2011.0,6.5
Argentina,2012.0,5.4
Argentina,2013.0,4.7
Bangladesh,2000.0,35.2
Bangladesh,2005.0,28.4
Bangladesh,2010.0,21.3
Armenia,2008.0,27.6
Armenia,2009.0,33.7
Armenia,2010.0,35.7
Armenia,2011.0,35.2
Armenia,2012.0,32.5
Armenia,2013.0,32.2
Armenia,2014.0,30.0
Bhutan,2007.0,1.7
Bhutan,2012.0,1.8
Bolivia,2004.0,54.4
Bolivia,2005.0,51.1
Bolivia,2006.0,50.3
Bolivia,2007.0,50.9
Bolivia,2008.0,48.7
Bolivia,2009.0,43.5
Bolivia,2011.0,36.8
Bolivia,2012.0,34.7
Bolivia,2013.0,29.0
Bolivia,2014.0,30.6
Botswana,1993.0,24.7
Botswana,2002.0,19.4
Botswana,2009.0,11.0
Burundi,2014.0,27.6
Belarus,2000.0,37.9
Belarus,2005.0,10.9
Belarus,2006.0,9.1
Belarus,2007.0,5.6
Belarus,2008.0,4.4
Belarus,2009.0,4.0
Belarus,2010.0,3.8
Belarus,2011.0,5.8
Belarus,2012.0,5.2
Belarus,2013.0,4.2
Belarus,2014.0,3.7
Belarus,2015.0,3.7
Cambodia,2003.0,28.5
Cambodia,2006.0,18.3
Cambodia,2008.0,15.1
Cambodia,2009.0,8.0
Cambodia,2010.0,8.5
Cambodia,2011.0,8.7
Cambodia,2012.0,6.4
Cameroon,1996.0,41.4
Cameroon,2001.0,17.9
Cameroon,2007.0,12.2
Cameroon,2014.0,8.9
Cape Verde,2007.0,13.2
Central African Republic,2008.0,49.6
Sri Lanka,2002.0,7.9
Sri Lanka,2006.0,6.7
Sri Lanka,2009.0,5.3
Sri Lanka,2012.0,2.1
Chad,2002.0,24.4
Chad,2011.0,20.9
Colombia,2008.0,37.4
Colombia,2009.0,36.0
Colombia,2010.0,33.3
Colombia,2011.0,30.3
Colombia,2012.0,28.4
Colombia,2013.0,26.9
Colombia,2014.0,24.6
Colombia,2015.0,24.1
Congo,2004.0,43.3
Costa Rica,2010.0,19.0
Costa Rica,2011.0,19.7
Costa Rica,2012.0,18.2
Costa Rica,2013.0,18.2
Costa Rica,2014.0,19.5
Costa Rica,2015.0,19.4
Benin,2006.0,35.4
Benin,2007.0,28.3
Benin,2009.0,29.8
Benin,2011.0,31.4
Dominican Republic,2000.0,23.7
Dominican Republic,2001.0,24.8
Dominican Republic,2002.0,24.9
Dominican Republic,2003.0,33.9
Dominican Republic,2004.0,44.4
Dominican Republic,2005.0,42.8
Dominican Republic,2006.0,38.8
Dominican Republic,2007.0,39.1
Dominican Republic,2008.0,38.8
Dominican Republic,2009.0,37.9
Dominican Republic,2010.0,37.3
Dominican Republic,2011.0,36.5
Dominican Republic,2012.0,36.8
Dominican Republic,2013.0,36.3
Ecuador,2007.0,24.3
Ecuador,2008.0,22.6
Ecuador,2009.0,25.0
Ecuador,2010.0,22.5
Ecuador,2011.0,17.4
Ecuador,2012.0,16.1
Ecuador,2013.0,17.6
Ecuador,2014.0,16.4
El Salvador,2005.0,30.9
El Salvador,2006.0,27.7
El Salvador,2007.0,29.8
El Salvador,2008.0,35.7
El Salvador,2009.0,33.3
El Salvador,2010.0,33.0
El Salvador,2011.0,35.4
El Salvador,2012.0,29.9
El Salvador,2013.0,26.2
El Salvador,2014.0,28.5
Equatorial Guinea,2006.0,31.5
Ethiopia,1995.0,33.2
Ethiopia,1999.0,36.9
Ethiopia,2004.0,35.1
Ethiopia,2010.0,25.7
Eritrea,1993.0,62.0
Fiji,2002.0,34.5
Fiji,2008.0,26.2
Gabon,2005.0,29.8
Gambia,2010.0,32.7
Palestine,2010.0,25.8
Palestine,2011.0,26.1
Ghana,2005.0,12.4
Ghana,2012.0,10.6
Guatemala,2000.0,27.1
Guatemala,2006.0,30.0
Guatemala,2014.0,42.2
Guinea,1994.0,17.5
Guinea,2002.0,23.5
Guinea,2007.0,30.5
Guinea,2012.0,35.4
Haiti,2012.0,40.6
India,1993.0,31.8
India,2004.0,25.7
India,2009.0,20.9
India,2011.0,13.7
Iraq,2006.0,15.7
Iraq,2012.0,14.8
Cote d'Ivoire,2002.0,24.5
Cote d'Ivoire,2008.0,29.4
Cote d'Ivoire,2015.0,35.9
Jamaica,1991.0,16.1
Jamaica,1992.0,22.8
Jamaica,1998.0,5.5
Jamaica,1999.0,11.1
Jamaica,2000.0,12.6
Jamaica,2001.0,9.9
Jamaica,2002.0,10.6
Kazakhstan,2001.0,36.0
Kazakhstan,2002.0,33.0
Kazakhstan,2003.0,24.7
Kazakhstan,2004.0,23.4
Kazakhstan,2005.0,20.2
Kazakhstan,2006.0,13.6
Kazakhstan,2007.0,6.9
Kazakhstan,2008.0,8.1
Kazakhstan,2009.0,4.1
Kazakhstan,2010.0,3.7
Kazakhstan,2011.0,2.4
Kazakhstan,2012.0,1.9
Kazakhstan,2013.0,1.3
Kazakhstan,2014.0,1.3
Kazakhstan,2015.0,1.3
Jordan,2010.0,13.9
Kenya,2005.0,33.7
Kyrgyzstan,2006.0,26.7
Kyrgyzstan,2007.0,23.2
Kyrgyzstan,2008.0,22.6
Kyrgyzstan,2009.0,21.9
Kyrgyzstan,2010.0,23.6
Kyrgyzstan,2011.0,30.7
Kyrgyzstan,2012.0,35.4
Kyrgyzstan,2013.0,28.5
Kyrgyzstan,2014.0,26.9
Kyrgyzstan,2015.0,29.3
Laos,1997.0,22.1
Laos,2002.0,19.7
Laos,2007.0,17.4
Laos,2012.0,10.0
Lesotho,1994.0,36.7
Lesotho,2002.0,41.5
Lesotho,2010.0,39.6
Liberia,2007.0,55.1
Madagascar,2001.0,45.6
Malawi,1997.0,54.9
Malawi,2004.0,25.4
Malawi,2010.0,17.3
Malaysia,2002.0,2.3
Malaysia,2004.0,2.5
Malaysia,2007.0,2.0
Malaysia,2009.0,1.7
Malaysia,2012.0,1.0
Malaysia,2014.0,0.3
Mauritania,2000.0,28.5
Mauritania,2004.0,28.9
Mauritania,2008.0,20.8
Mexico,2008.0,44.8
Mexico,2010.0,47.8
Mexico,2012.0,48.3
Mexico,2014.0,50.5
Mongolia,2010.0,33.2
Mongolia,2011.0,28.7
Mongolia,2012.0,23.3
Mongolia,2014.0,18.8
Moldova,2006.0,24.8
Moldova,2007.0,18.4
Moldova,2008.0,15.2
Moldova,2009.0,12.6
Moldova,2010.0,10.4
Moldova,2011.0,7.4
Moldova,2012.0,8.2
Morocco,1998.0,9.5
Morocco,2000.0,7.6
Morocco,2007.0,4.8
Mozambique,1996.0,62.0
Mozambique,2002.0,51.5
Mozambique,2008.0,49.6
Namibia,1993.0,39.0
Namibia,2003.0,17.0
Namibia,2009.0,14.6
Nepal,2010.0,15.5
Nicaragua,2005.0,30.9
Nicaragua,2009.0,26.8
Nicaragua,2014.0,14.8
Niger,2011.0,18.6
Nigeria,2003.0,37.9
Nigeria,2009.0,34.1
Pakistan,2013.0,18.2
Papua New Guinea,2009.0,29.3
Peru,2004.0,48.2
Peru,2005.0,44.5
Peru,2006.0,37.0
Peru,2007.0,30.1
Peru,2008.0,25.4
Peru,2009.0,21.3
Peru,2010.0,20.0
Peru,2011.0,18.0
Peru,2012.0,16.6
Peru,2013.0,16.1
Peru,2014.0,15.3
Philippines,2006.0,12.6
Philippines,2009.0,12.6
Philippines,2012.0,13.0
Guinea-Bissau,2002.0,51.6
Guinea-Bissau,2010.0,51.0
Timor,2001.0,25.2
Timor,2007.0,38.3
Timor,2014.0,28.3
Senegal,2000.0,41.2
Senegal,2005.0,33.6
Senegal,2010.0,33.1
Sierra Leone,2003.0,46.9
Sierra Leone,2011.0,31.2
Vietnam,2010.0,6.0
Vietnam,2012.0,5.4
Vietnam,2014.0,3.8
South Africa,2005.0,52.0
South Sudan,2009.0,24.4
Sudan,2009.0,26.5
Eswatini,2000.0,35.5
Eswatini,2009.0,31.1
Syria,2004.0,28.5
Syria,2007.0,30.8
Tajikistan,2013.0,27.8
Tajikistan,2014.0,23.5
Tajikistan,2015.0,23.2
Thailand,2000.0,22.2
Thailand,2002.0,17.0
Thailand,2004.0,14.6
Thailand,2006.0,11.8
Thailand,2007.0,11.3
Thailand,2008.0,10.7
Thailand,2009.0,10.2
Thailand,2010.0,8.7
Thailand,2011.0,9.0
Thailand,2012.0,8.8
Thailand,2013.0,7.7
Togo,2006.0,37.2
Togo,2011.0,34.6
Togo,2015.0,35.9
Tuvalu,2010.0,24.8
Uganda,1992.0,28.8
Uganda,1996.0,16.7
Uganda,1999.0,9.6
Uganda,2002.0,14.4
Uganda,2005.0,13.7
Uganda,2009.0,9.1
Uganda,2012.0,9.6
Egypt,2000.0,9.3
Egypt,2004.0,10.1
Egypt,2008.0,11.0
Egypt,2010.0,15.3
Tanzania,2011.0,15.5
Burkina Faso,2003.0,22.2
Burkina Faso,2009.0,25.2
Burkina Faso,2014.0,13.7
Uruguay,2002.0,35.2
Uruguay,2003.0,39.4
Uruguay,2004.0,39.9
Uruguay,2005.0,36.6
Uruguay,2006.0,32.6
Uruguay,2007.0,30.0
Uruguay,2008.0,24.4
Uruguay,2009.0,21.5
Uruguay,2010.0,18.7
Uruguay,2011.0,14.3
Uruguay,2012.0,13.1
Uruguay,2013.0,12.0
Uruguay,2014.0,10.1
Yemen,2005.0,20.7
