country,year,value
World,2005.0,4.56718
World,2010.0,3.4803
World,2015.0,3.75164
World,2016.0,4.42478
World,2017.0,3.43366
World,2018.0,3.41336
World,2019.0,3.31508
Afghanistan,2005.0,5.92646
Afghanistan,2010.0,7.25549
Afghanistan,2015.0,6.22842
Afghanistan,2016.0,5.84089
Afghanistan,2017.0,5.98429
Afghanistan,2018.0,5.79464
Afghanistan,2019.0,5.70263
South America,2005.0,9.76575
South America,2010.0,9.72984
South America,2015.0,9.2732
South America,2016.0,9.34934
South America,2017.0,9.79471
South America,2018.0,9.1884
South America,2019.0,8.34966
Albania,2005.0,5.08068
Albania,2010.0,4.96894
Albania,2015.0,3.43176
Albania,2016.0,3.04226
Albania,2017.0,3.31174
Albania,2018.0,3.27197
Albania,2019.0,3.30181
Oceania,2005.0,3.59726
Oceania,2010.0,3.41812
Oceania,2015.0,2.88087
Oceania,2016.0,2.79219
Oceania,2017.0,2.82623
Oceania,2018.0,2.74567
Oceania,2019.0,2.67227
Western Africa,2005.0,10.60601
Western Africa,2010.0,10.78107
Western Africa,2015.0,9.83973
Western Africa,2016.0,10.40384
Western Africa,2017.0,9.86379
Western Africa,2018.0,9.77817
Western Africa,2019.0,9.6543
Algeria,2005.0,11.97944
Algeria,2010.0,11.99699
Algeria,2015.0,12.41667
Algeria,2016.0,12.10265
Algeria,2017.0,11.92683
Algeria,2018.0,12.74896
Algeria,2019.0,12.76459
Central America,2005.0,11.73278
Central America,2010.0,11.99616
Central America,2015.0,4.96355
Central America,2016.0,4.75442
Central America,2017.0,4.36573
Central America,2018.0,4.47497
Central America,2019.0,4.82423
Eastern Africa,2005.0,10.78623
Eastern Africa,2010.0,9.65704
Eastern Africa,2015.0,9.58802
Eastern Africa,2016.0,8.53103
Eastern Africa,2017.0,9.74079
Eastern Africa,2018.0,9.94415
Eastern Africa,2019.0,9.72751
Northern Africa,2005.0,13.46985
Northern Africa,2010.0,12.23968
Northern Africa,2015.0,11.00578
Northern Africa,2016.0,10.22496
Northern Africa,2017.0,10.38773
Northern Africa,2018.0,10.5938
Northern Africa,2019.0,11.95442
Middle Africa,2005.0,12.05793
Middle Africa,2010.0,10.8242
Middle Africa,2015.0,11.80081
Middle Africa,2016.0,10.79301
Middle Africa,2017.0,10.53376
Middle Africa,2018.0,10.76162
Middle Africa,2019.0,9.099
Southern Africa,2005.0,7.26902
Southern Africa,2010.0,5.28822
Southern Africa,2015.0,5.03669
Southern Africa,2016.0,4.62528
Southern Africa,2017.0,5.6063
Southern Africa,2018.0,5.61066
Southern Africa,2019.0,5.27649
Northern America,2005.0,2.63967
Northern America,2010.0,2.39992
Northern America,2015.0,2.68064
Northern America,2016.0,3.01949
Northern America,2017.0,2.63718
Northern America,2018.0,2.75742
Northern America,2019.0,2.70738
Angola,2005.0,7.80584
Angola,2010.0,8.24451
Angola,2015.0,10.18013
Angola,2016.0,8.62183
Angola,2017.0,9.20956
Angola,2018.0,9.21335
Angola,2019.0,6.4289
Antigua and Barbuda,2005.0,14.20768
Antigua and Barbuda,2010.0,14.40281
Antigua and Barbuda,2015.0,16.02029
Antigua and Barbuda,2016.0,16.41412
Antigua and Barbuda,2017.0,15.83977
Antigua and Barbuda,2018.0,15.83977
Antigua and Barbuda,2019.0,16.03389
Caribbean,2005.0,9.71349
Caribbean,2010.0,11.25574
Caribbean,2015.0,10.99015
Caribbean,2016.0,9.52019
Caribbean,2017.0,10.30149
Caribbean,2018.0,10.24281
Caribbean,2019.0,11.32722
Eastern Asia,2005.0,3.97705
Eastern Asia,2010.0,3.8458
Eastern Asia,2015.0,5.38568
Eastern Asia,2016.0,3.61217
Eastern Asia,2017.0,4.1823
Eastern Asia,2018.0,4.14411
Eastern Asia,2019.0,3.57107
Azerbaijan,2005.0,7.73318
Azerbaijan,2010.0,6.91489
Azerbaijan,2015.0,7.158
Azerbaijan,2016.0,7.07626
Azerbaijan,2017.0,8.22878
Azerbaijan,2018.0,8.22878
Azerbaijan,2019.0,9.65652
Argentina,2005.0,12.74106
Argentina,2010.0,13.7405
Argentina,2015.0,12.29967
Argentina,2016.0,12.43189
Argentina,2017.0,15.44264
Argentina,2018.0,12.87242
Argentina,2019.0,11.65394
Southern Asia,2005.0,14.06977
Southern Asia,2010.0,8.00593
Southern Asia,2015.0,9.22882
Southern Asia,2016.0,8.85039
Southern Asia,2017.0,8.40987
Southern Asia,2018.0,8.36323
Southern Asia,2019.0,10.44338
South-Eastern Asia,2005.0,3.77818
South-Eastern Asia,2010.0,3.88552
South-Eastern Asia,2015.0,4.11801
South-Eastern Asia,2016.0,4.1638
South-Eastern Asia,2017.0,4.97717
South-Eastern Asia,2018.0,4.69332
South-Eastern Asia,2019.0,4.44053
Australia,2005.0,3.42598
Australia,2010.0,3.45411
Australia,2015.0,2.77754
Australia,2016.0,2.70186
Australia,2017.0,2.70252
Australia,2018.0,2.61711
Australia,2019.0,2.56191
Southern Europe,2005.0,6.80504
Southern Europe,2010.0,6.53169
Southern Europe,2015.0,6.82675
Southern Europe,2016.0,6.20327
Southern Europe,2017.0,6.5033
Southern Europe,2018.0,6.57522
Southern Europe,2019.0,6.71302
Bahamas,2005.0,18.08986
Bahamas,2010.0,20.70169
Bahamas,2015.0,19.54289
Bahamas,2016.0,19.14603
Bahamas,2017.0,19.13448
Bahamas,2018.0,18.015
Bahamas,2019.0,21.32484
Bahrain,2005.0,6.80017
Bahrain,2010.0,5.94386
Bahrain,2015.0,5.53125
Bahrain,2016.0,5.61766
Bahrain,2017.0,5.93831
Bahrain,2018.0,8.55884
Bahrain,2019.0,6.85554
Bangladesh,2005.0,9.62085
Bangladesh,2010.0,9.9554
Bangladesh,2015.0,13.23303
Bangladesh,2017.0,9.34654
Bangladesh,2018.0,9.34654
Armenia,2005.0,2.49034
Armenia,2010.0,3.18465
Armenia,2015.0,4.89951
Armenia,2016.0,2.93096
Armenia,2017.0,3.09281
Armenia,2018.0,5.14403
Armenia,2019.0,4.38549
Barbados,2005.0,15.78725
Barbados,2010.0,66.96875
Barbados,2015.0,50.21125
Barbados,2016.0,54.02179
Barbados,2017.0,46.19417
Barbados,2018.0,46.19417
Barbados,2019.0,46.39352
Australia and New Zealand,2005.0,3.33509
Australia and New Zealand,2010.0,3.25445
Australia and New Zealand,2015.0,2.66671
Australia and New Zealand,2016.0,2.60394
Australia and New Zealand,2017.0,2.61275
Australia and New Zealand,2018.0,2.54079
Australia and New Zealand,2019.0,2.51843
Bermuda,2005.0,29.58344
Bermuda,2010.0,30.88996
Bermuda,2015.0,20.0057
Bermuda,2016.0,21.85335
Bermuda,2017.0,23.64609
Bermuda,2018.0,26.76752
Bermuda,2019.0,28.88104
Central and Southern Asia,2005.0,13.36581
Central and Southern Asia,2010.0,8.08975
Central and Southern Asia,2015.0,9.20821
Central and Southern Asia,2016.0,8.52901
Central and Southern Asia,2017.0,8.13752
Central and Southern Asia,2018.0,8.09359
Central and Southern Asia,2019.0,10.10367
Bhutan,2005.0,19.73305
Bhutan,2010.0,19.50955
Bhutan,2015.0,21.55606
Bolivia,2005.0,8.91399
Bolivia,2010.0,8.90248
Bolivia,2015.0,8.82822
Bolivia,2016.0,8.55795
Bolivia,2017.0,8.81749
Bolivia,2018.0,8.84459
Bolivia,2019.0,8.78947
Bosnia and Herzegovina,2005.0,7.91314
Bosnia and Herzegovina,2010.0,7.54494
Bosnia and Herzegovina,2015.0,7.88609
Bosnia and Herzegovina,2016.0,7.47748
Bosnia and Herzegovina,2017.0,7.75035
Bosnia and Herzegovina,2018.0,8.00909
Bosnia and Herzegovina,2019.0,7.73552
Botswana,2005.0,8.99862
Botswana,2010.0,0.92915
Botswana,2015.0,0.56561
Botswana,2016.0,0.57905
Botswana,2017.0,0.63752
Botswana,2018.0,0.62212
Botswana,2019.0,1.10534
Brazil,2005.0,8.83722
Brazil,2010.0,10.47737
Brazil,2015.0,10.52063
Brazil,2016.0,10.42132
Brazil,2017.0,10.27988
Brazil,2018.0,10.27988
Brazil,2019.0,10.14992
Belize,2005.0,13.05821
Belize,2010.0,16.30152
Belize,2015.0,45.11891
Belize,2016.0,25.73288
Belize,2017.0,26.60165
Belize,2018.0,71.74061
Belize,2019.0,61.33114
Solomon Islands,2005.0,11.18785
Solomon Islands,2010.0,7.3839
Solomon Islands,2015.0,8.15351
Solomon Islands,2016.0,14.04793
Solomon Islands,2017.0,22.47547
Solomon Islands,2018.0,25.7636
Solomon Islands,2019.0,9.39335
Brunei,2005.0,7.22785
Brunei,2010.0,6.48487
Brunei,2015.0,1.1066
Brunei,2016.0,1.1894
Brunei,2017.0,0.23923
Brunei,2018.0,0.25073
Brunei,2019.0,0.25371
European Union,2005.0,3.18861
European Union,2010.0,1.04541
European Union,2015.0,1.14302
European Union,2017.0,1.21769
European Union,2018.0,1.22598
European Union,2019.0,1.19398
Myanmar,2005.0,4.44823
Myanmar,2010.0,2.76106
Myanmar,2015.0,5.31916
Myanmar,2017.0,4.05584
Myanmar,2018.0,4.05584
Myanmar,2019.0,5.11438
Burundi,2005.0,17.78537
Burundi,2010.0,14.5019
Burundi,2015.0,11.00171
Burundi,2016.0,11.81008
Burundi,2017.0,16.39186
Burundi,2018.0,19.05068
Burundi,2019.0,14.93032
Belarus,2005.0,13.52911
Belarus,2010.0,3.82237
Belarus,2015.0,3.88522
Belarus,2016.0,1.80023
Belarus,2017.0,2.48181
Belarus,2018.0,2.35322
Belarus,2019.0,2.26121
Cambodia,2005.0,11.44801
Cambodia,2010.0,11.55387
Cambodia,2015.0,9.53774
Cambodia,2016.0,9.5375
Cambodia,2017.0,10.44491
Cambodia,2018.0,10.44491
Cambodia,2019.0,10.41718
Cameroon,2005.0,14.25946
Cameroon,2010.0,12.28281
Cameroon,2015.0,12.88758
Cameroon,2016.0,13.82592
Cameroon,2017.0,14.09624
Cameroon,2018.0,14.09624
Cameroon,2019.0,15.36177
Canada,2005.0,3.56488
Canada,2010.0,2.9227
Canada,2015.0,3.34774
Canada,2016.0,3.40241
Canada,2017.0,3.33701
Canada,2018.0,3.28229
Canada,2019.0,3.21678
Cape Verde,2005.0,13.1736
Cape Verde,2010.0,11.1415
Cape Verde,2015.0,10.99025
Cape Verde,2016.0,11.31477
Cape Verde,2017.0,11.65369
Cape Verde,2018.0,11.65369
Cape Verde,2019.0,11.82198
Central African Republic,2005.0,17.7042
Central African Republic,2010.0,16.44471
Central African Republic,2015.0,18.65268
Central African Republic,2016.0,20.27809
Central African Republic,2017.0,17.15393
Central African Republic,2018.0,17.15393
Central African Republic,2019.0,16.54128
Central Asia,2005.0,7.82607
Central Asia,2010.0,9.09354
Central Asia,2015.0,8.91565
Central Asia,2016.0,3.26836
Central Asia,2017.0,3.16365
Central Asia,2018.0,3.18394
Central Asia,2019.0,6.95566
Sri Lanka,2005.0,8.95772
Sri Lanka,2010.0,10.12176
Sri Lanka,2015.0,10.05824
Sri Lanka,2016.0,10.14792
Sri Lanka,2017.0,9.18375
Sri Lanka,2018.0,8.92136
Sri Lanka,2019.0,38.36405
Western Asia,2005.0,4.99656
Western Asia,2010.0,4.99284
Western Asia,2015.0,4.79869
Western Asia,2016.0,4.58206
Western Asia,2017.0,4.79371
Western Asia,2018.0,4.99726
Western Asia,2019.0,4.76548
Chad,2005.0,13.85466
Chad,2010.0,14.69536
Chad,2015.0,15.82046
Chad,2016.0,16.06732
Chad,2017.0,14.32257
Chad,2018.0,14.32257
Europe,2005.0,3.85885
Europe,2010.0,1.55748
Europe,2015.0,1.45134
Europe,2016.0,3.60898
Europe,2017.0,1.49133
Europe,2018.0,1.4709
Europe,2019.0,1.4186
Eastern Europe,2005.0,11.71195
Eastern Europe,2010.0,8.36265
Eastern Europe,2015.0,5.60031
Eastern Europe,2016.0,4.7037
Eastern Europe,2017.0,5.08172
Eastern Europe,2018.0,4.29264
Eastern Europe,2019.0,4.33416
Chile,2005.0,5.94331
Chile,2010.0,5.97232
Chile,2015.0,5.97546
Chile,2016.0,5.9836
Chile,2017.0,5.96936
Chile,2018.0,5.96936
Chile,2019.0,5.9872
Northern Europe,2005.0,1.99391
Northern Europe,2010.0,4.00305
Northern Europe,2015.0,3.51806
Northern Europe,2016.0,3.3341
Northern Europe,2017.0,2.74381
Northern Europe,2018.0,3.39507
Northern Europe,2019.0,2.2604
Western Europe,2005.0,2.87802
Western Europe,2010.0,2.38575
Western Europe,2015.0,1.97144
Western Europe,2016.0,1.41935
Western Europe,2017.0,1.85886
Western Europe,2018.0,1.79559
Western Europe,2019.0,1.71021
China,2005.0,4.3821
China,2010.0,4.96107
China,2015.0,7.95732
China,2016.0,4.27337
China,2017.0,4.80365
China,2018.0,4.72926
China,2019.0,3.56133
Colombia,2005.0,11.22698
Colombia,2010.0,11.36332
Colombia,2015.0,6.98264
Colombia,2016.0,7.37979
Colombia,2017.0,9.51657
Colombia,2018.0,7.56646
Colombia,2019.0,7.36931
Comoros,2005.0,22.44168
Comoros,2010.0,5.92339
Comoros,2015.0,6.84724
Comoros,2016.0,7.67559
Comoros,2019.0,5.38802
Mayotte,2005.0,7.15683
Mayotte,2010.0,6.77974
Mayotte,2015.0,8.85656
Congo,2005.0,17.91064
Congo,2010.0,11.66202
Congo,2015.0,11.61715
Congo,2016.0,11.78917
Congo,2017.0,9.39031
Congo,2018.0,9.39031
Congo,2019.0,11.90697
Democratic Republic of Congo,2005.0,11.76805
Democratic Republic of Congo,2010.0,11.76308
Democratic Republic of Congo,2015.0,10.94108
Cook Islands,2005.0,53.72476
Cook Islands,2010.0,17.82561
Cook Islands,2015.0,26.11716
Costa Rica,2005.0,3.79289
Costa Rica,2010.0,3.31262
Costa Rica,2015.0,4.55403
Costa Rica,2016.0,4.68414
Costa Rica,2017.0,4.95577
Costa Rica,2019.0,4.9272
Cuba,2005.0,8.38429
Cuba,2010.0,10.5379
Cuba,2015.0,9.82305
Cuba,2016.0,4.3555
Cuba,2017.0,7.80282
Cuba,2018.0,7.80282
Cuba,2019.0,7.41792
Least Developed Countries (LDCs),2005.0,11.03608
Least Developed Countries (LDCs),2010.0,10.30012
Least Developed Countries (LDCs),2015.0,10.60567
Least Developed Countries (LDCs),2016.0,9.80428
Least Developed Countries (LDCs),2017.0,9.55313
Least Developed Countries (LDCs),2018.0,9.58702
Least Developed Countries (LDCs),2019.0,9.62286
Sub-Saharan Africa,2005.0,9.40471
Sub-Saharan Africa,2010.0,8.81322
Sub-Saharan Africa,2015.0,8.55106
Sub-Saharan Africa,2016.0,7.92314
Sub-Saharan Africa,2017.0,8.52166
Sub-Saharan Africa,2018.0,8.51858
Sub-Saharan Africa,2019.0,8.2379
Benin,2005.0,12.49385
Benin,2010.0,12.65598
Benin,2015.0,14.07323
Benin,2016.0,13.19809
Benin,2017.0,13.28519
Benin,2018.0,13.28509
Benin,2019.0,12.18082
Dominica,2005.0,13.63551
Dominica,2010.0,15.55916
Dominica,2015.0,15.44842
Dominica,2016.0,15.58208
Dominica,2019.0,16.60746
Dominican Republic,2005.0,10.11815
Dominican Republic,2010.0,7.9261
Dominican Republic,2015.0,7.57432
Dominican Republic,2016.0,7.40986
Dominican Republic,2017.0,7.91545
Dominican Republic,2018.0,7.91545
Dominican Republic,2019.0,9.17597
Ecuador,2005.0,9.46091
Ecuador,2010.0,6.81
Ecuador,2015.0,8.47867
Ecuador,2016.0,8.81335
Ecuador,2017.0,10.22449
Ecuador,2018.0,10.29659
Ecuador,2019.0,9.64639
El Salvador,2005.0,6.57631
El Salvador,2010.0,6.08889
El Salvador,2015.0,7.06583
El Salvador,2016.0,7.2711
El Salvador,2017.0,7.37706
El Salvador,2018.0,7.37706
El Salvador,2019.0,7.5595
Equatorial Guinea,2005.0,15.33929
Equatorial Guinea,2010.0,12.44267
Equatorial Guinea,2015.0,17.21246
Ethiopia,2005.0,11.68829
Ethiopia,2010.0,9.50125
Ethiopia,2015.0,10.57038
Ethiopia,2016.0,11.06945
Ethiopia,2017.0,11.46065
Ethiopia,2018.0,11.45777
Ethiopia,2019.0,11.17486
Eritrea,2005.0,14.27971
Eritrea,2010.0,5.30265
Eritrea,2015.0,5.72046
Fiji,2005.0,18.07466
Fiji,2010.0,12.4938
Fiji,2015.0,13.68978
Fiji,2016.0,14.69301
Fiji,2017.0,14.66015
Fiji,2018.0,13.98339
Fiji,2019.0,14.34966
French Polynesia,2005.0,8.26235
French Polynesia,2010.0,9.7805
French Polynesia,2015.0,6.94108
French Polynesia,2016.0,6.29128
French Polynesia,2017.0,6.84481
French Polynesia,2018.0,6.84481
Djibouti,2005.0,28.91225
Djibouti,2010.0,17.5229
Djibouti,2015.0,16.77202
Gabon,2005.0,16.4115
Gabon,2010.0,14.81323
Gabon,2015.0,15.43414
Georgia,2005.0,9.21003
Georgia,2010.0,1.35941
Georgia,2015.0,1.85691
Georgia,2016.0,2.22027
Georgia,2017.0,1.65731
Georgia,2018.0,1.65731
Georgia,2019.0,1.8903
Gambia,2005.0,13.71848
Gambia,2010.0,15.04494
Gambia,2015.0,12.54054
Gambia,2016.0,11.37529
Gambia,2017.0,11.7847
Gambia,2019.0,12.99699
Palestine,2005.0,3.59155
Palestine,2010.0,1.36832
Palestine,2015.0,1.80685
Palestine,2016.0,1.60788
Palestine,2017.0,2.37727
Palestine,2018.0,2.37727
Palestine,2019.0,2.75967
Ghana,2005.0,8.32774
Ghana,2010.0,10.24215
Ghana,2015.0,9.90805
Ghana,2016.0,11.91095
Ghana,2017.0,11.68313
Ghana,2018.0,11.63609
Ghana,2019.0,11.17121
Kiribati,2005.0,28.02162
Kiribati,2010.0,19.66972
Kiribati,2015.0,22.77987
Kiribati,2016.0,22.62127
Kiribati,2017.0,29.88778
Grenada,2005.0,11.92377
Grenada,2010.0,12.44004
Grenada,2015.0,12.47515
Guatemala,2005.0,5.70447
Guatemala,2010.0,5.00707
Guatemala,2015.0,4.96413
Guatemala,2016.0,5.13533
Guatemala,2017.0,5.01219
Guatemala,2018.0,5.01219
Guatemala,2019.0,5.16709
Guinea,2005.0,12.75536
Guinea,2010.0,13.02394
Guinea,2015.0,12.64467
Guinea,2016.0,11.41971
Guinea,2017.0,10.10674
Guinea,2018.0,10.1055
Guinea,2019.0,10.10675
Guyana,2005.0,17.72261
Guyana,2010.0,14.04593
Guyana,2015.0,9.70733
Guyana,2016.0,9.73569
Guyana,2017.0,13.64092
Guyana,2018.0,13.64092
Guyana,2019.0,5.66001
Haiti,2005.0,3.26012
Haiti,2010.0,4.49805
Haiti,2015.0,6.97577
Haiti,2017.0,6.30423
Haiti,2018.0,6.30423
Haiti,2019.0,6.30423
Honduras,2005.0,4.78043
Honduras,2010.0,5.87442
Honduras,2015.0,5.64378
Honduras,2016.0,6.32603
Honduras,2017.0,6.74261
Honduras,2018.0,6.47
Honduras,2019.0,6.48101
Hong Kong,2005.0,0
Hong Kong,2010.0,0
Hong Kong,2015.0,0
Hong Kong,2016.0,0
Hong Kong,2017.0,0
Hong Kong,2018.0,0
Hong Kong,2019.0,0
Iceland,2005.0,2.68179
Iceland,2010.0,2.61666
Iceland,2015.0,2.85567
Iceland,2016.0,1.21031
Iceland,2017.0,1.66857
Iceland,2018.0,1.66857
Iceland,2019.0,2.10223
India,2005.0,15.54229
India,2010.0,6.8672
India,2015.0,7.43351
India,2016.0,7.18418
India,2017.0,6.76636
India,2018.0,6.69808
India,2019.0,9.16633
Indonesia,2005.0,4.60799
Indonesia,2010.0,4.53875
Indonesia,2015.0,4.34425
Indonesia,2016.0,4.70534
Indonesia,2017.0,10.42637
Indonesia,2018.0,10.42637
Indonesia,2019.0,5.51239
Iran,2005.0,13.42359
Iran,2010.0,11.94822
Iran,2015.0,18.70821
Iran,2016.0,19.2832
Iran,2017.0,18.77655
Iran,2018.0,18.77655
Iran,2019.0,12.463
Israel,2005.0,3.51202
Israel,2010.0,3.32759
Israel,2015.0,3.28478
Israel,2016.0,3.09169
Israel,2017.0,3.58381
Israel,2018.0,3.58381
Israel,2019.0,3.5552
Cote d'Ivoire,2005.0,7.63402
Cote d'Ivoire,2010.0,7.19305
Cote d'Ivoire,2015.0,7.62271
Cote d'Ivoire,2016.0,7.49426
Cote d'Ivoire,2017.0,8.4855
Cote d'Ivoire,2018.0,8.49681
Cote d'Ivoire,2019.0,8.64669
Jamaica,2005.0,8.76399
Jamaica,2010.0,9.57297
Jamaica,2015.0,9.77485
Jamaica,2016.0,10.48542
Jamaica,2017.0,11.37476
Jamaica,2018.0,11.37476
Jamaica,2019.0,9.9362
Japan,2005.0,3.00423
Japan,2010.0,2.24817
Japan,2015.0,2.21026
Japan,2016.0,2.16074
Japan,2017.0,2.45823
Japan,2018.0,2.41912
Japan,2019.0,2.55229
Kazakhstan,2005.0,6.19207
Kazakhstan,2010.0,6.53968
Kazakhstan,2015.0,6.54329
Kazakhstan,2016.0,3.11886
Kazakhstan,2017.0,3.12397
Kazakhstan,2018.0,3.07316
Kazakhstan,2019.0,2.86787
Jordan,2005.0,16.48517
Jordan,2010.0,11.28202
Jordan,2015.0,8.81305
Jordan,2016.0,8.80035
Jordan,2017.0,9.72066
Jordan,2018.0,9.72066
Jordan,2019.0,10.8605
Kenya,2005.0,6.1706
Kenya,2010.0,8.03052
Kenya,2015.0,9.12263
Kenya,2016.0,7.81226
Kenya,2017.0,12.64824
Kenya,2018.0,12.84998
Kenya,2019.0,11.23238
Korea,2005.0,7.90108
Korea,2010.0,7.19514
Korea,2015.0,8.70993
Korea,2016.0,8.69401
Korea,2017.0,8.57895
Korea,2018.0,8.57895
Korea,2019.0,9.03436
Kuwait,2005.0,6.11941
Kuwait,2010.0,4.73025
Kuwait,2015.0,4.38993
Kuwait,2016.0,4.12494
Kuwait,2017.0,4.81603
Kuwait,2018.0,6.21838
Kuwait,2019.0,5.8372
Kyrgyzstan,2005.0,9.36501
Kyrgyzstan,2010.0,9.29377
Kyrgyzstan,2015.0,7.00597
Kyrgyzstan,2016.0,4.28398
Kyrgyzstan,2017.0,3.42317
Kyrgyzstan,2018.0,3.90676
Kyrgyzstan,2019.0,3.61648
Laos,2005.0,13.708
Laos,2010.0,13.45918
Laos,2015.0,13.16881
Laos,2017.0,8.26767
Laos,2018.0,8.25284
Laos,2019.0,8.95755
Latin America and the Caribbean,2005.0,10.7747
Latin America and the Caribbean,2010.0,10.73457
Latin America and the Caribbean,2015.0,7.35807
Latin America and the Caribbean,2016.0,7.13901
Latin America and the Caribbean,2017.0,7.16475
Latin America and the Caribbean,2018.0,7.02821
Latin America and the Caribbean,2019.0,6.71174
Lebanon,2005.0,6.52528
Lebanon,2010.0,6.1683
Lebanon,2015.0,5.09309
Lebanon,2016.0,5.21043
Lebanon,2017.0,5.21846
Lebanon,2018.0,5.44361
Lebanon,2019.0,5.89532
Lesotho,2005.0,12.74391
Lesotho,2010.0,1.99125
Lesotho,2015.0,1.73405
Lesotho,2016.0,2.20224
Lesotho,2017.0,2.12466
Lesotho,2018.0,2.25485
Lesotho,2019.0,2.10699
Liberia,2005.0,14.30521
Liberia,2010.0,13.61302
Liberia,2015.0,13.13016
Landlocked developing countries (LLDCs),2005.0,8.87988
Landlocked developing countries (LLDCs),2010.0,8.88076
Landlocked developing countries (LLDCs),2015.0,8.91497
Landlocked developing countries (LLDCs),2016.0,7.24346
Landlocked developing countries (LLDCs),2017.0,7.37691
Landlocked developing countries (LLDCs),2018.0,7.48945
Landlocked developing countries (LLDCs),2019.0,8.17935
Libya,2005.0,0
Libya,2010.0,0
Libya,2015.0,0
Macao,2005.0,0
Macao,2010.0,0
Macao,2015.0,0
Macao,2016.0,0
Macao,2017.0,0
Macao,2018.0,0
Macao,2019.0,0
Madagascar,2005.0,5.45058
Madagascar,2010.0,7.13538
Madagascar,2015.0,7.5166
Madagascar,2016.0,7.03399
Madagascar,2017.0,8.05678
Madagascar,2018.0,8.05346
Madagascar,2019.0,8.31942
Malawi,2005.0,10.81372
Malawi,2010.0,8.5476
Malawi,2015.0,8.00056
Malawi,2016.0,8.4918
Malawi,2017.0,8.02163
Malawi,2018.0,8.02163
Malawi,2019.0,10.34331
Malaysia,2005.0,5.07217
Malaysia,2010.0,5.30536
Malaysia,2015.0,4.57027
Malaysia,2016.0,4.35013
Malaysia,2017.0,3.9803
Malaysia,2018.0,3.9803
Malaysia,2019.0,4.06325
Maldives,2005.0,21.19151
Maldives,2010.0,20.50781
Maldives,2015.0,21.63547
Maldives,2016.0,21.50796
Maldives,2017.0,13.99206
Maldives,2018.0,17.92432
Maldives,2019.0,13.30049
Mali,2005.0,10.60771
Mali,2010.0,10.32537
Mali,2015.0,10.83105
Mali,2017.0,11.3164
Mali,2018.0,11.31597
Mali,2019.0,11.31648
Mauritania,2005.0,7.17941
Mauritania,2010.0,9.64469
Mauritania,2015.0,9.28202
Mauritania,2016.0,9.86074
Mauritania,2017.0,8.72032
Mauritania,2018.0,8.76416
Mauritania,2019.0,11.03941
Mauritius,2005.0,5.16242
Mauritius,2010.0,1.55284
Mauritius,2015.0,1.01339
Mauritius,2016.0,0.89155
Mauritius,2017.0,1.00249
Mauritius,2018.0,0.91298
Mauritius,2019.0,1.16248
Mexico,2005.0,12.84631
Mexico,2010.0,13.56953
Mexico,2015.0,4.69199
Mexico,2016.0,4.46348
Mexico,2017.0,4.06827
Mexico,2018.0,4.11825
Mexico,2019.0,4.48368
Mongolia,2005.0,4.29327
Mongolia,2010.0,5.05833
Mongolia,2015.0,4.95145
Mongolia,2016.0,4.96643
Mongolia,2017.0,5.23257
Mongolia,2018.0,5.22457
Mongolia,2019.0,5.15599
Moldova,2005.0,4.05511
Moldova,2010.0,3.62086
Moldova,2015.0,4.82083
Moldova,2016.0,5.54591
Moldova,2017.0,5.3776
Moldova,2018.0,5.3776
Moldova,2019.0,4.98632
Montenegro,2010.0,7.86741
Montenegro,2015.0,7.41341
Montenegro,2016.0,7.29778
Montenegro,2017.0,5.59128
Montenegro,2018.0,5.5964
Montenegro,2019.0,5.38531
Montserrat,2005.0,8.17553
Montserrat,2010.0,9.79652
Montserrat,2015.0,8.54947
Montserrat,2016.0,8.04424
Morocco,2005.0,19.37752
Morocco,2010.0,13.33013
Morocco,2015.0,9.05821
Morocco,2016.0,7.63883
Morocco,2017.0,9.6553
Morocco,2018.0,9.6553
Morocco,2019.0,9.6663
Mozambique,2005.0,8.46195
Mozambique,2010.0,6.87142
Mozambique,2015.0,6.84467
Mozambique,2016.0,7.25531
Mozambique,2017.0,6.60831
Mozambique,2018.0,6.58868
Mozambique,2019.0,7.20156
Oman,2005.0,4.3585
Oman,2010.0,5.40574
Oman,2015.0,5.32843
Oman,2016.0,5.39788
Oman,2017.0,5.83247
Oman,2018.0,7.8752
Oman,2019.0,6.43517
Europe and North America,2005.0,3.22143
Europe and North America,2010.0,1.79816
Europe and North America,2015.0,1.84384
Europe and North America,2016.0,3.09182
Europe and North America,2017.0,1.82682
Europe and North America,2018.0,1.85345
Europe and North America,2019.0,1.80371
"Developed regions (Europe, Cyprus, Israel, Northern America, Japan, Australia & New Zealand)",2005.0,3.20291
"Developed regions (Europe, Cyprus, Israel, Northern America, Japan, Australia & New Zealand)",2010.0,1.87614
"Developed regions (Europe, Cyprus, Israel, Northern America, Japan, Australia & New Zealand)",2015.0,1.89826
"Developed regions (Europe, Cyprus, Israel, Northern America, Japan, Australia & New Zealand)",2016.0,2.8993
"Developed regions (Europe, Cyprus, Israel, Northern America, Japan, Australia & New Zealand)",2017.0,1.89852
"Developed regions (Europe, Cyprus, Israel, Northern America, Japan, Australia & New Zealand)",2018.0,1.91802
"Developed regions (Europe, Cyprus, Israel, Northern America, Japan, Australia & New Zealand)",2019.0,1.88117
Developing regions,2005.0,6.74831
Developing regions,2010.0,6.20924
Developing regions,2015.0,6.45329
Developing regions,2016.0,5.37502
Developing regions,2017.0,5.82565
Developing regions,2018.0,5.75415
Developing regions,2019.0,5.48227
Namibia,2005.0,12.12168
Namibia,2010.0,1.33426
Namibia,2015.0,0.80116
Namibia,2016.0,0.62975
Namibia,2017.0,1.53963
Namibia,2018.0,1.52437
Namibia,2019.0,1.47268
Nepal,2005.0,14.18091
Nepal,2010.0,12.95056
Nepal,2015.0,15.2286
Nepal,2016.0,11.37939
Nepal,2017.0,13.80164
Nepal,2018.0,14.13696
Nepal,2019.0,15.14641
Aruba,2005.0,9.89403
Aruba,2010.0,9.21406
Aruba,2015.0,9.10939
Aruba,2016.0,9.10058
Aruba,2017.0,9.1331
Aruba,2018.0,9.03234
Aruba,2019.0,8.76337
Oceania (exc. Australia and New Zealand),2005.0,10.05348
Oceania (exc. Australia and New Zealand),2010.0,7.17604
Oceania (exc. Australia and New Zealand),2015.0,7.53379
Oceania (exc. Australia and New Zealand),2016.0,11.16286
Oceania (exc. Australia and New Zealand),2017.0,12.63256
Oceania (exc. Australia and New Zealand),2018.0,12.32957
Oceania (exc. Australia and New Zealand),2019.0,12.7055
Vanuatu,2005.0,12.87258
Vanuatu,2010.0,24.37
Vanuatu,2015.0,8.04618
New Zealand,2005.0,2.93068
New Zealand,2010.0,2.04957
New Zealand,2015.0,2.07794
New Zealand,2016.0,2.08445
New Zealand,2017.0,2.14482
New Zealand,2018.0,2.14482
New Zealand,2019.0,2.30172
Nicaragua,2005.0,5.23542
Nicaragua,2010.0,5.28146
Nicaragua,2015.0,6.39692
Nicaragua,2016.0,6.55336
Nicaragua,2017.0,7.08327
Nicaragua,2018.0,7.08633
Nicaragua,2019.0,7.08566
Niger,2005.0,12.12204
Niger,2010.0,11.56657
Niger,2015.0,10.64119
Niger,2016.0,12.55989
Niger,2017.0,12.64932
Niger,2018.0,12.69132
Niger,2019.0,11.69104
Nigeria,2005.0,11.12295
Nigeria,2010.0,10.54394
Nigeria,2015.0,8.94694
Nigeria,2016.0,9.93047
Nigeria,2017.0,8.68174
Nigeria,2018.0,8.68174
Nigeria,2019.0,8.72777
Norway,2005.0,1.93149
Norway,2010.0,4.0735
Norway,2015.0,3.5648
Norway,2016.0,3.53334
Norway,2017.0,2.83249
Norway,2018.0,3.53757
Norway,2019.0,2.27274
Micronesia (region),2005.0,3.81224
Micronesia (region),2010.0,3.39902
Micronesia (region),2015.0,3.15569
Micronesia (region),2016.0,3.15146
Palau,2005.0,2.2945
Palau,2010.0,5.78
Palau,2015.0,4.01428
Palau,2016.0,6.02721
Palau,2017.0,5.39728
Palau,2018.0,5.81143
Palau,2019.0,7.19937
Pakistan,2005.0,12.31015
Pakistan,2010.0,9.13826
Pakistan,2015.0,8.50206
Pakistan,2016.0,10.31514
Pakistan,2017.0,10.28712
Pakistan,2018.0,10.20499
Pakistan,2019.0,8.74153
Panama,2005.0,5.71475
Panama,2010.0,7.7651
Panama,2015.0,7.16653
Panama,2016.0,6.82874
Panama,2017.0,5.12257
Panama,2018.0,5.12257
Panama,2019.0,6.46598
Papua New Guinea,2005.0,1.98347
Papua New Guinea,2010.0,2.53191
Papua New Guinea,2015.0,3.49404
Paraguay,2005.0,8.02085
Paraguay,2010.0,6.51627
Paraguay,2015.0,7.6117
Paraguay,2016.0,7.64334
Paraguay,2017.0,7.20413
Paraguay,2018.0,7.20413
Paraguay,2019.0,6.57592
Peru,2005.0,9.22872
Peru,2010.0,2.75839
Peru,2015.0,2.03218
Peru,2016.0,2.05746
Peru,2017.0,1.79062
Peru,2018.0,1.79062
Peru,2019.0,1.82978
Philippines,2005.0,3.69016
Philippines,2010.0,5.56166
Philippines,2015.0,5.85706
Philippines,2016.0,6.07965
Philippines,2017.0,6.18066
Philippines,2018.0,4.89858
Philippines,2019.0,5.85753
Guinea-Bissau,2005.0,14.99646
Guinea-Bissau,2010.0,14.08958
Guinea-Bissau,2015.0,12.98965
Timor-Leste,2005.0,2.5
Timor-Leste,2010.0,2.5
Timor-Leste,2015.0,2.5
Timor-Leste,2016.0,2.5
Timor-Leste,2017.0,2.5
Timor-Leste,2018.0,2.5
Timor-Leste,2019.0,2.5
Qatar,2005.0,5.32711
Qatar,2010.0,5.00986
Qatar,2015.0,4.52017
Qatar,2016.0,4.39185
Qatar,2017.0,4.58003
Qatar,2018.0,5.25133
Qatar,2019.0,4.41667
Russia,2005.0,14.29005
Russia,2010.0,10.73952
Russia,2015.0,6.69609
Russia,2016.0,5.75811
Russia,2017.0,5.95283
Russia,2018.0,4.87132
Russia,2019.0,4.92854
Rwanda,2005.0,18.56627
Rwanda,2010.0,14.14451
Rwanda,2015.0,16.52228
Rwanda,2016.0,16.63837
Rwanda,2017.0,16.61909
Rwanda,2018.0,17.92348
Rwanda,2019.0,16.12082
Saint Kitts and Nevis,2005.0,15.65321
Saint Kitts and Nevis,2010.0,16.48892
Saint Kitts and Nevis,2015.0,15.18571
Saint Kitts and Nevis,2017.0,16.74355
Saint Kitts and Nevis,2018.0,16.79825
Saint Kitts and Nevis,2019.0,16.6499
Anguilla,2005.0,16.08574
Anguilla,2010.0,14.33205
Anguilla,2015.0,19.57844
Saint Lucia,2005.0,12.30983
Saint Lucia,2010.0,11.28475
Saint Lucia,2015.0,13.09495
Saint Lucia,2016.0,13.44423
Saint Lucia,2017.0,12.82482
Saint Lucia,2018.0,12.82482
Saint Lucia,2019.0,14.4196
Saint Pierre and Miquelon,2005.0,4.83731
Saint Pierre and Miquelon,2010.0,4.77337
Saint Pierre and Miquelon,2015.0,5.05049
Saint Vincent and the Grenadines,2005.0,6.38823
Saint Vincent and the Grenadines,2010.0,12.90783
Saint Vincent and the Grenadines,2015.0,10.74042
Saint Vincent and the Grenadines,2016.0,12.67371
Saint Vincent and the Grenadines,2017.0,14.30971
Saint Vincent and the Grenadines,2018.0,14.30971
Saint Vincent and the Grenadines,2019.0,14.32928
Sao Tome and Principe,2005.0,8.70083
Sao Tome and Principe,2010.0,9.02614
Sao Tome and Principe,2015.0,8.35061
Sao Tome and Principe,2016.0,9.47121
Sao Tome and Principe,2017.0,9.05536
Sao Tome and Principe,2018.0,9.42147
Sao Tome and Principe,2019.0,10.26819
Saudi Arabia,2005.0,5.1945
Saudi Arabia,2010.0,4.70439
Saudi Arabia,2015.0,4.59058
Saudi Arabia,2016.0,4.12867
Saudi Arabia,2017.0,5.20815
Saudi Arabia,2018.0,5.20815
Saudi Arabia,2019.0,4.54036
Senegal,2005.0,10.76555
Senegal,2010.0,9.26754
Senegal,2015.0,10.03378
Senegal,2016.0,9.61791
Senegal,2017.0,9.79515
Senegal,2018.0,9.78671
Senegal,2019.0,10.28334
Serbia,2005.0,6.29978
Serbia,2010.0,5.92587
Serbia,2015.0,6.66516
Serbia,2016.0,5.83319
Serbia,2017.0,6.69748
Serbia,2018.0,6.68292
Serbia,2019.0,6.87594
Seychelles,2005.0,46.83443
Seychelles,2010.0,24.42671
Seychelles,2015.0,5.84302
Seychelles,2016.0,8.81057
Seychelles,2017.0,5.09917
Seychelles,2018.0,5.38545
Seychelles,2019.0,4.12521
Sierra Leone,2005.0,13.52071
Sierra Leone,2010.0,13.11132
Sierra Leone,2015.0,18.1591
Sierra Leone,2016.0,18.09513
Sierra Leone,2017.0,14.49874
Singapore,2005.0,0.01779
Singapore,2010.0,0.03384
Singapore,2015.0,0.0645
Singapore,2016.0,0.05307
Singapore,2017.0,0.00035
Singapore,2018.0,0.04542
Singapore,2019.0,0.04069
Vietnam,2005.0,12.41163
Vietnam,2010.0,6.21695
Vietnam,2015.0,5.19673
Vietnam,2016.0,5.37841
Vietnam,2017.0,5.49584
Vietnam,2018.0,4.90674
Vietnam,2019.0,5.35593
South Africa,2005.0,6.76613
South Africa,2010.0,6.10134
South Africa,2015.0,6.08671
South Africa,2016.0,5.77794
South Africa,2017.0,6.48638
South Africa,2018.0,6.49062
South Africa,2019.0,6.13492
Zimbabwe,2005.0,12.09896
Zimbabwe,2010.0,21.40006
Zimbabwe,2015.0,13.08186
Zimbabwe,2016.0,10.79488
Zimbabwe,2017.0,9.53118
Zimbabwe,2018.0,9.53118
Zimbabwe,2019.0,8.62
Small island developing States (SIDS),2005.0,2.04283
Small island developing States (SIDS),2010.0,1.97661
Small island developing States (SIDS),2015.0,2.29205
Small island developing States (SIDS),2016.0,1.91603
Small island developing States (SIDS),2017.0,2.03026
Small island developing States (SIDS),2018.0,2.03353
Small island developing States (SIDS),2019.0,1.90044
Sudan,2005.0,15.94671
Sudan,2010.0,17.83631
Sudan,2015.0,20.57321
Sudan,2016.0,17.71056
Sudan,2017.0,16.39989
Sudan,2018.0,16.39989
Sudan,2019.0,13.81528
Suriname,2005.0,15.01194
Suriname,2010.0,14.84272
Suriname,2015.0,13.07851
Suriname,2016.0,13.47499
Suriname,2017.0,13.00645
Suriname,2018.0,10.94964
Suriname,2019.0,12.48016
Northern Africa and Western Asia,2005.0,6.78928
Northern Africa and Western Asia,2010.0,6.59131
Northern Africa and Western Asia,2015.0,6.03377
Northern Africa and Western Asia,2016.0,5.5591
Northern Africa and Western Asia,2017.0,5.91489
Northern Africa and Western Asia,2018.0,6.13618
Northern Africa and Western Asia,2019.0,6.23727
Eswatini,2005.0,8.76427
Eswatini,2010.0,1.32657
Eswatini,2015.0,1.21472
Eswatini,2016.0,1.30618
Eswatini,2017.0,1.82309
Eswatini,2018.0,1.85305
Eswatini,2019.0,2.15779
Eastern and South-Eastern Asia,2005.0,3.92304
Eastern and South-Eastern Asia,2010.0,3.85583
Eastern and South-Eastern Asia,2015.0,5.04774
Eastern and South-Eastern Asia,2016.0,3.75702
Eastern and South-Eastern Asia,2017.0,4.39518
Eastern and South-Eastern Asia,2018.0,4.29063
Eastern and South-Eastern Asia,2019.0,3.80743
Switzerland,2005.0,2.87802
Switzerland,2010.0,2.38575
Switzerland,2015.0,1.97144
Switzerland,2016.0,1.41935
Switzerland,2017.0,1.85886
Switzerland,2018.0,1.79559
Switzerland,2019.0,1.71021
Syria,2005.0,8.71847
Syria,2010.0,11.46555
Syria,2015.0,18.56079
Tajikistan,2005.0,6.87547
Tajikistan,2010.0,8.06645
Tajikistan,2015.0,7.44373
Thailand,2005.0,5.59988
Thailand,2010.0,6.43572
Thailand,2015.0,6.97975
Thailand,2016.0,7.20635
Thailand,2017.0,7.18828
Thailand,2018.0,7.18828
Thailand,2019.0,8.00694
Togo,2005.0,9.06922
Togo,2010.0,11.09145
Togo,2015.0,11.53317
Togo,2016.0,12.00172
Togo,2017.0,11.64257
Togo,2018.0,11.5872
Togo,2019.0,11.9234
Tonga,2005.0,22.38874
Tonga,2010.0,5.03942
Tonga,2015.0,5.64395
Tonga,2016.0,5.79464
Tonga,2017.0,5.61955
Tonga,2018.0,5.61955
Trinidad and Tobago,2005.0,6.56216
Trinidad and Tobago,2010.0,6.77503
Trinidad and Tobago,2015.0,9.70515
Trinidad and Tobago,2017.0,7.95821
Trinidad and Tobago,2018.0,7.95821
United Arab Emirates,2005.0,5.17799
United Arab Emirates,2010.0,4.09383
United Arab Emirates,2015.0,3.93407
United Arab Emirates,2016.0,3.44195
United Arab Emirates,2017.0,3.76744
United Arab Emirates,2018.0,4.276
United Arab Emirates,2019.0,4.34162
Tunisia,2005.0,20.03322
Tunisia,2010.0,18.88591
Tunisia,2015.0,10.76588
Tunisia,2016.0,9.48621
Tunisia,2017.0,12.32687
Tunisia,2018.0,12.32687
Tunisia,2019.0,11.9715
Turkey,2005.0,4.16025
Turkey,2010.0,5.23177
Turkey,2015.0,5.92404
Turkey,2016.0,6.42565
Turkey,2017.0,5.19493
Turkey,2018.0,4.66158
Turkey,2019.0,4.48664
Tuvalu,2005.0,2.92597
Tuvalu,2010.0,1.81376
Tuvalu,2015.0,3.22212
Uganda,2005.0,12.43468
Uganda,2010.0,10.77345
Uganda,2015.0,10.8705
Uganda,2016.0,11.02411
Uganda,2017.0,10.90694
Uganda,2018.0,10.46012
Uganda,2019.0,11.18793
Ukraine,2005.0,4.98468
Ukraine,2010.0,2.93622
Ukraine,2015.0,2.86599
Ukraine,2016.0,2.67795
Ukraine,2017.0,2.94192
Ukraine,2018.0,2.93488
Ukraine,2019.0,2.3565
North Macedonia,2005.0,7.62411
North Macedonia,2010.0,7.17086
North Macedonia,2015.0,7.12634
North Macedonia,2016.0,6.63766
North Macedonia,2017.0,5.87052
North Macedonia,2018.0,6.00221
North Macedonia,2019.0,6.6896
Egypt,2005.0,7.86111
Egypt,2010.0,11.37094
Egypt,2015.0,11.53073
Egypt,2016.0,9.13459
Egypt,2017.0,8.32994
Egypt,2018.0,8.29097
Egypt,2019.0,12.72496
Tanzania,2005.0,9.2079
Tanzania,2010.0,8.67155
Tanzania,2015.0,8.90121
Tanzania,2016.0,5.68607
Tanzania,2017.0,9.51041
Tanzania,2018.0,9.36167
Tanzania,2019.0,9.19779
United States,2005.0,2.43889
United States,2010.0,2.22967
United States,2015.0,2.55093
United States,2016.0,2.93085
United States,2017.0,2.49959
United States,2018.0,2.64746
United States,2019.0,2.604
Burkina Faso,2005.0,11.21491
Burkina Faso,2010.0,10.54257
Burkina Faso,2015.0,10.15376
Burkina Faso,2016.0,10.86422
Burkina Faso,2017.0,9.52063
Burkina Faso,2018.0,9.52788
Burkina Faso,2019.0,9.51683
Uruguay,2005.0,10.45219
Uruguay,2010.0,8.32967
Uruguay,2015.0,9.4711
Uruguay,2016.0,9.63394
Uruguay,2017.0,10.42006
Uruguay,2018.0,10.42006
Uruguay,2019.0,9.72779
Uzbekistan,2005.0,16.48098
Uzbekistan,2010.0,16.88729
Uzbekistan,2015.0,15.33675
Uzbekistan,2019.0,14.8091
Venezuela,2005.0,13.54356
Venezuela,2010.0,13.62745
Venezuela,2015.0,14.13508
Venezuela,2016.0,15.07426
Venezuela,2017.0,15.22826
Venezuela,2018.0,15.22826
Wallis and Futuna,2005.0,7.13019
Wallis and Futuna,2010.0,6.63611
Wallis and Futuna,2015.0,7.51817
Samoa,2005.0,9.5648
Samoa,2010.0,8.69942
Samoa,2015.0,7.39922
Samoa,2016.0,7.39523
Samoa,2017.0,9.85404
Samoa,2018.0,10.11024
Samoa,2019.0,8.04443
Yemen,2005.0,6.0896
Yemen,2010.0,5.79857
Yemen,2015.0,6.16488
Yemen,2016.0,6.20636
Yemen,2017.0,6.14105
Yemen,2018.0,6.14105
Yemen,2019.0,7.32384
Zambia,2005.0,10.25895
Zambia,2010.0,7.71679
Zambia,2015.0,10.47014
Zambia,2016.0,10.45539
Zambia,2017.0,8.11916
Zambia,2018.0,9.03659
Zambia,2019.0,10.55338
