country,year,value
Bangladesh,2018.0,3.8
Bolivia,2018.0,6.5
Canada,2014.0,3.3
Democratic Republic of Congo,2018.0,7.5
Costa Rica,2018.0,6.6
France,2018.0,18.0
Georgia,2018.0,1.8
Palestine,2018.0,2.1
Kiribati,2018.0,9.5
Hungary,2015.0,5.5
Iraq,2018.0,3.7
Ireland,2014.0,23.5
Ireland,2019.0,34.1
Kyrgyzstan,2018.0,2.7
Lesotho,2018.0,4.0
Liechtenstein,2017.0,7.0
Mexico,2017.0,5.2
Montenegro,2018.0,1.0
New Zealand,2016.0,3.8
New Zealand,2018.0,5.1
South Africa,2019.0,0.9
Zimbabwe,2019.0,3.5
Suriname,2018.0,1.8
Sweden,2015.0,13.0
Sweden,2016.0,14.0
Sweden,2018.0,14.0
Tunisia,2018.0,2.7
