country,year,value
World,2000.0,0.0905
World,2001.0,0.09276
World,2002.0,0.09219
World,2003.0,0.09542
World,2004.0,0.09827
World,2005.0,0.10022
World,2006.0,0.10193
World,2007.0,0.10198
World,2008.0,0.10323
World,2009.0,0.10728
World,2010.0,0.10865
World,2011.0,0.11135
World,2012.0,0.1106
World,2013.0,0.10881
World,2014.0,0.10519
World,2015.0,0.09924
World,2016.0,0.0999
World,2017.0,0.09979
Africa,2000.0,0.14453
Africa,2001.0,0.14002
Africa,2002.0,0.12962
Africa,2003.0,0.13373
Africa,2015.0,0.08584
Africa,2016.0,0.08559
Africa,2017.0,0.08441
Afghanistan,2000.0,0.00018
Afghanistan,2001.0,0.0051
Afghanistan,2002.0,0.0025
Afghanistan,2003.0,0.00384
Afghanistan,2004.0,0.00365
Afghanistan,2005.0,0.00322
Afghanistan,2006.0,0.00313
Afghanistan,2007.0,0.01708
Afghanistan,2008.0,0.02612
Afghanistan,2009.0,0.03211
Afghanistan,2010.0,0.04509
Afghanistan,2011.0,0.04149
Afghanistan,2012.0,0.03869
Afghanistan,2013.0,0.06527
Afghanistan,2014.0,0.07135
Afghanistan,2015.0,0.07749
Afghanistan,2016.0,0.07949
Afghanistan,2017.0,0.0821
South America,2000.0,0.01146
South America,2001.0,0.01125
South America,2002.0,0.01066
South America,2003.0,0.0113
South America,2004.0,0.01061
South America,2005.0,0.0111
South America,2006.0,0.01005
South America,2007.0,0.01073
South America,2008.0,0.01098
South America,2009.0,0.00929
South America,2010.0,0.00988
South America,2011.0,0.01085
South America,2012.0,0.01024
South America,2013.0,0.01143
South America,2014.0,0.01178
South America,2015.0,0.0122
South America,2016.0,0.013
South America,2017.0,0.01329
Albania,2000.0,0.01053
Albania,2001.0,0.01132
Albania,2002.0,0.0079
Albania,2003.0,0.00773
Albania,2004.0,0.00732
Albania,2005.0,0.00586
Albania,2006.0,0.00553
Albania,2007.0,0.00522
Albania,2008.0,0.00629
Albania,2009.0,0.014
Albania,2010.0,0.01484
Albania,2011.0,0.01774
Albania,2012.0,0.00984
Albania,2013.0,0.00838
Albania,2014.0,0.01043
Albania,2015.0,0.00813
Albania,2016.0,0.00841
Albania,2017.0,0.00871
Oceania,2000.0,0.11095
Oceania,2001.0,0.12218
Oceania,2002.0,0.11741
Oceania,2003.0,0.11126
Oceania,2004.0,0.10683
Oceania,2005.0,0.10958
Oceania,2006.0,0.10881
Oceania,2007.0,0.10764
Oceania,2008.0,0.10088
Oceania,2009.0,0.10327
Oceania,2010.0,0.0987
Oceania,2011.0,0.0866
Oceania,2012.0,0.0858
Oceania,2013.0,0.07696
Oceania,2014.0,0.06989
Oceania,2015.0,0.06932
Oceania,2016.0,0.06714
Oceania,2017.0,0.06452
Western Africa,2004.0,0.00105
Western Africa,2005.0,0.00091
Western Africa,2006.0,0.00088
Western Africa,2007.0,0.00097
Western Africa,2008.0,0.00096
Western Africa,2009.0,0.00101
Western Africa,2010.0,0.00111
Western Africa,2011.0,0.00126
Western Africa,2012.0,0.00113
Western Africa,2013.0,0.00107
Western Africa,2014.0,0.00116
Western Africa,2015.0,0.00204
Western Africa,2016.0,0.00207
Algeria,2000.0,0.00594
Algeria,2001.0,0.00682
Algeria,2002.0,0.00985
Algeria,2003.0,0.00761
Algeria,2004.0,0.00868
Algeria,2005.0,0.00653
Algeria,2006.0,0.00735
Algeria,2007.0,0.00736
Algeria,2008.0,0.00718
Algeria,2009.0,0.00254
Algeria,2010.0,0.00311
Algeria,2011.0,0.00264
Algeria,2012.0,0.00245
Algeria,2013.0,0.00153
Algeria,2014.0,0.0014
Algeria,2015.0,0.00011
Central America,2000.0,0.01453
Central America,2001.0,0.01535
Central America,2002.0,0.01754
Central America,2003.0,0.01969
Central America,2004.0,0.01705
Central America,2005.0,0.01974
Central America,2006.0,0.02024
Central America,2007.0,0.01894
Central America,2008.0,0.01659
Central America,2009.0,0.01695
Central America,2010.0,0.02007
Central America,2011.0,0.0224
Central America,2012.0,0.01837
Central America,2013.0,0.01835
Central America,2014.0,0.01813
Central America,2015.0,0.01851
Central America,2016.0,0.01837
Central America,2017.0,0.01836
Eastern Africa,2009.0,0.01696
Eastern Africa,2010.0,0.0177
Eastern Africa,2011.0,0.02021
Eastern Africa,2012.0,0.0254
Eastern Africa,2013.0,0.02632
Eastern Africa,2014.0,0.03529
Eastern Africa,2015.0,0.0309
Eastern Africa,2016.0,0.03229
Eastern Africa,2017.0,0.03326
Northern Africa,2000.0,0.01497
Northern Africa,2001.0,0.01688
Northern Africa,2002.0,0.01728
Northern Africa,2003.0,0.01536
Northern Africa,2011.0,0.00845
Northern Africa,2015.0,0.01258
Northern Africa,2016.0,0.0121
Northern Africa,2017.0,0.01164
Southern Africa,2000.0,0.5453
Southern Africa,2001.0,0.53173
Southern Africa,2002.0,0.50324
Southern Africa,2003.0,0.53913
Southern Africa,2004.0,0.53888
Southern Africa,2005.0,0.50932
Southern Africa,2006.0,0.48854
Southern Africa,2007.0,0.47498
Southern Africa,2008.0,0.49588
Southern Africa,2009.0,0.51055
Southern Africa,2010.0,0.46973
Southern Africa,2011.0,0.44626
Southern Africa,2012.0,0.43471
Southern Africa,2013.0,0.41629
Southern Africa,2014.0,0.42965
Southern Africa,2015.0,0.3891
Southern Africa,2016.0,0.39065
Southern Africa,2017.0,0.39001
Americas,2000.0,0.05817
Americas,2001.0,0.06149
Americas,2002.0,0.05917
Americas,2003.0,0.05678
Americas,2004.0,0.05643
Americas,2005.0,0.05572
Americas,2006.0,0.0555
Americas,2007.0,0.0532
Americas,2008.0,0.05243
Americas,2009.0,0.04912
Americas,2010.0,0.04736
Americas,2011.0,0.04571
Americas,2012.0,0.0403
Americas,2013.0,0.03864
Americas,2014.0,0.03957
Americas,2015.0,0.03575
Americas,2016.0,0.03478
Americas,2017.0,0.03344
Northern America,2000.0,0.07122
Northern America,2001.0,0.07542
Northern America,2002.0,0.07218
Northern America,2003.0,0.06869
Northern America,2004.0,0.06885
Northern America,2005.0,0.06777
Northern America,2006.0,0.06793
Northern America,2007.0,0.06537
Northern America,2008.0,0.06495
Northern America,2009.0,0.06107
Northern America,2010.0,0.05876
Northern America,2011.0,0.05645
Northern America,2012.0,0.04975
Northern America,2013.0,0.04734
Northern America,2014.0,0.04835
Northern America,2015.0,0.04294
Northern America,2016.0,0.04127
Northern America,2017.0,0.03935
Eastern Asia,2000.0,0.17655
Eastern Asia,2001.0,0.17903
Eastern Asia,2002.0,0.18529
Eastern Asia,2003.0,0.20572
Eastern Asia,2004.0,0.2255
Eastern Asia,2005.0,0.23772
Eastern Asia,2006.0,0.24373
Eastern Asia,2007.0,0.24712
Eastern Asia,2008.0,0.24991
Eastern Asia,2009.0,0.26963
Eastern Asia,2010.0,0.27824
Eastern Asia,2011.0,0.28852
Eastern Asia,2012.0,0.28487
Eastern Asia,2013.0,0.27969
Eastern Asia,2014.0,0.25874
Eastern Asia,2015.0,0.23739
Eastern Asia,2016.0,0.23948
Eastern Asia,2017.0,0.23963
Argentina,2000.0,0.00245
Argentina,2001.0,0.00248
Argentina,2002.0,0.00264
Argentina,2003.0,0.00251
Argentina,2004.0,0.00253
Argentina,2005.0,0.00372
Argentina,2006.0,0.00339
Argentina,2007.0,0.00305
Argentina,2008.0,0.00332
Argentina,2009.0,0.00295
Argentina,2010.0,0.00348
Argentina,2011.0,0.00387
Argentina,2012.0,0.00348
Argentina,2013.0,0.00337
Argentina,2014.0,0.00504
Argentina,2015.0,0.00405
Argentina,2016.0,0.00433
Argentina,2017.0,0.00441
Southern Asia,2000.0,0.25404
Southern Asia,2001.0,0.25407
Southern Asia,2002.0,0.25373
Southern Asia,2003.0,0.24839
Southern Asia,2004.0,0.2515
Southern Asia,2005.0,0.25351
Southern Asia,2006.0,0.25207
Southern Asia,2007.0,0.25143
Southern Asia,2008.0,0.26541
Southern Asia,2009.0,0.28105
Southern Asia,2010.0,0.27366
Southern Asia,2011.0,0.27192
Southern Asia,2012.0,0.2811
Southern Asia,2013.0,0.27999
Southern Asia,2014.0,0.2942
Southern Asia,2015.0,0.28278
Southern Asia,2016.0,0.27389
Southern Asia,2017.0,0.26908
South-Eastern Asia,2000.0,0.05573
South-Eastern Asia,2001.0,0.0616
South-Eastern Asia,2002.0,0.06197
South-Eastern Asia,2003.0,0.06014
South-Eastern Asia,2004.0,0.07048
South-Eastern Asia,2005.0,0.07258
South-Eastern Asia,2006.0,0.07045
South-Eastern Asia,2007.0,0.07184
South-Eastern Asia,2008.0,0.07434
South-Eastern Asia,2009.0,0.07658
South-Eastern Asia,2010.0,0.08057
South-Eastern Asia,2011.0,0.07764
South-Eastern Asia,2012.0,0.07725
South-Eastern Asia,2013.0,0.07688
South-Eastern Asia,2014.0,0.08169
South-Eastern Asia,2015.0,0.09314
South-Eastern Asia,2016.0,0.09287
South-Eastern Asia,2017.0,0.09197
Australia,2000.0,0.12507
Australia,2001.0,0.13758
Australia,2002.0,0.13207
Australia,2003.0,0.12444
Australia,2004.0,0.11878
Australia,2005.0,0.1222
Australia,2006.0,0.12112
Australia,2007.0,0.1205
Australia,2008.0,0.11289
Australia,2009.0,0.11543
Australia,2010.0,0.11019
Australia,2011.0,0.09646
Australia,2012.0,0.09576
Australia,2013.0,0.08546
Australia,2014.0,0.07788
Australia,2015.0,0.0776
Australia,2016.0,0.07527
Australia,2017.0,0.0723
Southern Europe,2000.0,0.04075
Southern Europe,2001.0,0.03938
Southern Europe,2002.0,0.04132
Southern Europe,2003.0,0.03966
Southern Europe,2004.0,0.04056
Southern Europe,2005.0,0.03925
Southern Europe,2006.0,0.04582
Southern Europe,2007.0,0.04441
Southern Europe,2008.0,0.04284
Southern Europe,2009.0,0.04211
Southern Europe,2010.0,0.03889
Southern Europe,2011.0,0.04222
Southern Europe,2012.0,0.04503
Southern Europe,2013.0,0.04048
Southern Europe,2014.0,0.03716
Southern Europe,2015.0,0.038
Southern Europe,2016.0,0.0366
Southern Europe,2017.0,0.03515
Austria,2000.0,0.01707
Austria,2001.0,0.01809
Austria,2002.0,0.0191
Austria,2003.0,0.01825
Austria,2004.0,0.01677
Austria,2005.0,0.01602
Austria,2006.0,0.01464
Austria,2007.0,0.01526
Austria,2008.0,0.01431
Austria,2009.0,0.01061
Austria,2010.0,0.01286
Austria,2011.0,0.01154
Austria,2012.0,0.01222
Austria,2013.0,0.01133
Austria,2014.0,0.01103
Austria,2015.0,0.0098
Austria,2016.0,0.0094
Austria,2017.0,0.00897
Bangladesh,2000.0,0.01008
Bangladesh,2001.0,0.01015
Bangladesh,2002.0,0.0101
Bangladesh,2003.0,0.00922
Bangladesh,2004.0,0.00869
Bangladesh,2005.0,0.01029
Bangladesh,2006.0,0.01102
Bangladesh,2007.0,0.01117
Bangladesh,2008.0,0.0143
Bangladesh,2009.0,0.01501
Bangladesh,2010.0,0.01314
Bangladesh,2011.0,0.01305
Bangladesh,2012.0,0.01413
Bangladesh,2013.0,0.01369
Bangladesh,2014.0,0.01325
Bangladesh,2015.0,0.0178
Bangladesh,2016.0,0.01733
Bangladesh,2017.0,0.01682
Armenia,2002.0,0.00316
Armenia,2003.0,0.00416
Armenia,2006.0,0.00011
Armenia,2007.0,0.00029
Armenia,2008.0,0.00027
Armenia,2009.0,0.0001
Armenia,2010.0,0.0002
Armenia,2011.0,0.0001
Armenia,2012.0,0.00027
Armenia,2013.0,0.00026
Armenia,2014.0,0.00008
Armenia,2015.0,0.00016
Armenia,2016.0,0.00011
Armenia,2017.0,0.00008
Australia and New Zealand,2000.0,0.1138
Australia and New Zealand,2001.0,0.12522
Australia and New Zealand,2002.0,0.12031
Australia and New Zealand,2003.0,0.114
Australia and New Zealand,2004.0,0.10944
Australia and New Zealand,2005.0,0.11226
Australia and New Zealand,2006.0,0.11145
Australia and New Zealand,2007.0,0.1103
Australia and New Zealand,2008.0,0.10334
Australia and New Zealand,2009.0,0.10579
Australia and New Zealand,2010.0,0.10119
Australia and New Zealand,2011.0,0.08874
Australia and New Zealand,2012.0,0.08792
Australia and New Zealand,2013.0,0.07886
Australia and New Zealand,2014.0,0.07169
Australia and New Zealand,2015.0,0.07113
Australia and New Zealand,2016.0,0.06888
Australia and New Zealand,2017.0,0.06616
Belgium,2000.0,0.0269
Belgium,2001.0,0.02884
Belgium,2002.0,0.01977
Belgium,2003.0,0.02075
Belgium,2004.0,0.0204
Belgium,2005.0,0.01789
Belgium,2006.0,0.01583
Belgium,2007.0,0.01366
Belgium,2008.0,0.01541
Belgium,2009.0,0.00857
Belgium,2010.0,0.01184
Belgium,2011.0,0.01114
Belgium,2012.0,0.00955
Belgium,2013.0,0.00991
Belgium,2014.0,0.0103
Belgium,2015.0,0.00917
Belgium,2016.0,0.00819
Belgium,2017.0,0.00708
Central and Southern Asia,2000.0,0.269
Central and Southern Asia,2001.0,0.26922
Central and Southern Asia,2002.0,0.2675
Central and Southern Asia,2003.0,0.26296
Central and Southern Asia,2004.0,0.26839
Central and Southern Asia,2005.0,0.26765
Central and Southern Asia,2006.0,0.26583
Central and Southern Asia,2007.0,0.26425
Central and Southern Asia,2008.0,0.27843
Central and Southern Asia,2009.0,0.28929
Central and Southern Asia,2010.0,0.28301
Central and Southern Asia,2011.0,0.28139
Central and Southern Asia,2012.0,0.28915
Central and Southern Asia,2013.0,0.28553
Central and Southern Asia,2014.0,0.29644
Central and Southern Asia,2015.0,0.28401
Central and Southern Asia,2016.0,0.27592
Central and Southern Asia,2017.0,0.27117
Bhutan,2000.0,0.0726
Bhutan,2001.0,0.11352
Bhutan,2002.0,0.10733
Bhutan,2003.0,0.07465
Bhutan,2004.0,0.03149
Bhutan,2005.0,0.08461
Bhutan,2006.0,0.09096
Bhutan,2007.0,0.08287
Bhutan,2008.0,0.09298
Bhutan,2009.0,0.03421
Bhutan,2010.0,0.05539
Bhutan,2011.0,0.05144
Bhutan,2012.0,0.04896
Bhutan,2013.0,0.09197
Bhutan,2014.0,0.0917
Bhutan,2015.0,0.09046
Bhutan,2016.0,0.08787
Bhutan,2017.0,0.08677
Bosnia and Herzegovina,2000.0,0.6121
Bosnia and Herzegovina,2001.0,0.60552
Bosnia and Herzegovina,2002.0,0.59792
Bosnia and Herzegovina,2003.0,0.62397
Bosnia and Herzegovina,2004.0,0.59436
Bosnia and Herzegovina,2005.0,0.60173
Bosnia and Herzegovina,2006.0,0.6241
Bosnia and Herzegovina,2007.0,0.57697
Bosnia and Herzegovina,2008.0,0.63089
Bosnia and Herzegovina,2009.0,0.68873
Bosnia and Herzegovina,2010.0,0.66184
Bosnia and Herzegovina,2011.0,0.7573
Bosnia and Herzegovina,2012.0,0.73041
Bosnia and Herzegovina,2013.0,0.69965
Bosnia and Herzegovina,2014.0,0.69103
Bosnia and Herzegovina,2015.0,0.74676
Bosnia and Herzegovina,2016.0,0.74675
Bosnia and Herzegovina,2017.0,0.74686
Botswana,2000.0,0.12145
Botswana,2001.0,0.11112
Botswana,2002.0,0.1074
Botswana,2003.0,0.08911
Botswana,2004.0,0.09525
Botswana,2005.0,0.09794
Botswana,2006.0,0.0883
Botswana,2007.0,0.07023
Botswana,2008.0,0.07159
Botswana,2009.0,0.06266
Botswana,2010.0,0.07289
Botswana,2011.0,0.05015
Botswana,2012.0,0.09623
Botswana,2013.0,0.09061
Botswana,2014.0,0.09242
Botswana,2015.0,0.11575
Botswana,2016.0,0.11311
Botswana,2017.0,0.11259
Brazil,2000.0,0.01399
Brazil,2001.0,0.01293
Brazil,2002.0,0.01257
Brazil,2003.0,0.01276
Brazil,2004.0,0.01252
Brazil,2005.0,0.01222
Brazil,2006.0,0.01126
Brazil,2007.0,0.01144
Brazil,2008.0,0.01158
Brazil,2009.0,0.00916
Brazil,2010.0,0.01047
Brazil,2011.0,0.01114
Brazil,2012.0,0.01052
Brazil,2013.0,0.01181
Brazil,2014.0,0.01239
Brazil,2015.0,0.01211
Brazil,2016.0,0.01283
Brazil,2017.0,0.013
Bulgaria,2000.0,0.92473
Bulgaria,2001.0,0.91427
Bulgaria,2002.0,0.84411
Bulgaria,2003.0,0.84255
Bulgaria,2004.0,0.78638
Bulgaria,2005.0,0.67795
Bulgaria,2006.0,0.65346
Bulgaria,2007.0,0.68692
Bulgaria,2008.0,0.6619
Bulgaria,2009.0,0.60111
Bulgaria,2010.0,0.63523
Bulgaria,2011.0,0.78246
Bulgaria,2012.0,0.69369
Bulgaria,2013.0,0.5816
Bulgaria,2014.0,0.61887
Bulgaria,2015.0,0.68319
Bulgaria,2016.0,0.66443
Bulgaria,2017.0,0.64689
Myanmar,2000.0,0.04358
Myanmar,2001.0,0.04332
Myanmar,2002.0,0.02934
Myanmar,2003.0,0.04529
Myanmar,2004.0,0.0225
Myanmar,2005.0,0.02425
Myanmar,2006.0,0.02717
Myanmar,2007.0,0.02488
Myanmar,2008.0,0.0196
Myanmar,2009.0,0.01643
Myanmar,2010.0,0.01655
Myanmar,2011.0,0.01584
Myanmar,2012.0,0.01741
Myanmar,2013.0,0.01158
Myanmar,2014.0,0.01196
Myanmar,2015.0,0.01013
Myanmar,2016.0,0.00959
Myanmar,2017.0,0.009
Burundi,2000.0,0.00278
Burundi,2001.0,0.00454
Burundi,2002.0,0.00445
Burundi,2003.0,0.00296
Burundi,2004.0,0.00288
Burundi,2005.0,0.00299
Burundi,2006.0,0.00568
Burundi,2007.0,0.00422
Burundi,2008.0,0.00524
Burundi,2009.0,0.00587
Burundi,2010.0,0.00645
Burundi,2011.0,0.00378
Burundi,2012.0,0.00921
Burundi,2013.0,0.00832
Burundi,2014.0,0.00837
Burundi,2015.0,0.00881
Burundi,2016.0,0.00895
Burundi,2017.0,0.00934
Belarus,2000.0,0.09786
Belarus,2001.0,0.08572
Belarus,2002.0,0.08672
Belarus,2003.0,0.06552
Belarus,2004.0,0.05937
Belarus,2005.0,0.06408
Belarus,2006.0,0.05419
Belarus,2007.0,0.05739
Belarus,2008.0,0.04782
Belarus,2009.0,0.04002
Belarus,2010.0,0.04085
Belarus,2011.0,0.05137
Belarus,2012.0,0.04974
Belarus,2013.0,0.04729
Belarus,2014.0,0.03618
Belarus,2015.0,0.03634
Belarus,2016.0,0.03801
Belarus,2017.0,0.03783
Cambodia,2009.0,0.00151
Cambodia,2010.0,0.00151
Cambodia,2011.0,0.00158
Cambodia,2012.0,0.00163
Cambodia,2013.0,0.00692
Cambodia,2014.0,0.03298
Cambodia,2015.0,0.09803
Cambodia,2016.0,0.10359
Cambodia,2017.0,0.10791
Cameroon,2000.0,0.00006
Canada,2000.0,0.04611
Canada,2001.0,0.0484
Canada,2002.0,0.04492
Canada,2003.0,0.04033
Canada,2004.0,0.04107
Canada,2005.0,0.04243
Canada,2006.0,0.04049
Canada,2007.0,0.0417
Canada,2008.0,0.03629
Canada,2009.0,0.03155
Canada,2010.0,0.03124
Canada,2011.0,0.02757
Canada,2012.0,0.02558
Canada,2013.0,0.02315
Canada,2014.0,0.0249
Canada,2015.0,0.02261
Canada,2016.0,0.02123
Canada,2017.0,0.01956
Asia,2000.0,0.16016
Asia,2001.0,0.16284
Asia,2002.0,0.16672
Asia,2003.0,0.17917
Asia,2004.0,0.19237
Asia,2005.0,0.20063
Asia,2006.0,0.20406
Asia,2007.0,0.20711
Asia,2008.0,0.21047
Asia,2009.0,0.22582
Asia,2010.0,0.23064
Asia,2011.0,0.23582
Asia,2012.0,0.23423
Asia,2013.0,0.22931
Asia,2014.0,0.21827
Asia,2015.0,0.20375
Asia,2016.0,0.20444
Asia,2017.0,0.20421
Central Asia,2000.0,0.47278
Central Asia,2001.0,0.46354
Central Asia,2002.0,0.43975
Central Asia,2003.0,0.44524
Central Asia,2004.0,0.47607
Central Asia,2005.0,0.43758
Central Asia,2006.0,0.42706
Central Asia,2007.0,0.41234
Central Asia,2008.0,0.42465
Central Asia,2009.0,0.38446
Central Asia,2010.0,0.39074
Central Asia,2011.0,0.38616
Central Asia,2012.0,0.37574
Central Asia,2013.0,0.34405
Central Asia,2014.0,0.3203
Central Asia,2015.0,0.2975
Central Asia,2016.0,0.29916
Central Asia,2017.0,0.29553
Sri Lanka,2000.0,0.00006
Sri Lanka,2001.0,0.00003
Sri Lanka,2002.0,0.00077
Sri Lanka,2003.0,0.00258
Sri Lanka,2004.0,0.00066
Sri Lanka,2005.0,0.00226
Sri Lanka,2006.0,0.00156
Sri Lanka,2007.0,0.00142
Sri Lanka,2008.0,0.00142
Sri Lanka,2009.0,0.0019
Sri Lanka,2010.0,0.0019
Sri Lanka,2011.0,0.01236
Sri Lanka,2012.0,0.01433
Sri Lanka,2013.0,0.0163
Sri Lanka,2014.0,0.02206
Sri Lanka,2015.0,0.02577
Sri Lanka,2016.0,0.0262
Sri Lanka,2017.0,0.02684
Europe,2000.0,0.06659
Europe,2001.0,0.06669
Europe,2002.0,0.06425
Europe,2003.0,0.06491
Europe,2004.0,0.06195
Europe,2005.0,0.06017
Europe,2006.0,0.06097
Europe,2007.0,0.05823
Europe,2008.0,0.058
Europe,2009.0,0.05458
Europe,2010.0,0.05259
Europe,2011.0,0.05492
Europe,2012.0,0.0566
Europe,2013.0,0.05404
Europe,2014.0,0.05008
Europe,2015.0,0.04858
Europe,2016.0,0.04724
Europe,2017.0,0.04571
Eastern Europe,2000.0,0.30954
Eastern Europe,2001.0,0.30227
Eastern Europe,2002.0,0.27724
Eastern Europe,2003.0,0.27367
Eastern Europe,2004.0,0.24457
Eastern Europe,2005.0,0.23291
Eastern Europe,2006.0,0.22
Eastern Europe,2007.0,0.20367
Eastern Europe,2008.0,0.2024
Eastern Europe,2009.0,0.1878
Eastern Europe,2010.0,0.18048
Eastern Europe,2011.0,0.18898
Eastern Europe,2012.0,0.19226
Eastern Europe,2013.0,0.17541
Eastern Europe,2014.0,0.16364
Eastern Europe,2015.0,0.16676
Eastern Europe,2016.0,0.1634
Eastern Europe,2017.0,0.15745
Chile,2000.0,0.0326
Chile,2001.0,0.02285
Chile,2002.0,0.02192
Chile,2003.0,0.02318
Chile,2004.0,0.02706
Chile,2005.0,0.02523
Chile,2006.0,0.02941
Chile,2007.0,0.03437
Chile,2008.0,0.03728
Chile,2009.0,0.03338
Chile,2010.0,0.03456
Chile,2011.0,0.04464
Chile,2012.0,0.04556
Chile,2013.0,0.04763
Chile,2014.0,0.04599
Chile,2015.0,0.04479
Chile,2016.0,0.04695
Chile,2017.0,0.04893
Northern Europe,2000.0,0.02413
Northern Europe,2001.0,0.02796
Northern Europe,2002.0,0.02523
Northern Europe,2003.0,0.02726
Northern Europe,2004.0,0.02459
Northern Europe,2005.0,0.02463
Northern Europe,2006.0,0.02712
Northern Europe,2007.0,0.02232
Northern Europe,2008.0,0.02236
Northern Europe,2009.0,0.02205
Northern Europe,2010.0,0.01884
Northern Europe,2011.0,0.02033
Northern Europe,2012.0,0.01975
Northern Europe,2013.0,0.02245
Northern Europe,2014.0,0.01904
Northern Europe,2015.0,0.01195
Northern Europe,2016.0,0.01129
Northern Europe,2017.0,0.01063
Western Europe,2000.0,0.03956
Western Europe,2001.0,0.03926
Western Europe,2002.0,0.03901
Western Europe,2003.0,0.0387
Western Europe,2004.0,0.03872
Western Europe,2005.0,0.037
Western Europe,2006.0,0.03602
Western Europe,2007.0,0.03592
Western Europe,2008.0,0.03445
Western Europe,2009.0,0.03262
Western Europe,2010.0,0.0332
Western Europe,2011.0,0.03243
Western Europe,2012.0,0.03315
Western Europe,2013.0,0.03348
Western Europe,2014.0,0.03195
Western Europe,2015.0,0.0318
Western Europe,2016.0,0.03109
Western Europe,2017.0,0.03035
China,2000.0,0.55189
China,2001.0,0.53375
China,2002.0,0.52806
China,2003.0,0.56681
China,2004.0,0.59878
China,2005.0,0.60702
China,2006.0,0.58892
China,2007.0,0.56053
China,2008.0,0.53582
China,2009.0,0.54436
China,2010.0,0.5443
China,2011.0,0.54608
China,2012.0,0.5247
China,2013.0,0.50183
China,2014.0,0.44912
China,2015.0,0.39955
China,2016.0,0.39484
China,2017.0,0.38816
Colombia,2000.0,0.01356
Colombia,2001.0,0.0266
Colombia,2002.0,0.01673
Colombia,2003.0,0.02263
Colombia,2004.0,0.0138
Colombia,2005.0,0.02364
Colombia,2006.0,0.01468
Colombia,2007.0,0.02021
Colombia,2008.0,0.02104
Colombia,2009.0,0.01896
Colombia,2010.0,0.0157
Colombia,2011.0,0.01641
Colombia,2012.0,0.01239
Colombia,2013.0,0.01543
Colombia,2014.0,0.01554
Colombia,2015.0,0.02313
Colombia,2016.0,0.02306
Colombia,2017.0,0.02304
Costa Rica,2000.0,0.00004
Costa Rica,2001.0,0.00198
Costa Rica,2002.0,0.00107
Costa Rica,2003.0,0.004
Costa Rica,2004.0,0.00211
Costa Rica,2005.0,0.00179
Costa Rica,2006.0,0.00193
Costa Rica,2007.0,0.00365
Costa Rica,2008.0,0.0034
Costa Rica,2009.0,0.00299
Costa Rica,2010.0,0.00258
Costa Rica,2011.0,0.00247
Costa Rica,2012.0,0.00238
Costa Rica,2013.0,0.00233
Costa Rica,2014.0,0.00225
Costa Rica,2015.0,0.00007
Costa Rica,2016.0,0.00009
Costa Rica,2017.0,0.00011
Croatia,2000.0,0.01704
Croatia,2001.0,0.01538
Croatia,2002.0,0.01956
Croatia,2003.0,0.02116
Croatia,2004.0,0.02362
Croatia,2005.0,0.01829
Croatia,2006.0,0.01947
Croatia,2007.0,0.0186
Croatia,2008.0,0.02064
Croatia,2009.0,0.01294
Croatia,2010.0,0.0205
Croatia,2011.0,0.02021
Croatia,2012.0,0.01628
Croatia,2013.0,0.02157
Croatia,2014.0,0.01758
Croatia,2015.0,0.01724
Croatia,2016.0,0.01673
Croatia,2017.0,0.01634
Cuba,2000.0,0.00106
Cuba,2001.0,0.00065
Cuba,2002.0,0.00099
Cuba,2003.0,0.00081
Cuba,2004.0,0.00079
Cuba,2005.0,0.00061
Cuba,2006.0,0.00018
Cuba,2007.0,0.00049
Cuba,2008.0,0.00057
Cuba,2009.0,0.00054
Cuba,2010.0,0.00047
Cuba,2011.0,0.00008
Cuba,2012.0,0.00009
Cuba,2013.0,0.00006
Cuba,2014.0,0.00006
Cuba,2015.0,0.00002
Cyprus,2000.0,0.0027
Cyprus,2001.0,0.00306
Cyprus,2002.0,0.0033
Cyprus,2003.0,0.00249
Cyprus,2004.0,0.00186
Cyprus,2005.0,0.00284
Cyprus,2006.0,0.00271
Cyprus,2007.0,0.00137
Cyprus,2008.0,0.00163
Cyprus,2009.0,0.00107
Cyprus,2010.0,0.0007
Cyprus,2011.0,0.00004
Cyprus,2012.0,0.00004
Cyprus,2013.0,0.00004
Cyprus,2014.0,0.00022
Cyprus,2015.0,0.00025
Cyprus,2016.0,0.00004
Czechia,2000.0,0.37629
Czechia,2001.0,0.37188
Czechia,2002.0,0.35631
Czechia,2003.0,0.35418
Czechia,2004.0,0.32874
Czechia,2005.0,0.30729
Czechia,2006.0,0.28906
Czechia,2007.0,0.27588
Czechia,2008.0,0.25718
Czechia,2009.0,0.25161
Czechia,2010.0,0.24245
Czechia,2011.0,0.25242
Czechia,2012.0,0.24437
Czechia,2013.0,0.21961
Czechia,2014.0,0.21665
Czechia,2015.0,0.20476
Czechia,2016.0,0.19586
Czechia,2017.0,0.18398
Benin,2014.0,0.00819
Benin,2015.0,0.0045
Benin,2016.0,0.00125
Denmark,2000.0,0.02209
Denmark,2001.0,0.02353
Denmark,2002.0,0.02127
Denmark,2003.0,0.03196
Denmark,2004.0,0.02496
Denmark,2005.0,0.01968
Denmark,2006.0,0.02682
Denmark,2007.0,0.02448
Denmark,2008.0,0.02281
Denmark,2009.0,0.0215
Denmark,2010.0,0.01444
Denmark,2011.0,0.01927
Denmark,2012.0,0.01259
Denmark,2013.0,0.01511
Denmark,2014.0,0.01304
Denmark,2015.0,0.00813
Denmark,2016.0,0.00702
Denmark,2017.0,0.00596
Dominican Republic,2000.0,0.00221
Dominican Republic,2001.0,0.00509
Dominican Republic,2002.0,0.00867
Dominican Republic,2003.0,0.01617
Dominican Republic,2004.0,0.0173
Dominican Republic,2005.0,0.01657
Dominican Republic,2006.0,0.02368
Dominican Republic,2007.0,0.02287
Dominican Republic,2008.0,0.02349
Dominican Republic,2009.0,0.02248
Dominican Republic,2010.0,0.02086
Dominican Republic,2011.0,0.02346
Dominican Republic,2012.0,0.02344
Dominican Republic,2013.0,0.02132
Dominican Republic,2014.0,0.02443
Dominican Republic,2015.0,0.01436
Dominican Republic,2016.0,0.01452
Dominican Republic,2017.0,0.0149
El Salvador,2000.0,0.00007
El Salvador,2001.0,0.00006
El Salvador,2002.0,0.00006
El Salvador,2003.0,0.00006
El Salvador,2004.0,0.00006
El Salvador,2005.0,0.00006
El Salvador,2006.0,0.00006
Ethiopia,2008.0,0.0007
Ethiopia,2009.0,0.00184
Ethiopia,2010.0,0.00232
Ethiopia,2011.0,0.00544
Ethiopia,2012.0,0.00762
Ethiopia,2013.0,0.00881
Ethiopia,2014.0,0.00879
Ethiopia,2015.0,0.00808
Ethiopia,2016.0,0.0087
Ethiopia,2017.0,0.0089
Estonia,2000.0,0.02319
Estonia,2001.0,0.0166
Estonia,2002.0,0.0325
Estonia,2003.0,0.01317
Estonia,2004.0,0.01002
Estonia,2005.0,0.0471
Estonia,2006.0,0.04818
Estonia,2007.0,0.05997
Estonia,2008.0,0.03176
Estonia,2009.0,0.04357
Estonia,2010.0,0.04035
Estonia,2011.0,0.03779
Estonia,2012.0,0.02828
Estonia,2013.0,0.04397
Estonia,2014.0,0.04212
Estonia,2015.0,0.00347
Estonia,2016.0,0.00422
Estonia,2017.0,0.0046
Finland,2000.0,0.05307
Finland,2001.0,0.06558
Finland,2002.0,0.07211
Finland,2003.0,0.08389
Finland,2004.0,0.05754
Finland,2005.0,0.06347
Finland,2006.0,0.08422
Finland,2007.0,0.04928
Finland,2008.0,0.04751
Finland,2009.0,0.0682
Finland,2010.0,0.05933
Finland,2011.0,0.05994
Finland,2012.0,0.03701
Finland,2013.0,0.05415
Finland,2014.0,0.05344
Finland,2015.0,0.03061
Finland,2016.0,0.0283
Finland,2017.0,0.026
France,2000.0,0.01003
France,2001.0,0.00808
France,2002.0,0.0087
France,2003.0,0.00817
France,2004.0,0.00812
France,2005.0,0.0082
France,2006.0,0.00822
France,2007.0,0.00728
France,2008.0,0.00817
France,2009.0,0.00621
France,2010.0,0.00717
France,2011.0,0.00587
France,2012.0,0.00624
France,2013.0,0.00661
France,2014.0,0.00512
France,2015.0,0.00486
France,2016.0,0.00468
France,2017.0,0.00447
Georgia,2000.0,0.00284
Georgia,2001.0,0.00286
Georgia,2002.0,0.00329
Georgia,2003.0,0.0063
Georgia,2004.0,0.0017
Georgia,2005.0,0.002
Georgia,2006.0,0.00162
Georgia,2007.0,0.00432
Georgia,2008.0,0.01047
Georgia,2009.0,0.02063
Georgia,2010.0,0.00971
Georgia,2011.0,0.01178
Georgia,2012.0,0.01944
Georgia,2013.0,0.04613
Georgia,2014.0,0.03859
Georgia,2015.0,0.0314
Georgia,2016.0,0.0332
Georgia,2017.0,0.03413
Germany,2000.0,0.07767
Germany,2001.0,0.07803
Germany,2002.0,0.07862
Germany,2003.0,0.07838
Germany,2004.0,0.0797
Germany,2005.0,0.07655
Germany,2006.0,0.07476
Germany,2007.0,0.0748
Germany,2008.0,0.07054
Germany,2009.0,0.06931
Germany,2010.0,0.06882
Germany,2011.0,0.06848
Germany,2012.0,0.07031
Germany,2013.0,0.06983
Germany,2014.0,0.06664
Germany,2015.0,0.06552
Germany,2016.0,0.06391
Germany,2017.0,0.06256
Greece,2000.0,0.25865
Greece,2001.0,0.25835
Greece,2002.0,0.26238
Greece,2003.0,0.23933
Greece,2004.0,0.23392
Greece,2005.0,0.22995
Greece,2006.0,0.20259
Greece,2007.0,0.20149
Greece,2008.0,0.20062
Greece,2009.0,0.20583
Greece,2010.0,0.19098
Greece,2011.0,0.21746
Greece,2012.0,0.25119
Greece,2013.0,0.2227
Greece,2014.0,0.20819
Greece,2015.0,0.19005
Greece,2016.0,0.18423
Greece,2017.0,0.1754
Guatemala,2000.0,0.00722
Guatemala,2001.0,0.00657
Guatemala,2002.0,0.01233
Guatemala,2003.0,0.01326
Guatemala,2004.0,0.01106
Guatemala,2005.0,0.01181
Guatemala,2006.0,0.00736
Guatemala,2007.0,0.01199
Guatemala,2008.0,0.01193
Guatemala,2009.0,0.00859
Guatemala,2010.0,0.01381
Guatemala,2011.0,0.01326
Guatemala,2012.0,0.01301
Guatemala,2013.0,0.01318
Guatemala,2014.0,0.01503
Guatemala,2015.0,0.03785
Guatemala,2016.0,0.03786
Guatemala,2017.0,0.03796
Honduras,2000.0,0.01277
Honduras,2001.0,0.01133
Honduras,2002.0,0.015
Honduras,2003.0,0.01435
Honduras,2004.0,0.01415
Honduras,2005.0,0.01816
Honduras,2006.0,0.0087
Honduras,2007.0,0.00859
Honduras,2008.0,0.01323
Honduras,2009.0,0.01126
Honduras,2010.0,0.0113
Honduras,2011.0,0.01496
Honduras,2012.0,0.01565
Honduras,2013.0,0.01551
Honduras,2014.0,0.01158
Honduras,2015.0,0.01157
Honduras,2016.0,0.01151
Honduras,2017.0,0.01133
Hungary,2000.0,0.14747
Hungary,2001.0,0.13949
Hungary,2002.0,0.12528
Hungary,2003.0,0.12467
Hungary,2004.0,0.10386
Hungary,2005.0,0.08817
Hungary,2006.0,0.08559
Hungary,2007.0,0.086
Hungary,2008.0,0.08467
Hungary,2009.0,0.08124
Hungary,2010.0,0.08301
Hungary,2011.0,0.08381
Hungary,2012.0,0.08166
Hungary,2013.0,0.07851
Hungary,2014.0,0.07424
Hungary,2015.0,0.07113
Hungary,2016.0,0.06715
Hungary,2017.0,0.06217
Iceland,2000.0,0.01405
Iceland,2001.0,0.01279
Iceland,2002.0,0.01325
Iceland,2003.0,0.01224
Iceland,2004.0,0.01281
Iceland,2005.0,0.01158
Iceland,2006.0,0.00983
Iceland,2007.0,0.01167
Iceland,2008.0,0.00842
Iceland,2009.0,0.0096
Iceland,2010.0,0.00957
Iceland,2011.0,0.00961
Iceland,2012.0,0.01041
Iceland,2013.0,0.01
Iceland,2014.0,0.00873
Iceland,2015.0,0.00867
Iceland,2016.0,0.00804
Iceland,2017.0,0.00769
India,2000.0,0.40824
India,2001.0,0.40373
India,2002.0,0.40776
India,2003.0,0.39627
India,2004.0,0.39508
India,2005.0,0.39374
India,2006.0,0.38883
India,2007.0,0.38621
India,2008.0,0.40737
India,2009.0,0.42485
India,2010.0,0.4091
India,2011.0,0.40432
India,2012.0,0.40926
India,2013.0,0.40251
India,2014.0,0.42039
India,2015.0,0.39522
India,2016.0,0.3854
India,2017.0,0.37665
Indonesia,2000.0,0.05011
Indonesia,2001.0,0.05807
Indonesia,2002.0,0.0594
Indonesia,2003.0,0.05685
Indonesia,2004.0,0.07159
Indonesia,2005.0,0.07358
Indonesia,2006.0,0.08337
Indonesia,2007.0,0.08428
Indonesia,2008.0,0.07201
Indonesia,2009.0,0.08143
Indonesia,2010.0,0.07953
Indonesia,2011.0,0.06382
Indonesia,2012.0,0.07223
Indonesia,2013.0,0.07363
Indonesia,2014.0,0.08384
Indonesia,2015.0,0.10515
Indonesia,2016.0,0.1041
Indonesia,2017.0,0.10289
Iran,2000.0,0.00671
Iran,2001.0,0.00568
Iran,2002.0,0.0049
Iran,2003.0,0.00515
Iran,2004.0,0.00516
Iran,2005.0,0.00619
Iran,2006.0,0.00581
Iran,2007.0,0.00568
Iran,2008.0,0.00527
Iran,2009.0,0.00382
Iran,2010.0,0.00452
Iran,2011.0,0.00434
Iran,2012.0,0.00362
Iran,2013.0,0.00373
Iran,2014.0,0.00273
Iran,2015.0,0.00198
Iran,2016.0,0.00166
Iran,2017.0,0.00152
Ireland,2000.0,0.04824
Ireland,2001.0,0.04448
Ireland,2002.0,0.03322
Ireland,2003.0,0.04449
Ireland,2004.0,0.03833
Ireland,2005.0,0.03483
Ireland,2006.0,0.03022
Ireland,2007.0,0.02343
Ireland,2008.0,0.02682
Ireland,2009.0,0.02453
Ireland,2010.0,0.03186
Ireland,2011.0,0.02836
Ireland,2012.0,0.01819
Ireland,2013.0,0.04064
Ireland,2014.0,0.02773
Ireland,2015.0,0.01861
Ireland,2016.0,0.01752
Ireland,2017.0,0.01606
Israel,2000.0,0.05802
Israel,2001.0,0.06671
Israel,2002.0,0.07458
Israel,2003.0,0.07116
Israel,2004.0,0.07057
Israel,2005.0,0.06715
Israel,2006.0,0.06384
Israel,2007.0,0.06368
Israel,2008.0,0.05845
Israel,2009.0,0.05348
Israel,2010.0,0.05267
Israel,2011.0,0.05076
Israel,2012.0,0.05561
Israel,2013.0,0.04892
Israel,2014.0,0.04049
Israel,2015.0,0.03798
Israel,2016.0,0.03637
Israel,2017.0,0.03501
Italy,2000.0,0.00943
Italy,2001.0,0.00963
Italy,2002.0,0.00948
Italy,2003.0,0.01056
Italy,2004.0,0.01198
Italy,2005.0,0.01152
Italy,2006.0,0.01142
Italy,2007.0,0.01133
Italy,2008.0,0.0114
Italy,2009.0,0.00923
Italy,2010.0,0.01032
Italy,2011.0,0.01091
Italy,2012.0,0.01168
Italy,2013.0,0.01024
Italy,2014.0,0.01022
Italy,2015.0,0.0097
Italy,2016.0,0.00955
Italy,2017.0,0.00936
Jamaica,2000.0,0.00423
Jamaica,2001.0,0.00417
Jamaica,2002.0,0.00689
Jamaica,2003.0,0.00642
Jamaica,2004.0,0.00693
Jamaica,2005.0,0.00443
Jamaica,2006.0,0.00201
Jamaica,2007.0,0.00255
Jamaica,2008.0,0.00342
Jamaica,2009.0,0.0047
Jamaica,2010.0,0.00408
Jamaica,2011.0,0.00535
Jamaica,2012.0,0.00696
Jamaica,2013.0,0.00707
Jamaica,2014.0,0.00703
Jamaica,2015.0,0.01033
Jamaica,2016.0,0.0104
Jamaica,2017.0,0.01051
Japan,2000.0,0.02873
Japan,2001.0,0.02931
Japan,2002.0,0.03009
Japan,2003.0,0.03081
Japan,2004.0,0.03309
Japan,2005.0,0.0315
Japan,2006.0,0.03118
Japan,2007.0,0.03221
Japan,2008.0,0.03215
Japan,2009.0,0.02997
Japan,2010.0,0.03281
Japan,2011.0,0.03078
Japan,2012.0,0.03173
Japan,2013.0,0.03335
Japan,2014.0,0.03227
Japan,2015.0,0.03227
Japan,2016.0,0.0323
Japan,2017.0,0.03208
Kazakhstan,2000.0,0.66201
Kazakhstan,2001.0,0.63956
Kazakhstan,2002.0,0.5902
Kazakhstan,2003.0,0.60115
Kazakhstan,2004.0,0.64059
Kazakhstan,2005.0,0.58764
Kazakhstan,2006.0,0.57081
Kazakhstan,2007.0,0.55076
Kazakhstan,2008.0,0.57906
Kazakhstan,2009.0,0.53005
Kazakhstan,2010.0,0.54433
Kazakhstan,2011.0,0.53974
Kazakhstan,2012.0,0.52673
Kazakhstan,2013.0,0.48498
Kazakhstan,2014.0,0.45179
Kazakhstan,2015.0,0.42394
Kazakhstan,2016.0,0.43399
Kazakhstan,2017.0,0.43125
Jordan,2012.0,0.01272
Jordan,2013.0,0.01169
Jordan,2014.0,0.01915
Jordan,2015.0,0.00837
Jordan,2016.0,0.00797
Jordan,2017.0,0.00758
Kenya,2000.0,0.00411
Kenya,2001.0,0.00393
Kenya,2002.0,0.00584
Kenya,2003.0,0.00532
Kenya,2004.0,0.00591
Kenya,2005.0,0.00462
Kenya,2006.0,0.00582
Kenya,2007.0,0.00499
Kenya,2008.0,0.00496
Kenya,2009.0,0.00417
Kenya,2010.0,0.0067
Kenya,2011.0,0.00902
Kenya,2012.0,0.00773
Kenya,2013.0,0.00721
Kenya,2014.0,0.01077
Kenya,2015.0,0.01173
Kenya,2016.0,0.01161
Kenya,2017.0,0.01158
North Korea,2000.0,2.38786
North Korea,2001.0,2.37014
North Korea,2002.0,2.23073
North Korea,2003.0,2.24172
North Korea,2004.0,2.24615
North Korea,2005.0,2.28439
North Korea,2006.0,2.36758
North Korea,2007.0,1.95466
North Korea,2008.0,2.11615
North Korea,2009.0,2.11821
North Korea,2010.0,1.99481
North Korea,2011.0,1.36636
North Korea,2012.0,1.374
North Korea,2013.0,0.93796
North Korea,2014.0,1.06814
North Korea,2015.0,1.13342
North Korea,2016.0,1.01417
North Korea,2017.0,0.97095
Korea,2000.0,0.10309
Korea,2001.0,0.09973
Korea,2002.0,0.09446
Korea,2003.0,0.09398
Korea,2004.0,0.09623
Korea,2005.0,0.08934
Korea,2006.0,0.08804
Korea,2007.0,0.09242
Korea,2008.0,0.10099
Korea,2009.0,0.1029
Korea,2010.0,0.11083
Korea,2011.0,0.116
Korea,2012.0,0.10917
Korea,2013.0,0.10774
Korea,2014.0,0.1079
Korea,2015.0,0.10816
Korea,2016.0,0.10918
Korea,2017.0,0.1099
Kuwait,2015.0,0.00267
Kyrgyzstan,2000.0,0.35225
Kyrgyzstan,2001.0,0.23758
Kyrgyzstan,2002.0,0.36829
Kyrgyzstan,2003.0,0.40528
Kyrgyzstan,2004.0,0.35384
Kyrgyzstan,2005.0,0.33891
Kyrgyzstan,2006.0,0.30735
Kyrgyzstan,2007.0,0.32854
Kyrgyzstan,2008.0,0.41991
Kyrgyzstan,2009.0,0.35935
Kyrgyzstan,2010.0,0.35208
Kyrgyzstan,2011.0,0.36004
Kyrgyzstan,2012.0,0.50616
Kyrgyzstan,2013.0,0.44889
Kyrgyzstan,2014.0,0.48822
Kyrgyzstan,2015.0,0.51521
Kyrgyzstan,2016.0,0.51571
Kyrgyzstan,2017.0,0.51407
Laos,2000.0,0.11346
Laos,2001.0,0.09823
Laos,2002.0,0.12181
Laos,2003.0,0.10301
Laos,2004.0,0.12834
Laos,2005.0,0.12484
Laos,2006.0,0.1312
Laos,2007.0,0.17774
Laos,2008.0,0.12263
Laos,2009.0,0.12981
Laos,2010.0,0.12921
Laos,2011.0,0.1215
Laos,2012.0,0.11495
Laos,2013.0,0.13033
Laos,2014.0,0.12606
Laos,2015.0,0.12631
Laos,2016.0,0.12624
Laos,2017.0,0.12579
Latin America and the Caribbean,2000.0,0.01164
Latin America and the Caribbean,2001.0,0.01171
Latin America and the Caribbean,2002.0,0.0119
Latin America and the Caribbean,2003.0,0.01296
Latin America and the Caribbean,2004.0,0.01179
Latin America and the Caribbean,2005.0,0.01276
Latin America and the Caribbean,2006.0,0.0122
Latin America and the Caribbean,2007.0,0.01232
Latin America and the Caribbean,2008.0,0.01192
Latin America and the Caribbean,2009.0,0.01076
Latin America and the Caribbean,2010.0,0.01188
Latin America and the Caribbean,2011.0,0.01313
Latin America and the Caribbean,2012.0,0.01181
Latin America and the Caribbean,2013.0,0.01264
Latin America and the Caribbean,2014.0,0.01291
Latin America and the Caribbean,2015.0,0.01325
Latin America and the Caribbean,2016.0,0.01384
Latin America and the Caribbean,2017.0,0.01407
Lebanon,2000.0,0.00907
Lebanon,2001.0,0.00874
Lebanon,2002.0,0.00845
Lebanon,2003.0,0.00818
Lebanon,2004.0,0.00773
Lebanon,2005.0,0.00752
Lebanon,2006.0,0.00739
Lebanon,2007.0,0.00676
Lebanon,2008.0,0.00619
Lebanon,2009.0,0.00562
Lebanon,2010.0,0.00586
Lebanon,2011.0,0.00645
Lebanon,2012.0,0.00628
Lebanon,2013.0,0.00489
Lebanon,2014.0,0.006
Lebanon,2015.0,0.00765
Lebanon,2016.0,0.00766
Lebanon,2017.0,0.00775
Latvia,2000.0,0.03729
Latvia,2001.0,0.04107
Latvia,2002.0,0.093
Latvia,2003.0,0.05993
Latvia,2004.0,0.0427
Latvia,2005.0,0.03956
Latvia,2006.0,0.04078
Latvia,2007.0,0.03851
Latvia,2008.0,0.03804
Latvia,2009.0,0.0529
Latvia,2010.0,0.05489
Latvia,2011.0,0.06146
Latvia,2012.0,0.05772
Latvia,2013.0,0.05568
Latvia,2014.0,0.00306
Latvia,2015.0,0.00216
Latvia,2016.0,0.0024
Latvia,2017.0,0.00258
Lithuania,2000.0,0.02173
Lithuania,2001.0,0.01624
Lithuania,2002.0,0.02898
Lithuania,2003.0,0.0234
Lithuania,2004.0,0.0187
Lithuania,2005.0,0.02073
Lithuania,2006.0,0.02549
Lithuania,2007.0,0.01821
Lithuania,2008.0,0.02351
Lithuania,2009.0,0.0229
Lithuania,2010.0,0.01888
Lithuania,2011.0,0.02212
Lithuania,2012.0,0.01844
Lithuania,2013.0,0.02335
Lithuania,2014.0,0.01991
Lithuania,2015.0,0.01684
Lithuania,2016.0,0.01682
Lithuania,2017.0,0.01651
Luxembourg,2000.0,0.00456
Luxembourg,2001.0,0.00483
Luxembourg,2002.0,0.00283
Luxembourg,2003.0,0.00218
Luxembourg,2004.0,0.00298
Luxembourg,2005.0,0.00278
Luxembourg,2006.0,0.00312
Luxembourg,2007.0,0.0024
Luxembourg,2008.0,0.00234
Luxembourg,2009.0,0.00223
Luxembourg,2010.0,0.00212
Luxembourg,2011.0,0.00181
Luxembourg,2012.0,0.00169
Luxembourg,2013.0,0.00142
Luxembourg,2014.0,0.00153
Luxembourg,2015.0,0.00138
Luxembourg,2016.0,0.00126
Luxembourg,2017.0,0.00116
Malawi,2000.0,0.0182
Malawi,2001.0,0.01172
Malawi,2002.0,0.01412
Malawi,2003.0,0.01479
Malawi,2004.0,0.01061
Malawi,2005.0,0.00925
Malawi,2006.0,0.01079
Malawi,2007.0,0.01074
Malawi,2008.0,0.0087
Malawi,2009.0,0.00829
Malawi,2010.0,0.00786
Malawi,2011.0,0.0074
Malawi,2012.0,0.00744
Malawi,2013.0,0.00706
Malawi,2014.0,0.00864
Malawi,2015.0,0.00834
Malawi,2016.0,0.00809
Malawi,2017.0,0.00768
Malaysia,2000.0,0.02114
Malaysia,2001.0,0.02889
Malaysia,2002.0,0.03343
Malaysia,2003.0,0.03076
Malaysia,2004.0,0.04574
Malaysia,2005.0,0.0547
Malaysia,2006.0,0.05367
Malaysia,2007.0,0.06092
Malaysia,2008.0,0.06784
Malaysia,2009.0,0.06919
Malaysia,2010.0,0.09033
Malaysia,2011.0,0.09151
Malaysia,2012.0,0.08876
Malaysia,2013.0,0.08243
Malaysia,2014.0,0.07713
Malaysia,2015.0,0.08106
Malaysia,2016.0,0.08285
Malaysia,2017.0,0.08304
Mauritius,2000.0,0.03303
Mauritius,2001.0,0.0501
Mauritius,2002.0,0.04417
Mauritius,2003.0,0.03865
Mauritius,2004.0,0.04256
Mauritius,2005.0,0.04774
Mauritius,2006.0,0.05885
Mauritius,2007.0,0.07362
Mauritius,2008.0,0.06543
Mauritius,2009.0,0.05843
Mauritius,2010.0,0.06608
Mauritius,2011.0,0.06339
Mauritius,2012.0,0.06765
Mauritius,2013.0,0.06357
Mauritius,2014.0,0.06681
Mauritius,2015.0,0.06719
Mauritius,2016.0,0.06779
Mauritius,2017.0,0.06824
Mexico,2000.0,0.01574
Mexico,2001.0,0.01667
Mexico,2002.0,0.01896
Mexico,2003.0,0.02135
Mexico,2004.0,0.01852
Mexico,2005.0,0.02152
Mexico,2006.0,0.02239
Mexico,2007.0,0.02081
Mexico,2008.0,0.01814
Mexico,2009.0,0.0188
Mexico,2010.0,0.02216
Mexico,2011.0,0.02464
Mexico,2012.0,0.01999
Mexico,2013.0,0.02001
Mexico,2014.0,0.01977
Mexico,2015.0,0.01936
Mexico,2016.0,0.01922
Mexico,2017.0,0.01923
Mongolia,2000.0,1.36251
Mongolia,2001.0,1.30394
Mongolia,2002.0,1.34
Mongolia,2003.0,1.1992
Mongolia,2004.0,1.1026
Mongolia,2005.0,1.02822
Mongolia,2006.0,1.03539
Mongolia,2007.0,0.98034
Mongolia,2008.0,0.89102
Mongolia,2009.0,1.08533
Mongolia,2010.0,1.18047
Mongolia,2011.0,0.98439
Mongolia,2012.0,0.58016
Mongolia,2013.0,0.71169
Mongolia,2014.0,0.72138
Mongolia,2015.0,0.83338
Mongolia,2016.0,0.91034
Mongolia,2017.0,0.94879
Moldova,2000.0,0.04089
Moldova,2001.0,0.03959
Moldova,2002.0,0.0392
Moldova,2003.0,0.06353
Moldova,2004.0,0.0401
Moldova,2005.0,0.03347
Moldova,2006.0,0.0331
Moldova,2007.0,0.03363
Moldova,2008.0,0.03569
Moldova,2009.0,0.02506
Moldova,2010.0,0.03183
Moldova,2011.0,0.03335
Moldova,2012.0,0.03002
Moldova,2013.0,0.03842
Moldova,2014.0,0.02095
Moldova,2015.0,0.02602
Moldova,2016.0,0.02501
Moldova,2017.0,0.02403
Montenegro,2006.0,0.38508
Montenegro,2007.0,0.29184
Montenegro,2008.0,0.40382
Montenegro,2009.0,0.23258
Montenegro,2010.0,0.45156
Montenegro,2011.0,0.44938
Montenegro,2012.0,0.41673
Montenegro,2013.0,0.3885
Montenegro,2014.0,0.37211
Montenegro,2015.0,0.37933
Montenegro,2016.0,0.37879
Montenegro,2017.0,0.3716
Morocco,2000.0,0.07253
Morocco,2001.0,0.08676
Morocco,2002.0,0.08324
Morocco,2003.0,0.07519
Morocco,2004.0,0.06784
Morocco,2005.0,0.0691
Morocco,2006.0,0.06313
Morocco,2007.0,0.06343
Morocco,2008.0,0.05444
Morocco,2009.0,0.04756
Morocco,2010.0,0.04574
Morocco,2011.0,0.04043
Morocco,2012.0,0.04615
Morocco,2013.0,0.04213
Morocco,2014.0,0.05895
Morocco,2015.0,0.0555
Morocco,2016.0,0.05409
Morocco,2017.0,0.05156
Mozambique,2007.0,0.00107
Mozambique,2008.0,0.00112
Mozambique,2009.0,0.00105
Mozambique,2010.0,0.00098
Mozambique,2011.0,0.04183
Mozambique,2012.0,0.12419
Mozambique,2013.0,0.15881
Mozambique,2014.0,0.12315
Mozambique,2015.0,0.14831
Mozambique,2016.0,0.18983
Mozambique,2017.0,0.2282
Oman,2015.0,0.00015
Europe and North America,2000.0,0.06869
Europe and North America,2001.0,0.07063
Europe and North America,2002.0,0.06783
Europe and North America,2003.0,0.06663
Europe and North America,2004.0,0.0651
Europe and North America,2005.0,0.06365
Europe and North America,2006.0,0.06415
Europe and North America,2007.0,0.06145
Europe and North America,2008.0,0.06113
Europe and North America,2009.0,0.05753
Europe and North America,2010.0,0.0554
Europe and North America,2011.0,0.05562
Europe and North America,2012.0,0.05345
Europe and North America,2013.0,0.05093
Europe and North America,2014.0,0.04927
Europe and North America,2015.0,0.04594
Europe and North America,2016.0,0.04445
Europe and North America,2017.0,0.04274
Namibia,2000.0,0.00042
Namibia,2001.0,0.00055
Namibia,2003.0,0.00101
Namibia,2004.0,0.00011
Namibia,2005.0,0.00218
Namibia,2006.0,0.00653
Namibia,2007.0,0.00745
Namibia,2008.0,0.00999
Namibia,2009.0,0.0047
Namibia,2012.0,0.00482
Namibia,2013.0,0.0049
Namibia,2014.0,0.00492
Namibia,2015.0,0.00493
Namibia,2016.0,0.00519
Namibia,2017.0,0.00553
Nepal,2000.0,0.03908
Nepal,2001.0,0.04234
Nepal,2002.0,0.0196
Nepal,2003.0,0.02398
Nepal,2004.0,0.0203
Nepal,2005.0,0.03152
Nepal,2006.0,0.01913
Nepal,2007.0,0.02342
Nepal,2008.0,0.0208
Nepal,2009.0,0.02009
Nepal,2010.0,0.03102
Nepal,2011.0,0.03563
Nepal,2012.0,0.04081
Nepal,2013.0,0.03026
Nepal,2014.0,0.04139
Nepal,2015.0,0.02699
Nepal,2016.0,0.0283
Nepal,2017.0,0.02765
Netherlands,2000.0,0.0174
Netherlands,2001.0,0.01783
Netherlands,2002.0,0.01711
Netherlands,2003.0,0.01885
Netherlands,2004.0,0.0171
Netherlands,2005.0,0.01641
Netherlands,2006.0,0.01426
Netherlands,2007.0,0.01669
Netherlands,2008.0,0.01576
Netherlands,2009.0,0.01826
Netherlands,2010.0,0.01745
Netherlands,2011.0,0.01404
Netherlands,2012.0,0.01279
Netherlands,2013.0,0.0173
Netherlands,2014.0,0.01852
Netherlands,2015.0,0.02316
Netherlands,2016.0,0.02291
Netherlands,2017.0,0.02244
New Zealand,2000.0,0.01721
New Zealand,2001.0,0.01923
New Zealand,2002.0,0.02136
New Zealand,2003.0,0.02661
New Zealand,2004.0,0.03133
New Zealand,2005.0,0.02957
New Zealand,2006.0,0.03005
New Zealand,2007.0,0.02448
New Zealand,2008.0,0.02014
New Zealand,2009.0,0.02176
New Zealand,2010.0,0.02157
New Zealand,2011.0,0.01964
New Zealand,2012.0,0.01762
New Zealand,2013.0,0.01937
New Zealand,2014.0,0.01659
New Zealand,2015.0,0.01444
New Zealand,2016.0,0.01374
New Zealand,2017.0,0.01315
Niger,2000.0,0.04438
Niger,2001.0,0.04261
Niger,2002.0,0.04533
Niger,2003.0,0.04528
Niger,2004.0,0.05717
Niger,2005.0,0.04096
Niger,2006.0,0.0375
Niger,2007.0,0.03532
Niger,2008.0,0.03442
Niger,2009.0,0.03618
Niger,2010.0,0.04156
Niger,2011.0,0.04069
Niger,2012.0,0.03638
Niger,2013.0,0.0352
Niger,2014.0,0.03333
Niger,2015.0,0.03252
Niger,2016.0,0.03154
Niger,2017.0,0.03059
Nigeria,2000.0,0.00002
Nigeria,2001.0,0.00002
Nigeria,2002.0,0.00021
Nigeria,2003.0,0.0001
Nigeria,2004.0,0.00003
Nigeria,2005.0,0.00003
Nigeria,2006.0,0.00003
Nigeria,2007.0,0.00008
Nigeria,2008.0,0.0001
Nigeria,2009.0,0.0001
Nigeria,2010.0,0.0001
Nigeria,2011.0,0.00008
Nigeria,2012.0,0.00012
Nigeria,2013.0,0.0001
Nigeria,2014.0,0.0001
Nigeria,2015.0,0.00041
Nigeria,2016.0,0.00043
Nigeria,2017.0,0.00044
Norway,2000.0,0.00422
Norway,2001.0,0.00434
Norway,2002.0,0.00299
Norway,2003.0,0.00347
Norway,2004.0,0.00355
Norway,2005.0,0.00216
Norway,2006.0,0.00267
Norway,2007.0,0.00439
Norway,2008.0,0.00373
Norway,2009.0,0.00321
Norway,2010.0,0.00431
Norway,2011.0,0.00357
Norway,2012.0,0.0037
Norway,2013.0,0.003
Norway,2014.0,0.00389
Norway,2015.0,0.00352
Norway,2016.0,0.00353
Norway,2017.0,0.00352
Pakistan,2000.0,0.03497
Pakistan,2001.0,0.03739
Pakistan,2002.0,0.04017
Pakistan,2003.0,0.04751
Pakistan,2004.0,0.05761
Pakistan,2005.0,0.05228
Pakistan,2006.0,0.05039
Pakistan,2007.0,0.06157
Pakistan,2008.0,0.05024
Pakistan,2009.0,0.04739
Pakistan,2010.0,0.04423
Pakistan,2011.0,0.04278
Pakistan,2012.0,0.03712
Pakistan,2013.0,0.03384
Pakistan,2014.0,0.03112
Pakistan,2015.0,0.04338
Pakistan,2016.0,0.04174
Pakistan,2017.0,0.04007
Panama,2000.0,0.0036
Panama,2001.0,0.00376
Panama,2002.0,0.00263
Panama,2011.0,0.00693
Panama,2012.0,0.00859
Panama,2013.0,0.0085
Panama,2014.0,0.00834
Panama,2015.0,0.0083
Panama,2016.0,0.00823
Panama,2017.0,0.00812
Peru,2000.0,0.01008
Peru,2001.0,0.00813
Peru,2002.0,0.01185
Peru,2003.0,0.01029
Peru,2004.0,0.0119
Peru,2005.0,0.01142
Peru,2006.0,0.01
Peru,2007.0,0.01107
Peru,2008.0,0.00802
Peru,2009.0,0.00819
Peru,2010.0,0.00667
Peru,2011.0,0.00397
Peru,2012.0,0.00417
Peru,2013.0,0.00627
Peru,2014.0,0.00257
Peru,2015.0,0.00306
Peru,2016.0,0.00285
Peru,2017.0,0.0027
Philippines,2000.0,0.07074
Philippines,2001.0,0.07032
Philippines,2002.0,0.06442
Philippines,2003.0,0.06439
Philippines,2004.0,0.06517
Philippines,2005.0,0.0647
Philippines,2006.0,0.06273
Philippines,2007.0,0.06061
Philippines,2008.0,0.0659
Philippines,2009.0,0.05584
Philippines,2010.0,0.06772
Philippines,2011.0,0.07318
Philippines,2012.0,0.07288
Philippines,2013.0,0.07661
Philippines,2014.0,0.06991
Philippines,2015.0,0.07802
Philippines,2016.0,0.07571
Philippines,2017.0,0.0735
Poland,2000.0,0.41877
Poland,2001.0,0.41813
Poland,2002.0,0.40685
Poland,2003.0,0.4015
Poland,2004.0,0.37987
Poland,2005.0,0.3649
Poland,2006.0,0.34183
Poland,2007.0,0.30838
Poland,2008.0,0.31008
Poland,2009.0,0.28638
Poland,2010.0,0.27182
Poland,2011.0,0.279
Poland,2012.0,0.27525
Poland,2013.0,0.26221
Poland,2014.0,0.24595
Poland,2015.0,0.23086
Poland,2016.0,0.22322
Poland,2017.0,0.21224
Portugal,2000.0,0.0284
Portugal,2001.0,0.0213
Portugal,2002.0,0.025
Portugal,2003.0,0.02378
Portugal,2004.0,0.02292
Portugal,2005.0,0.02284
Portugal,2006.0,0.02461
Portugal,2007.0,0.01983
Portugal,2008.0,0.01574
Portugal,2009.0,0.02136
Portugal,2010.0,0.01116
Portugal,2011.0,0.01538
Portugal,2012.0,0.02243
Portugal,2013.0,0.01913
Portugal,2014.0,0.01952
Portugal,2015.0,0.02375
Portugal,2016.0,0.02406
Portugal,2017.0,0.02351
Romania,2000.0,0.29341
Romania,2001.0,0.31749
Romania,2002.0,0.28323
Romania,2003.0,0.29029
Romania,2004.0,0.26126
Romania,2005.0,0.24614
Romania,2006.0,0.25105
Romania,2007.0,0.2483
Romania,2008.0,0.21993
Romania,2009.0,0.20836
Romania,2010.0,0.19878
Romania,2011.0,0.21941
Romania,2012.0,0.20885
Romania,2013.0,0.14909
Romania,2014.0,0.13814
Romania,2015.0,0.1375
Romania,2016.0,0.12736
Romania,2017.0,0.11574
Russia,2000.0,0.23732
Russia,2001.0,0.23164
Russia,2002.0,0.2014
Russia,2003.0,0.19753
Russia,2004.0,0.17287
Russia,2005.0,0.1684
Russia,2006.0,0.156
Russia,2007.0,0.13983
Russia,2008.0,0.14764
Russia,2009.0,0.13096
Russia,2010.0,0.12362
Russia,2011.0,0.1261
Russia,2012.0,0.13656
Russia,2013.0,0.12619
Russia,2014.0,0.119
Russia,2015.0,0.13323
Russia,2016.0,0.13277
Russia,2017.0,0.13004
Rwanda,2008.0,0.00119
Rwanda,2009.0,0.00353
Rwanda,2010.0,0.00502
Rwanda,2011.0,0.00738
Rwanda,2012.0,0.00679
Rwanda,2013.0,0.00649
Rwanda,2014.0,0.00603
Rwanda,2015.0,0.00636
Rwanda,2016.0,0.00677
Rwanda,2017.0,0.00711
Senegal,2004.0,0.00954
Senegal,2005.0,0.01081
Senegal,2006.0,0.01159
Senegal,2007.0,0.01422
Senegal,2008.0,0.01372
Senegal,2009.0,0.01582
Senegal,2010.0,0.01716
Senegal,2011.0,0.02362
Senegal,2012.0,0.01972
Senegal,2013.0,0.01904
Senegal,2014.0,0.01918
Senegal,2015.0,0.04157
Senegal,2016.0,0.04114
Senegal,2017.0,0.04044
Serbia,2006.0,1.05485
Serbia,2007.0,0.99526
Serbia,2008.0,0.98944
Serbia,2009.0,1.00448
Serbia,2010.0,0.99127
Serbia,2011.0,1.06312
Serbia,2012.0,0.98578
Serbia,2013.0,1.00372
Serbia,2014.0,0.77409
Serbia,2015.0,0.95334
Serbia,2016.0,0.92054
Serbia,2017.0,0.89501
Singapore,2002.0,0.00008
Singapore,2003.0,0.00009
Singapore,2004.0,0.00012
Singapore,2005.0,0.00003
Singapore,2006.0,0.00004
Singapore,2007.0,0.00006
Singapore,2008.0,0.00003
Singapore,2009.0,0.00003
Singapore,2010.0,0.00005
Singapore,2011.0,0.00004
Singapore,2012.0,0.00016
Singapore,2013.0,0.00157
Singapore,2014.0,0.00225
Singapore,2015.0,0.00266
Singapore,2016.0,0.00272
Singapore,2017.0,0.00274
Slovakia,2000.0,0.16938
Slovakia,2001.0,0.15912
Slovakia,2002.0,0.14608
Slovakia,2003.0,0.14342
Slovakia,2004.0,0.13598
Slovakia,2005.0,0.12082
Slovakia,2006.0,0.10546
Slovakia,2007.0,0.10051
Slovakia,2008.0,0.09149
Slovakia,2009.0,0.09125
Slovakia,2010.0,0.07889
Slovakia,2011.0,0.07827
Slovakia,2012.0,0.07831
Slovakia,2013.0,0.07097
Slovakia,2014.0,0.06762
Slovakia,2015.0,0.06134
Slovakia,2016.0,0.05748
Slovakia,2017.0,0.05377
Vietnam,2000.0,0.13915
Vietnam,2001.0,0.13506
Vietnam,2002.0,0.14328
Vietnam,2003.0,0.14092
Vietnam,2004.0,0.19799
Vietnam,2005.0,0.19578
Vietnam,2006.0,0.11203
Vietnam,2007.0,0.11445
Vietnam,2008.0,0.2054
Vietnam,2009.0,0.18283
Vietnam,2010.0,0.22417
Vietnam,2011.0,0.25034
Vietnam,2012.0,0.22298
Vietnam,2013.0,0.22343
Vietnam,2014.0,0.23703
Vietnam,2015.0,0.26934
Vietnam,2016.0,0.26603
Vietnam,2017.0,0.2607
Slovenia,2000.0,0.13534
Slovenia,2001.0,0.122
Slovenia,2002.0,0.13459
Slovenia,2003.0,0.13409
Slovenia,2004.0,0.12864
Slovenia,2005.0,0.11729
Slovenia,2006.0,0.11041
Slovenia,2007.0,0.10491
Slovenia,2008.0,0.10621
Slovenia,2009.0,0.10517
Slovenia,2010.0,0.10485
Slovenia,2011.0,0.10464
Slovenia,2012.0,0.10492
Slovenia,2013.0,0.0958
Slovenia,2014.0,0.07576
Slovenia,2015.0,0.07362
Slovenia,2016.0,0.06964
Slovenia,2017.0,0.0647
South Africa,2000.0,0.58204
South Africa,2001.0,0.56682
South Africa,2002.0,0.53652
South Africa,2003.0,0.57664
South Africa,2004.0,0.57684
South Africa,2005.0,0.54435
South Africa,2006.0,0.52274
South Africa,2007.0,0.50899
South Africa,2008.0,0.53174
South Africa,2009.0,0.54763
South Africa,2010.0,0.5046
South Africa,2011.0,0.48066
South Africa,2012.0,0.46727
South Africa,2013.0,0.44972
South Africa,2014.0,0.46509
South Africa,2015.0,0.42016
South Africa,2016.0,0.42248
South Africa,2017.0,0.4216
Zimbabwe,2000.0,0.55924
Zimbabwe,2001.0,0.56867
Zimbabwe,2002.0,0.54857
Zimbabwe,2003.0,0.48733
Zimbabwe,2004.0,0.47482
Zimbabwe,2005.0,0.56315
Zimbabwe,2006.0,0.56415
Zimbabwe,2007.0,0.562
Zimbabwe,2008.0,0.44289
Zimbabwe,2009.0,0.2824
Zimbabwe,2010.0,0.26652
Zimbabwe,2011.0,0.23872
Zimbabwe,2012.0,0.21371
Zimbabwe,2013.0,0.20491
Zimbabwe,2014.0,0.38664
Zimbabwe,2015.0,0.27925
Zimbabwe,2016.0,0.278
Zimbabwe,2017.0,0.27034
Spain,2000.0,0.03872
Spain,2001.0,0.03439
Spain,2002.0,0.0375
Spain,2003.0,0.03276
Spain,2004.0,0.03372
Spain,2005.0,0.03222
Spain,2006.0,0.02916
Spain,2007.0,0.02706
Spain,2008.0,0.01947
Spain,2009.0,0.01749
Spain,2010.0,0.01373
Spain,2011.0,0.01515
Spain,2012.0,0.01925
Spain,2013.0,0.01292
Spain,2014.0,0.01402
Spain,2015.0,0.01536
Spain,2016.0,0.01373
Spain,2017.0,0.01244
Eswatini,2000.0,0.1111
Eswatini,2001.0,0.14206
Eswatini,2002.0,0.15418
Eswatini,2003.0,0.11952
Eswatini,2004.0,0.12456
Eswatini,2005.0,0.11953
Eswatini,2006.0,0.11092
Eswatini,2007.0,0.11056
Eswatini,2008.0,0.11295
Eswatini,2009.0,0.11258
Eswatini,2010.0,0.11016
Eswatini,2011.0,0.10774
Eswatini,2012.0,0.10288
Eswatini,2013.0,0.04466
Eswatini,2014.0,0.04998
Eswatini,2015.0,0.0484
Eswatini,2016.0,0.04638
Eswatini,2017.0,0.04414
Sweden,2000.0,0.01125
Sweden,2001.0,0.01179
Sweden,2002.0,0.01215
Sweden,2003.0,0.01261
Sweden,2004.0,0.01195
Sweden,2005.0,0.01092
Sweden,2006.0,0.01192
Sweden,2007.0,0.01188
Sweden,2008.0,0.0115
Sweden,2009.0,0.00858
Sweden,2010.0,0.01178
Sweden,2011.0,0.01151
Sweden,2012.0,0.00812
Sweden,2013.0,0.0098
Sweden,2014.0,0.00958
Sweden,2015.0,0.00606
Sweden,2016.0,0.0058
Sweden,2017.0,0.00558
Eastern and South-Eastern Asia,2000.0,0.16145
Eastern and South-Eastern Asia,2001.0,0.16433
Eastern and South-Eastern Asia,2002.0,0.16963
Eastern and South-Eastern Asia,2003.0,0.18704
Eastern and South-Eastern Asia,2004.0,0.20536
Eastern and South-Eastern Asia,2005.0,0.21616
Eastern and South-Eastern Asia,2006.0,0.22106
Eastern and South-Eastern Asia,2007.0,0.22419
Eastern and South-Eastern Asia,2008.0,0.22676
Eastern and South-Eastern Asia,2009.0,0.24404
Eastern and South-Eastern Asia,2010.0,0.25196
Eastern and South-Eastern Asia,2011.0,0.26048
Eastern and South-Eastern Asia,2012.0,0.25702
Eastern and South-Eastern Asia,2013.0,0.25248
Eastern and South-Eastern Asia,2014.0,0.23492
Eastern and South-Eastern Asia,2015.0,0.21789
Eastern and South-Eastern Asia,2016.0,0.21961
Eastern and South-Eastern Asia,2017.0,0.21956
Switzerland,2000.0,0.00058
Switzerland,2001.0,0.00039
Switzerland,2002.0,0.00032
Switzerland,2003.0,0.00023
Switzerland,2004.0,0.0004
Switzerland,2005.0,0.0003
Switzerland,2006.0,0.00048
Switzerland,2007.0,0.00059
Switzerland,2008.0,0.00045
Switzerland,2009.0,0.00048
Switzerland,2010.0,0.00037
Switzerland,2011.0,0.00032
Switzerland,2012.0,0.00036
Switzerland,2013.0,0.00037
Switzerland,2014.0,0.0003
Switzerland,2015.0,0.00035
Switzerland,2016.0,0.00035
Switzerland,2017.0,0.00035
Syria,2000.0,0.00011
Syria,2001.0,0.0001
Syria,2002.0,0.00007
Syria,2003.0,0.0001
Syria,2004.0,0.00009
Syria,2005.0,0.00008
Syria,2006.0,0.00008
Syria,2007.0,0.00008
Syria,2008.0,0.00007
Syria,2009.0,0.00007
Syria,2010.0,0.00007
Syria,2011.0,0.00006
Syria,2012.0,0.00002
Syria,2013.0,0.00003
Syria,2014.0,0.00003
Syria,2015.0,0.00002
Tajikistan,2000.0,0.01154
Tajikistan,2001.0,0.01019
Tajikistan,2002.0,0.01299
Tajikistan,2003.0,0.01512
Tajikistan,2004.0,0.02535
Tajikistan,2005.0,0.02497
Tajikistan,2006.0,0.02479
Tajikistan,2007.0,0.03951
Tajikistan,2008.0,0.04027
Tajikistan,2009.0,0.03871
Tajikistan,2010.0,0.03669
Tajikistan,2011.0,0.03963
Tajikistan,2012.0,0.06984
Tajikistan,2013.0,0.07879
Tajikistan,2014.0,0.12998
Tajikistan,2015.0,0.14896
Tajikistan,2016.0,0.14579
Tajikistan,2017.0,0.14223
Thailand,2000.0,0.10053
Thailand,2001.0,0.10903
Thailand,2002.0,0.10541
Thailand,2003.0,0.10127
Thailand,2004.0,0.10132
Thailand,2005.0,0.10378
Thailand,2006.0,0.10125
Thailand,2007.0,0.10278
Thailand,2008.0,0.10617
Thailand,2009.0,0.10911
Thailand,2010.0,0.10359
Thailand,2011.0,0.1103
Thailand,2012.0,0.09946
Thailand,2013.0,0.09595
Thailand,2014.0,0.10274
Thailand,2015.0,0.09679
Thailand,2016.0,0.0964
Thailand,2017.0,0.09536
United Arab Emirates,2001.0,0.00015
United Arab Emirates,2002.0,0.00074
United Arab Emirates,2003.0,0.0008
United Arab Emirates,2004.0,0.00083
United Arab Emirates,2005.0,0.00092
United Arab Emirates,2006.0,0.00162
United Arab Emirates,2007.0,0.00075
United Arab Emirates,2008.0,0.00185
United Arab Emirates,2009.0,0.00314
United Arab Emirates,2010.0,0.00401
United Arab Emirates,2011.0,0.00711
United Arab Emirates,2012.0,0.00873
United Arab Emirates,2013.0,0.00696
United Arab Emirates,2014.0,0.00673
United Arab Emirates,2015.0,0.00528
United Arab Emirates,2016.0,0.00565
United Arab Emirates,2017.0,0.00612
Tunisia,2000.0,0.0041
Tunisia,2001.0,0.00357
Tunisia,2002.0,0.00299
Tunisia,2003.0,0.00081
Tunisia,2011.0,0.00049
Tunisia,2012.0,0.00038
Tunisia,2013.0,0.00026
Tunisia,2014.0,0.00015
Tunisia,2015.0,0.00005
Turkey,2000.0,0.1478
Turkey,2001.0,0.14424
Turkey,2002.0,0.1273
Turkey,2003.0,0.11846
Turkey,2004.0,0.10468
Turkey,2005.0,0.11566
Turkey,2006.0,0.12062
Turkey,2007.0,0.13338
Turkey,2008.0,0.13274
Turkey,2009.0,0.14074
Turkey,2010.0,0.12295
Turkey,2011.0,0.11672
Turkey,2012.0,0.11241
Turkey,2013.0,0.08978
Turkey,2014.0,0.09293
Turkey,2015.0,0.08062
Turkey,2016.0,0.08021
Turkey,2017.0,0.07658
Ukraine,2000.0,0.71418
Ukraine,2001.0,0.63445
Ukraine,2002.0,0.6106
Ukraine,2003.0,0.60969
Ukraine,2004.0,0.49009
Ukraine,2005.0,0.48373
Ukraine,2006.0,0.482
Ukraine,2007.0,0.45092
Ukraine,2008.0,0.42727
Ukraine,2009.0,0.42258
Ukraine,2010.0,0.44193
Ukraine,2011.0,0.46714
Ukraine,2012.0,0.50869
Ukraine,2013.0,0.48506
Ukraine,2014.0,0.40353
Ukraine,2015.0,0.3509
Ukraine,2016.0,0.33691
Ukraine,2017.0,0.32312
North Macedonia,2000.0,1.09181
North Macedonia,2001.0,1.21191
North Macedonia,2002.0,1.12195
North Macedonia,2003.0,1.09769
North Macedonia,2004.0,1.01443
North Macedonia,2005.0,0.92912
North Macedonia,2006.0,0.85335
North Macedonia,2007.0,0.78911
North Macedonia,2008.0,0.87002
North Macedonia,2009.0,0.82492
North Macedonia,2010.0,0.73922
North Macedonia,2011.0,0.88062
North Macedonia,2012.0,0.7898
North Macedonia,2013.0,0.70673
North Macedonia,2014.0,0.66136
North Macedonia,2015.0,0.57993
North Macedonia,2016.0,0.55758
North Macedonia,2017.0,0.54997
Egypt,2000.0,0.01032
Egypt,2001.0,0.00871
Egypt,2002.0,0.00905
Egypt,2003.0,0.0091
Egypt,2004.0,0.00894
Egypt,2005.0,0.00837
Egypt,2006.0,0.00783
Egypt,2007.0,0.00664
Egypt,2008.0,0.00558
Egypt,2009.0,0.00474
Egypt,2010.0,0.00338
Egypt,2011.0,0.00326
Egypt,2012.0,0.00278
Egypt,2013.0,0.00267
Egypt,2014.0,0.00268
Egypt,2015.0,0.00778
Egypt,2016.0,0.00716
Egypt,2017.0,0.00675
United Kingdom,2000.0,0.02556
United Kingdom,2001.0,0.03084
United Kingdom,2002.0,0.02613
United Kingdom,2003.0,0.02631
United Kingdom,2004.0,0.02615
United Kingdom,2005.0,0.02672
United Kingdom,2006.0,0.028
United Kingdom,2007.0,0.02381
United Kingdom,2008.0,0.02438
United Kingdom,2009.0,0.02277
United Kingdom,2010.0,0.01763
United Kingdom,2011.0,0.01984
United Kingdom,2012.0,0.02383
United Kingdom,2013.0,0.0241
United Kingdom,2014.0,0.02025
United Kingdom,2015.0,0.0127
United Kingdom,2016.0,0.01204
United Kingdom,2017.0,0.01141
Tanzania,2000.0,0.00468
Tanzania,2001.0,0.00436
Tanzania,2002.0,0.00412
Tanzania,2003.0,0.00268
Tanzania,2004.0,0.00294
Tanzania,2005.0,0.00131
Tanzania,2006.0,0.00072
Tanzania,2007.0,0.001
Tanzania,2008.0,0.00053
Tanzania,2011.0,0.00236
Tanzania,2012.0,0.00219
Tanzania,2013.0,0.00219
Tanzania,2014.0,0.00593
Tanzania,2015.0,0.00913
Tanzania,2016.0,0.00878
Tanzania,2017.0,0.00843
United States,2000.0,0.07393
United States,2001.0,0.07836
United States,2002.0,0.07518
United States,2003.0,0.07178
United States,2004.0,0.07186
United States,2005.0,0.0705
United States,2006.0,0.07088
United States,2007.0,0.06792
United States,2008.0,0.06807
United States,2009.0,0.06426
United States,2010.0,0.06176
United States,2011.0,0.05964
United States,2012.0,0.0524
United States,2013.0,0.05001
United States,2014.0,0.05095
United States,2015.0,0.04515
United States,2016.0,0.04345
United States,2017.0,0.04152
Uruguay,2000.0,0.00003
Uruguay,2001.0,0.00007
Uruguay,2002.0,0.00008
Uruguay,2003.0,0.00007
Uruguay,2004.0,0.00007
Uruguay,2005.0,0.00007
Uruguay,2006.0,0.0001
Uruguay,2007.0,0.00012
Uruguay,2008.0,0.00006
Uruguay,2009.0,0.00008
Uruguay,2010.0,0.0001
Uruguay,2011.0,0.00005
Uruguay,2012.0,0.00007
Uruguay,2013.0,0.00009
Uruguay,2014.0,0.00006
Uruguay,2015.0,0.00006
Uruguay,2016.0,0.00006
Uruguay,2017.0,0.00006
Uzbekistan,2000.0,0.17575
Uzbekistan,2001.0,0.17335
Uzbekistan,2002.0,0.16614
Uzbekistan,2003.0,0.12251
Uzbekistan,2004.0,0.13406
Uzbekistan,2005.0,0.12112
Uzbekistan,2006.0,0.1208
Uzbekistan,2007.0,0.11664
Uzbekistan,2008.0,0.10432
Uzbekistan,2009.0,0.10475
Uzbekistan,2010.0,0.09394
Uzbekistan,2011.0,0.09124
Uzbekistan,2012.0,0.08518
Uzbekistan,2013.0,0.08137
Uzbekistan,2014.0,0.08064
Uzbekistan,2015.0,0.07477
Uzbekistan,2016.0,0.07257
Uzbekistan,2017.0,0.07106
Venezuela,2001.0,0.00008
Venezuela,2002.0,0.00009
Venezuela,2003.0,0.00023
Venezuela,2005.0,0.00016
Venezuela,2006.0,0.00068
Venezuela,2008.0,0.00047
Venezuela,2009.0,0.00081
Venezuela,2010.0,0.00069
Venezuela,2011.0,0.00068
Venezuela,2012.0,0.00067
Venezuela,2013.0,0.00066
Venezuela,2014.0,0.00064
Venezuela,2015.0,0.00069
Venezuela,2016.0,0.00091
Yemen,2008.0,0.00167
Yemen,2009.0,0.00301
Yemen,2010.0,0.0055
Yemen,2011.0,0.00663
Yemen,2012.0,0.00664
Yemen,2013.0,0.00666
Yemen,2014.0,0.00761
Yemen,2015.0,0.00838
Yemen,2016.0,0.01082
Yemen,2017.0,0.01256
Zambia,2000.0,0.01923
Zambia,2001.0,0.01903
Zambia,2002.0,0.01903
Zambia,2003.0,0.01857
Zambia,2004.0,0.00867
Zambia,2005.0,0.01049
Zambia,2006.0,0.00403
Zambia,2007.0,0.0009
Zambia,2008.0,0.00006
Zambia,2009.0,0.00005
Zambia,2010.0,0.00005
Zambia,2011.0,0.00005
Zambia,2012.0,0.00526
Zambia,2013.0,0.00616
Zambia,2014.0,0.00628
Zambia,2015.0,0.00768
Zambia,2016.0,0.00722
Zambia,2017.0,0.00681
