country,year,value
Algeria,2018.0,21.74442
Azerbaijan,2017.0,55.73322
Azerbaijan,2018.0,54.97853
Azerbaijan,2019.0,57.46178
Bahrain,2015.0,60.99582
Bahrain,2016.0,82.59826
Bahrain,2017.0,83.0222
Bahrain,2018.0,69.2688
Bahrain,2019.0,86.00897
Bosnia and Herzegovina,2019.0,34.66806
Botswana,2014.0,22.63896
Brazil,2014.0,26.49035
Brazil,2016.0,23.18448
Brazil,2017.0,23.61179
Brazil,2018.0,22.88218
Brazil,2019.0,24.59876
Brunei,2016.0,70.00011
Brunei,2018.0,56.4835
Belarus,2018.0,32.42
Belarus,2019.0,35.82211
Cambodia,2017.0,37.55749
Cape Verde,2019.0,14.09513
Colombia,2016.0,37.36532
Colombia,2017.0,37.86555
Colombia,2018.0,34.51208
Democratic Republic of Congo,2018.0,6.71353
Cuba,2019.0,29.39405
Georgia,2016.0,29.39831
Georgia,2017.0,27.14854
Georgia,2018.0,28.83128
Georgia,2019.0,32.12401
Gambia,2018.0,9.94395
Palestine,2019.0,13.2727
Ghana,2018.0,9.67148
Kiribati,2019.0,14.29333
Hong Kong,2018.0,58.19117
Hong Kong,2019.0,59.40914
Iran,2015.0,21.03795
Iran,2017.0,12.78628
Cote d'Ivoire,2019.0,22.62655
Jamaica,2015.0,15.69705
Jamaica,2016.0,12.42482
Jamaica,2017.0,12.44613
Japan,2018.0,70.59004
Japan,2019.0,74.04821
Kazakhstan,2015.0,42.69643
Kazakhstan,2016.0,44.49508
Kazakhstan,2017.0,49.3808
Kazakhstan,2018.0,48.45585
Kazakhstan,2019.0,52.18491
Korea,2015.0,66.50234
Korea,2016.0,70.43056
Korea,2017.0,63.83655
Korea,2018.0,74.08818
Korea,2019.0,80.94205
Kuwait,2018.0,63.25357
Laos,2017.0,4.46969
Lesotho,2018.0,8.72913
Macao,2018.0,42.96296
Madagascar,2018.0,3.66955
Malaysia,2017.0,46.17942
Malaysia,2018.0,46.53882
Malaysia,2019.0,46.59126
Mexico,2016.0,37.09035
Mexico,2017.0,35.82079
Mexico,2018.0,36.24701
Mexico,2019.0,35.44389
Mongolia,2018.0,20.04171
Morocco,2014.0,32.4919
Morocco,2015.0,28.27701
Morocco,2016.0,30.55556
Morocco,2017.0,35.71473
Morocco,2018.0,38.33253
Oman,2019.0,91.04849
Pakistan,2016.0,5.45466
Peru,2018.0,33.20075
Peru,2019.0,30.65198
Guinea-Bissau,2019.0,8.14261
Qatar,2015.0,59.56883
Qatar,2016.0,58.29988
Qatar,2017.0,57.03089
Qatar,2018.0,55.76211
Qatar,2019.0,54.47764
Romania,2019.0,38.21427
Russia,2017.0,32.78987
Russia,2018.0,38.259
Russia,2019.0,41.24068
Saudi Arabia,2017.0,74.26916
Saudi Arabia,2018.0,75.08157
Saudi Arabia,2019.0,73.90681
Sierra Leone,2017.0,4.48784
Singapore,2014.0,56.58548
Singapore,2017.0,60.97993
Slovakia,2019.0,71.84785
Zimbabwe,2014.0,5.30734
Zimbabwe,2019.0,10.52487
Suriname,2018.0,25.36344
Switzerland,2014.0,77.65956
Thailand,2018.0,13.53536
Thailand,2019.0,14.46795
Togo,2017.0,7.38989
Tonga,2019.0,19.77888
United Arab Emirates,2019.0,92.2
Egypt,2014.0,4.11846
Egypt,2015.0,4.99746
Egypt,2016.0,26.04982
Uzbekistan,2018.0,14.24445
