country,year,value
World,2000.0,8.36439
World,2005.0,8.24068
World,2010.0,9.58953
World,2015.0,9.69468
World,2019.0,9.20879
Africa,2000.0,6.53169
Africa,2005.0,6.24197
Africa,2010.0,6.55013
Africa,2015.0,6.64284
Africa,2019.0,6.7211
Afghanistan,2000.0,0.06006
Afghanistan,2005.0,0.06708
Afghanistan,2010.0,0.04183
Afghanistan,2015.0,0.0144
Afghanistan,2019.0,0.02161
South America,2000.0,12.74475
South America,2005.0,12.32174
South America,2010.0,12.50912
South America,2015.0,11.79707
South America,2019.0,10.83353
Albania,2000.0,12.10553
Albania,2005.0,12.50517
Albania,2010.0,11.52714
Albania,2015.0,10.30181
Albania,2019.0,11.01929
Oceania,2000.0,14.49658
Oceania,2005.0,14.82827
Oceania,2010.0,15.12105
Oceania,2015.0,13.59208
Oceania,2019.0,13.0137
Western Africa,2000.0,8.70623
Western Africa,2005.0,8.05011
Western Africa,2010.0,7.09237
Western Africa,2015.0,7.46619
Western Africa,2019.0,7.5692
Algeria,2000.0,0.51706
Algeria,2005.0,0.81359
Algeria,2010.0,0.72977
Algeria,2015.0,1.03547
Algeria,2019.0,1.09317
Central America,2000.0,9.46016
Central America,2005.0,9.50069
Central America,2010.0,7.84844
Central America,2015.0,7.45249
Central America,2019.0,7.56527
Eastern Africa,2000.0,7.07532
Eastern Africa,2005.0,6.74793
Eastern Africa,2010.0,7.6396
Eastern Africa,2015.0,7.961
Eastern Africa,2019.0,8.28015
Northern Africa,2000.0,0.59556
Northern Africa,2005.0,0.66779
Northern Africa,2010.0,0.67114
Northern Africa,2015.0,0.74983
Northern Africa,2019.0,0.75622
Middle Africa,2000.0,4.90112
Middle Africa,2005.0,5.14218
Middle Africa,2010.0,7.2806
Middle Africa,2015.0,6.0987
Middle Africa,2019.0,5.45699
Southern Africa,2000.0,15.22071
Southern Africa,2005.0,14.78329
Southern Africa,2010.0,15.46742
Southern Africa,2015.0,15.04034
Southern Africa,2019.0,15.01852
Americas,2000.0,12.89503
Americas,2005.0,12.7614
Americas,2010.0,12.47314
Americas,2015.0,12.26542
Americas,2019.0,11.92762
Andorra,2000.0,19.77622
Andorra,2005.0,19.08012
Andorra,2010.0,16.72561
Andorra,2015.0,17.93835
Andorra,2019.0,18.58475
Northern America,2000.0,14.65536
Northern America,2005.0,14.82311
Northern America,2010.0,14.67786
Northern America,2015.0,15.106
Northern America,2019.0,15.25552
Angola,2000.0,5.25763
Angola,2005.0,7.57534
Angola,2010.0,14.30595
Angola,2015.0,13.82213
Angola,2019.0,12.38562
Antigua and Barbuda,2000.0,8.78289
Antigua and Barbuda,2005.0,9.47674
Antigua and Barbuda,2010.0,9.07329
Antigua and Barbuda,2015.0,12.62827
Antigua and Barbuda,2019.0,15.08647
Caribbean,2000.0,8.73594
Caribbean,2005.0,8.4333
Caribbean,2010.0,7.87379
Caribbean,2015.0,8.3712
Caribbean,2019.0,8.72307
Eastern Asia,2000.0,7.01077
Eastern Asia,2005.0,7.14697
Eastern Asia,2010.0,11.17669
Eastern Asia,2015.0,11.41596
Eastern Asia,2019.0,9.92991
Azerbaijan,2000.0,1.05991
Azerbaijan,2005.0,1.36019
Azerbaijan,2010.0,1.36239
Azerbaijan,2015.0,0.78213
Azerbaijan,2019.0,1.671
Argentina,2000.0,13.72923
Argentina,2005.0,13.56078
Argentina,2010.0,14.17045
Argentina,2015.0,14.93858
Argentina,2019.0,14.65679
Southern Asia,2000.0,2.79519
Southern Asia,2005.0,2.95515
Southern Asia,2010.0,5.31834
Southern Asia,2015.0,6.73487
Southern Asia,2019.0,6.82305
South-Eastern Asia,2000.0,4.00608
South-Eastern Asia,2005.0,4.5877
South-Eastern Asia,2010.0,5.28919
South-Eastern Asia,2015.0,5.88103
South-Eastern Asia,2019.0,6.22495
Australia,2000.0,17.89166
Australia,2005.0,18.34328
Australia,2010.0,18.72964
Australia,2015.0,16.4451
Australia,2019.0,15.72246
Southern Europe,2000.0,17.76942
Southern Europe,2005.0,16.49195
Southern Europe,2010.0,14.27564
Southern Europe,2015.0,14.96101
Southern Europe,2019.0,15.82486
Austria,2000.0,20.66994
Austria,2005.0,19.87302
Austria,2010.0,18.87354
Austria,2015.0,18.80563
Austria,2019.0,18.41856
Bahamas,2000.0,8.15055
Bahamas,2005.0,7.36307
Bahamas,2010.0,6.98613
Bahamas,2015.0,7.5245
Bahamas,2019.0,7.65639
Bahrain,2000.0,2.52003
Bahrain,2005.0,2.50592
Bahrain,2010.0,2.36524
Bahrain,2015.0,1.91738
Bahrain,2019.0,1.54159
Bangladesh,2000.0,0.00702
Bangladesh,2005.0,0
Bangladesh,2010.0,0
Bangladesh,2015.0,0.01427
Bangladesh,2019.0,0
Armenia,2000.0,5.92928
Armenia,2005.0,8.10373
Armenia,2010.0,8.38341
Armenia,2015.0,8.2426
Armenia,2019.0,7.6991
Barbados,2000.0,11.56009
Barbados,2005.0,12.66856
Barbados,2010.0,13.72508
Barbados,2015.0,16.46599
Barbados,2019.0,16.94753
Australia and New Zealand,2000.0,17.56631
Australia and New Zealand,2005.0,18.10486
Australia and New Zealand,2010.0,18.52913
Australia and New Zealand,2015.0,16.38744
Australia and New Zealand,2019.0,15.83752
Melanesia,2000.0,2.95259
Melanesia,2005.0,2.7932
Melanesia,2010.0,2.92284
Melanesia,2015.0,4.06812
Melanesia,2019.0,3.69153
Belgium,2000.0,19.40453
Belgium,2005.0,20.29396
Belgium,2010.0,17.69909
Belgium,2015.0,18.30092
Belgium,2019.0,16.69698
Micronesia (country),2000.0,5.90254
Micronesia (country),2005.0,5.14656
Micronesia (country),2010.0,5.00119
Micronesia (country),2015.0,3.85698
Micronesia (country),2019.0,4.18682
Polynesia,2000.0,5.09185
Polynesia,2005.0,5.90218
Polynesia,2010.0,4.53853
Polynesia,2015.0,4.11644
Polynesia,2019.0,4.20084
Central and Southern Asia,2000.0,2.96089
Central and Southern Asia,2005.0,3.1142
Central and Southern Asia,2010.0,5.30849
Central and Southern Asia,2015.0,6.69454
Central and Southern Asia,2019.0,6.77818
Bhutan,2000.0,5.18858
Bhutan,2005.0,3.15448
Bhutan,2010.0,1.0041
Bhutan,2015.0,0.42191
Bhutan,2019.0,0.32699
Bolivia,2000.0,5.18541
Bolivia,2005.0,6.60736
Bolivia,2010.0,7.96993
Bolivia,2015.0,6.49279
Bolivia,2019.0,6.00447
Bosnia and Herzegovina,2000.0,10.6307
Bosnia and Herzegovina,2005.0,11.95169
Bosnia and Herzegovina,2010.0,12.14748
Bosnia and Herzegovina,2015.0,11.84665
Bosnia and Herzegovina,2019.0,12.94549
Botswana,2000.0,11.2157
Botswana,2005.0,11.82362
Botswana,2010.0,10.90351
Botswana,2015.0,11.57036
Botswana,2019.0,11.09781
Brazil,2000.0,14.16048
Brazil,2005.0,13.25276
Brazil,2010.0,13.51663
Brazil,2015.0,12.55913
Brazil,2019.0,11.65353
Belize,2000.0,9.24489
Belize,2005.0,11.37334
Belize,2010.0,11.31216
Belize,2015.0,11.54435
Belize,2019.0,10.17514
Solomon Islands,2000.0,1.9689
Solomon Islands,2005.0,2.65184
Solomon Islands,2010.0,2.63452
Solomon Islands,2015.0,2.58421
Solomon Islands,2019.0,2.86818
Brunei,2000.0,0.37116
Brunei,2005.0,0.17183
Brunei,2010.0,0.68271
Brunei,2015.0,0.66902
Brunei,2019.0,0.68486
Bulgaria,2000.0,18.98777
Bulgaria,2005.0,18.23751
Bulgaria,2010.0,17.43349
Bulgaria,2015.0,19.06778
Bulgaria,2019.0,19.86006
Myanmar,2000.0,0.23547
Myanmar,2005.0,1.20793
Myanmar,2010.0,1.84248
Myanmar,2015.0,2.788
Myanmar,2019.0,3.5668
Burundi,2000.0,14.58759
Burundi,2005.0,14.11262
Burundi,2010.0,12.86975
Burundi,2015.0,11.72114
Burundi,2019.0,12.21713
Belarus,2000.0,20.61471
Belarus,2005.0,20.92791
Belarus,2010.0,24.61973
Belarus,2015.0,18.0622
Belarus,2019.0,17.931
Cambodia,2000.0,2.72654
Cambodia,2005.0,4.41286
Cambodia,2010.0,8.0929
Cambodia,2015.0,10.82929
Cambodia,2019.0,12.90023
Cameroon,2000.0,11.46368
Cameroon,2005.0,12.06507
Cameroon,2010.0,13.21969
Cameroon,2015.0,9.7313
Cameroon,2019.0,8.75832
Canada,2000.0,14.59905
Canada,2005.0,15.28221
Canada,2010.0,15.82158
Canada,2015.0,13.98351
Canada,2019.0,13.73007
Cape Verde,2000.0,9.23793
Cape Verde,2005.0,10.84837
Cape Verde,2010.0,11.76845
Cape Verde,2015.0,9.96955
Cape Verde,2019.0,10.06071
Caucasus and Central Asia,2000.0,6.78977
Caucasus and Central Asia,2005.0,7.02717
Caucasus and Central Asia,2010.0,5.34756
Caucasus and Central Asia,2015.0,5.54235
Caucasus and Central Asia,2019.0,5.60277
Central African Republic,2000.0,6.25857
Central African Republic,2005.0,6.0881
Central African Republic,2010.0,6.72442
Central African Republic,2015.0,3.93555
Central African Republic,2019.0,2.76305
Asia,2000.0,4.86765
Asia,2005.0,5.02179
Asia,2010.0,7.60159
Asia,2015.0,8.22697
Asia,2019.0,7.6743
Central Asia,2000.0,7.55683
Central Asia,2005.0,7.52568
Central Asia,2010.0,5.03597
Central Asia,2015.0,5.56162
Central Asia,2019.0,5.49845
Sri Lanka,2000.0,2.84029
Sri Lanka,2005.0,3.3103
Sri Lanka,2010.0,4.50129
Sri Lanka,2015.0,4.78468
Sri Lanka,2019.0,4.74686
Western Asia,2000.0,2.79646
Western Asia,2005.0,2.54477
Western Asia,2010.0,2.53431
Western Asia,2015.0,2.23488
Western Asia,2019.0,2.16504
Chad,2000.0,6.73203
Chad,2005.0,7.33933
Chad,2010.0,7.10605
Chad,2015.0,2.58223
Chad,2019.0,2.06556
Europe,2000.0,21.46297
Europe,2005.0,20.93468
Europe,2010.0,19.53162
Europe,2015.0,18.02573
Europe,2019.0,17.53094
Eastern Europe,2000.0,23.77929
Eastern Europe,2005.0,23.88805
Eastern Europe,2010.0,23.12446
Eastern Europe,2015.0,19.24045
Eastern Europe,2019.0,17.80391
Chile,2000.0,12.01602
Chile,2005.0,13.80664
Chile,2010.0,14.35027
Chile,2015.0,14.22469
Chile,2019.0,13.74347
Northern Europe,2000.0,19.85791
Northern Europe,2005.0,20.10304
Northern Europe,2010.0,18.0446
Northern Europe,2015.0,16.97623
Northern Europe,2019.0,17.01373
Western Europe,2000.0,21.41376
Western Europe,2005.0,20.26041
Western Europe,2010.0,19.1833
Western Europe,2015.0,19.27311
Western Europe,2019.0,18.7724
China,2000.0,6.0043
China,2005.0,6.31412
China,2010.0,10.91067
China,2015.0,11.04197
China,2019.0,9.3688
Colombia,2000.0,10.10726
Colombia,2005.0,9.18175
Colombia,2010.0,8.31294
Colombia,2015.0,9.02757
Colombia,2019.0,8.83755
Comoros,2000.0,0.26299
Comoros,2005.0,0.74554
Comoros,2010.0,0.41479
Comoros,2015.0,1.38188
Comoros,2019.0,1.99511
Congo,2000.0,5.7699
Congo,2005.0,6.21005
Congo,2010.0,9.9664
Congo,2015.0,12.45283
Congo,2019.0,14.55259
Democratic Republic of Congo,2000.0,1.65496
Democratic Republic of Congo,2005.0,1.00642
Democratic Republic of Congo,2010.0,2.33432
Democratic Republic of Congo,2015.0,2.07291
Democratic Republic of Congo,2019.0,1.76452
Cook Islands,2000.0,3.41884
Cook Islands,2005.0,9.57853
Cook Islands,2010.0,13.44603
Cook Islands,2015.0,17.75206
Cook Islands,2019.0,17.94747
Costa Rica,2000.0,9.42323
Costa Rica,2005.0,8.79754
Costa Rica,2010.0,7.36175
Costa Rica,2015.0,6.59541
Costa Rica,2019.0,6.4928
Croatia,2000.0,19.5441
Croatia,2005.0,16.19952
Croatia,2010.0,15.81765
Croatia,2015.0,14.08401
Croatia,2019.0,13.95572
Cuba,2000.0,8.38456
Cuba,2005.0,8.89898
Cuba,2010.0,8.41386
Cuba,2015.0,9.51663
Cuba,2019.0,9.9698
Cyprus,2000.0,16.74548
Cyprus,2005.0,18.96609
Cyprus,2010.0,17.57003
Cyprus,2015.0,16.82197
Cyprus,2019.0,16.92147
Least Developed Countries (LDCs),2000.0,3.59948
Least Developed Countries (LDCs),2005.0,3.70615
Least Developed Countries (LDCs),2010.0,4.42296
Least Developed Countries (LDCs),2015.0,4.74607
Least Developed Countries (LDCs),2019.0,4.99309
Sub-Saharan Africa,2000.0,8.12695
Sub-Saharan Africa,2005.0,7.72556
Sub-Saharan Africa,2010.0,8.05686
Sub-Saharan Africa,2015.0,8.06047
Sub-Saharan Africa,2019.0,8.0952
Czechia,2000.0,23.22555
Czechia,2005.0,22.81082
Czechia,2010.0,21.64141
Czechia,2015.0,21.95529
Czechia,2019.0,21.99559
Benin,2000.0,3.85179
Benin,2005.0,3.58207
Benin,2010.0,3.67911
Benin,2015.0,4.19257
Benin,2019.0,3.5927
Denmark,2000.0,20.00889
Denmark,2005.0,18.92037
Denmark,2010.0,16.93609
Denmark,2015.0,15.94756
Denmark,2019.0,15.5791
Dominica,2000.0,13.53468
Dominica,2005.0,13.86334
Dominica,2010.0,14.37068
Dominica,2015.0,12.45697
Dominica,2019.0,11.52832
Dominican Republic,2000.0,11.36596
Dominican Republic,2005.0,9.68593
Dominican Republic,2010.0,9.72148
Dominican Republic,2015.0,10.18821
Dominican Republic,2019.0,10.61893
Ecuador,2000.0,6.66243
Ecuador,2005.0,6.0106
Ecuador,2010.0,6.60967
Ecuador,2015.0,5.93552
Ecuador,2019.0,5.01192
El Salvador,2000.0,6.44939
El Salvador,2005.0,6.38315
El Salvador,2010.0,5.58614
El Salvador,2015.0,6.04807
El Salvador,2019.0,6.91389
Equatorial Guinea,2000.0,11.12093
Equatorial Guinea,2005.0,12.92983
Equatorial Guinea,2010.0,13.01719
Equatorial Guinea,2015.0,12.73842
Equatorial Guinea,2019.0,9.62601
Ethiopia,2000.0,1.19218
Ethiopia,2005.0,1.52881
Ethiopia,2010.0,2.45355
Ethiopia,2015.0,2.6621
Ethiopia,2019.0,3.65539
Eritrea,2000.0,3.33029
Eritrea,2005.0,4.38342
Eritrea,2010.0,3.78305
Eritrea,2015.0,3.74429
Eritrea,2019.0,3.51912
Estonia,2000.0,17.05243
Estonia,2005.0,26.49093
Estonia,2010.0,21.31551
Estonia,2015.0,23.40466
Estonia,2019.0,17.35111
Fiji,2000.0,5.41627
Fiji,2005.0,5.06094
Fiji,2010.0,5.34192
Fiji,2015.0,5.91702
Fiji,2019.0,6.08377
Finland,2000.0,18.01877
Finland,2005.0,19.82297
Finland,2010.0,19.49906
Finland,2015.0,17.07169
Finland,2019.0,16.56385
France,2000.0,22.19594
France,2005.0,20.49714
France,2010.0,19.46568
France,2015.0,19.82862
France,2019.0,19.20811
Djibouti,2000.0,2.59952
Djibouti,2005.0,2.08836
Djibouti,2010.0,1.06952
Djibouti,2015.0,0.7757
Djibouti,2019.0,0.59646
Gabon,2000.0,16.30885
Gabon,2005.0,14.6564
Gabon,2010.0,15.29228
Gabon,2015.0,14.35206
Gabon,2019.0,12.24157
Georgia,2000.0,8.60459
Georgia,2005.0,11.04157
Georgia,2010.0,16.27708
Georgia,2015.0,14.64757
Georgia,2019.0,15.60638
Gambia,2000.0,6.58443
Gambia,2005.0,6.77978
Gambia,2010.0,5.9852
Gambia,2015.0,5.72093
Gambia,2019.0,5.72755
Germany,2000.0,22.22051
Germany,2005.0,21.06464
Germany,2010.0,20.01619
Germany,2015.0,20.12137
Germany,2019.0,19.70979
Ghana,2000.0,8.41874
Ghana,2005.0,7.92899
Ghana,2010.0,6.21911
Ghana,2015.0,4.79049
Ghana,2019.0,4.36694
Kiribati,2000.0,4.82544
Kiribati,2005.0,5.69503
Kiribati,2010.0,4.86603
Kiribati,2015.0,3.43742
Kiribati,2019.0,3.96904
Greece,2000.0,15.82897
Greece,2005.0,16.6381
Greece,2010.0,15.51168
Greece,2015.0,17.13253
Greece,2019.0,16.7186
Grenada,2000.0,15.05446
Grenada,2005.0,13.01822
Grenada,2010.0,12.21634
Grenada,2015.0,13.47155
Grenada,2019.0,14.24975
Guatemala,2000.0,3.94995
Guatemala,2005.0,3.71111
Guatemala,2010.0,3.32545
Guatemala,2015.0,2.67494
Guatemala,2019.0,2.6341
Guinea,2000.0,1.25229
Guinea,2005.0,1.50658
Guinea,2010.0,1.28124
Guinea,2015.0,2.09969
Guinea,2019.0,1.93895
Guyana,2000.0,12.36219
Guyana,2005.0,10.8054
Guyana,2010.0,9.38859
Guyana,2015.0,9.26839
Guyana,2019.0,8.56762
Haiti,2000.0,6.53739
Haiti,2005.0,6.34902
Haiti,2010.0,4.87522
Haiti,2015.0,4.61414
Haiti,2019.0,4.96026
Honduras,2000.0,5.68001
Honduras,2005.0,6.29554
Honduras,2010.0,5.81153
Honduras,2015.0,5.60491
Honduras,2019.0,6.34013
Hungary,2000.0,23.04025
Hungary,2005.0,22.99485
Hungary,2010.0,19.25363
Hungary,2015.0,18.46942
Hungary,2019.0,17.66155
Iceland,2000.0,11.15209
Iceland,2005.0,11.85084
Iceland,2010.0,11.44433
Iceland,2015.0,13.32686
Iceland,2019.0,14.02996
India,2000.0,3.60214
India,2005.0,3.80741
India,2010.0,7.00458
India,2015.0,8.93086
India,2019.0,9.06205
Indonesia,2000.0,0.91722
Indonesia,2005.0,0.88141
Indonesia,2010.0,0.92583
Indonesia,2015.0,0.41886
Indonesia,2019.0,0.36779
Iran,2000.0,1.72587
Iran,2005.0,1.73386
Iran,2010.0,1.7803
Iran,2015.0,1.75042
Iran,2019.0,1.76484
Iraq,2000.0,0.85194
Iraq,2005.0,0.99271
Iraq,2010.0,0.73952
Iraq,2015.0,0.60479
Iraq,2019.0,0.6369
Ireland,2000.0,23.39231
Ireland,2005.0,21.73067
Ireland,2010.0,18.65476
Ireland,2015.0,19.23671
Ireland,2019.0,19.38123
Israel,2000.0,4.92084
Israel,2005.0,4.31884
Israel,2010.0,4.97814
Israel,2015.0,6.10961
Israel,2019.0,6.84058
Italy,2000.0,17.01154
Italy,2005.0,13.51804
Italy,2010.0,11.21107
Italy,2015.0,12.22136
Italy,2019.0,12.73502
Cote d'Ivoire,2000.0,11.04215
Cote d'Ivoire,2005.0,2.08054
Cote d'Ivoire,2010.0,2.83406
Cote d'Ivoire,2015.0,4.05033
Cote d'Ivoire,2019.0,4.83252
Jamaica,2000.0,7.27369
Jamaica,2005.0,6.32812
Jamaica,2010.0,6.09785
Jamaica,2015.0,6.39305
Jamaica,2019.0,6.70695
Japan,2000.0,12.3862
Japan,2005.0,12.47596
Japan,2010.0,13.32913
Japan,2015.0,15.23589
Japan,2019.0,15.58163
Kazakhstan,2000.0,13.83321
Kazakhstan,2005.0,15.62122
Kazakhstan,2010.0,8.2814
Kazakhstan,2015.0,7.79091
Kazakhstan,2019.0,8.32961
Jordan,2000.0,1.02515
Jordan,2005.0,1.06993
Jordan,2010.0,1.02253
Jordan,2015.0,1.03278
Jordan,2019.0,0.89269
Kenya,2000.0,3.28917
Kenya,2005.0,1.64734
Kenya,2010.0,2.84824
Kenya,2015.0,3.28653
Kenya,2019.0,3.51096
North Korea,2000.0,5.81435
North Korea,2005.0,6.09086
North Korea,2010.0,6.25018
North Korea,2015.0,7.41198
North Korea,2019.0,6.89173
Korea,2000.0,19.50002
Korea,2005.0,16.07931
Korea,2010.0,15.06835
Korea,2015.0,13.74601
Korea,2019.0,12.75843
Kuwait,2000.0,0
Kuwait,2005.0,0
Kuwait,2010.0,0
Kuwait,2015.0,0
Kuwait,2019.0,0
Kyrgyzstan,2000.0,9.20565
Kyrgyzstan,2005.0,11.3826
Kyrgyzstan,2010.0,10.87988
Kyrgyzstan,2015.0,10.58022
Kyrgyzstan,2019.0,8.38269
Laos,2000.0,7.58019
Laos,2005.0,7.11071
Laos,2010.0,11.49483
Laos,2015.0,16.60724
Laos,2019.0,19.10582
Latin America and the Caribbean,2000.0,11.67013
Latin America and the Caribbean,2005.0,11.36857
Latin America and the Caribbean,2010.0,11.03181
Latin America and the Caribbean,2015.0,10.46046
Latin America and the Caribbean,2019.0,9.84913
Lebanon,2000.0,4.50768
Lebanon,2005.0,3.45354
Lebanon,2010.0,2.91746
Lebanon,2015.0,2.55195
Lebanon,2019.0,2.57544
Lesotho,2000.0,12.20265
Lesotho,2005.0,8.85323
Lesotho,2010.0,10.96113
Lesotho,2015.0,8.62936
Lesotho,2019.0,8.64782
Latvia,2000.0,12.71045
Latvia,2005.0,17.1162
Latvia,2010.0,16.54532
Latvia,2015.0,18.142
Latvia,2019.0,21.61256
Liberia,2000.0,10.45929
Liberia,2005.0,9.75886
Liberia,2010.0,8.61734
Liberia,2015.0,7.80009
Liberia,2019.0,8.57579
Landlocked developing countries (LLDCs),2000.0,6.35004
Landlocked developing countries (LLDCs),2005.0,6.53832
Landlocked developing countries (LLDCs),2010.0,6.42059
Landlocked developing countries (LLDCs),2015.0,6.46505
Landlocked developing countries (LLDCs),2019.0,6.62973
Libya,2000.0,0.3371
Libya,2005.0,0.24846
Libya,2010.0,0.14004
Libya,2015.0,0.05357
Libya,2019.0,0.04673
Lithuania,2000.0,24.89467
Lithuania,2005.0,26.1133
Lithuania,2010.0,24.60353
Lithuania,2015.0,24.74364
Lithuania,2019.0,20.59757
Luxembourg,2000.0,21.35419
Luxembourg,2005.0,20.11341
Luxembourg,2010.0,19.01647
Luxembourg,2015.0,19.1673
Luxembourg,2019.0,18.7412
Madagascar,2000.0,3.32435
Madagascar,2005.0,2.34093
Madagascar,2010.0,2.95978
Madagascar,2015.0,3.07484
Madagascar,2019.0,3.21717
Malawi,2000.0,4.32052
Malawi,2005.0,5.21417
Malawi,2010.0,5.91864
Malawi,2015.0,6.70839
Malawi,2019.0,6.76142
Malaysia,2000.0,2.31161
Malaysia,2005.0,2.1821
Malaysia,2010.0,2.15287
Malaysia,2015.0,1.33127
Malaysia,2019.0,1.47659
Maldives,2000.0,3.63527
Maldives,2005.0,2.77714
Maldives,2010.0,2.90766
Maldives,2015.0,3.5979
Maldives,2019.0,3.94834
Mali,2000.0,2.01443
Mali,2005.0,1.80579
Mali,2010.0,1.89828
Mali,2015.0,2.26092
Mali,2019.0,2.25517
Malta,2000.0,9.18212
Malta,2005.0,10.52374
Malta,2010.0,10.40802
Malta,2015.0,11.83208
Malta,2019.0,12.87528
Mauritania,2000.0,0
Mauritania,2005.0,0
Mauritania,2010.0,0
Mauritania,2015.0,0
Mauritania,2019.0,0
Mauritius,2000.0,8.87589
Mauritius,2005.0,8.50031
Mauritius,2010.0,6.61123
Mauritius,2015.0,6.96786
Mauritius,2019.0,7.66816
Mexico,2000.0,10.48808
Mexico,2005.0,10.56174
Mexico,2010.0,8.51091
Mexico,2015.0,8.04757
Mexico,2019.0,8.1328
"Western Asia (exc. Armenia, Azerbaijan, Cyprus, Israel and Georgia)",2000.0,2.4672
"Western Asia (exc. Armenia, Azerbaijan, Cyprus, Israel and Georgia)",2005.0,2.10919
"Western Asia (exc. Armenia, Azerbaijan, Cyprus, Israel and Georgia)",2010.0,2.03519
"Western Asia (exc. Armenia, Azerbaijan, Cyprus, Israel and Georgia)",2015.0,1.78736
"Western Asia (exc. Armenia, Azerbaijan, Cyprus, Israel and Georgia)",2019.0,1.66658
Mongolia,2000.0,3.5467
Mongolia,2005.0,6.04851
Mongolia,2010.0,11.08497
Mongolia,2015.0,13.28771
Mongolia,2019.0,9.22822
Moldova,2000.0,16.89416
Moldova,2005.0,24.23946
Moldova,2010.0,19.27738
Moldova,2015.0,19.60146
Moldova,2019.0,20.60943
Montenegro,2010.0,24.129
Montenegro,2015.0,17.65283
Montenegro,2019.0,19.51367
Morocco,2000.0,0.83708
Morocco,2005.0,0.86991
Morocco,2010.0,0.9025
Morocco,2015.0,0.73926
Morocco,2019.0,0.86825
Mozambique,2000.0,2.30694
Mozambique,2005.0,1.89737
Mozambique,2010.0,2.58709
Mozambique,2015.0,3.84887
Mozambique,2019.0,4.53499
Oman,2000.0,1.75168
Oman,2005.0,2.1246
Oman,2010.0,1.0219
Oman,2015.0,1.1137
Oman,2019.0,1.21704
Europe and North America,2000.0,19.41446
Europe and North America,2005.0,19.06817
Europe and North America,2010.0,18.01319
Europe and North America,2015.0,17.083
Europe and North America,2019.0,16.78396
"Developed regions (Europe, Cyprus, Israel, Northern America, Japan, Australia & New Zealand)",2000.0,18.512
"Developed regions (Europe, Cyprus, Israel, Northern America, Japan, Australia & New Zealand)",2005.0,18.24322
"Developed regions (Europe, Cyprus, Israel, Northern America, Japan, Australia & New Zealand)",2010.0,17.44753
"Developed regions (Europe, Cyprus, Israel, Northern America, Japan, Australia & New Zealand)",2015.0,16.81014
"Developed regions (Europe, Cyprus, Israel, Northern America, Japan, Australia & New Zealand)",2019.0,16.57909
Developing regions,2000.0,5.55047
Developing regions,2005.0,5.61516
Developing regions,2010.0,7.64302
Developing regions,2015.0,8.0384
Developing regions,2019.0,7.55447
Namibia,2000.0,4.62413
Namibia,2005.0,4.6053
Namibia,2010.0,3.71333
Namibia,2015.0,5.61864
Namibia,2019.0,5.29676
Eastern Asia (excluding Japan),2000.0,6.47488
Eastern Asia (excluding Japan),2005.0,6.64541
Eastern Asia (excluding Japan),2010.0,10.98293
Eastern Asia (excluding Japan),2015.0,11.0845
Eastern Asia (excluding Japan),2019.0,9.44895
Nauru,2000.0,9.66477
Nauru,2005.0,6.04623
Nauru,2010.0,10.20901
Nauru,2015.0,7.06154
Nauru,2019.0,7.06818
Nepal,2000.0,0.34725
Nepal,2005.0,0.61928
Nepal,2010.0,0.68219
Nepal,2015.0,0.83035
Nepal,2019.0,1.09891
Netherlands,2000.0,17.06318
Netherlands,2005.0,16.49971
Netherlands,2010.0,15.89945
Netherlands,2015.0,14.77103
Netherlands,2019.0,14.90457
Oceania (exc. Australia and New Zealand),2000.0,3.10873
Oceania (exc. Australia and New Zealand),2005.0,2.96408
Oceania (exc. Australia and New Zealand),2010.0,3.02547
Oceania (exc. Australia and New Zealand),2015.0,4.06478
Oceania (exc. Australia and New Zealand),2019.0,3.71727
Vanuatu,2000.0,1.79926
Vanuatu,2005.0,1.9434
Vanuatu,2010.0,3.00391
Vanuatu,2015.0,3.09683
Vanuatu,2019.0,3.47704
New Zealand,2000.0,15.89682
New Zealand,2005.0,16.88697
New Zealand,2010.0,17.47204
New Zealand,2015.0,16.07923
New Zealand,2019.0,16.45529
Nicaragua,2000.0,8.21028
Nicaragua,2005.0,8.62637
Nicaragua,2010.0,7.79355
Nicaragua,2015.0,8.22866
Nicaragua,2019.0,8.31254
Niger,2000.0,0.43564
Niger,2005.0,0.43544
Niger,2010.0,0.52885
Niger,2015.0,0.93122
Niger,2019.0,0.8934
Nigeria,2000.0,10.91686
Nigeria,2005.0,10.86233
Nigeria,2010.0,9.41156
Nigeria,2015.0,9.72436
Nigeria,2019.0,9.83606
Niue,2000.0,12.81547
Niue,2005.0,11.85239
Niue,2010.0,10.82807
Niue,2015.0,15.43337
Niue,2019.0,16.04154
Norway,2000.0,10.4265
Norway,2005.0,11.4781
Norway,2010.0,11.75469
Norway,2015.0,10.78145
Norway,2019.0,10.7983
Micronesia (region),2000.0,6.36381
Micronesia (region),2005.0,4.57586
Micronesia (region),2010.0,4.63932
Micronesia (region),2015.0,3.96679
Micronesia (region),2019.0,4.13987
Pakistan,2000.0,0.09665
Pakistan,2005.0,0.23847
Pakistan,2010.0,0.31075
Pakistan,2015.0,0.45394
Pakistan,2019.0,0.51517
Panama,2000.0,8.68805
Panama,2005.0,8.70955
Panama,2010.0,10.74145
Panama,2015.0,12.01546
Panama,2019.0,12.22815
Papua New Guinea,2000.0,2.68904
Papua New Guinea,2005.0,2.50181
Papua New Guinea,2010.0,2.61073
Papua New Guinea,2015.0,3.98209
Papua New Guinea,2019.0,3.48774
Paraguay,2000.0,9.82118
Paraguay,2005.0,10.42593
Paraguay,2010.0,11.85166
Paraguay,2015.0,10.43269
Paraguay,2019.0,10.95789
Peru,2000.0,9.98649
Peru,2005.0,10.7313
Peru,2010.0,12.01185
Peru,2015.0,10.79893
Peru,2019.0,10.40638
Philippines,2000.0,8.8419
Philippines,2005.0,9.00702
Philippines,2010.0,11.11634
Philippines,2015.0,10.68392
Philippines,2019.0,11.21644
Poland,2000.0,14.9978
Poland,2005.0,16.80265
Poland,2010.0,17.65565
Poland,2015.0,18.25269
Poland,2019.0,18.65494
Portugal,2000.0,22.10879
Portugal,2005.0,21.04541
Portugal,2010.0,19.95747
Portugal,2015.0,19.19475
Portugal,2019.0,19.51281
Guinea-Bissau,2000.0,7.44579
Guinea-Bissau,2005.0,9.28797
Guinea-Bissau,2010.0,7.76314
Guinea-Bissau,2015.0,8.83204
Guinea-Bissau,2019.0,9.31967
Timor-Leste,2000.0,0.88618
Timor-Leste,2005.0,0.49964
Timor-Leste,2010.0,0.42338
Timor-Leste,2015.0,0.84735
Timor-Leste,2019.0,0.84107
Qatar,2000.0,1.22898
Qatar,2005.0,2.27823
Qatar,2010.0,1.92733
Qatar,2015.0,1.85655
Qatar,2019.0,1.80914
Romania,2000.0,29.88625
Romania,2005.0,24.88844
Romania,2010.0,21.76703
Romania,2015.0,18.31634
Romania,2019.0,19.50039
Russia,2000.0,26.52937
Russia,2005.0,27.86019
Russia,2010.0,26.04716
Russia,2015.0,20.36481
Russia,2019.0,17.99058
Rwanda,2000.0,23.13223
Rwanda,2005.0,20.70119
Rwanda,2010.0,15.63062
Rwanda,2015.0,13.66526
Rwanda,2019.0,13.11057
Saint Kitts and Nevis,2000.0,10.2713
Saint Kitts and Nevis,2005.0,12.35816
Saint Kitts and Nevis,2010.0,10.23106
Saint Kitts and Nevis,2015.0,9.67947
Saint Kitts and Nevis,2019.0,10.00673
Saint Lucia,2000.0,17.95576
Saint Lucia,2005.0,18.22946
Saint Lucia,2010.0,15.14016
Saint Lucia,2015.0,15.07686
Saint Lucia,2019.0,15.45038
Saint Vincent and the Grenadines,2000.0,7.29414
Saint Vincent and the Grenadines,2005.0,8.59764
Saint Vincent and the Grenadines,2010.0,10.54518
Saint Vincent and the Grenadines,2015.0,11.049
Saint Vincent and the Grenadines,2019.0,11.29294
Sao Tome and Principe,2000.0,14.07723
Sao Tome and Principe,2005.0,15.79662
Sao Tome and Principe,2010.0,12.83478
Sao Tome and Principe,2015.0,11.48253
Sao Tome and Principe,2019.0,9.15286
Saudi Arabia,2000.0,0
Saudi Arabia,2005.0,0
Saudi Arabia,2010.0,0
Saudi Arabia,2015.0,0
Saudi Arabia,2019.0,0
Senegal,2000.0,1.16903
Senegal,2005.0,0.98211
Senegal,2010.0,0.70616
Senegal,2015.0,1.05175
Senegal,2019.0,1.29619
Serbia,2010.0,18.93789
Serbia,2015.0,13.99482
Serbia,2019.0,14.08518
Seychelles,2000.0,11.71511
Seychelles,2005.0,9.75138
Seychelles,2010.0,8.8354
Seychelles,2015.0,12.68018
Seychelles,2019.0,13.4051
Sierra Leone,2000.0,9.54128
Sierra Leone,2005.0,9.21166
Sierra Leone,2010.0,9.22934
Sierra Leone,2015.0,8.65352
Sierra Leone,2019.0,9.1856
Singapore,2000.0,3.62073
Singapore,2005.0,2.62985
Singapore,2010.0,3.1797
Singapore,2015.0,3.00194
Singapore,2019.0,2.91727
Slovakia,2000.0,18.99968
Slovakia,2005.0,18.09244
Slovakia,2010.0,17.95172
Slovakia,2015.0,17.5066
Slovakia,2019.0,17.25679
Vietnam,2000.0,2.9473
Vietnam,2005.0,4.72569
Vietnam,2010.0,8.52718
Vietnam,2015.0,11.33505
Vietnam,2019.0,12.84061
Slovenia,2000.0,19.68837
Slovenia,2005.0,19.08609
Slovenia,2010.0,17.82496
Slovenia,2015.0,19.63849
Slovenia,2019.0,18.67872
Somalia,2000.0,0
Somalia,2005.0,0
Somalia,2010.0,0
Somalia,2015.0,0
Somalia,2019.0,0
South Africa,2000.0,15.85882
South Africa,2005.0,15.4946
South Africa,2010.0,16.24319
South Africa,2015.0,15.73059
South Africa,2019.0,15.73768
Zimbabwe,2000.0,4.22449
Zimbabwe,2005.0,4.93969
Zimbabwe,2010.0,7.1543
Zimbabwe,2015.0,9.2852
Zimbabwe,2019.0,7.94282
Small island developing States (SIDS),2000.0,7.29277
Small island developing States (SIDS),2005.0,6.97838
Small island developing States (SIDS),2010.0,6.49337
Small island developing States (SIDS),2015.0,6.91793
Small island developing States (SIDS),2019.0,7.07541
Spain,2000.0,19.3444
Spain,2005.0,19.85802
Spain,2010.0,15.85899
Spain,2015.0,17.89819
Spain,2019.0,19.94367
Sub-Saharan Africa (inc. Sudan),2000.0,8.12695
Sub-Saharan Africa (inc. Sudan),2005.0,7.72556
Sub-Saharan Africa (inc. Sudan),2010.0,8.05686
Sub-Saharan Africa (inc. Sudan),2015.0,8.06047
Sub-Saharan Africa (inc. Sudan),2019.0,8.0952
Suriname,2000.0,8.45861
Suriname,2005.0,8.58888
Suriname,2010.0,9.99153
Suriname,2015.0,10.04056
Suriname,2019.0,11.74493
Northern Africa (exc. Sudan),2000.0,0.59556
Northern Africa (exc. Sudan),2005.0,0.66779
Northern Africa (exc. Sudan),2010.0,0.67114
Northern Africa (exc. Sudan),2015.0,0.74983
Northern Africa (exc. Sudan),2019.0,0.75622
Northern Africa and Western Asia,2000.0,1.82955
Northern Africa and Western Asia,2005.0,1.7327
Northern Africa and Western Asia,2010.0,1.76172
Northern Africa and Western Asia,2015.0,1.63544
Northern Africa and Western Asia,2019.0,1.60174
Eswatini,2000.0,13.54425
Eswatini,2005.0,12.22373
Eswatini,2010.0,13.21585
Eswatini,2015.0,14.58486
Eswatini,2019.0,14.78078
Sweden,2000.0,13.40294
Sweden,2005.0,13.41341
Sweden,2010.0,14.64859
Sweden,2015.0,14.04086
Sweden,2019.0,13.84928
Eastern and South-Eastern Asia,2000.0,6.30466
Eastern and South-Eastern Asia,2005.0,6.54065
Eastern and South-Eastern Asia,2010.0,9.73244
Eastern and South-Eastern Asia,2015.0,10.00901
Eastern and South-Eastern Asia,2019.0,8.96849
Switzerland,2000.0,19.25429
Switzerland,2005.0,17.95704
Switzerland,2010.0,17.54839
Switzerland,2015.0,17.58308
Switzerland,2019.0,17.18093
Syria,2000.0,2.01464
Syria,2005.0,1.57215
Syria,2010.0,1.54845
Syria,2015.0,0.46563
Syria,2019.0,0.32441
Tajikistan,2000.0,1.36997
Tajikistan,2005.0,1.09179
Tajikistan,2010.0,1.17413
Tajikistan,2015.0,1.50315
Tajikistan,2019.0,1.48994
Thailand,2000.0,12.91013
Thailand,2005.0,14.47725
Thailand,2010.0,11.44662
Thailand,2015.0,14.16199
Thailand,2019.0,13.74906
Togo,2000.0,2.57814
Togo,2005.0,4.42418
Togo,2010.0,3.36334
Togo,2015.0,3.85601
Togo,2019.0,4.25116
Tonga,2000.0,2.85
Tonga,2005.0,3.56459
Tonga,2010.0,2.3295
Tonga,2015.0,0.63972
Tonga,2019.0,0.7281
Trinidad and Tobago,2000.0,8.64061
Trinidad and Tobago,2005.0,9.39883
Trinidad and Tobago,2010.0,9.49666
Trinidad and Tobago,2015.0,10.47002
Trinidad and Tobago,2019.0,10.23615
United Arab Emirates,2000.0,3.09329
United Arab Emirates,2005.0,4.51477
United Arab Emirates,2010.0,3.72068
United Arab Emirates,2015.0,4.79537
United Arab Emirates,2019.0,4.97452
Tunisia,2000.0,2.61998
Tunisia,2005.0,2.59242
Tunisia,2010.0,2.44958
Tunisia,2015.0,3.52942
Tunisia,2019.0,3.60964
Turkey,2000.0,4.25014
Turkey,2005.0,3.53457
Turkey,2010.0,3.75031
Turkey,2015.0,3.41883
Turkey,2019.0,3.12006
Turkmenistan,2000.0,4.48871
Turkmenistan,2005.0,4.54895
Turkmenistan,2010.0,4.55468
Turkmenistan,2015.0,5.79125
Turkmenistan,2019.0,5.26128
Tuvalu,2000.0,3.15373
Tuvalu,2005.0,3.25285
Tuvalu,2010.0,2.85283
Tuvalu,2015.0,3.41218
Tuvalu,2019.0,2.25857
Uganda,2000.0,24.81911
Uganda,2005.0,23.29061
Uganda,2010.0,24.95684
Uganda,2015.0,21.48617
Uganda,2019.0,20.61092
Ukraine,2000.0,22.6979
Ukraine,2005.0,19.91771
Ukraine,2010.0,22.29929
Ukraine,2015.0,16.94954
Ukraine,2019.0,13.99815
North Macedonia,2000.0,11.40956
North Macedonia,2005.0,11.24745
North Macedonia,2010.0,9.54727
North Macedonia,2015.0,9.62817
North Macedonia,2019.0,10.35818
Egypt,2000.0,0.23575
Egypt,2005.0,0.2638
Egypt,2010.0,0.338
Egypt,2015.0,0.2984
Egypt,2019.0,0.23548
United Kingdom,2000.0,21.59916
United Kingdom,2005.0,21.50043
United Kingdom,2010.0,18.6861
United Kingdom,2015.0,17.37993
United Kingdom,2019.0,17.74285
Tanzania,2000.0,14.52352
Tanzania,2005.0,14.67832
Tanzania,2010.0,17.01901
Tanzania,2015.0,19.51582
Tanzania,2019.0,19.88915
United States,2000.0,14.66172
United States,2005.0,14.77053
United States,2010.0,14.54481
United States,2015.0,15.23764
United States,2019.0,15.43525
Burkina Faso,2000.0,13.23223
Burkina Faso,2005.0,14.60699
Burkina Faso,2010.0,13.92349
Burkina Faso,2015.0,17.94878
Burkina Faso,2019.0,18.50339
Uruguay,2000.0,13.37221
Uruguay,2005.0,11.90137
Uruguay,2010.0,11.25581
Uruguay,2015.0,11.04998
Uruguay,2019.0,10.81969
Uzbekistan,2000.0,5.10162
Uzbekistan,2005.0,3.75217
Uzbekistan,2010.0,3.05676
Uzbekistan,2015.0,4.36862
Uzbekistan,2019.0,4.48393
Venezuela,2000.0,14.50437
Venezuela,2005.0,14.95634
Venezuela,2010.0,13.79682
Venezuela,2015.0,11.06724
Venezuela,2019.0,5.72189
Samoa,2000.0,6.54654
Samoa,2005.0,6.8464
Samoa,2010.0,4.77017
Samoa,2015.0,4.38646
Samoa,2019.0,4.57893
Yemen,2000.0,1.39102
Yemen,2005.0,0.6302
Yemen,2010.0,0.33546
Yemen,2015.0,0.07849
Yemen,2019.0,0.05918
Zambia,2000.0,4.96071
Zambia,2005.0,4.75318
Zambia,2010.0,5.19021
Zambia,2015.0,7.33999
Zambia,2019.0,7.25827
