country,year,value
Afghanistan,2017.0,37
Afghanistan,2018.0,35
Afghanistan,2019.0,40
Albania,2005.0,48
Albania,2006.0,4
Albania,2007.0,4
Albania,2008.0,1
Albania,2009.0,4
Albania,2010.0,17
Albania,2011.0,6
Albania,2012.0,20
Albania,2013.0,1
Albania,2014.0,1
Albania,2015.0,13
Albania,2016.0,2
Albania,2019.0,2
Albania,2020.0,2
Angola,2014.0,5
Angola,2016.0,2
Angola,2017.0,6
Angola,2018.0,10
Argentina,2005.0,43
Argentina,2006.0,21
Argentina,2007.0,143
Argentina,2008.0,37
Argentina,2009.0,58
Argentina,2010.0,4
Argentina,2011.0,20
Argentina,2012.0,51
Argentina,2014.0,12
Argentina,2015.0,11
Australia,2015.0,85
Australia,2016.0,13
Australia,2017.0,226
Australia,2018.0,197
Australia,2019.0,1461
Austria,2018.0,3
Austria,2019.0,41
Austria,2020.0,8
Bhutan,2015.0,31
Bhutan,2017.0,57
Bhutan,2018.0,13
Bolivia,2005.0,2
Bolivia,2006.0,9
Bolivia,2007.0,5
Bolivia,2008.0,13
Bolivia,2009.0,9
Bolivia,2010.0,6
Bolivia,2011.0,12
Bolivia,2012.0,5
Bolivia,2013.0,6
Bolivia,2014.0,3
Botswana,2018.0,3
Belize,2008.0,29
Belize,2010.0,43
Solomon Islands,2009.0,1
Solomon Islands,2010.0,2
Solomon Islands,2012.0,3
Solomon Islands,2013.0,1
Bulgaria,2005.0,17
Bulgaria,2007.0,4
Bulgaria,2008.0,2
Bulgaria,2010.0,2
Bulgaria,2012.0,5
Bulgaria,2013.0,1
Bulgaria,2014.0,4
Bulgaria,2015.0,9
Bulgaria,2016.0,3
Bulgaria,2017.0,10
Bulgaria,2018.0,7
Myanmar,2019.0,1
Cambodia,2006.0,2
Cambodia,2008.0,1
Cambodia,2009.0,18
Cambodia,2010.0,21
Cambodia,2011.0,40
Cambodia,2012.0,17
Cambodia,2018.0,15
Cameroon,2017.0,2
Cameroon,2019.0,25
Cape Verde,2014.0,1
Chile,2009.0,2
Chile,2013.0,3
Chile,2017.0,978
Colombia,2005.0,51
Colombia,2006.0,57
Colombia,2007.0,35
Colombia,2008.0,63
Colombia,2009.0,44
Colombia,2010.0,172
Colombia,2011.0,142
Colombia,2012.0,227
Colombia,2013.0,117
Colombia,2014.0,98
Colombia,2015.0,128
Colombia,2016.0,108
Colombia,2017.0,112
Colombia,2018.0,102
Cook Islands,2005.0,1
Cook Islands,2010.0,1
Costa Rica,2005.0,3
Costa Rica,2006.0,1
Costa Rica,2007.0,3
Costa Rica,2009.0,1
Costa Rica,2010.0,1
Costa Rica,2012.0,1
Costa Rica,2015.0,1
Costa Rica,2016.0,1
Costa Rica,2017.0,1
Costa Rica,2018.0,1
Benin,2015.0,15
Benin,2016.0,70
Benin,2017.0,105
Benin,2018.0,93
Benin,2019.0,380
Benin,2020.0,115
Ecuador,2005.0,18
Ecuador,2006.0,26
Ecuador,2007.0,32
Ecuador,2008.0,39
Ecuador,2009.0,5
Ecuador,2010.0,6
Ecuador,2013.0,44
Ecuador,2014.0,69
El Salvador,2005.0,3
El Salvador,2006.0,15
El Salvador,2007.0,11
El Salvador,2008.0,11
El Salvador,2009.0,105
El Salvador,2010.0,28
El Salvador,2011.0,44
El Salvador,2012.0,4
El Salvador,2013.0,5
El Salvador,2014.0,6
El Salvador,2015.0,1
Ethiopia,2017.0,146
Ethiopia,2018.0,233
Ethiopia,2019.0,688
Fiji,2010.0,1
Fiji,2011.0,2
Fiji,2012.0,4
Georgia,2017.0,6
Palestine,2008.0,3
Palestine,2015.0,29
Palestine,2016.0,8
Palestine,2017.0,26
Palestine,2018.0,20
Ghana,2012.0,2
Ghana,2017.0,90
Ghana,2018.0,1
Ghana,2020.0,53
Grenada,2010.0,1
Grenada,2011.0,1
Grenada,2014.0,1
Guatemala,2006.0,8
Guatemala,2007.0,7
Guatemala,2014.0,1
Guatemala,2016.0,22
Guatemala,2017.0,6
Guatemala,2018.0,242
Indonesia,2015.0,21005
Iran,2005.0,2
Iran,2006.0,1
Iran,2007.0,1
Iran,2008.0,3
Iran,2009.0,1
Iran,2010.0,1
Iraq,2018.0,21
Ireland,2016.0,1
Ireland,2017.0,1
Jamaica,2005.0,64
Jamaica,2006.0,12
Jamaica,2007.0,13
Jamaica,2008.0,14
Jamaica,2009.0,12
Jamaica,2010.0,33
Jamaica,2011.0,12
Jamaica,2012.0,12
Jamaica,2014.0,1
Japan,2015.0,882
Japan,2016.0,1097
Japan,2017.0,8667
Japan,2018.0,20373
Japan,2019.0,11971
Kazakhstan,2014.0,1
Kazakhstan,2020.0,1
Jordan,2016.0,33
Jordan,2017.0,39
Jordan,2018.0,10
Kenya,2006.0,6
Kenya,2007.0,10
Kenya,2008.0,3
Kenya,2009.0,70
Kenya,2010.0,142
Kenya,2012.0,76
Kenya,2013.0,11
Kenya,2014.0,13
Kenya,2015.0,91
Kenya,2016.0,50
Kenya,2019.0,3
Kosovo,2006.0,1
Kosovo,2007.0,3
Kosovo,2011.0,1
Kosovo,2012.0,5
Kosovo,2013.0,2
Kosovo,2014.0,3
Kosovo,2015.0,1
Kyrgyzstan,2015.0,95
Kyrgyzstan,2017.0,2
Kyrgyzstan,2018.0,24
Kyrgyzstan,2019.0,8
Laos,2005.0,3
Laos,2006.0,4
Laos,2007.0,11
Laos,2008.0,17
Laos,2009.0,13
Laos,2011.0,32
Laos,2012.0,4
Lebanon,2005.0,2
Lebanon,2006.0,1
Lebanon,2007.0,1
Lebanon,2008.0,4
Lebanon,2009.0,2
Lebanon,2011.0,1
Lebanon,2013.0,1
Lebanon,2014.0,1
Madagascar,2005.0,3
Madagascar,2006.0,12
Madagascar,2007.0,39
Madagascar,2008.0,79
Madagascar,2009.0,13
Madagascar,2010.0,35
Madagascar,2011.0,22
Madagascar,2012.0,33
Madagascar,2013.0,9
Madagascar,2014.0,3
Madagascar,2015.0,38
Madagascar,2016.0,1
Madagascar,2017.0,19
Madagascar,2018.0,49
Malawi,2015.0,461
Malawi,2018.0,39
Malawi,2019.0,609
Maldives,2005.0,1
Maldives,2006.0,1
Maldives,2007.0,4
Mali,2009.0,7
Mali,2010.0,7
Mali,2011.0,1
Mali,2012.0,8
Mauritius,2005.0,83
Mauritius,2006.0,2
Mauritius,2007.0,79
Mauritius,2008.0,19
Mauritius,2009.0,3
Mauritius,2011.0,3
Mauritius,2012.0,1
Mauritius,2013.0,25
Mauritius,2014.0,1
Mexico,2016.0,108
Mexico,2018.0,12
Morocco,2005.0,1
Morocco,2007.0,1
Morocco,2008.0,3
Morocco,2009.0,14
Morocco,2010.0,3
Mozambique,2005.0,20
Mozambique,2006.0,35
Mozambique,2007.0,61
Mozambique,2008.0,61
Mozambique,2009.0,21
Mozambique,2010.0,7
Mozambique,2011.0,17
Mozambique,2012.0,27
Mozambique,2017.0,1
Namibia,2017.0,91
Nepal,2005.0,14
Nepal,2006.0,8
Nepal,2007.0,38
Nepal,2008.0,74
Nepal,2009.0,66
Nepal,2010.0,62
Nepal,2015.0,8
Nepal,2017.0,4
Nepal,2018.0,2
Nepal,2019.0,2
Vanuatu,2011.0,1
Vanuatu,2012.0,1
Vanuatu,2015.0,1
New Zealand,2016.0,262
New Zealand,2017.0,187
New Zealand,2018.0,147
New Zealand,2019.0,2
Nicaragua,2007.0,1
Nicaragua,2008.0,1
Nicaragua,2009.0,2
Nicaragua,2011.0,3
Nicaragua,2012.0,1
Nicaragua,2013.0,4
Niger,2017.0,19
Niger,2018.0,27
Micronesia (region),2015.0,1
Marshall Islands,2016.0,15
Palau,2011.0,1
Palau,2012.0,1
Pakistan,2005.0,276
Pakistan,2006.0,297
Pakistan,2007.0,199
Pakistan,2008.0,205
Pakistan,2009.0,138
Pakistan,2010.0,145
Pakistan,2011.0,117
Pakistan,2012.0,149
Pakistan,2013.0,111
Pakistan,2014.0,45
Panama,2006.0,1
Panama,2007.0,2
Panama,2008.0,4
Panama,2009.0,2
Panama,2010.0,5
Panama,2011.0,3
Paraguay,2005.0,5
Paraguay,2006.0,2
Paraguay,2007.0,4
Paraguay,2008.0,10
Paraguay,2009.0,8
Paraguay,2010.0,13
Paraguay,2011.0,2
Paraguay,2012.0,4
Paraguay,2013.0,2
Paraguay,2014.0,13
Paraguay,2015.0,20
Timor-Leste,2008.0,2
Timor-Leste,2012.0,1
Timor-Leste,2013.0,1
Timor-Leste,2014.0,1
Timor-Leste,2015.0,9
Timor-Leste,2016.0,1
Rwanda,2016.0,6
Saint Kitts and Nevis,2005.0,1
Saint Kitts and Nevis,2006.0,1
Saint Kitts and Nevis,2008.0,8
Senegal,2005.0,1
Senegal,2007.0,5
Senegal,2008.0,8
Senegal,2009.0,5
Senegal,2010.0,4
Senegal,2011.0,3
Senegal,2012.0,8
Senegal,2013.0,16
Senegal,2014.0,9
Serbia,2020.0,4
Sierra Leone,2011.0,1
Sierra Leone,2012.0,3
Sierra Leone,2014.0,68
Sierra Leone,2015.0,4
Sudan,2013.0,2
Sudan,2014.0,100
Sudan,2016.0,33
Sudan,2017.0,98
Sweden,2020.0,1
Syria,2005.0,8
Syria,2006.0,8
Syria,2009.0,3
Tajikistan,2015.0,40
Tajikistan,2016.0,27
Tajikistan,2017.0,9
Tajikistan,2018.0,78
Tajikistan,2019.0,1
Togo,2019.0,1
Togo,2020.0,1
Tonga,2010.0,1
Tonga,2012.0,1
Tunisia,2005.0,1
Tunisia,2006.0,1
Tunisia,2007.0,5
Tunisia,2008.0,1
Tunisia,2009.0,6
Tunisia,2010.0,2
Tunisia,2011.0,4
Tunisia,2012.0,10
Tunisia,2013.0,3
Turkey,2016.0,1
Turkey,2017.0,1
Turkey,2018.0,2
Turkey,2019.0,8
Uganda,2005.0,33
Uganda,2006.0,18
Uganda,2007.0,108
Uganda,2008.0,14
Uganda,2009.0,48
Uganda,2010.0,176
Uganda,2011.0,163
Uganda,2012.0,46
Uganda,2013.0,108
Uganda,2014.0,39
Uganda,2015.0,68
Uganda,2016.0,61
Uganda,2017.0,58
Uganda,2020.0,1
Ukraine,2005.0,15
Ukraine,2006.0,10
Ukraine,2007.0,15
Ukraine,2008.0,5
Ukraine,2009.0,3
Ukraine,2010.0,1
Ukraine,2015.0,2
Ukraine,2016.0,7
Ukraine,2017.0,5
Ukraine,2019.0,8
Tanzania,2006.0,2
Tanzania,2009.0,3
Tanzania,2011.0,3
Tanzania,2013.0,2
Tanzania,2015.0,33
Tanzania,2016.0,38
Tanzania,2017.0,25
Tanzania,2018.0,79
Tanzania,2019.0,36
Tanzania,2020.0,22
United States,2015.0,28
United States,2016.0,35
United States,2017.0,40
United States,2018.0,38
United States,2019.0,36
Venezuela,2005.0,23
Venezuela,2006.0,12
Venezuela,2007.0,13
Venezuela,2008.0,3
Venezuela,2009.0,5
Venezuela,2010.0,3
Venezuela,2011.0,5
Venezuela,2012.0,4
Venezuela,2013.0,3
Venezuela,2014.0,5
Venezuela,2015.0,1
Samoa,2009.0,1
Samoa,2012.0,1
Yemen,2005.0,1
Yemen,2006.0,22
Yemen,2007.0,5
Yemen,2008.0,109
Yemen,2010.0,4
Zambia,2005.0,2
Zambia,2006.0,1
Zambia,2008.0,5
Zambia,2009.0,10
Zambia,2010.0,3
Zambia,2011.0,6
Zambia,2012.0,15
Zambia,2013.0,86
Zambia,2014.0,38
Zambia,2015.0,38
Zambia,2016.0,32
Zambia,2017.0,12
