country,year,value
Afghanistan,2011.0,0.51355
Afghanistan,2015.0,0.66157
Algeria,2013.0,1.00695
Bangladesh,2006.0,1.02841
Bangladesh,2011.0,1.04696
Bangladesh,2014.0,1.03991
Bhutan,2010.0,0.92867
Bolivia,2000.0,0.84069
Bolivia,2001.0,0.93835
Bolivia,2002.0,0.93555
Bolivia,2004.0,1.00645
Bolivia,2005.0,0.96959
Bolivia,2006.0,0.89201
Bolivia,2007.0,1.00845
Bolivia,2009.0,0.88755
Bolivia,2011.0,0.97916
Bolivia,2012.0,1.08204
Bolivia,2013.0,0.99842
Bolivia,2014.0,1.06051
Bolivia,2015.0,1.0291
Bolivia,2016.0,0.98442
Bolivia,2017.0,1.0681
Bolivia,2018.0,1.0108
Bosnia and Herzegovina,2012.0,1.0
Brazil,2001.0,1.05232
Brazil,2002.0,1.01076
Brazil,2003.0,1.03644
Brazil,2004.0,1.00354
Brazil,2005.0,1.03173
Brazil,2006.0,1.0066
Brazil,2007.0,1.0071
Brazil,2008.0,1.04162
Brazil,2009.0,1.02379
Brazil,2011.0,1.0381
Brazil,2012.0,1.01841
Brazil,2013.0,0.99687
Brazil,2014.0,0.99838
Brazil,2015.0,0.98175
Brazil,2016.0,1.02008
Brazil,2017.0,1.02004
Brazil,2018.0,0.98887
Belize,2016.0,1.01537
Myanmar,2016.0,0.90145
Burundi,2000.0,0.99834
Burundi,2010.0,1.14778
Burundi,2017.0,1.17035
Cambodia,2005.0,1.00652
Cambodia,2010.0,1.08076
Cambodia,2014.0,1.05242
Cameroon,2011.0,0.98061
Central African Republic,2006.0,0.42718
Central African Republic,2010.0,1.15028
Sri Lanka,2006.0,1.00042
Chad,2014.0,0.60864
Chile,2000.0,1.12078
Chile,2003.0,0.98483
Chile,2006.0,1.01715
Chile,2009.0,1.03942
Chile,2011.0,1.0271
Chile,2013.0,1.00322
Chile,2015.0,1.0417
Chile,2017.0,1.016
Colombia,2002.0,1.15956
Colombia,2003.0,1.1036
Colombia,2004.0,1.11219
Colombia,2008.0,1.04756
Colombia,2009.0,1.08621
Colombia,2011.0,1.08802
Colombia,2012.0,1.07755
Colombia,2013.0,1.07167
Colombia,2014.0,1.05883
Colombia,2016.0,1.02688
Colombia,2017.0,1.03078
Colombia,2018.0,1.01008
Comoros,2012.0,1.12428
Congo,2012.0,0.92582
Costa Rica,2000.0,1.14681
Costa Rica,2001.0,1.12793
Costa Rica,2002.0,1.11162
Costa Rica,2003.0,1.03161
Costa Rica,2004.0,1.01082
Costa Rica,2005.0,1.01982
Costa Rica,2006.0,1.07699
Costa Rica,2007.0,1.00543
Costa Rica,2008.0,0.98887
Costa Rica,2009.0,0.97547
Costa Rica,2010.0,1.01949
Costa Rica,2012.0,0.9968
Costa Rica,2013.0,1.0144
Costa Rica,2014.0,1.0114
Costa Rica,2015.0,1.0
Costa Rica,2016.0,0.9785
Costa Rica,2017.0,1.0653
Costa Rica,2018.0,1.0253
Benin,2006.0,0.81511
Benin,2011.0,0.8264
Benin,2014.0,0.77879
Benin,2018.0,0.92815
Dominican Republic,2000.0,1.06862
Dominican Republic,2002.0,1.05667
Dominican Republic,2003.0,1.12707
Dominican Republic,2004.0,1.15444
Dominican Republic,2005.0,1.1212
Dominican Republic,2006.0,1.07295
Dominican Republic,2007.0,1.05161
Dominican Republic,2008.0,1.1799
Dominican Republic,2009.0,1.03481
Dominican Republic,2010.0,1.0889
Dominican Republic,2011.0,1.00454
Dominican Republic,2012.0,1.06356
Dominican Republic,2014.0,1.00281
Dominican Republic,2015.0,1.04404
Ecuador,2001.0,1.02575
Ecuador,2003.0,1.01199
Ecuador,2005.0,0.99946
Ecuador,2006.0,1.0154
Ecuador,2007.0,0.98153
Ecuador,2008.0,1.0351
Ecuador,2009.0,1.03294
Ecuador,2010.0,1.04944
Ecuador,2011.0,1.02653
Ecuador,2012.0,1.01171
Ecuador,2013.0,0.99784
Ecuador,2014.0,0.99539
Ecuador,2015.0,1.02908
Ecuador,2016.0,1.00211
Ecuador,2017.0,0.9998
Ecuador,2018.0,1.01197
El Salvador,2000.0,1.08255
El Salvador,2001.0,1.04999
El Salvador,2002.0,0.97348
El Salvador,2003.0,0.98331
El Salvador,2004.0,1.07386
El Salvador,2005.0,0.99435
El Salvador,2006.0,1.02
El Salvador,2009.0,1.04316
El Salvador,2010.0,1.08489
El Salvador,2012.0,1.08187
El Salvador,2013.0,1.07018
El Salvador,2014.0,1.01479
El Salvador,2015.0,1.05278
El Salvador,2016.0,1.08847
El Salvador,2017.0,1.04056
El Salvador,2018.0,1.09492
Ethiopia,2005.0,0.6985
Ethiopia,2011.0,0.97282
Ethiopia,2016.0,0.97535
Gambia,2006.0,1.09316
Gambia,2010.0,1.27098
Palestine,2014.0,1.00797
Ghana,2009.0,0.94743
Guatemala,2000.0,0.92415
Guatemala,2006.0,1.01594
Guatemala,2014.0,0.90692
Guatemala,2015.0,1.02935
Guinea,2016.0,0.88182
Guyana,2006.0,1.02611
Guyana,2009.0,1.04643
Guyana,2014.0,1.02767
Haiti,2005.0,1.28779
Haiti,2012.0,1.00403
Haiti,2017.0,1.28113
Honduras,2001.0,0.99738
Honduras,2004.0,1.11865
Honduras,2005.0,0.98921
Honduras,2009.0,1.04394
Honduras,2010.0,1.11175
Honduras,2011.0,0.9794
Honduras,2012.0,0.98587
Honduras,2013.0,1.03355
Honduras,2014.0,1.04396
Honduras,2015.0,0.91165
Honduras,2016.0,0.96159
Honduras,2018.0,1.04991
India,2006.0,0.98718
India,2016.0,1.0021
Indonesia,2003.0,0.9249
Indonesia,2008.0,0.99423
Indonesia,2017.0,0.98756
Iraq,2011.0,0.96508
Jordan,2007.0,1.01791
Kenya,2003.0,0.84857
Kenya,2008.0,1.15269
Kenya,2014.0,1.01942
Laos,2006.0,1.09548
Laos,2012.0,1.03342
Laos,2017.0,1.00331
Lesotho,2005.0,1.36196
Lesotho,2009.0,1.2097
Lesotho,2014.0,1.16491
Liberia,2007.0,0.75464
Madagascar,2009.0,0.98052
Malawi,2004.0,1.14118
Malawi,2010.0,1.06481
Malawi,2016.0,1.08436
Mali,2006.0,0.48117
Mali,2013.0,0.89844
Mali,2015.0,0.74649
Mauritania,2011.0,0.79182
Mexico,2000.0,1.00149
Mexico,2002.0,1.00495
Mexico,2004.0,0.96167
Mexico,2006.0,0.99695
Mexico,2008.0,1.02407
Mexico,2010.0,1.03945
Mexico,2012.0,1.03153
Mexico,2014.0,1.03471
Mexico,2018.0,1.00222
Mozambique,2003.0,1.52836
Mozambique,2008.0,1.02466
Mozambique,2011.0,1.12006
Nepal,2007.0,1.01523
Nepal,2011.0,0.99107
Nepal,2014.0,1.03932
Nicaragua,2001.0,1.08927
Nicaragua,2005.0,1.1569
Nicaragua,2009.0,1.03502
Nicaragua,2014.0,1.38146
Niger,2006.0,0.4213
Niger,2012.0,0.54655
Nigeria,2003.0,1.00392
Nigeria,2007.0,1.02123
Nigeria,2008.0,1.03991
Nigeria,2011.0,1.02519
Nigeria,2013.0,0.99782
Nigeria,2016.0,0.99856
Pakistan,2007.0,1.01768
Pakistan,2012.0,1.08792
Pakistan,2018.0,0.84758
Panama,2000.0,1.04271
Panama,2001.0,1.03499
Panama,2002.0,1.03494
Panama,2003.0,1.00497
Panama,2004.0,1.03095
Panama,2005.0,1.0566
Panama,2006.0,1.02674
Panama,2007.0,1.03887
Panama,2008.0,1.08546
Panama,2009.0,1.02017
Panama,2011.0,1.0061
Panama,2013.0,1.018
Panama,2014.0,0.97137
Panama,2015.0,1.0373
Panama,2016.0,0.9845
Panama,2017.0,1.0044
Panama,2018.0,0.97857
Paraguay,2001.0,0.89043
Paraguay,2003.0,0.99372
Paraguay,2004.0,0.95476
Paraguay,2005.0,1.13707
Paraguay,2006.0,1.04944
Paraguay,2007.0,1.00244
Paraguay,2008.0,0.99287
Paraguay,2009.0,1.04076
Paraguay,2010.0,1.07797
Paraguay,2011.0,0.9574
Paraguay,2012.0,1.0344
Paraguay,2013.0,1.00322
Paraguay,2014.0,0.91732
Paraguay,2015.0,1.01713
Paraguay,2017.0,1.0047
Paraguay,2018.0,1.09347
Peru,2000.0,0.97652
Peru,2001.0,1.07722
Peru,2002.0,0.97849
Peru,2003.0,0.96817
Peru,2004.0,1.00154
Peru,2005.0,0.96241
Peru,2006.0,1.02811
Peru,2007.0,0.99762
Peru,2008.0,0.98631
Peru,2009.0,1.03463
Peru,2010.0,1.03431
Peru,2011.0,1.03856
Peru,2012.0,1.02692
Peru,2013.0,1.01095
Peru,2014.0,1.02178
Peru,2015.0,0.99337
Peru,2016.0,1.00972
Peru,2017.0,1.00804
Peru,2018.0,1.01488
Philippines,2004.0,1.00467
Philippines,2018.0,1.00844
Timor-Leste,2009.0,1.08633
Timor-Leste,2016.0,1.0526
Rwanda,2005.0,1.05677
Rwanda,2010.0,1.09342
Rwanda,2015.0,1.17907
Senegal,2005.0,0.52155
Senegal,2011.0,0.76803
Senegal,2017.0,1.002
Vietnam,2011.0,1.0
Vietnam,2014.0,1.0
Zimbabwe,2010.0,1.12376
South Sudan,2010.0,0.42357
Sudan,2014.0,1.08571
Eswatini,2006.0,1.09101
Eswatini,2010.0,1.03884
Eswatini,2014.0,0.97438
Syria,2006.0,1.0146
Tajikistan,2006.0,0.99595
Tajikistan,2012.0,1.01915
Thailand,2013.0,1.01045
Thailand,2016.0,0.93534
Uganda,2006.0,1.08991
Uganda,2011.0,0.95253
Uganda,2016.0,1.02004
Egypt,2005.0,0.99432
Egypt,2009.0,0.99102
Tanzania,2004.0,1.08513
Tanzania,2010.0,0.99331
Tanzania,2015.0,1.08513
Burkina Faso,2003.0,0.80542
Burkina Faso,2006.0,0.73044
Burkina Faso,2010.0,0.95871
Uruguay,2008.0,1.0245
Uzbekistan,2006.0,1.0
Yemen,2006.0,0.61897
Yemen,2013.0,0.99024
Zambia,2001.0,1.00011
Zambia,2013.0,1.04093
