country,year,value
Afghanistan,2011.0,0
Afghanistan,2015.0,41.74316
Albania,2009.0,0
Albania,2017.0,87.63741
Algeria,2013.0,49.17754
Angola,2015.0,7.61506
Azerbaijan,2006.0,85.31016
Argentina,2000.0,61.62
Argentina,2001.0,65.98
Argentina,2002.0,71.57
Argentina,2003.0,66.61
Argentina,2004.0,71.17
Argentina,2005.0,74.5
Argentina,2006.0,78.31
Argentina,2007.0,74.54
Argentina,2008.0,71.2
Argentina,2009.0,67.54
Argentina,2011.0,74.18
Argentina,2012.0,70.21
Argentina,2013.0,73.03
Argentina,2014.0,73.91
Argentina,2016.0,75.58
Argentina,2017.0,75.05
Argentina,2018.0,74.22
Bangladesh,2006.0,26.93106
Bangladesh,2011.0,31.03198
Bangladesh,2014.0,47.32212
Bangladesh,2019.0,50.78583
Armenia,2006.0,64.21709
Armenia,2011.0,100
Armenia,2016.0,95.76102
Barbados,2012.0,97.94695
Bhutan,2010.0,0
Bolivia,2000.0,77.88
Bolivia,2001.0,76.52
Bolivia,2002.0,79.08
Bolivia,2003.0,73.07008
Bolivia,2004.0,84.62
Bolivia,2005.0,87.59
Bolivia,2006.0,85.88
Bolivia,2007.0,86.06
Bolivia,2008.0,78.92723
Bolivia,2009.0,88.25
Bolivia,2011.0,88.12
Bolivia,2012.0,91.41
Bolivia,2013.0,91.62
Bolivia,2014.0,93.03
Bolivia,2015.0,91.68
Bolivia,2016.0,90.98
Bolivia,2017.0,89.19
Bolivia,2018.0,95.6
Bosnia and Herzegovina,2012.0,0
Brazil,2001.0,61.12
Brazil,2002.0,65.73
Brazil,2003.0,70.38
Brazil,2004.0,73.9
Brazil,2005.0,76.4
Brazil,2006.0,77.37
Brazil,2007.0,77.49
Brazil,2008.0,79.55
Brazil,2009.0,79.62
Brazil,2011.0,81.61
Brazil,2012.0,83.78
Brazil,2013.0,85.44
Brazil,2014.0,86.41
Brazil,2015.0,87.53
Brazil,2016.0,84.44
Brazil,2017.0,84.9
Brazil,2018.0,87.05
Belize,2016.0,59.57047
Myanmar,2016.0,36.84255
Burundi,2000.0,0
Burundi,2010.0,0
Burundi,2017.0,0
Belarus,2012.0,100
Cambodia,2005.0,6.67496
Cambodia,2010.0,8.33178
Cambodia,2014.0,20.07054
Cameroon,2004.0,4.70499
Cameroon,2006.0,17.23534
Cameroon,2011.0,15.76053
Cameroon,2014.0,25.27861
Cameroon,2018.0,23.02137
Central African Republic,2006.0,7.54551
Central African Republic,2010.0,4.93029
Sri Lanka,2006.0,59.36769
Chad,2004.0,0
Chad,2014.0,11.22988
Chile,2000.0,90.82
Chile,2003.0,94.23
Chile,2006.0,93.49
Chile,2009.0,95.78
Chile,2011.0,93.41
Chile,2013.0,93.89
Chile,2015.0,94.16
Chile,2017.0,96.73
Colombia,2002.0,59.29
Colombia,2003.0,61.91
Colombia,2004.0,64.31
Colombia,2005.0,54.18623
Colombia,2008.0,72.35
Colombia,2009.0,71.93
Colombia,2010.0,61.43629
Colombia,2011.0,75.77
Colombia,2012.0,73.62
Colombia,2013.0,75.59
Colombia,2014.0,74.35
Colombia,2015.0,67.41154
Colombia,2016.0,78.03
Colombia,2017.0,77.59
Colombia,2018.0,77.67
Comoros,2012.0,43.62465
Congo,2005.0,21.35769
Congo,2012.0,21.16114
Congo,2015.0,29.43145
Democratic Republic of Congo,2007.0,27.29991
Democratic Republic of Congo,2010.0,24.94072
Democratic Republic of Congo,2013.0,57.55485
Democratic Republic of Congo,2018.0,41.32747
Costa Rica,2000.0,48.42
Costa Rica,2001.0,42.82
Costa Rica,2002.0,50.75
Costa Rica,2003.0,44.5
Costa Rica,2004.0,54.37
Costa Rica,2005.0,50.58
Costa Rica,2006.0,51.36
Costa Rica,2007.0,51.92
Costa Rica,2008.0,56.84
Costa Rica,2009.0,57.76
Costa Rica,2010.0,53.68
Costa Rica,2011.0,58.75834
Costa Rica,2012.0,63.64
Costa Rica,2013.0,66.33
Costa Rica,2014.0,62.55
Costa Rica,2015.0,64.86
Costa Rica,2016.0,67.22
Costa Rica,2017.0,63.75
Costa Rica,2018.0,59.8472
Cuba,2014.0,0
Benin,2006.0,9.90022
Benin,2011.0,14.5654
Benin,2014.0,18.18576
Benin,2018.0,12.78207
Dominican Republic,2000.0,69.12
Dominican Republic,2001.0,70.69
Dominican Republic,2002.0,71.15
Dominican Republic,2003.0,73.65
Dominican Republic,2004.0,73.22
Dominican Republic,2005.0,69.99
Dominican Republic,2006.0,75.73
Dominican Republic,2007.0,59.20364
Dominican Republic,2008.0,81.43
Dominican Republic,2009.0,77.83
Dominican Republic,2010.0,74.11
Dominican Republic,2011.0,80.66
Dominican Republic,2012.0,85.82
Dominican Republic,2013.0,77.44702
Dominican Republic,2014.0,76.77361
Dominican Republic,2015.0,81.46
Dominican Republic,2016.0,87.31
Dominican Republic,2017.0,85.78
Dominican Republic,2018.0,84.07
Ecuador,2001.0,62.87
Ecuador,2003.0,61.68
Ecuador,2005.0,77.19
Ecuador,2006.0,70.73
Ecuador,2007.0,81.66
Ecuador,2008.0,77.3
Ecuador,2009.0,80.65
Ecuador,2010.0,82.35
Ecuador,2011.0,80.78
Ecuador,2012.0,86.57
Ecuador,2013.0,86.85
Ecuador,2014.0,89.94
Ecuador,2015.0,91.21
Ecuador,2016.0,92.65
Ecuador,2017.0,91.35
Ecuador,2018.0,92.67
El Salvador,2000.0,58.44
El Salvador,2001.0,60.89
El Salvador,2002.0,66.04
El Salvador,2003.0,62.57
El Salvador,2004.0,61.42
El Salvador,2005.0,65.26
El Salvador,2006.0,71.1
El Salvador,2009.0,62.79
El Salvador,2010.0,65.46
El Salvador,2012.0,70.11
El Salvador,2013.0,73.8
El Salvador,2014.0,76.07
El Salvador,2015.0,78.22
El Salvador,2016.0,80.69
El Salvador,2017.0,74.66
El Salvador,2018.0,77.08
Ethiopia,2000.0,0
Ethiopia,2005.0,0
Ethiopia,2011.0,0
Ethiopia,2016.0,0
Djibouti,2006.0,0
Gabon,2012.0,22.82037
Georgia,2018.0,97.8554
Gambia,2006.0,34.80545
Gambia,2010.0,39.65524
Gambia,2013.0,56.64006
Gambia,2018.0,39.95234
Palestine,2014.0,86.63596
Ghana,2009.0,25.54353
Ghana,2014.0,37.8917
Ghana,2018.0,29.78113
Kiribati,2019.0,0
Guatemala,2000.0,28.55
Guatemala,2006.0,33.02
Guatemala,2014.0,48.27
Guatemala,2015.0,34.43395
Guinea,2005.0,0
Guinea,2012.0,0
Guinea,2016.0,0
Guinea,2018.0,0
Guyana,2006.0,0
Guyana,2009.0,70.50465
Guyana,2014.0,93.70811
Haiti,2005.0,18.43349
Haiti,2012.0,37.10299
Haiti,2017.0,16.73456
Honduras,2001.0,31.06
Honduras,2004.0,37.22
Honduras,2005.0,40.87
Honduras,2009.0,51.66
Honduras,2010.0,53.37
Honduras,2011.0,32.18289
Honduras,2012.0,58.16
Honduras,2013.0,59.59
Honduras,2014.0,56.52
Honduras,2015.0,52.16
Honduras,2016.0,54.42
Honduras,2018.0,68.56
India,2006.0,36.54756
India,2016.0,61.58216
Indonesia,2003.0,58.52204
Indonesia,2008.0,53.13373
Indonesia,2017.0,83.93983
Iraq,2011.0,30.45691
Iraq,2018.0,37.24782
Cote d'Ivoire,2006.0,6.13991
Cote d'Ivoire,2012.0,0
Cote d'Ivoire,2016.0,27.07165
Jamaica,2011.0,98.86257
Kazakhstan,2006.0,99.07662
Kazakhstan,2011.0,96.38747
Kazakhstan,2015.0,100
Jordan,2007.0,84.05746
Jordan,2018.0,77.80358
Kenya,2003.0,56.6192
Kenya,2008.0,0
Kenya,2014.0,66.24203
Kyrgyzstan,2006.0,98.8001
Kyrgyzstan,2012.0,0
Kyrgyzstan,2014.0,0
Kyrgyzstan,2018.0,0
Laos,2006.0,0
Laos,2012.0,30.41527
Laos,2017.0,52.76506
Lesotho,2005.0,0
Lesotho,2009.0,0
Lesotho,2014.0,13.37721
Lesotho,2018.0,48.64726
Liberia,2007.0,4.81319
Liberia,2013.0,10.83229
Madagascar,2009.0,3.38501
Madagascar,2018.0,0
Malawi,2004.0,0
Malawi,2010.0,5.24827
Malawi,2016.0,21.53801
Maldives,2008.0,0
Maldives,2017.0,0
Mali,2006.0,0.23518
Mali,2013.0,0
Mali,2015.0,14.69736
Mauritania,2007.0,10.26954
Mauritania,2011.0,0
Mauritania,2015.0,34.83154
Mexico,2000.0,74.19
Mexico,2002.0,74.41
Mexico,2004.0,71.85
Mexico,2006.0,74.88
Mexico,2008.0,79.79
Mexico,2010.0,80.98
Mexico,2012.0,84.36
Mexico,2014.0,86.94
Mexico,2016.0,84.86401
Mexico,2018.0,89.93
Mongolia,2006.0,73.27721
Mongolia,2014.0,86.13176
Mongolia,2018.0,93.42561
Moldova,2005.0,83.01212
Moldova,2012.0,0
Montenegro,2013.0,100
Montenegro,2018.0,98.67992
Morocco,2004.0,18.2139
Mozambique,2003.0,0
Mozambique,2008.0,6.76017
Mozambique,2011.0,8.04568
Namibia,2007.0,20.03879
Namibia,2013.0,46.99767
Nepal,2007.0,20.47132
Nepal,2011.0,36.00732
Nepal,2014.0,67.8237
Nepal,2016.0,63.33834
Vanuatu,2007.0,0
Nicaragua,2001.0,33.84
Nicaragua,2005.0,45.82
Nicaragua,2009.0,47.61
Nicaragua,2014.0,59.43
Niger,2006.0,0
Niger,2012.0,0
Nigeria,2003.0,13.31522
Nigeria,2007.0,20.30005
Nigeria,2008.0,34.06608
Nigeria,2011.0,51.56481
Nigeria,2013.0,52.17459
Nigeria,2016.0,74.90149
Nigeria,2018.0,57.15851
Pakistan,2007.0,26.09703
Pakistan,2012.0,31.02666
Pakistan,2018.0,33.20245
Panama,2000.0,73.54
Panama,2001.0,72.28
Panama,2002.0,70.78
Panama,2003.0,77.1
Panama,2004.0,78.07
Panama,2005.0,80.31
Panama,2006.0,79.63
Panama,2007.0,80.33
Panama,2008.0,75.24
Panama,2009.0,76.43
Panama,2011.0,80.75
Panama,2013.0,81.23
Panama,2014.0,81.66
Panama,2015.0,84.72
Panama,2016.0,85.37
Panama,2017.0,84.34
Panama,2018.0,87.87
Papua New Guinea,2018.0,0
Paraguay,2001.0,64.44
Paraguay,2003.0,65.4
Paraguay,2004.0,76.88
Paraguay,2005.0,73.24
Paraguay,2006.0,61.47
Paraguay,2007.0,77.04
Paraguay,2008.0,69.97
Paraguay,2009.0,77.33
Paraguay,2010.0,74.71
Paraguay,2011.0,73.35
Paraguay,2012.0,81.02
Paraguay,2013.0,86.26
Paraguay,2014.0,78.54
Paraguay,2015.0,79.58
Paraguay,2016.0,74.13439
Paraguay,2017.0,82.93
Paraguay,2018.0,77.44
Peru,2000.0,76.26
Peru,2001.0,76.82
Peru,2002.0,79.39
Peru,2003.0,79.07
Peru,2004.0,84.5
Peru,2005.0,84.09
Peru,2006.0,84.97
Peru,2007.0,85.82
Peru,2008.0,83.69
Peru,2009.0,85.81
Peru,2010.0,83.87
Peru,2011.0,87.63
Peru,2012.0,87.39
Peru,2013.0,90.76
Peru,2014.0,89
Peru,2015.0,90.76
Peru,2016.0,92.86
Peru,2017.0,89.98
Peru,2018.0,91.8
Philippines,2004.0,51.01758
Philippines,2018.0,74.29713
Guinea-Bissau,2014.0,16.81893
Timor-Leste,2009.0,32.20694
Timor-Leste,2016.0,83.44627
Qatar,2012.0,0
Rwanda,2005.0,2.24736
Rwanda,2010.0,0
Rwanda,2015.0,15.0752
Saint Lucia,2012.0,0
Sao Tome and Principe,2009.0,14.21315
Sao Tome and Principe,2014.0,19.95733
Senegal,2005.0,7.18589
Senegal,2011.0,22.3809
Senegal,2016.0,28.37044
Senegal,2017.0,20.93851
Senegal,2018.0,34.36516
Senegal,2019.0,17.26709
Serbia,2011.0,100
Serbia,2014.0,98.97473
Serbia,2019.0,95.81021
Sierra Leone,2008.0,17.31929
Sierra Leone,2013.0,21.35928
Sierra Leone,2017.0,34.12948
Vietnam,2011.0,75.62039
Vietnam,2014.0,83.15023
South Africa,2016.0,83.92473
Zimbabwe,2005.0,0
Zimbabwe,2010.0,0
Zimbabwe,2015.0,0
South Sudan,2010.0,7.95107
Sudan,2014.0,42.76003
Suriname,2010.0,37.20313
Suriname,2018.0,37.07509
Eswatini,2006.0,0
Eswatini,2010.0,0
Eswatini,2014.0,0
Syria,2006.0,32.84823
Tajikistan,2006.0,66.43595
Tajikistan,2012.0,84.44237
Tajikistan,2017.0,0
Thailand,2013.0,77.48744
Thailand,2016.0,78.10012
Thailand,2019.0,89.83529
Togo,2006.0,0
Togo,2010.0,0
Togo,2014.0,0
Togo,2017.0,0
Tonga,2019.0,0
Tunisia,2012.0,58.8577
Tunisia,2018.0,66.21443
Turkey,2004.0,59.16906
Turkey,2014.0,90.08241
Turkmenistan,2016.0,0
Turkmenistan,2019.0,0
Uganda,2006.0,0
Uganda,2011.0,11.1557
Uganda,2016.0,20.74195
Ukraine,2007.0,98.58861
Ukraine,2013.0,95.47916
North Macedonia,2011.0,90.70904
North Macedonia,2019.0,0
Egypt,2005.0,52.26316
Egypt,2009.0,59.32863
Egypt,2014.0,53.70374
Tanzania,2004.0,0
Tanzania,2010.0,0
Tanzania,2015.0,0
Burkina Faso,2003.0,0
Burkina Faso,2006.0,0
Burkina Faso,2010.0,8.0887
Uruguay,2000.0,53.45
Uruguay,2001.0,50.02
Uruguay,2002.0,56.76
Uruguay,2003.0,57.9
Uruguay,2004.0,54.18
Uruguay,2005.0,60.97
Uruguay,2008.0,57.39
Uruguay,2009.0,57.15
Uruguay,2010.0,57.52
Uruguay,2011.0,60.12
Uruguay,2012.0,61.35
Uruguay,2013.0,58.22088
Uruguay,2014.0,62.25
Uruguay,2015.0,65.25
Uruguay,2016.0,65.94
Uruguay,2017.0,71.23
Uruguay,2018.0,69.96
Uzbekistan,2006.0,93.88536
Yemen,2006.0,0
Yemen,2013.0,40.33649
Zambia,2001.0,0
Zambia,2007.0,0
Zambia,2013.0,29.54901
Zambia,2018.0,0
