country,year,value
Afghanistan,2017.0,1
Albania,2011.0,8
Albania,2012.0,1
Albania,2015.0,2
Albania,2020.0,3
Algeria,2005.0,1
Algeria,2008.0,1
Algeria,2017.0,1
Algeria,2018.0,27
Algeria,2019.0,1
Angola,2006.0,1
Angola,2007.0,13
Angola,2008.0,10
Angola,2013.0,3
Angola,2014.0,3
Angola,2015.0,13
Angola,2019.0,3
Angola,2020.0,1
Argentina,2005.0,3
Argentina,2006.0,4
Argentina,2007.0,7
Argentina,2008.0,12
Argentina,2009.0,6
Argentina,2010.0,10
Argentina,2011.0,2
Argentina,2014.0,18
Argentina,2015.0,10
Bhutan,2005.0,3
Bhutan,2017.0,8
Bhutan,2018.0,5
Bhutan,2019.0,7
Bolivia,2005.0,19
Bolivia,2006.0,4
Bolivia,2007.0,3
Bolivia,2008.0,18
Bolivia,2009.0,2
Bolivia,2010.0,1
Bolivia,2017.0,2
Brazil,2005.0,15
Brazil,2006.0,3
Brazil,2007.0,48
Brazil,2008.0,48
Brazil,2009.0,29
Brazil,2010.0,173
Brazil,2011.0,52
Brazil,2012.0,4
Brazil,2013.0,35
Brazil,2014.0,27
Brazil,2015.0,69
Brazil,2016.0,4
Brazil,2017.0,12
Solomon Islands,2007.0,6
Solomon Islands,2009.0,11
Solomon Islands,2010.0,2
Solomon Islands,2013.0,4
Myanmar,2017.0,201
Myanmar,2018.0,13
Burundi,2015.0,17
Burundi,2016.0,16
Burundi,2017.0,18
Cambodia,2016.0,1
Cameroon,2005.0,2
Cameroon,2007.0,6
Cameroon,2009.0,1
Cameroon,2011.0,4
Cameroon,2017.0,34
Cameroon,2018.0,3
Cape Verde,2015.0,12
Sri Lanka,2006.0,1
Sri Lanka,2007.0,5
Sri Lanka,2008.0,3
Sri Lanka,2009.0,2
Sri Lanka,2010.0,1
Sri Lanka,2011.0,20
Sri Lanka,2012.0,8
Sri Lanka,2013.0,29
Sri Lanka,2014.0,34
Sri Lanka,2015.0,1
Sri Lanka,2016.0,117
Sri Lanka,2017.0,152
Sri Lanka,2018.0,16
Sri Lanka,2019.0,3
Chile,2009.0,7
Chile,2010.0,56
Chile,2012.0,7
Chile,2013.0,2
Chile,2014.0,1
Chile,2015.0,7
Chile,2016.0,1
Chile,2017.0,2
China,2015.0,148
China,2016.0,274
China,2017.0,98
China,2018.0,46
China,2019.0,93
Colombia,2005.0,35
Colombia,2006.0,27
Colombia,2007.0,35
Colombia,2008.0,46
Colombia,2009.0,47
Colombia,2010.0,25
Colombia,2011.0,44
Colombia,2012.0,26
Colombia,2013.0,78
Colombia,2014.0,80
Colombia,2015.0,49
Colombia,2016.0,40
Colombia,2017.0,146
Colombia,2018.0,44
Colombia,2019.0,28
Colombia,2020.0,31
Comoros,2011.0,66
Comoros,2015.0,3
Comoros,2017.0,14
Costa Rica,2005.0,1
Costa Rica,2007.0,2
Costa Rica,2008.0,3
Costa Rica,2009.0,7
Costa Rica,2010.0,2
Costa Rica,2012.0,3
Costa Rica,2014.0,2
Costa Rica,2019.0,3
Benin,2020.0,1
Dominica,2010.0,1
Ecuador,2005.0,4
Ecuador,2006.0,31
Ecuador,2007.0,6
Ecuador,2008.0,21
Ecuador,2009.0,11
Ecuador,2010.0,11
Ecuador,2013.0,58
Ecuador,2014.0,58
Ecuador,2016.0,1
El Salvador,2005.0,81
El Salvador,2007.0,1
El Salvador,2008.0,7
El Salvador,2010.0,8
El Salvador,2011.0,4
El Salvador,2012.0,8
El Salvador,2013.0,4
El Salvador,2015.0,1
Ethiopia,2016.0,15
Fiji,2010.0,1
Fiji,2012.0,3
Fiji,2016.0,1
Fiji,2018.0,1
Fiji,2020.0,2
Djibouti,2006.0,7
Djibouti,2007.0,7
Djibouti,2011.0,20
Gambia,2007.0,315
Ghana,2017.0,14
Ghana,2018.0,150
Guatemala,2007.0,9
Guatemala,2008.0,53
Guatemala,2009.0,21
Guatemala,2010.0,133
Guatemala,2011.0,7
Guatemala,2012.0,1
Guatemala,2013.0,3
Guatemala,2014.0,2
Guatemala,2015.0,220
Guatemala,2016.0,6
Guatemala,2017.0,300
Guatemala,2018.0,316
Guatemala,2019.0,81
Guatemala,2020.0,62
Honduras,2005.0,15
Honduras,2008.0,18
Honduras,2010.0,11
Honduras,2011.0,1
Honduras,2013.0,1
Honduras,2015.0,2
Honduras,2017.0,53
Honduras,2018.0,6
Honduras,2020.0,55
India,2015.0,4
India,2016.0,3
India,2017.0,148
India,2018.0,19
India,2019.0,2
India,2020.0,52
Indonesia,2005.0,35
Indonesia,2006.0,115
Indonesia,2007.0,59
Indonesia,2008.0,40
Indonesia,2009.0,153
Indonesia,2010.0,277
Indonesia,2011.0,69
Indonesia,2012.0,38
Indonesia,2013.0,44
Indonesia,2014.0,72
Indonesia,2015.0,57
Indonesia,2016.0,96
Indonesia,2017.0,69
Indonesia,2018.0,1445
Indonesia,2019.0,111
Iran,2005.0,12
Iran,2006.0,7
Iran,2008.0,11
Iran,2009.0,1
Iran,2010.0,3
Italy,2018.0,1
Cote d'Ivoire,2009.0,6
Cote d'Ivoire,2013.0,17
Cote d'Ivoire,2014.0,20
Japan,2015.0,1
Japan,2016.0,4
Japan,2017.0,2
Japan,2018.0,8
Jordan,2007.0,1
Jordan,2010.0,34
Kenya,2010.0,6
Kenya,2011.0,3
Kenya,2012.0,1
Kenya,2013.0,9
Kenya,2016.0,1
Kenya,2019.0,12
Kenya,2020.0,23
Korea,2005.0,26
Korea,2006.0,15
Korea,2009.0,1
Korea,2010.0,8
Korea,2011.0,7
Korea,2013.0,2
Korea,2014.0,35
Korea,2015.0,3
Korea,2016.0,5
Korea,2017.0,4
Korea,2018.0,13
Korea,2019.0,11
Kyrgyzstan,2005.0,2
Kyrgyzstan,2008.0,1
Kyrgyzstan,2011.0,2
Laos,2007.0,3
Laos,2010.0,2
Laos,2011.0,2
Laos,2012.0,31
Madagascar,2005.0,260
Madagascar,2006.0,6
Madagascar,2007.0,30
Madagascar,2008.0,176
Madagascar,2010.0,34
Madagascar,2011.0,7
Madagascar,2012.0,3
Madagascar,2013.0,18
Madagascar,2014.0,10
Madagascar,2015.0,9
Madagascar,2017.0,18
Madagascar,2018.0,29
Malawi,2007.0,11
Malawi,2009.0,6
Malawi,2010.0,23
Malawi,2012.0,19
Malawi,2015.0,172
Malawi,2017.0,20
Malawi,2018.0,20
Malawi,2019.0,12
Malaysia,2014.0,5
Malaysia,2017.0,4
Malaysia,2020.0,1
Mali,2005.0,3
Mali,2009.0,2
Mali,2013.0,18
Mali,2014.0,10
Mauritius,2005.0,2
Mauritius,2006.0,1
Mauritius,2008.0,2
Mauritius,2009.0,12
Mauritius,2010.0,2
Morocco,2008.0,1
Morocco,2010.0,6
Morocco,2011.0,1
Morocco,2014.0,1
Morocco,2015.0,2
Morocco,2019.0,1
Mozambique,2005.0,26
Mozambique,2007.0,11
Mozambique,2008.0,15
Mozambique,2009.0,4
Nepal,2005.0,100
Nepal,2006.0,101
Nepal,2007.0,92
Nepal,2008.0,125
Nepal,2009.0,140
Nepal,2010.0,142
Nepal,2011.0,135
Nepal,2012.0,50
Nepal,2013.0,184
Nepal,2014.0,281
Nepal,2015.0,212
Nepal,2016.0,47
Nepal,2017.0,67
Nepal,2018.0,9
Nepal,2019.0,41
Vanuatu,2014.0,2
Nicaragua,2006.0,1
Nicaragua,2007.0,1003
Nicaragua,2008.0,5
Nicaragua,2009.0,1
Nicaragua,2010.0,3
Micronesia (region),2018.0,1
Pakistan,2005.0,1475
Pakistan,2006.0,834
Pakistan,2007.0,313
Pakistan,2008.0,723
Pakistan,2009.0,139
Pakistan,2010.0,315
Pakistan,2011.0,114
Pakistan,2012.0,195
Pakistan,2013.0,403
Pakistan,2014.0,133
Panama,2007.0,2
Panama,2008.0,19
Panama,2009.0,14
Panama,2011.0,1
Panama,2012.0,1
Panama,2014.0,1
Panama,2015.0,1
Panama,2016.0,1
Panama,2018.0,29
Panama,2019.0,18
Papua New Guinea,2012.0,35
Paraguay,2008.0,5
Paraguay,2010.0,2
Paraguay,2012.0,1
Peru,2005.0,17
Peru,2006.0,6
Peru,2007.0,11
Peru,2008.0,34
Peru,2009.0,39
Peru,2010.0,53
Peru,2011.0,19
Peru,2012.0,31
Peru,2013.0,18
Peru,2014.0,17
Peru,2015.0,18
Peru,2016.0,5
Peru,2017.0,23
Peru,2018.0,6
Peru,2019.0,14
Philippines,2005.0,93
Philippines,2006.0,1906
Philippines,2007.0,60
Philippines,2008.0,175
Philippines,2009.0,130
Philippines,2010.0,55
Philippines,2011.0,364
Philippines,2012.0,967
Philippines,2013.0,1105
Philippines,2014.0,38
Philippines,2015.0,51
Philippines,2016.0,29
Philippines,2017.0,62
Philippines,2018.0,123
Philippines,2019.0,25
Philippines,2020.0,29
Guinea-Bissau,2017.0,13
Timor-Leste,2015.0,26
Romania,2006.0,5
Romania,2008.0,1
Romania,2016.0,1
Saint Lucia,2010.0,5
Saint Lucia,2011.0,2
Saint Vincent and the Grenadines,2013.0,3
Senegal,2005.0,4
Senegal,2006.0,22
Senegal,2009.0,4
Senegal,2010.0,2
Senegal,2011.0,4
Senegal,2012.0,8
Senegal,2013.0,73
Senegal,2014.0,43
Senegal,2015.0,3
Serbia,2012.0,2
Serbia,2014.0,2
Seychelles,2017.0,1
Vietnam,2005.0,23
Vietnam,2006.0,268
Vietnam,2007.0,34
Vietnam,2008.0,65
Vietnam,2009.0,14
Vietnam,2010.0,32
Zimbabwe,2019.0,344
South Sudan,2016.0,15
Sudan,2016.0,12
Sudan,2019.0,87
Thailand,2015.0,2
Thailand,2016.0,1
Thailand,2017.0,1
Thailand,2018.0,8
Togo,2007.0,8
Togo,2008.0,7
Tonga,2009.0,7
Tunisia,2009.0,105
Turkey,2015.0,3
Turkey,2016.0,4
Turkey,2019.0,20
Uganda,2005.0,2
Uganda,2006.0,7
Uganda,2007.0,1
Uganda,2010.0,962
Uganda,2011.0,45
Uganda,2012.0,19
Uganda,2013.0,4
Uganda,2017.0,51
Tanzania,2007.0,1
Tanzania,2011.0,1370
Tanzania,2012.0,212
Tanzania,2014.0,18
Tanzania,2015.0,10
Tanzania,2016.0,4
Tanzania,2017.0,4
Tanzania,2018.0,6
Tanzania,2019.0,2
Burkina Faso,2009.0,1
Venezuela,2005.0,96
Venezuela,2006.0,8
Venezuela,2007.0,8
Venezuela,2009.0,3
Venezuela,2010.0,16
Venezuela,2012.0,2
Venezuela,2013.0,4
Venezuela,2014.0,7
Venezuela,2015.0,3
Samoa,2009.0,18
Yemen,2006.0,1
Yemen,2007.0,1
Yemen,2008.0,35
Yemen,2010.0,21
