country,year,value
World,2010.0,69.0
World,2011.0,69.0
World,2012.0,71.0
World,2013.0,75.0
World,2014.0,79.0
World,2015.0,84.0
World,2016.0,83.0
World,2017.0,76.0
World,2018.0,67.0
World,2019.0,70.0
World,2020.0,70.0
Afghanistan,2010.0,75.0
Afghanistan,2011.0,20.0
Afghanistan,2012.0,36.0
Afghanistan,2013.0,46.0
Afghanistan,2014.0,63.0
Afghanistan,2015.0,37.0
Afghanistan,2016.0,30.0
Afghanistan,2017.0,37.0
Afghanistan,2018.0,60.0
Afghanistan,2019.0,80.0
Afghanistan,2020.0,90.0
Albania,2017.0,57.0
Albania,2019.0,90.0
Albania,2020.0,100.0
Oceania,2010.0,78.0
Oceania,2011.0,82.0
Oceania,2012.0,72.0
Oceania,2013.0,79.0
Oceania,2014.0,79.0
Oceania,2015.0,95.0
Oceania,2016.0,91.0
Oceania,2017.0,78.0
Oceania,2018.0,61.0
Oceania,2019.0,57.0
Oceania,2020.0,56.0
Algeria,2010.0,56.0
Algeria,2011.0,20.0
Algeria,2012.0,53.0
Algeria,2013.0,53.0
Algeria,2014.0,100.0
Algeria,2015.0,100.0
Algeria,2016.0,90.0
Algeria,2017.0,90.0
Algeria,2018.0,90.0
Algeria,2019.0,90.0
Algeria,2020.0,50.0
Northern Africa,2010.0,72.0
Northern Africa,2011.0,64.0
Northern Africa,2012.0,78.0
Northern Africa,2013.0,82.0
Northern Africa,2014.0,94.0
Northern Africa,2015.0,92.0
Northern Africa,2016.0,84.0
Northern Africa,2017.0,87.0
Northern Africa,2018.0,72.0
Northern Africa,2019.0,78.0
Northern Africa,2020.0,68.0
Andorra,2010.0,65.0
Andorra,2011.0,30.0
Andorra,2012.0,30.0
Andorra,2013.0,30.0
Andorra,2014.0,30.0
Andorra,2015.0,30.0
Andorra,2016.0,30.0
Andorra,2017.0,30.0
Andorra,2018.0,50.0
Andorra,2019.0,50.0
Andorra,2020.0,50.0
Northern America,2010.0,79.0
Northern America,2011.0,92.0
Northern America,2012.0,92.0
Northern America,2013.0,92.0
Northern America,2014.0,100.0
Northern America,2015.0,100.0
Northern America,2016.0,100.0
Northern America,2017.0,100.0
Northern America,2018.0,100.0
Northern America,2019.0,100.0
Northern America,2020.0,100.0
Angola,2011.0,73.0
Angola,2013.0,73.0
Angola,2014.0,73.0
Angola,2017.0,100.0
Angola,2018.0,80.0
Angola,2019.0,90.0
Angola,2020.0,90.0
Antigua and Barbuda,2010.0,91.0
Antigua and Barbuda,2011.0,53.0
Antigua and Barbuda,2012.0,66.0
Antigua and Barbuda,2013.0,66.0
Antigua and Barbuda,2014.0,100.0
Antigua and Barbuda,2015.0,100.0
Antigua and Barbuda,2016.0,73.0
Antigua and Barbuda,2017.0,40.0
Antigua and Barbuda,2018.0,30.0
Eastern Asia,2010.0,73.0
Eastern Asia,2011.0,80.0
Eastern Asia,2012.0,89.0
Eastern Asia,2013.0,96.0
Eastern Asia,2014.0,93.0
Eastern Asia,2015.0,93.0
Eastern Asia,2016.0,90.0
Eastern Asia,2017.0,92.0
Eastern Asia,2018.0,80.0
Eastern Asia,2019.0,90.0
Eastern Asia,2020.0,90.0
Azerbaijan,2010.0,50.0
Azerbaijan,2011.0,73.0
Azerbaijan,2013.0,83.0
Azerbaijan,2014.0,83.0
Azerbaijan,2018.0,90.0
Azerbaijan,2019.0,90.0
Azerbaijan,2020.0,90.0
Argentina,2011.0,73.0
Argentina,2012.0,73.0
Argentina,2013.0,73.0
Argentina,2014.0,73.0
Argentina,2015.0,73.0
Argentina,2016.0,67.0
Argentina,2017.0,57.0
Argentina,2018.0,80.0
Argentina,2019.0,70.0
Argentina,2020.0,80.0
Southern Asia,2010.0,78.0
Southern Asia,2011.0,64.0
Southern Asia,2012.0,67.0
Southern Asia,2013.0,70.0
Southern Asia,2014.0,86.0
Southern Asia,2015.0,87.0
Southern Asia,2016.0,91.0
Southern Asia,2017.0,81.0
Southern Asia,2018.0,66.0
Southern Asia,2019.0,70.0
Southern Asia,2020.0,79.0
South-Eastern Asia,2010.0,74.0
South-Eastern Asia,2011.0,85.0
South-Eastern Asia,2012.0,70.0
South-Eastern Asia,2013.0,83.0
South-Eastern Asia,2014.0,83.0
South-Eastern Asia,2015.0,86.0
South-Eastern Asia,2016.0,90.0
South-Eastern Asia,2017.0,91.0
South-Eastern Asia,2018.0,76.0
South-Eastern Asia,2019.0,69.0
South-Eastern Asia,2020.0,77.0
Australia,2010.0,100.0
Australia,2011.0,100.0
Australia,2012.0,100.0
Australia,2013.0,100.0
Australia,2014.0,100.0
Australia,2015.0,100.0
Australia,2016.0,100.0
Australia,2017.0,100.0
Australia,2018.0,100.0
Australia,2019.0,100.0
Australia,2020.0,100.0
Austria,2010.0,83.0
Austria,2011.0,90.0
Austria,2012.0,90.0
Austria,2013.0,90.0
Austria,2014.0,90.0
Austria,2015.0,90.0
Austria,2016.0,90.0
Austria,2017.0,53.0
Austria,2018.0,90.0
Austria,2019.0,90.0
Austria,2020.0,90.0
Bahamas,2010.0,100.0
Bahamas,2011.0,90.0
Bahamas,2014.0,83.0
Bahamas,2015.0,83.0
Bahamas,2016.0,83.0
Bahamas,2018.0,80.0
Bahamas,2019.0,80.0
Bahamas,2020.0,80.0
Bahrain,2010.0,83.0
Bahrain,2011.0,100.0
Bahrain,2012.0,100.0
Bahrain,2013.0,100.0
Bahrain,2014.0,100.0
Bahrain,2015.0,100.0
Bahrain,2016.0,100.0
Bahrain,2017.0,100.0
Bahrain,2018.0,100.0
Bahrain,2019.0,90.0
Bangladesh,2010.0,90.0
Bangladesh,2011.0,56.0
Bangladesh,2012.0,66.0
Bangladesh,2013.0,73.0
Bangladesh,2014.0,83.0
Bangladesh,2015.0,83.0
Bangladesh,2016.0,100.0
Bangladesh,2017.0,100.0
Bangladesh,2018.0,80.0
Bangladesh,2019.0,90.0
Bangladesh,2020.0,90.0
Armenia,2010.0,66.0
Armenia,2011.0,90.0
Armenia,2012.0,90.0
Armenia,2013.0,100.0
Armenia,2014.0,100.0
Armenia,2015.0,100.0
Armenia,2017.0,100.0
Armenia,2018.0,100.0
Armenia,2019.0,100.0
Armenia,2020.0,100.0
Barbados,2010.0,81.0
Barbados,2011.0,53.0
Barbados,2012.0,40.0
Barbados,2013.0,53.0
Barbados,2014.0,53.0
Barbados,2015.0,90.0
Barbados,2016.0,63.0
Barbados,2017.0,100.0
Australia and New Zealand,2010.0,92.0
Australia and New Zealand,2011.0,100.0
Australia and New Zealand,2012.0,95.0
Australia and New Zealand,2013.0,100.0
Australia and New Zealand,2014.0,100.0
Australia and New Zealand,2016.0,100.0
Australia and New Zealand,2018.0,100.0
Australia and New Zealand,2019.0,100.0
Australia and New Zealand,2020.0,100.0
Belgium,2010.0,75.0
Belgium,2011.0,30.0
Belgium,2012.0,80.0
Belgium,2013.0,63.0
Belgium,2014.0,63.0
Belgium,2015.0,63.0
Belgium,2016.0,63.0
Belgium,2017.0,63.0
Belgium,2018.0,80.0
Belgium,2019.0,80.0
Belgium,2020.0,80.0
Central and Southern Asia,2010.0,78.0
Central and Southern Asia,2011.0,69.0
Central and Southern Asia,2012.0,68.0
Central and Southern Asia,2013.0,68.0
Central and Southern Asia,2014.0,82.0
Central and Southern Asia,2015.0,85.0
Central and Southern Asia,2016.0,91.0
Central and Southern Asia,2017.0,81.0
Central and Southern Asia,2018.0,59.0
Central and Southern Asia,2019.0,68.0
Central and Southern Asia,2020.0,75.0
Bhutan,2010.0,71.0
Bhutan,2011.0,66.0
Bhutan,2013.0,36.0
Bhutan,2014.0,90.0
Bhutan,2015.0,90.0
Bhutan,2016.0,100.0
Bhutan,2017.0,100.0
Bhutan,2018.0,70.0
Bhutan,2019.0,70.0
Bhutan,2020.0,70.0
Bolivia,2011.0,46.0
Bolivia,2012.0,56.0
Bolivia,2013.0,87.0
Bolivia,2014.0,90.0
Bolivia,2015.0,90.0
Bolivia,2016.0,90.0
Bolivia,2017.0,63.0
Bolivia,2020.0,50.0
Bosnia and Herzegovina,2010.0,40.0
Bosnia and Herzegovina,2011.0,73.0
Bosnia and Herzegovina,2014.0,73.0
Bosnia and Herzegovina,2015.0,30.0
Bosnia and Herzegovina,2016.0,30.0
Bosnia and Herzegovina,2017.0,30.0
Bosnia and Herzegovina,2018.0,30.0
Bosnia and Herzegovina,2019.0,40.0
Botswana,2010.0,46.0
Botswana,2013.0,10.0
Botswana,2015.0,70.0
Botswana,2017.0,10.0
Botswana,2018.0,10.0
Botswana,2019.0,20.0
Botswana,2020.0,20.0
Brazil,2010.0,75.0
Brazil,2011.0,90.0
Brazil,2013.0,90.0
Brazil,2014.0,100.0
Brazil,2015.0,100.0
Brazil,2016.0,100.0
Brazil,2017.0,90.0
Brazil,2018.0,100.0
Brazil,2019.0,100.0
Brazil,2020.0,100.0
Belize,2010.0,40.0
Belize,2011.0,46.0
Belize,2012.0,36.0
Belize,2013.0,56.0
Belize,2015.0,63.0
Belize,2018.0,20.0
Belize,2020.0,50.0
Solomon Islands,2012.0,63.0
Solomon Islands,2013.0,90.0
Solomon Islands,2014.0,56.0
Solomon Islands,2015.0,57.0
Solomon Islands,2017.0,57.0
Solomon Islands,2018.0,50.0
Solomon Islands,2020.0,60.0
Brunei,2010.0,66.0
Brunei,2011.0,63.0
Brunei,2012.0,63.0
Brunei,2013.0,100.0
Brunei,2014.0,100.0
Brunei,2015.0,100.0
Brunei,2017.0,100.0
Bulgaria,2011.0,46.0
Bulgaria,2014.0,63.0
Bulgaria,2018.0,70.0
Bulgaria,2019.0,70.0
Myanmar,2010.0,66.0
Myanmar,2011.0,100.0
Myanmar,2012.0,90.0
Myanmar,2013.0,73.0
Myanmar,2014.0,73.0
Myanmar,2015.0,90.0
Myanmar,2016.0,90.0
Myanmar,2017.0,47.0
Myanmar,2018.0,70.0
Myanmar,2019.0,70.0
Myanmar,2020.0,70.0
Burundi,2011.0,46.0
Burundi,2012.0,73.0
Burundi,2013.0,73.0
Burundi,2014.0,73.0
Burundi,2015.0,73.0
Burundi,2016.0,83.0
Burundi,2017.0,20.0
Burundi,2018.0,30.0
Burundi,2019.0,50.0
Burundi,2020.0,60.0
Belarus,2011.0,90.0
Belarus,2014.0,100.0
Belarus,2018.0,100.0
Cambodia,2010.0,58.0
Cambodia,2011.0,83.0
Cambodia,2012.0,56.0
Cambodia,2013.0,46.0
Cambodia,2014.0,56.0
Cambodia,2015.0,73.0
Cambodia,2016.0,90.0
Cambodia,2017.0,100.0
Cambodia,2018.0,60.0
Cambodia,2019.0,80.0
Cambodia,2020.0,70.0
Cameroon,2010.0,91.0
Cameroon,2011.0,26.0
Cameroon,2012.0,26.0
Cameroon,2013.0,100.0
Cameroon,2014.0,100.0
Cameroon,2016.0,40.0
Cameroon,2017.0,20.0
Cameroon,2018.0,40.0
Cameroon,2019.0,50.0
Cameroon,2020.0,80.0
Canada,2010.0,83.0
Canada,2011.0,83.0
Canada,2012.0,83.0
Canada,2013.0,83.0
Canada,2014.0,100.0
Canada,2015.0,100.0
Canada,2016.0,100.0
Canada,2017.0,100.0
Canada,2018.0,100.0
Canada,2019.0,100.0
Canada,2020.0,100.0
Cape Verde,2010.0,75.0
Cape Verde,2016.0,100.0
Cape Verde,2017.0,73.0
Cape Verde,2018.0,50.0
Cape Verde,2019.0,40.0
Cape Verde,2020.0,50.0
Central African Republic,2011.0,26.0
Central African Republic,2013.0,0.0
Central African Republic,2014.0,36.0
Central African Republic,2016.0,27.0
Central African Republic,2017.0,0.0
Central African Republic,2018.0,0.0
Central African Republic,2019.0,20.0
Central African Republic,2020.0,40.0
Asia,2010.0,72.0
Asia,2011.0,79.0
Asia,2012.0,76.0
Asia,2013.0,82.0
Asia,2014.0,86.0
Asia,2015.0,89.0
Asia,2016.0,92.0
Asia,2017.0,87.0
Asia,2018.0,73.0
Asia,2019.0,75.0
Asia,2020.0,79.0
Sri Lanka,2010.0,50.0
Sri Lanka,2011.0,10.0
Sri Lanka,2012.0,63.0
Sri Lanka,2013.0,63.0
Sri Lanka,2014.0,90.0
Sri Lanka,2015.0,100.0
Sri Lanka,2016.0,100.0
Sri Lanka,2017.0,100.0
Sri Lanka,2018.0,40.0
Sri Lanka,2019.0,60.0
Sri Lanka,2020.0,90.0
Western Asia,2010.0,66.0
Western Asia,2011.0,84.0
Western Asia,2012.0,81.0
Western Asia,2013.0,87.0
Western Asia,2014.0,88.0
Western Asia,2015.0,96.0
Western Asia,2016.0,96.0
Western Asia,2017.0,87.0
Western Asia,2018.0,81.0
Western Asia,2019.0,79.0
Western Asia,2020.0,79.0
Chad,2011.0,20.0
Chad,2013.0,30.0
Chad,2014.0,46.0
Chad,2015.0,47.0
Chad,2016.0,47.0
Chad,2017.0,57.0
Chad,2018.0,30.0
Chad,2019.0,30.0
Chad,2020.0,40.0
Europe,2010.0,68.0
Europe,2011.0,69.0
Europe,2012.0,80.0
Europe,2013.0,78.0
Europe,2014.0,82.0
Europe,2015.0,81.0
Europe,2016.0,81.0
Europe,2017.0,79.0
Europe,2018.0,81.0
Europe,2019.0,84.0
Europe,2020.0,83.0
Chile,2011.0,56.0
Chile,2012.0,46.0
Chile,2013.0,100.0
Chile,2014.0,83.0
Chile,2015.0,83.0
Chile,2016.0,100.0
Chile,2017.0,100.0
Chile,2018.0,80.0
Chile,2019.0,80.0
Chile,2020.0,80.0
China,2010.0,91.0
China,2011.0,100.0
China,2012.0,100.0
China,2013.0,100.0
China,2014.0,100.0
China,2015.0,100.0
China,2016.0,100.0
China,2017.0,100.0
China,2018.0,100.0
China,2019.0,100.0
China,2020.0,100.0
Colombia,2010.0,100.0
Colombia,2011.0,53.0
Colombia,2012.0,73.0
Colombia,2013.0,63.0
Colombia,2014.0,63.0
Colombia,2015.0,90.0
Colombia,2016.0,100.0
Colombia,2017.0,100.0
Colombia,2018.0,70.0
Colombia,2019.0,70.0
Colombia,2020.0,70.0
Comoros,2013.0,46.0
Comoros,2017.0,20.0
Comoros,2018.0,40.0
Comoros,2019.0,20.0
Comoros,2020.0,60.0
Congo,2010.0,30.0
Congo,2011.0,40.0
Congo,2012.0,56.0
Congo,2013.0,26.0
Congo,2016.0,73.0
Congo,2017.0,30.0
Congo,2018.0,60.0
Congo,2019.0,60.0
Congo,2020.0,60.0
Democratic Republic of Congo,2010.0,58.0
Democratic Republic of Congo,2011.0,30.0
Democratic Republic of Congo,2012.0,30.0
Democratic Republic of Congo,2013.0,46.0
Democratic Republic of Congo,2014.0,46.0
Democratic Republic of Congo,2015.0,57.0
Democratic Republic of Congo,2016.0,57.0
Democratic Republic of Congo,2017.0,47.0
Democratic Republic of Congo,2018.0,60.0
Democratic Republic of Congo,2019.0,60.0
Democratic Republic of Congo,2020.0,60.0
Cook Islands,2012.0,90.0
Cook Islands,2013.0,100.0
Cook Islands,2015.0,100.0
Cook Islands,2016.0,100.0
Cook Islands,2017.0,63.0
Cook Islands,2018.0,50.0
Cook Islands,2019.0,60.0
Cook Islands,2020.0,70.0
Costa Rica,2010.0,100.0
Costa Rica,2011.0,100.0
Costa Rica,2012.0,100.0
Costa Rica,2013.0,100.0
Costa Rica,2014.0,100.0
Costa Rica,2015.0,100.0
Costa Rica,2016.0,100.0
Costa Rica,2017.0,100.0
Costa Rica,2018.0,70.0
Costa Rica,2019.0,90.0
Costa Rica,2020.0,80.0
Croatia,2010.0,75.0
Croatia,2011.0,90.0
Croatia,2013.0,90.0
Croatia,2014.0,36.0
Croatia,2015.0,37.0
Croatia,2016.0,37.0
Croatia,2017.0,37.0
Croatia,2018.0,70.0
Croatia,2019.0,70.0
Croatia,2020.0,70.0
Cuba,2011.0,100.0
Cuba,2012.0,100.0
Cuba,2013.0,100.0
Cuba,2014.0,100.0
Cuba,2015.0,100.0
Cuba,2016.0,100.0
Cuba,2017.0,100.0
Cuba,2018.0,100.0
Cuba,2019.0,20.0
Cyprus,2010.0,66.0
Cyprus,2011.0,63.0
Cyprus,2013.0,100.0
Cyprus,2014.0,100.0
Cyprus,2016.0,100.0
Cyprus,2017.0,100.0
Cyprus,2018.0,70.0
Cyprus,2019.0,70.0
Cyprus,2020.0,70.0
Least Developed Countries (LDCs),2010.0,59.0
Least Developed Countries (LDCs),2011.0,54.0
Least Developed Countries (LDCs),2012.0,60.0
Least Developed Countries (LDCs),2013.0,58.0
Least Developed Countries (LDCs),2014.0,62.0
Least Developed Countries (LDCs),2015.0,68.0
Least Developed Countries (LDCs),2016.0,68.0
Least Developed Countries (LDCs),2017.0,59.0
Least Developed Countries (LDCs),2018.0,51.0
Least Developed Countries (LDCs),2019.0,55.0
Least Developed Countries (LDCs),2020.0,58.0
Sub-Saharan Africa,2010.0,56.0
Sub-Saharan Africa,2011.0,50.0
Sub-Saharan Africa,2012.0,52.0
Sub-Saharan Africa,2013.0,59.0
Sub-Saharan Africa,2014.0,65.0
Sub-Saharan Africa,2015.0,69.0
Sub-Saharan Africa,2016.0,70.0
Sub-Saharan Africa,2017.0,58.0
Sub-Saharan Africa,2018.0,46.0
Sub-Saharan Africa,2019.0,51.0
Sub-Saharan Africa,2020.0,53.0
Czechia,2010.0,73.0
Czechia,2011.0,66.0
Czechia,2012.0,83.0
Czechia,2013.0,83.0
Czechia,2014.0,83.0
Czechia,2015.0,83.0
Czechia,2017.0,100.0
Czechia,2018.0,60.0
Czechia,2019.0,70.0
Benin,2010.0,100.0
Benin,2011.0,100.0
Benin,2012.0,80.0
Benin,2014.0,90.0
Benin,2016.0,63.0
Benin,2017.0,47.0
Benin,2018.0,60.0
Benin,2019.0,60.0
Benin,2020.0,60.0
Denmark,2010.0,91.0
Denmark,2011.0,40.0
Denmark,2013.0,80.0
Denmark,2014.0,90.0
Denmark,2015.0,90.0
Denmark,2016.0,100.0
Denmark,2017.0,100.0
Denmark,2018.0,100.0
Denmark,2019.0,100.0
Dominica,2010.0,91.0
Dominica,2011.0,80.0
Dominica,2012.0,100.0
Dominica,2013.0,100.0
Dominica,2014.0,100.0
Dominica,2015.0,100.0
Dominica,2016.0,100.0
Dominica,2017.0,100.0
Dominica,2018.0,90.0
Dominica,2019.0,90.0
Dominican Republic,2010.0,100.0
Dominican Republic,2012.0,90.0
Dominican Republic,2013.0,90.0
Dominican Republic,2014.0,90.0
Dominican Republic,2015.0,90.0
Dominican Republic,2016.0,90.0
Dominican Republic,2017.0,47.0
Dominican Republic,2018.0,40.0
Dominican Republic,2019.0,60.0
Dominican Republic,2020.0,60.0
Ecuador,2010.0,66.0
Ecuador,2011.0,63.0
Ecuador,2012.0,56.0
Ecuador,2013.0,56.0
Ecuador,2014.0,100.0
Ecuador,2015.0,100.0
Ecuador,2016.0,90.0
Ecuador,2017.0,100.0
Ecuador,2018.0,80.0
Ecuador,2019.0,90.0
Ecuador,2020.0,90.0
El Salvador,2011.0,100.0
El Salvador,2012.0,90.0
El Salvador,2013.0,100.0
El Salvador,2014.0,100.0
El Salvador,2015.0,100.0
El Salvador,2016.0,100.0
El Salvador,2017.0,100.0
El Salvador,2018.0,100.0
El Salvador,2019.0,100.0
El Salvador,2020.0,100.0
Equatorial Guinea,2011.0,0.0
Equatorial Guinea,2013.0,20.0
Equatorial Guinea,2017.0,20.0
Equatorial Guinea,2018.0,0.0
Equatorial Guinea,2019.0,20.0
Equatorial Guinea,2020.0,20.0
Ethiopia,2010.0,20.0
Ethiopia,2011.0,83.0
Ethiopia,2012.0,83.0
Ethiopia,2014.0,66.0
Ethiopia,2015.0,83.0
Ethiopia,2016.0,83.0
Ethiopia,2017.0,83.0
Ethiopia,2018.0,60.0
Ethiopia,2019.0,80.0
Ethiopia,2020.0,80.0
Eritrea,2010.0,55.0
Eritrea,2011.0,53.0
Eritrea,2013.0,100.0
Eritrea,2014.0,100.0
Eritrea,2015.0,100.0
Eritrea,2016.0,63.0
Eritrea,2017.0,63.0
Eritrea,2018.0,50.0
Eritrea,2019.0,60.0
Eritrea,2020.0,50.0
Estonia,2010.0,66.0
Estonia,2011.0,46.0
Estonia,2012.0,46.0
Estonia,2013.0,73.0
Estonia,2014.0,73.0
Estonia,2015.0,63.0
Estonia,2016.0,63.0
Estonia,2017.0,47.0
Estonia,2018.0,70.0
Estonia,2019.0,70.0
Estonia,2020.0,70.0
Fiji,2010.0,56.0
Fiji,2012.0,36.0
Fiji,2013.0,100.0
Fiji,2014.0,100.0
Fiji,2018.0,100.0
Finland,2010.0,90.0
Finland,2011.0,100.0
Finland,2012.0,100.0
Finland,2013.0,73.0
Finland,2014.0,90.0
Finland,2015.0,90.0
Finland,2018.0,100.0
Finland,2019.0,100.0
Finland,2020.0,90.0
France,2010.0,56.0
France,2011.0,53.0
France,2012.0,63.0
France,2013.0,80.0
France,2014.0,80.0
France,2015.0,90.0
France,2016.0,100.0
France,2017.0,100.0
France,2018.0,100.0
France,2019.0,100.0
Djibouti,2012.0,36.0
Djibouti,2013.0,36.0
Djibouti,2014.0,90.0
Djibouti,2017.0,53.0
Djibouti,2018.0,50.0
Djibouti,2019.0,50.0
Djibouti,2020.0,30.0
Gabon,2011.0,33.0
Gabon,2016.0,63.0
Gabon,2017.0,63.0
Gabon,2018.0,50.0
Gabon,2019.0,50.0
Gabon,2020.0,60.0
Georgia,2010.0,91.0
Georgia,2011.0,83.0
Georgia,2012.0,100.0
Georgia,2013.0,83.0
Georgia,2014.0,100.0
Georgia,2015.0,100.0
Georgia,2016.0,100.0
Georgia,2017.0,73.0
Georgia,2018.0,80.0
Georgia,2019.0,80.0
Georgia,2020.0,80.0
Gambia,2010.0,55.0
Gambia,2011.0,43.0
Gambia,2013.0,66.0
Gambia,2014.0,53.0
Gambia,2017.0,0.0
Gambia,2018.0,30.0
Gambia,2019.0,40.0
Gambia,2020.0,40.0
Germany,2010.0,100.0
Germany,2011.0,100.0
Germany,2012.0,100.0
Germany,2014.0,100.0
Germany,2017.0,100.0
Germany,2018.0,100.0
Germany,2019.0,100.0
Germany,2020.0,100.0
Ghana,2010.0,53.0
Ghana,2011.0,53.0
Ghana,2012.0,53.0
Ghana,2013.0,73.0
Ghana,2014.0,73.0
Ghana,2016.0,73.0
Ghana,2017.0,73.0
Ghana,2018.0,50.0
Ghana,2019.0,60.0
Ghana,2020.0,60.0
Kiribati,2010.0,100.0
Kiribati,2011.0,100.0
Kiribati,2012.0,100.0
Kiribati,2013.0,53.0
Kiribati,2014.0,73.0
Kiribati,2018.0,60.0
Kiribati,2020.0,60.0
Greece,2010.0,83.0
Greece,2019.0,50.0
Greece,2020.0,50.0
Grenada,2011.0,73.0
Grenada,2012.0,83.0
Grenada,2013.0,83.0
Grenada,2015.0,83.0
Grenada,2016.0,83.0
Guatemala,2011.0,66.0
Guatemala,2012.0,66.0
Guatemala,2013.0,100.0
Guatemala,2014.0,73.0
Guatemala,2015.0,83.0
Guatemala,2016.0,53.0
Guatemala,2017.0,37.0
Guatemala,2018.0,30.0
Guatemala,2019.0,40.0
Guatemala,2020.0,40.0
Guinea,2011.0,10.0
Guinea,2014.0,73.0
Guinea,2015.0,73.0
Guinea,2017.0,37.0
Guinea,2018.0,60.0
Guinea,2019.0,60.0
Guinea,2020.0,50.0
Guyana,2010.0,75.0
Guyana,2011.0,100.0
Guyana,2012.0,83.0
Guyana,2013.0,83.0
Guyana,2014.0,83.0
Guyana,2015.0,100.0
Guyana,2017.0,100.0
Guyana,2019.0,100.0
Guyana,2020.0,100.0
Haiti,2011.0,10.0
Haiti,2013.0,46.0
Haiti,2014.0,46.0
Haiti,2015.0,47.0
Haiti,2016.0,47.0
Haiti,2018.0,60.0
Haiti,2020.0,60.0
Vatican,2016.0,10.0
Vatican,2018.0,20.0
Honduras,2010.0,83.0
Honduras,2011.0,100.0
Honduras,2012.0,26.0
Honduras,2013.0,56.0
Honduras,2014.0,53.0
Honduras,2015.0,80.0
Honduras,2016.0,100.0
Honduras,2017.0,73.0
Honduras,2018.0,80.0
Honduras,2019.0,50.0
Honduras,2020.0,80.0
Hungary,2010.0,40.0
Hungary,2011.0,40.0
Hungary,2012.0,50.0
Hungary,2013.0,100.0
Hungary,2014.0,100.0
Hungary,2015.0,100.0
Hungary,2016.0,100.0
Hungary,2017.0,100.0
Hungary,2018.0,90.0
Hungary,2019.0,90.0
Hungary,2020.0,70.0
Iceland,2011.0,80.0
Iceland,2012.0,100.0
Iceland,2014.0,83.0
Iceland,2016.0,80.0
Iceland,2017.0,80.0
Iceland,2018.0,100.0
Iceland,2019.0,100.0
India,2010.0,100.0
India,2011.0,100.0
India,2012.0,100.0
India,2013.0,100.0
India,2014.0,100.0
India,2016.0,100.0
India,2017.0,100.0
India,2018.0,90.0
India,2019.0,90.0
India,2020.0,90.0
Indonesia,2010.0,100.0
Indonesia,2011.0,100.0
Indonesia,2012.0,46.0
Indonesia,2013.0,100.0
Indonesia,2014.0,100.0
Indonesia,2015.0,100.0
Indonesia,2016.0,100.0
Indonesia,2017.0,100.0
Indonesia,2018.0,60.0
Indonesia,2019.0,60.0
Indonesia,2020.0,60.0
Iran,2010.0,100.0
Iran,2011.0,90.0
Iran,2012.0,90.0
Iran,2013.0,100.0
Iran,2014.0,100.0
Iran,2015.0,100.0
Iran,2017.0,83.0
Iran,2018.0,80.0
Iran,2020.0,90.0
Iraq,2010.0,66.0
Iraq,2011.0,100.0
Iraq,2012.0,83.0
Iraq,2013.0,100.0
Iraq,2014.0,90.0
Iraq,2017.0,100.0
Iraq,2018.0,90.0
Iraq,2019.0,70.0
Iraq,2020.0,70.0
Ireland,2010.0,56.0
Ireland,2011.0,53.0
Ireland,2012.0,80.0
Ireland,2018.0,70.0
Ireland,2019.0,70.0
Ireland,2020.0,70.0
Israel,2010.0,66.0
Israel,2015.0,70.0
Israel,2016.0,70.0
Israel,2018.0,90.0
Israel,2019.0,90.0
Italy,2010.0,66.0
Italy,2011.0,56.0
Italy,2016.0,67.0
Italy,2018.0,90.0
Italy,2019.0,90.0
Italy,2020.0,80.0
Cote d'Ivoire,2011.0,73.0
Cote d'Ivoire,2013.0,100.0
Cote d'Ivoire,2016.0,80.0
Cote d'Ivoire,2017.0,90.0
Cote d'Ivoire,2018.0,20.0
Cote d'Ivoire,2019.0,20.0
Cote d'Ivoire,2020.0,30.0
Jamaica,2010.0,48.0
Jamaica,2011.0,80.0
Jamaica,2012.0,73.0
Jamaica,2013.0,66.0
Jamaica,2014.0,73.0
Jamaica,2015.0,90.0
Jamaica,2016.0,100.0
Jamaica,2018.0,90.0
Jamaica,2019.0,100.0
Jamaica,2020.0,100.0
Japan,2010.0,100.0
Japan,2011.0,100.0
Japan,2012.0,100.0
Japan,2013.0,100.0
Japan,2014.0,100.0
Japan,2015.0,100.0
Japan,2016.0,100.0
Japan,2017.0,100.0
Japan,2019.0,100.0
Japan,2020.0,100.0
Kazakhstan,2011.0,53.0
Kazakhstan,2012.0,53.0
Kazakhstan,2013.0,53.0
Kazakhstan,2014.0,53.0
Kazakhstan,2015.0,53.0
Kazakhstan,2018.0,40.0
Kazakhstan,2019.0,90.0
Kazakhstan,2020.0,100.0
Jordan,2010.0,100.0
Jordan,2011.0,100.0
Jordan,2012.0,50.0
Jordan,2013.0,100.0
Jordan,2014.0,100.0
Jordan,2016.0,90.0
Jordan,2017.0,90.0
Jordan,2018.0,30.0
Jordan,2019.0,50.0
Jordan,2020.0,50.0
Kenya,2010.0,81.0
Kenya,2011.0,90.0
Kenya,2012.0,90.0
Kenya,2013.0,100.0
Kenya,2017.0,20.0
Kenya,2018.0,20.0
Kenya,2019.0,40.0
Kenya,2020.0,40.0
North Korea,2010.0,46.0
North Korea,2011.0,20.0
North Korea,2012.0,46.0
North Korea,2013.0,80.0
North Korea,2014.0,80.0
North Korea,2015.0,70.0
North Korea,2016.0,70.0
North Korea,2017.0,70.0
North Korea,2018.0,40.0
North Korea,2019.0,70.0
North Korea,2020.0,70.0
South Korea,2010.0,73.0
South Korea,2012.0,100.0
South Korea,2013.0,100.0
South Korea,2014.0,100.0
South Korea,2017.0,90.0
South Korea,2018.0,80.0
South Korea,2019.0,80.0
South Korea,2020.0,80.0
Kuwait,2010.0,90.0
Kuwait,2011.0,100.0
Kuwait,2012.0,100.0
Kuwait,2013.0,100.0
Kuwait,2014.0,100.0
Kuwait,2015.0,100.0
Kuwait,2016.0,100.0
Kuwait,2017.0,100.0
Kuwait,2018.0,80.0
Kuwait,2019.0,90.0
Kuwait,2020.0,100.0
Kyrgyzstan,2011.0,33.0
Kyrgyzstan,2018.0,60.0
Kyrgyzstan,2019.0,50.0
Kyrgyzstan,2020.0,50.0
Laos,2010.0,75.0
Laos,2011.0,83.0
Laos,2012.0,36.0
Laos,2013.0,46.0
Laos,2014.0,46.0
Laos,2015.0,47.0
Laos,2016.0,67.0
Laos,2018.0,50.0
Laos,2019.0,40.0
Laos,2020.0,60.0
Latin America and the Caribbean,2010.0,76.0
Latin America and the Caribbean,2011.0,72.0
Latin America and the Caribbean,2012.0,69.0
Latin America and the Caribbean,2013.0,78.0
Latin America and the Caribbean,2014.0,80.0
Latin America and the Caribbean,2015.0,86.0
Latin America and the Caribbean,2016.0,86.0
Latin America and the Caribbean,2017.0,81.0
Latin America and the Caribbean,2018.0,74.0
Latin America and the Caribbean,2019.0,77.0
Latin America and the Caribbean,2020.0,76.0
Lebanon,2010.0,55.0
Lebanon,2011.0,66.0
Lebanon,2012.0,56.0
Lebanon,2013.0,56.0
Lebanon,2014.0,56.0
Lebanon,2017.0,57.0
Lebanon,2018.0,100.0
Lebanon,2019.0,80.0
Lebanon,2020.0,60.0
Lesotho,2010.0,73.0
Lesotho,2011.0,50.0
Lesotho,2013.0,90.0
Lesotho,2016.0,100.0
Lesotho,2017.0,83.0
Lesotho,2018.0,40.0
Lesotho,2019.0,40.0
Lesotho,2020.0,70.0
Latvia,2010.0,71.0
Latvia,2011.0,100.0
Latvia,2012.0,66.0
Latvia,2014.0,66.0
Latvia,2015.0,67.0
Latvia,2016.0,83.0
Latvia,2017.0,100.0
Latvia,2018.0,90.0
Latvia,2019.0,90.0
Latvia,2020.0,90.0
Liberia,2010.0,73.0
Liberia,2011.0,0.0
Liberia,2017.0,100.0
Liberia,2018.0,70.0
Liberia,2019.0,70.0
Liberia,2020.0,70.0
Landlocked developing countries (LLDCs),2010.0,61.0
Landlocked developing countries (LLDCs),2011.0,63.0
Landlocked developing countries (LLDCs),2012.0,67.0
Landlocked developing countries (LLDCs),2013.0,61.0
Landlocked developing countries (LLDCs),2014.0,69.0
Landlocked developing countries (LLDCs),2015.0,75.0
Landlocked developing countries (LLDCs),2016.0,80.0
Landlocked developing countries (LLDCs),2017.0,63.0
Landlocked developing countries (LLDCs),2018.0,53.0
Landlocked developing countries (LLDCs),2019.0,60.0
Landlocked developing countries (LLDCs),2020.0,62.0
Libya,2010.0,56.0
Libya,2011.0,63.0
Libya,2012.0,73.0
Libya,2013.0,56.0
Libya,2014.0,83.0
Libya,2015.0,83.0
Libya,2016.0,83.0
Libya,2017.0,83.0
Libya,2018.0,40.0
Libya,2019.0,80.0
Libya,2020.0,90.0
Liechtenstein,2014.0,90.0
Liechtenstein,2015.0,73.0
Liechtenstein,2016.0,90.0
Liechtenstein,2017.0,73.0
Liechtenstein,2019.0,70.0
Liechtenstein,2020.0,70.0
Lithuania,2010.0,65.0
Lithuania,2011.0,83.0
Lithuania,2012.0,83.0
Lithuania,2013.0,83.0
Lithuania,2014.0,83.0
Lithuania,2015.0,83.0
Lithuania,2016.0,83.0
Lithuania,2017.0,83.0
Lithuania,2018.0,90.0
Lithuania,2019.0,90.0
Lithuania,2020.0,90.0
Luxembourg,2010.0,56.0
Luxembourg,2011.0,90.0
Luxembourg,2012.0,53.0
Luxembourg,2013.0,90.0
Luxembourg,2014.0,90.0
Luxembourg,2015.0,90.0
Luxembourg,2016.0,90.0
Luxembourg,2017.0,90.0
Luxembourg,2018.0,90.0
Luxembourg,2019.0,100.0
Madagascar,2011.0,50.0
Madagascar,2013.0,36.0
Madagascar,2014.0,36.0
Madagascar,2017.0,27.0
Madagascar,2018.0,30.0
Madagascar,2019.0,30.0
Madagascar,2020.0,40.0
Malawi,2011.0,53.0
Malawi,2014.0,43.0
Malawi,2017.0,100.0
Malawi,2018.0,40.0
Malawi,2019.0,40.0
Malawi,2020.0,40.0
Malaysia,2010.0,100.0
Malaysia,2011.0,100.0
Malaysia,2012.0,100.0
Malaysia,2013.0,100.0
Malaysia,2014.0,100.0
Malaysia,2015.0,100.0
Malaysia,2016.0,100.0
Malaysia,2018.0,100.0
Malaysia,2019.0,100.0
Malaysia,2020.0,90.0
Maldives,2010.0,100.0
Maldives,2011.0,100.0
Maldives,2012.0,83.0
Maldives,2013.0,90.0
Maldives,2014.0,90.0
Maldives,2015.0,100.0
Maldives,2016.0,100.0
Maldives,2017.0,100.0
Maldives,2018.0,70.0
Maldives,2019.0,70.0
Maldives,2020.0,70.0
Mali,2011.0,100.0
Mali,2017.0,30.0
Mali,2018.0,50.0
Mali,2019.0,50.0
Mali,2020.0,50.0
Malta,2011.0,63.0
Malta,2012.0,100.0
Malta,2013.0,83.0
Malta,2014.0,100.0
Malta,2016.0,100.0
Malta,2017.0,100.0
Malta,2018.0,70.0
Malta,2019.0,70.0
Malta,2020.0,80.0
Mauritania,2010.0,38.0
Mauritania,2011.0,20.0
Mauritania,2012.0,20.0
Mauritania,2014.0,20.0
Mauritania,2015.0,20.0
Mauritania,2017.0,40.0
Mauritania,2018.0,40.0
Mauritania,2019.0,60.0
Mauritania,2020.0,60.0
Mauritius,2013.0,83.0
Mauritius,2014.0,83.0
Mauritius,2015.0,83.0
Mauritius,2016.0,100.0
Mauritius,2017.0,100.0
Mauritius,2018.0,90.0
Mauritius,2019.0,90.0
Mauritius,2020.0,90.0
Mexico,2010.0,50.0
Mexico,2011.0,63.0
Mexico,2012.0,53.0
Mexico,2013.0,70.0
Mexico,2014.0,80.0
Mexico,2015.0,70.0
Mexico,2016.0,70.0
Mexico,2017.0,70.0
Mexico,2018.0,100.0
Mexico,2019.0,100.0
Mexico,2020.0,100.0
Monaco,2011.0,46.0
Monaco,2012.0,63.0
Monaco,2013.0,63.0
Monaco,2014.0,90.0
Monaco,2016.0,100.0
Monaco,2017.0,100.0
Monaco,2018.0,90.0
Monaco,2019.0,80.0
Mongolia,2010.0,56.0
Mongolia,2011.0,100.0
Mongolia,2012.0,100.0
Mongolia,2013.0,100.0
Mongolia,2014.0,83.0
Mongolia,2015.0,100.0
Mongolia,2017.0,100.0
Mongolia,2018.0,100.0
Mongolia,2019.0,100.0
Mongolia,2020.0,100.0
Moldova,2010.0,75.0
Moldova,2011.0,83.0
Moldova,2012.0,83.0
Moldova,2014.0,90.0
Moldova,2015.0,90.0
Moldova,2016.0,100.0
Moldova,2018.0,70.0
Moldova,2019.0,70.0
Moldova,2020.0,70.0
Montenegro,2012.0,100.0
Montenegro,2013.0,83.0
Montenegro,2014.0,83.0
Montenegro,2015.0,83.0
Montenegro,2016.0,83.0
Montenegro,2017.0,83.0
Montenegro,2018.0,50.0
Montenegro,2019.0,50.0
Morocco,2010.0,100.0
Morocco,2011.0,100.0
Morocco,2012.0,100.0
Morocco,2013.0,100.0
Morocco,2014.0,100.0
Morocco,2016.0,100.0
Morocco,2017.0,100.0
Morocco,2018.0,50.0
Morocco,2019.0,50.0
Morocco,2020.0,50.0
Mozambique,2010.0,48.0
Mozambique,2011.0,83.0
Mozambique,2012.0,83.0
Mozambique,2013.0,73.0
Mozambique,2015.0,80.0
Mozambique,2017.0,83.0
Mozambique,2018.0,50.0
Mozambique,2019.0,40.0
Mozambique,2020.0,60.0
Oman,2010.0,63.0
Oman,2011.0,100.0
Oman,2012.0,100.0
Oman,2013.0,100.0
Oman,2014.0,100.0
Oman,2015.0,100.0
Oman,2016.0,100.0
Oman,2017.0,100.0
Oman,2018.0,100.0
Oman,2019.0,90.0
Oman,2020.0,90.0
Europe and Northern America,2010.0,69.0
Europe and Northern America,2011.0,70.0
Europe and Northern America,2012.0,81.0
Europe and Northern America,2013.0,79.0
Europe and Northern America,2014.0,83.0
Europe and Northern America,2015.0,83.0
Europe and Northern America,2016.0,82.0
Europe and Northern America,2017.0,80.0
Europe and Northern America,2018.0,82.0
Europe and Northern America,2019.0,84.0
Europe and Northern America,2020.0,85.0
"Developed regions (Europe, Cyprus, Israel, Northern America, Japan, Australia & New Zealand)",2010.0,71.0
"Developed regions (Europe, Cyprus, Israel, Northern America, Japan, Australia & New Zealand)",2011.0,72.0
"Developed regions (Europe, Cyprus, Israel, Northern America, Japan, Australia & New Zealand)",2012.0,82.0
"Developed regions (Europe, Cyprus, Israel, Northern America, Japan, Australia & New Zealand)",2013.0,82.0
"Developed regions (Europe, Cyprus, Israel, Northern America, Japan, Australia & New Zealand)",2014.0,84.0
"Developed regions (Europe, Cyprus, Israel, Northern America, Japan, Australia & New Zealand)",2015.0,84.0
"Developed regions (Europe, Cyprus, Israel, Northern America, Japan, Australia & New Zealand)",2016.0,83.0
"Developed regions (Europe, Cyprus, Israel, Northern America, Japan, Australia & New Zealand)",2017.0,82.0
"Developed regions (Europe, Cyprus, Israel, Northern America, Japan, Australia & New Zealand)",2018.0,83.0
"Developed regions (Europe, Cyprus, Israel, Northern America, Japan, Australia & New Zealand)",2019.0,85.0
"Developed regions (Europe, Cyprus, Israel, Northern America, Japan, Australia & New Zealand)",2020.0,85.0
Developing regions,2010.0,69.0
Developing regions,2011.0,67.0
Developing regions,2012.0,68.0
Developing regions,2013.0,74.0
Developing regions,2014.0,78.0
Developing regions,2015.0,84.0
Developing regions,2016.0,84.0
Developing regions,2017.0,74.0
Developing regions,2018.0,62.0
Developing regions,2019.0,65.0
Developing regions,2020.0,66.0
Namibia,2014.0,73.0
Namibia,2016.0,90.0
Namibia,2017.0,90.0
Namibia,2018.0,60.0
Namibia,2019.0,60.0
Namibia,2020.0,60.0
Nauru,2010.0,73.0
Nauru,2014.0,46.0
Nauru,2018.0,50.0
Nepal,2010.0,75.0
Nepal,2011.0,66.0
Nepal,2012.0,66.0
Nepal,2013.0,73.0
Nepal,2014.0,100.0
Nepal,2015.0,100.0
Nepal,2016.0,100.0
Nepal,2017.0,10.0
Nepal,2018.0,20.0
Nepal,2019.0,50.0
Nepal,2020.0,70.0
Netherlands,2011.0,100.0
Netherlands,2012.0,100.0
Netherlands,2013.0,100.0
Netherlands,2014.0,100.0
Netherlands,2015.0,100.0
Netherlands,2016.0,100.0
Netherlands,2017.0,100.0
Netherlands,2018.0,100.0
Netherlands,2019.0,100.0
Netherlands,2020.0,100.0
Oceania (exc. Australia and New Zealand),2010.0,75.0
Oceania (exc. Australia and New Zealand),2011.0,77.0
Oceania (exc. Australia and New Zealand),2012.0,68.0
Oceania (exc. Australia and New Zealand),2013.0,75.0
Oceania (exc. Australia and New Zealand),2014.0,75.0
Oceania (exc. Australia and New Zealand),2015.0,94.0
Oceania (exc. Australia and New Zealand),2016.0,87.0
Oceania (exc. Australia and New Zealand),2017.0,71.0
Oceania (exc. Australia and New Zealand),2018.0,55.0
Oceania (exc. Australia and New Zealand),2019.0,40.0
Oceania (exc. Australia and New Zealand),2020.0,47.0
Vanuatu,2010.0,30.0
Vanuatu,2012.0,0.0
Vanuatu,2013.0,100.0
Vanuatu,2015.0,100.0
Vanuatu,2017.0,50.0
Vanuatu,2018.0,30.0
Vanuatu,2020.0,30.0
New Zealand,2010.0,83.0
New Zealand,2011.0,100.0
New Zealand,2012.0,90.0
New Zealand,2013.0,100.0
New Zealand,2014.0,100.0
New Zealand,2015.0,100.0
New Zealand,2016.0,100.0
New Zealand,2017.0,100.0
New Zealand,2018.0,100.0
New Zealand,2019.0,100.0
New Zealand,2020.0,100.0
Nicaragua,2011.0,73.0
Nicaragua,2012.0,100.0
Nicaragua,2013.0,83.0
Nicaragua,2014.0,83.0
Nicaragua,2015.0,83.0
Nicaragua,2016.0,83.0
Nicaragua,2017.0,83.0
Nicaragua,2018.0,30.0
Nicaragua,2019.0,30.0
Nicaragua,2020.0,40.0
Niger,2013.0,36.0
Niger,2015.0,83.0
Niger,2016.0,100.0
Niger,2017.0,83.0
Niger,2018.0,60.0
Niger,2019.0,70.0
Niger,2020.0,0.0
Nigeria,2011.0,50.0
Nigeria,2012.0,20.0
Nigeria,2013.0,83.0
Nigeria,2014.0,100.0
Nigeria,2015.0,83.0
Nigeria,2016.0,67.0
Nigeria,2017.0,83.0
Nigeria,2018.0,100.0
Nigeria,2019.0,100.0
Nigeria,2020.0,80.0
Niue,2012.0,20.0
Niue,2013.0,56.0
Niue,2014.0,66.0
Niue,2018.0,80.0
Niue,2019.0,80.0
Norway,2012.0,100.0
Norway,2013.0,100.0
Norway,2014.0,100.0
Norway,2015.0,100.0
Norway,2016.0,100.0
Norway,2017.0,100.0
Norway,2018.0,100.0
Norway,2019.0,100.0
Norway,2020.0,100.0
Micronesia (country),2010.0,66.0
Micronesia (country),2011.0,70.0
Micronesia (country),2012.0,83.0
Micronesia (country),2013.0,20.0
Micronesia (country),2014.0,40.0
Micronesia (country),2015.0,100.0
Micronesia (country),2016.0,100.0
Micronesia (country),2017.0,100.0
Micronesia (country),2019.0,20.0
Micronesia (country),2020.0,40.0
Marshall Islands,2010.0,100.0
Marshall Islands,2011.0,100.0
Marshall Islands,2012.0,60.0
Marshall Islands,2013.0,53.0
Marshall Islands,2016.0,47.0
Marshall Islands,2017.0,47.0
Marshall Islands,2018.0,20.0
Marshall Islands,2020.0,50.0
Palau,2010.0,71.0
Palau,2011.0,63.0
Palau,2012.0,70.0
Palau,2013.0,53.0
Palau,2014.0,100.0
Palau,2015.0,100.0
Palau,2016.0,100.0
Palau,2017.0,100.0
Palau,2018.0,60.0
Palau,2019.0,30.0
Palau,2020.0,30.0
Pakistan,2010.0,38.0
Pakistan,2012.0,30.0
Pakistan,2013.0,46.0
Pakistan,2014.0,56.0
Pakistan,2016.0,100.0
Pakistan,2017.0,100.0
Pakistan,2018.0,80.0
Pakistan,2019.0,50.0
Pakistan,2020.0,50.0
Panama,2011.0,83.0
Panama,2012.0,73.0
Panama,2013.0,83.0
Panama,2014.0,100.0
Panama,2015.0,100.0
Panama,2016.0,100.0
Panama,2017.0,100.0
Panama,2018.0,80.0
Panama,2019.0,80.0
Panama,2020.0,80.0
Papua New Guinea,2011.0,40.0
Papua New Guinea,2012.0,73.0
Papua New Guinea,2013.0,73.0
Papua New Guinea,2014.0,90.0
Papua New Guinea,2018.0,70.0
Papua New Guinea,2019.0,10.0
Paraguay,2011.0,80.0
Paraguay,2012.0,80.0
Paraguay,2013.0,90.0
Paraguay,2015.0,100.0
Paraguay,2016.0,100.0
Paraguay,2017.0,100.0
Paraguay,2018.0,90.0
Paraguay,2019.0,100.0
Paraguay,2020.0,100.0
Peru,2012.0,50.0
Peru,2013.0,56.0
Peru,2014.0,83.0
Peru,2015.0,100.0
Peru,2016.0,80.0
Peru,2017.0,100.0
Peru,2018.0,50.0
Peru,2019.0,50.0
Peru,2020.0,50.0
Philippines,2010.0,48.0
Philippines,2011.0,80.0
Philippines,2012.0,100.0
Philippines,2013.0,100.0
Philippines,2014.0,73.0
Philippines,2015.0,80.0
Philippines,2016.0,90.0
Philippines,2017.0,90.0
Philippines,2019.0,40.0
Philippines,2020.0,90.0
Poland,2010.0,48.0
Poland,2011.0,100.0
Poland,2012.0,100.0
Poland,2013.0,100.0
Poland,2014.0,100.0
Poland,2016.0,100.0
Poland,2017.0,100.0
Poland,2019.0,100.0
Poland,2020.0,100.0
Portugal,2011.0,100.0
Portugal,2014.0,100.0
Portugal,2015.0,100.0
Portugal,2016.0,100.0
Portugal,2017.0,100.0
Portugal,2018.0,100.0
Portugal,2019.0,100.0
Portugal,2020.0,100.0
Guinea-Bissau,2014.0,46.0
Guinea-Bissau,2015.0,57.0
Guinea-Bissau,2016.0,47.0
Guinea-Bissau,2017.0,90.0
Guinea-Bissau,2018.0,40.0
Guinea-Bissau,2019.0,20.0
Guinea-Bissau,2020.0,50.0
Timor,2010.0,26.0
Timor,2011.0,30.0
Timor,2012.0,46.0
Timor,2013.0,63.0
Timor,2014.0,70.0
Timor,2015.0,70.0
Timor,2016.0,70.0
Timor,2017.0,100.0
Timor,2018.0,70.0
Timor,2019.0,40.0
Timor,2020.0,60.0
Qatar,2010.0,35.0
Qatar,2011.0,100.0
Qatar,2012.0,83.0
Qatar,2013.0,90.0
Qatar,2014.0,100.0
Qatar,2017.0,100.0
Qatar,2018.0,80.0
Qatar,2019.0,100.0
Qatar,2020.0,100.0
Romania,2010.0,75.0
Romania,2011.0,83.0
Romania,2013.0,46.0
Romania,2014.0,66.0
Romania,2015.0,83.0
Romania,2016.0,83.0
Romania,2017.0,83.0
Romania,2018.0,80.0
Romania,2019.0,90.0
Romania,2020.0,90.0
Russia,2010.0,91.0
Russia,2011.0,100.0
Russia,2014.0,90.0
Russia,2015.0,90.0
Russia,2016.0,100.0
Russia,2018.0,100.0
Russia,2019.0,100.0
Russia,2020.0,100.0
Rwanda,2013.0,16.0
Rwanda,2014.0,26.0
Rwanda,2015.0,10.0
Rwanda,2017.0,73.0
Rwanda,2018.0,90.0
Rwanda,2019.0,90.0
Rwanda,2020.0,90.0
Saint Kitts and Nevis,2012.0,66.0
Saint Kitts and Nevis,2013.0,83.0
Saint Kitts and Nevis,2015.0,100.0
Saint Kitts and Nevis,2017.0,20.0
Saint Kitts and Nevis,2018.0,70.0
Saint Kitts and Nevis,2019.0,80.0
Saint Kitts and Nevis,2020.0,80.0
Saint Lucia,2010.0,40.0
Saint Lucia,2011.0,73.0
Saint Lucia,2012.0,73.0
Saint Lucia,2014.0,20.0
Saint Lucia,2015.0,57.0
Saint Lucia,2016.0,100.0
Saint Lucia,2018.0,90.0
Saint Lucia,2019.0,90.0
Saint Lucia,2020.0,90.0
Saint Vincent and the Grenadines,2012.0,46.0
Saint Vincent and the Grenadines,2013.0,83.0
Saint Vincent and the Grenadines,2014.0,73.0
Saint Vincent and the Grenadines,2015.0,63.0
Saint Vincent and the Grenadines,2016.0,67.0
Saint Vincent and the Grenadines,2018.0,70.0
Saint Vincent and the Grenadines,2019.0,70.0
San Marino,2010.0,61.0
San Marino,2017.0,37.0
San Marino,2018.0,40.0
Sao Tome and Principe,2010.0,38.0
Sao Tome and Principe,2011.0,73.0
Sao Tome and Principe,2012.0,36.0
Sao Tome and Principe,2013.0,46.0
Sao Tome and Principe,2014.0,46.0
Sao Tome and Principe,2015.0,47.0
Sao Tome and Principe,2016.0,47.0
Sao Tome and Principe,2017.0,47.0
Sao Tome and Principe,2018.0,50.0
Sao Tome and Principe,2019.0,40.0
Sao Tome and Principe,2020.0,40.0
Saudi Arabia,2010.0,100.0
Saudi Arabia,2011.0,100.0
Saudi Arabia,2012.0,100.0
Saudi Arabia,2013.0,100.0
Saudi Arabia,2014.0,100.0
Saudi Arabia,2016.0,100.0
Saudi Arabia,2017.0,100.0
Saudi Arabia,2018.0,70.0
Saudi Arabia,2019.0,90.0
Saudi Arabia,2020.0,90.0
Senegal,2011.0,53.0
Senegal,2012.0,53.0
Senegal,2017.0,10.0
Senegal,2018.0,70.0
Senegal,2019.0,80.0
Senegal,2020.0,80.0
Serbia,2011.0,10.0
Serbia,2014.0,30.0
Serbia,2016.0,20.0
Serbia,2017.0,20.0
Serbia,2018.0,80.0
Serbia,2019.0,90.0
Serbia,2020.0,90.0
Seychelles,2010.0,30.0
Seychelles,2011.0,20.0
Seychelles,2012.0,20.0
Seychelles,2013.0,73.0
Seychelles,2014.0,100.0
Seychelles,2015.0,100.0
Seychelles,2016.0,100.0
Seychelles,2017.0,100.0
Seychelles,2018.0,20.0
Seychelles,2019.0,40.0
Seychelles,2020.0,20.0
Sierra Leone,2010.0,58.0
Sierra Leone,2011.0,73.0
Sierra Leone,2013.0,53.0
Sierra Leone,2014.0,70.0
Sierra Leone,2016.0,27.0
Sierra Leone,2017.0,100.0
Sierra Leone,2018.0,50.0
Sierra Leone,2019.0,50.0
Sierra Leone,2020.0,60.0
Singapore,2010.0,100.0
Singapore,2011.0,100.0
Singapore,2012.0,100.0
Singapore,2013.0,100.0
Singapore,2014.0,100.0
Singapore,2015.0,100.0
Singapore,2016.0,100.0
Singapore,2017.0,100.0
Singapore,2018.0,100.0
Singapore,2019.0,100.0
Singapore,2020.0,100.0
Slovakia,2010.0,71.0
Slovakia,2011.0,100.0
Slovakia,2012.0,100.0
Slovakia,2013.0,100.0
Slovakia,2014.0,100.0
Slovakia,2015.0,100.0
Slovakia,2016.0,100.0
Slovakia,2017.0,100.0
Slovakia,2018.0,70.0
Slovakia,2019.0,80.0
Slovakia,2020.0,40.0
Vietnam,2010.0,71.0
Vietnam,2011.0,100.0
Vietnam,2012.0,46.0
Vietnam,2013.0,83.0
Vietnam,2014.0,100.0
Vietnam,2015.0,100.0
Vietnam,2016.0,100.0
Vietnam,2017.0,100.0
Vietnam,2018.0,80.0
Vietnam,2019.0,70.0
Vietnam,2020.0,80.0
Slovenia,2010.0,40.0
Slovenia,2011.0,20.0
Slovenia,2012.0,30.0
Slovenia,2013.0,20.0
Slovenia,2014.0,53.0
Slovenia,2015.0,73.0
Slovenia,2016.0,73.0
Slovenia,2017.0,90.0
Slovenia,2018.0,90.0
Slovenia,2019.0,100.0
Somalia,2013.0,10.0
Somalia,2014.0,10.0
Somalia,2017.0,10.0
Somalia,2018.0,50.0
South Africa,2010.0,83.0
South Africa,2011.0,73.0
South Africa,2012.0,73.0
South Africa,2013.0,73.0
South Africa,2014.0,100.0
South Africa,2015.0,100.0
South Africa,2017.0,100.0
South Africa,2018.0,50.0
South Africa,2019.0,50.0
South Africa,2020.0,70.0
Zimbabwe,2011.0,26.0
Zimbabwe,2014.0,56.0
Zimbabwe,2016.0,73.0
Zimbabwe,2017.0,67.0
Zimbabwe,2018.0,50.0
Zimbabwe,2019.0,50.0
Zimbabwe,2020.0,40.0
Small island developing States (SIDS),2010.0,71.0
Small island developing States (SIDS),2011.0,70.0
Small island developing States (SIDS),2012.0,67.0
Small island developing States (SIDS),2013.0,74.0
Small island developing States (SIDS),2014.0,75.0
Small island developing States (SIDS),2015.0,84.0
Small island developing States (SIDS),2016.0,82.0
Small island developing States (SIDS),2017.0,75.0
Small island developing States (SIDS),2018.0,62.0
Small island developing States (SIDS),2019.0,60.0
Small island developing States (SIDS),2020.0,61.0
Spain,2010.0,50.0
Spain,2011.0,40.0
Spain,2012.0,83.0
Spain,2013.0,83.0
Spain,2014.0,100.0
Spain,2015.0,100.0
Spain,2016.0,100.0
Spain,2017.0,100.0
Spain,2018.0,100.0
Spain,2019.0,100.0
Spain,2020.0,100.0
South Sudan,2013.0,46.0
South Sudan,2014.0,63.0
South Sudan,2015.0,80.0
South Sudan,2017.0,57.0
South Sudan,2018.0,40.0
South Sudan,2019.0,40.0
South Sudan,2020.0,40.0
Sudan,2010.0,48.0
Sudan,2011.0,46.0
Sudan,2012.0,56.0
Sudan,2013.0,100.0
Sudan,2014.0,100.0
Sudan,2017.0,100.0
Sudan,2018.0,90.0
Sudan,2019.0,90.0
Sudan,2020.0,60.0
Suriname,2011.0,66.0
Suriname,2012.0,66.0
Suriname,2013.0,83.0
Suriname,2014.0,83.0
Suriname,2015.0,83.0
Suriname,2016.0,83.0
Suriname,2017.0,83.0
Suriname,2018.0,90.0
Suriname,2019.0,70.0
Suriname,2020.0,70.0
Northern Africa and Western Asia,2010.0,67.0
Northern Africa and Western Asia,2011.0,78.0
Northern Africa and Western Asia,2012.0,80.0
Northern Africa and Western Asia,2013.0,86.0
Northern Africa and Western Asia,2014.0,90.0
Northern Africa and Western Asia,2015.0,95.0
Northern Africa and Western Asia,2016.0,92.0
Northern Africa and Western Asia,2017.0,87.0
Northern Africa and Western Asia,2018.0,79.0
Northern Africa and Western Asia,2019.0,79.0
Northern Africa and Western Asia,2020.0,76.0
Eswatini,2010.0,56.0
Eswatini,2011.0,53.0
Eswatini,2012.0,26.0
Eswatini,2013.0,36.0
Eswatini,2014.0,36.0
Eswatini,2015.0,47.0
Eswatini,2017.0,100.0
Eswatini,2018.0,30.0
Eswatini,2019.0,20.0
Eswatini,2020.0,20.0
Sweden,2010.0,83.0
Sweden,2011.0,100.0
Sweden,2012.0,100.0
Sweden,2013.0,73.0
Sweden,2014.0,73.0
Sweden,2015.0,73.0
Sweden,2016.0,73.0
Sweden,2017.0,73.0
Sweden,2018.0,100.0
Sweden,2019.0,100.0
Sweden,2020.0,100.0
Eastern and South-Eastern Asia,2010.0,74.0
Eastern and South-Eastern Asia,2011.0,84.0
Eastern and South-Eastern Asia,2012.0,76.0
Eastern and South-Eastern Asia,2013.0,87.0
Eastern and South-Eastern Asia,2014.0,86.0
Eastern and South-Eastern Asia,2015.0,88.0
Eastern and South-Eastern Asia,2016.0,90.0
Eastern and South-Eastern Asia,2017.0,91.0
Eastern and South-Eastern Asia,2018.0,77.0
Eastern and South-Eastern Asia,2019.0,76.0
Eastern and South-Eastern Asia,2020.0,81.0
Switzerland,2010.0,66.0
Switzerland,2011.0,100.0
Switzerland,2012.0,100.0
Switzerland,2013.0,100.0
Switzerland,2014.0,100.0
Switzerland,2015.0,100.0
Switzerland,2016.0,100.0
Switzerland,2017.0,100.0
Switzerland,2019.0,100.0
Syria,2010.0,20.0
Syria,2011.0,36.0
Syria,2012.0,53.0
Syria,2013.0,53.0
Syria,2014.0,63.0
Syria,2017.0,43.0
Syria,2018.0,90.0
Syria,2019.0,40.0
Syria,2020.0,40.0
Tajikistan,2011.0,100.0
Tajikistan,2012.0,90.0
Tajikistan,2014.0,100.0
Tajikistan,2015.0,100.0
Tajikistan,2018.0,40.0
Tajikistan,2019.0,70.0
Thailand,2010.0,100.0
Thailand,2011.0,100.0
Thailand,2012.0,90.0
Thailand,2013.0,100.0
Thailand,2014.0,90.0
Thailand,2016.0,90.0
Thailand,2017.0,80.0
Thailand,2018.0,90.0
Thailand,2019.0,90.0
Thailand,2020.0,90.0
Togo,2010.0,10.0
Togo,2011.0,36.0
Togo,2013.0,83.0
Togo,2014.0,90.0
Togo,2015.0,100.0
Togo,2017.0,83.0
Togo,2018.0,30.0
Togo,2019.0,40.0
Togo,2020.0,40.0
Tonga,2010.0,100.0
Tonga,2011.0,83.0
Tonga,2012.0,100.0
Tonga,2013.0,100.0
Tonga,2018.0,50.0
Tonga,2020.0,50.0
Trinidad and Tobago,2010.0,83.0
Trinidad and Tobago,2012.0,56.0
Trinidad and Tobago,2013.0,40.0
Trinidad and Tobago,2014.0,56.0
Trinidad and Tobago,2015.0,57.0
Trinidad and Tobago,2016.0,57.0
Trinidad and Tobago,2017.0,63.0
Trinidad and Tobago,2018.0,100.0
Trinidad and Tobago,2019.0,80.0
United Arab Emirates,2010.0,66.0
United Arab Emirates,2011.0,63.0
United Arab Emirates,2012.0,63.0
United Arab Emirates,2013.0,100.0
United Arab Emirates,2014.0,100.0
United Arab Emirates,2015.0,100.0
United Arab Emirates,2016.0,100.0
United Arab Emirates,2017.0,100.0
United Arab Emirates,2018.0,100.0
United Arab Emirates,2019.0,100.0
United Arab Emirates,2020.0,100.0
Tunisia,2011.0,90.0
Tunisia,2012.0,100.0
Tunisia,2013.0,80.0
Tunisia,2014.0,80.0
Tunisia,2016.0,63.0
Tunisia,2017.0,47.0
Tunisia,2018.0,70.0
Tunisia,2019.0,70.0
Tunisia,2020.0,70.0
Turkey,2010.0,40.0
Turkey,2012.0,100.0
Turkey,2014.0,73.0
Turkey,2016.0,100.0
Turkey,2017.0,100.0
Turkey,2018.0,70.0
Turkey,2019.0,70.0
Turkey,2020.0,100.0
Turkmenistan,2011.0,100.0
Turkmenistan,2014.0,100.0
Turkmenistan,2018.0,70.0
Turkmenistan,2019.0,70.0
Turkmenistan,2020.0,70.0
Tuvalu,2012.0,100.0
Tuvalu,2013.0,83.0
Tuvalu,2015.0,100.0
Tuvalu,2017.0,83.0
Tuvalu,2018.0,30.0
Tuvalu,2020.0,30.0
Uganda,2010.0,55.0
Uganda,2011.0,100.0
Uganda,2012.0,70.0
Uganda,2013.0,100.0
Uganda,2017.0,53.0
Uganda,2018.0,50.0
Uganda,2019.0,50.0
Uganda,2020.0,60.0
Ukraine,2015.0,100.0
Ukraine,2017.0,30.0
Ukraine,2018.0,90.0
Ukraine,2019.0,70.0
Ukraine,2020.0,90.0
North Macedonia,2011.0,10.0
North Macedonia,2013.0,63.0
North Macedonia,2014.0,90.0
North Macedonia,2015.0,90.0
North Macedonia,2016.0,100.0
North Macedonia,2017.0,100.0
North Macedonia,2018.0,90.0
North Macedonia,2019.0,60.0
Egypt,2010.0,100.0
Egypt,2011.0,66.0
Egypt,2012.0,83.0
Egypt,2013.0,100.0
Egypt,2014.0,100.0
Egypt,2016.0,83.0
Egypt,2017.0,100.0
Egypt,2018.0,90.0
Egypt,2019.0,90.0
Egypt,2020.0,90.0
United Kingdom,2016.0,90.0
United Kingdom,2017.0,90.0
United Kingdom,2018.0,90.0
United Kingdom,2019.0,90.0
United Kingdom,2020.0,90.0
Tanzania,2011.0,20.0
Tanzania,2012.0,20.0
Tanzania,2013.0,40.0
Tanzania,2014.0,66.0
Tanzania,2015.0,57.0
Tanzania,2017.0,80.0
Tanzania,2018.0,60.0
Tanzania,2019.0,60.0
Tanzania,2020.0,60.0
United States,2010.0,75.0
United States,2011.0,100.0
United States,2012.0,100.0
United States,2013.0,100.0
United States,2014.0,100.0
United States,2015.0,100.0
United States,2016.0,100.0
United States,2017.0,100.0
United States,2018.0,100.0
United States,2019.0,100.0
United States,2020.0,100.0
Burkina Faso,2012.0,53.0
Burkina Faso,2013.0,80.0
Burkina Faso,2014.0,46.0
Burkina Faso,2017.0,27.0
Burkina Faso,2018.0,30.0
Burkina Faso,2019.0,40.0
Burkina Faso,2020.0,70.0
Uruguay,2013.0,83.0
Uruguay,2015.0,100.0
Uruguay,2016.0,100.0
Uruguay,2017.0,100.0
Uruguay,2018.0,90.0
Uruguay,2019.0,90.0
Uruguay,2020.0,50.0
Uzbekistan,2011.0,100.0
Uzbekistan,2014.0,46.0
Uzbekistan,2018.0,30.0
Uzbekistan,2019.0,40.0
Uzbekistan,2020.0,50.0
Venezuela,2011.0,73.0
Venezuela,2012.0,73.0
Venezuela,2013.0,90.0
Venezuela,2014.0,90.0
Venezuela,2015.0,90.0
Venezuela,2016.0,90.0
Venezuela,2017.0,90.0
Venezuela,2018.0,90.0
Venezuela,2019.0,90.0
Venezuela,2020.0,90.0
Samoa,2011.0,80.0
Samoa,2012.0,90.0
Samoa,2013.0,100.0
Samoa,2014.0,100.0
Samoa,2015.0,100.0
Samoa,2018.0,70.0
Yemen,2012.0,56.0
Yemen,2013.0,46.0
Yemen,2014.0,46.0
Yemen,2017.0,47.0
Yemen,2018.0,40.0
Yemen,2019.0,40.0
Yemen,2020.0,40.0
Zambia,2011.0,50.0
Zambia,2012.0,83.0
Zambia,2013.0,100.0
Zambia,2014.0,100.0
Zambia,2017.0,63.0
Zambia,2018.0,40.0
Zambia,2019.0,80.0
Zambia,2020.0,70.0
