country,year,value
Afghanistan,2011.0,16.77315
Afghanistan,2015.0,25.60548
Albania,2009.0,54.05224
Albania,2017.0,79.29263
Algeria,2013.0,35.61695
Angola,2015.0,48.70115
Azerbaijan,2006.0,93.20489
Bangladesh,2006.0,12.92118
Bangladesh,2011.0,18.69095
Bangladesh,2014.0,28.45084
Armenia,2006.0,31.23062
Barbados,2012.0,100.0
Bhutan,2010.0,25.42792
Bolivia,2000.0,11.74
Bolivia,2001.0,23.26
Bolivia,2002.0,6.77
Bolivia,2003.0,57.14389
Bolivia,2004.0,33.32
Bolivia,2005.0,25.7
Bolivia,2006.0,22.12
Bolivia,2007.0,43.46
Bolivia,2008.0,68.94225
Bolivia,2009.0,28.15
Bolivia,2011.0,40.28
Bolivia,2012.0,43.32
Bolivia,2013.0,39.16
Bolivia,2014.0,37.65
Bolivia,2015.0,56.36
Bolivia,2016.0,46.18
Bolivia,2017.0,45.83
Bolivia,2018.0,51.61
Bosnia and Herzegovina,2012.0,97.60803
Brazil,2001.0,18.51
Brazil,2002.0,22.02
Brazil,2003.0,23.75
Brazil,2004.0,28.13
Brazil,2005.0,28.55
Brazil,2006.0,36.49
Brazil,2007.0,38.31
Brazil,2008.0,39.98
Brazil,2009.0,43.98
Brazil,2011.0,46.13
Brazil,2012.0,50.22
Brazil,2013.0,50.05
Brazil,2014.0,53.87
Brazil,2015.0,56.8
Brazil,2016.0,54.72
Brazil,2017.0,54.92
Brazil,2018.0,58.75
Belize,2016.0,62.60384
Myanmar,2016.0,16.96929
Burundi,2000.0,2.52101
Burundi,2010.0,3.18047
Burundi,2017.0,11.14913
Cambodia,2005.0,6.94965
Cambodia,2010.0,18.12703
Cambodia,2014.0,23.72524
Cameroon,2004.0,7.39396
Cameroon,2006.0,4.63766
Cameroon,2011.0,12.81881
Cameroon,2014.0,11.36109
Central African Republic,2006.0,3.37273
Central African Republic,2010.0,1.34522
Sri Lanka,2006.0,38.19289
Chad,2004.0,0.94362
Chad,2014.0,2.47354
Chile,2000.0,40.97
Chile,2003.0,50.09
Chile,2006.0,67.07
Chile,2009.0,72.82
Chile,2011.0,76.37
Chile,2013.0,78.91
Chile,2015.0,82.94
Chile,2017.0,80.39
Colombia,2002.0,25.45
Colombia,2003.0,30.15
Colombia,2004.0,27.54
Colombia,2005.0,86.95282
Colombia,2008.0,31.07
Colombia,2009.0,31.58
Colombia,2011.0,37.13
Colombia,2012.0,41.46
Colombia,2013.0,41.49
Colombia,2014.0,42.03
Colombia,2016.0,49.34
Colombia,2017.0,47.95
Colombia,2018.0,50.67
Comoros,2012.0,24.80311
Congo,2012.0,1.81758
Congo,2015.0,9.82167
Democratic Republic of Congo,2007.0,11.81027
Democratic Republic of Congo,2010.0,10.00054
Democratic Republic of Congo,2013.0,17.98795
Costa Rica,2000.0,22.6
Costa Rica,2001.0,21.66
Costa Rica,2002.0,24.29
Costa Rica,2003.0,27.46
Costa Rica,2004.0,19.76
Costa Rica,2005.0,28.63
Costa Rica,2006.0,32.76
Costa Rica,2007.0,28.6
Costa Rica,2008.0,36.25
Costa Rica,2009.0,35.9
Costa Rica,2010.0,42.62
Costa Rica,2011.0,61.46534
Costa Rica,2012.0,46.1
Costa Rica,2013.0,50.28
Costa Rica,2014.0,44.63
Costa Rica,2015.0,46.02
Costa Rica,2016.0,43.34
Costa Rica,2017.0,63.33
Costa Rica,2018.0,63.71
Benin,2006.0,3.96121
Benin,2011.0,6.70402
Benin,2014.0,3.61482
Benin,2018.0,4.91646
Dominican Republic,2000.0,24.8
Dominican Republic,2001.0,19.24
Dominican Republic,2002.0,20.6
Dominican Republic,2003.0,31.45
Dominican Republic,2004.0,25.72
Dominican Republic,2005.0,34.89
Dominican Republic,2006.0,35.87
Dominican Republic,2007.0,52.63786
Dominican Republic,2008.0,36.01
Dominican Republic,2009.0,34.46
Dominican Republic,2010.0,43.82
Dominican Republic,2011.0,41.58
Dominican Republic,2012.0,34.41
Dominican Republic,2013.0,61.98044
Dominican Republic,2014.0,70.77093
Dominican Republic,2015.0,51.84
Dominican Republic,2016.0,65.85
Dominican Republic,2017.0,52.78
Dominican Republic,2018.0,48.91
Ecuador,2001.0,21.54
Ecuador,2003.0,19.15
Ecuador,2005.0,26.11
Ecuador,2006.0,23.83
Ecuador,2007.0,24.95
Ecuador,2008.0,31.49
Ecuador,2009.0,32.95
Ecuador,2010.0,34.67
Ecuador,2011.0,49.49
Ecuador,2012.0,46.07
Ecuador,2013.0,48.65
Ecuador,2014.0,54.08
Ecuador,2015.0,49.76
Ecuador,2016.0,53.89
Ecuador,2017.0,53.93
Ecuador,2018.0,56.71
El Salvador,2000.0,16.6
El Salvador,2001.0,21.0
El Salvador,2002.0,15.72
El Salvador,2003.0,17.53
El Salvador,2004.0,24.55
El Salvador,2005.0,23.0
El Salvador,2006.0,22.19
El Salvador,2009.0,28.65
El Salvador,2010.0,31.43
El Salvador,2012.0,39.73
El Salvador,2013.0,37.22
El Salvador,2014.0,40.5
El Salvador,2015.0,39.16
El Salvador,2016.0,41.56
El Salvador,2017.0,43.86
El Salvador,2018.0,48.04
Ethiopia,2005.0,0.58674
Ethiopia,2011.0,5.75364
Ethiopia,2016.0,8.16028
Gabon,2012.0,19.37943
Gambia,2006.0,12.49047
Gambia,2010.0,8.98219
Gambia,2013.0,6.81336
Palestine,2014.0,67.80488
Ghana,2009.0,29.39172
Ghana,2015.0,56.73269
Guatemala,2000.0,2.7
Guatemala,2006.0,8.38
Guatemala,2014.0,18.41
Guatemala,2015.0,47.27188
Guinea,2005.0,2.99256
Guinea,2012.0,11.47603
Guinea,2016.0,7.34861
Guyana,2006.0,60.77026
Guyana,2009.0,59.50205
Guyana,2014.0,69.5193
Haiti,2005.0,9.53571
Haiti,2012.0,7.02384
Haiti,2017.0,12.87411
Honduras,2001.0,5.87
Honduras,2004.0,8.46
Honduras,2005.0,8.74
Honduras,2009.0,18.48
Honduras,2010.0,17.0
Honduras,2011.0,50.68938
Honduras,2012.0,27.44
Honduras,2013.0,24.83
Honduras,2014.0,22.92
Honduras,2015.0,23.87
Honduras,2016.0,24.85
Honduras,2018.0,23.35
India,2006.0,29.46176
India,2016.0,55.33012
Indonesia,2003.0,34.70986
Indonesia,2008.0,43.72392
Indonesia,2017.0,76.66937
Iraq,2011.0,16.85646
Cote d'Ivoire,2006.0,1.25812
Cote d'Ivoire,2012.0,5.16369
Cote d'Ivoire,2016.0,5.25973
Jamaica,2011.0,95.60054
Kazakhstan,2006.0,95.71281
Kazakhstan,2011.0,95.82175
Kazakhstan,2015.0,97.39747
Jordan,2007.0,73.61703
Kenya,2003.0,29.30375
Kenya,2008.0,40.17688
Kenya,2014.0,48.5455
Kyrgyzstan,2006.0,76.14783
Kyrgyzstan,2012.0,78.87504
Kyrgyzstan,2014.0,80.08893
Laos,2006.0,19.4135
Laos,2012.0,23.42534
Laos,2017.0,37.22792
Lesotho,2005.0,12.05821
Lesotho,2009.0,24.01648
Lesotho,2014.0,11.09326
Liberia,2007.0,7.46474
Liberia,2013.0,5.70436
Madagascar,2009.0,2.9352
Malawi,2004.0,10.7401
Malawi,2010.0,15.67988
Malawi,2016.0,14.92786
Maldives,2008.0,13.49636
Maldives,2017.0,28.91403
Mali,2006.0,1.2477
Mali,2013.0,6.02562
Mali,2015.0,13.60505
Mauritania,2007.0,9.20661
Mauritania,2011.0,23.15169
Mauritania,2015.0,35.23539
Mexico,2000.0,8.14
Mexico,2002.0,16.41
Mexico,2004.0,25.28
Mexico,2006.0,31.97
Mexico,2008.0,25.17
Mexico,2010.0,32.97
Mexico,2012.0,37.18
Mexico,2014.0,39.53
Mexico,2016.0,62.31415
Mexico,2018.0,45.59
Mongolia,2014.0,78.58112
Moldova,2005.0,70.3914
Moldova,2012.0,67.80505
Morocco,2004.0,27.44971
Mozambique,2003.0,1.25622
Mozambique,2008.0,3.41283
Mozambique,2011.0,2.50793
Namibia,2007.0,21.92821
Namibia,2013.0,36.07997
Nepal,2007.0,4.54065
Vanuatu,2007.0,6.94418
Nicaragua,2001.0,8.35
Nicaragua,2005.0,11.86
Nicaragua,2009.0,12.16
Nicaragua,2014.0,26.23
Niger,2012.0,0.08369
Nigeria,2003.0,36.6673
Nigeria,2007.0,49.98533
Nigeria,2008.0,57.28571
Nigeria,2011.0,60.91654
Nigeria,2013.0,63.64685
Nigeria,2016.0,69.47707
Pakistan,2007.0,18.39992
Pakistan,2012.0,22.07679
Pakistan,2018.0,27.44212
Panama,2000.0,40.02
Panama,2001.0,31.46
Panama,2002.0,26.42
Panama,2003.0,32.43
Panama,2004.0,39.09
Panama,2005.0,32.51
Panama,2006.0,36.43
Panama,2007.0,44.53
Panama,2008.0,40.2
Panama,2009.0,40.21
Panama,2011.0,53.32
Panama,2013.0,43.23
Panama,2014.0,50.04
Panama,2015.0,54.4
Panama,2016.0,63.78
Panama,2017.0,54.94
Panama,2018.0,58.62
Paraguay,2001.0,14.32
Paraguay,2003.0,25.6
Paraguay,2004.0,27.72
Paraguay,2005.0,34.88
Paraguay,2006.0,34.58
Paraguay,2007.0,30.98
Paraguay,2008.0,38.69
Paraguay,2009.0,36.96
Paraguay,2010.0,42.85
Paraguay,2011.0,51.26
Paraguay,2012.0,38.85
Paraguay,2013.0,41.05
Paraguay,2014.0,44.67
Paraguay,2015.0,45.97
Paraguay,2016.0,77.09631
Paraguay,2017.0,50.95
Paraguay,2018.0,49.26
Peru,2000.0,42.98
Peru,2001.0,38.12
Peru,2002.0,33.75
Peru,2003.0,35.35
Peru,2004.0,38.54
Peru,2005.0,45.17
Peru,2006.0,43.56
Peru,2007.0,46.67
Peru,2008.0,54.93
Peru,2009.0,56.17
Peru,2010.0,56.79
Peru,2011.0,60.57
Peru,2012.0,63.38
Peru,2013.0,68.89
Peru,2014.0,65.9
Peru,2015.0,73.06
Peru,2016.0,68.75
Peru,2017.0,72.33
Peru,2018.0,75.83
Philippines,2004.0,74.42751
Philippines,2018.0,91.27175
Guinea-Bissau,2014.0,2.15595
Timor-Leste,2009.0,54.47318
Timor-Leste,2016.0,52.45591
Rwanda,2005.0,2.11106
Rwanda,2010.0,6.45687
Rwanda,2015.0,17.72468
Saint Lucia,2012.0,92.20089
Sao Tome and Principe,2009.0,13.94632
Sao Tome and Principe,2014.0,7.26433
Senegal,2016.0,3.1764
Senegal,2017.0,5.53698
Serbia,2011.0,69.13671
Serbia,2014.0,88.31146
Sierra Leone,2008.0,0.46816
Sierra Leone,2013.0,6.66663
Sierra Leone,2017.0,13.98472
Vietnam,2011.0,45.67261
Vietnam,2014.0,73.04821
South Africa,2016.0,70.94489
Zimbabwe,2005.0,4.48174
Zimbabwe,2010.0,9.71167
Zimbabwe,2015.0,7.53611
South Sudan,2010.0,4.72844
Sudan,2014.0,32.73782
Suriname,2010.0,22.85124
Eswatini,2006.0,25.74643
Eswatini,2010.0,33.2267
Eswatini,2014.0,34.0337
Syria,2006.0,40.61433
Tajikistan,2006.0,58.49572
Tajikistan,2012.0,61.88132
Tajikistan,2017.0,73.39169
Thailand,2013.0,58.66764
Thailand,2016.0,66.25919
Togo,2006.0,2.92385
Togo,2010.0,6.97359
Togo,2014.0,16.96257
Tunisia,2012.0,58.51222
Turkey,2004.0,42.15062
Turkey,2014.0,61.0206
Turkmenistan,2016.0,99.50503
Uganda,2006.0,7.77849
Uganda,2011.0,7.78821
Uganda,2016.0,13.20133
North Macedonia,2011.0,77.74821
Egypt,2005.0,34.86037
Egypt,2009.0,39.03365
Egypt,2014.0,55.39892
Tanzania,2004.0,0.5356
Tanzania,2010.0,4.6811
Tanzania,2015.0,11.00627
Burkina Faso,2003.0,0.31466
Burkina Faso,2010.0,0.22749
Uruguay,2008.0,19.05
Uruguay,2009.0,23.96
Uruguay,2010.0,25.26
Uruguay,2011.0,41.68
Uruguay,2012.0,39.83
Uruguay,2014.0,37.62
Uruguay,2015.0,24.49
Uruguay,2016.0,40.2
Uruguay,2017.0,40.6
Uruguay,2018.0,25.97
Uzbekistan,2006.0,77.09267
Yemen,2006.0,33.78742
Yemen,2013.0,34.41975
Zambia,2001.0,13.9727
Zambia,2007.0,22.64587
Zambia,2013.0,31.37596
