country,year,value
Afghanistan,2011.0,0
Afghanistan,2015.0,0.86324
Albania,2009.0,0
Albania,2017.0,0.95029
Algeria,2013.0,0.97279
Angola,2015.0,1.52686
Azerbaijan,2006.0,1.12919
Bangladesh,2006.0,1.00087
Bangladesh,2011.0,0.89149
Bangladesh,2014.0,0.83604
Bangladesh,2019.0,1.06126
Armenia,2006.0,1.01605
Armenia,2011.0,0.99437
Armenia,2016.0,1.05013
Barbados,2012.0,0
Bhutan,2010.0,0
Bolivia,2000.0,0.33111
Bolivia,2001.0,0.48174
Bolivia,2002.0,0.46616
Bolivia,2003.0,0.68721
Bolivia,2004.0,0.66075
Bolivia,2005.0,0.75771
Bolivia,2006.0,0.76771
Bolivia,2007.0,0.87936
Bolivia,2008.0,1.02788
Bolivia,2009.0,0.85229
Bolivia,2011.0,0.87631
Bolivia,2012.0,0.95484
Bolivia,2013.0,0.96329
Bolivia,2014.0,0.87962
Bolivia,2015.0,0.95488
Bolivia,2016.0,0.90164
Bolivia,2017.0,0.89012
Bolivia,2018.0,0.93821
Bosnia and Herzegovina,2012.0,0
Brazil,2001.0,0.76066
Brazil,2002.0,0.82336
Brazil,2003.0,0.8706
Brazil,2004.0,0.83861
Brazil,2005.0,0.88791
Brazil,2006.0,0.92421
Brazil,2007.0,0.92275
Brazil,2008.0,0.91453
Brazil,2009.0,0.91587
Brazil,2011.0,0.95052
Brazil,2012.0,0.95986
Brazil,2013.0,0.98234
Brazil,2014.0,0.98365
Brazil,2015.0,0.97991
Brazil,2016.0,0.94653
Brazil,2017.0,0.94303
Brazil,2018.0,0.97584
Belize,2016.0,1.10278
Myanmar,2016.0,1.20561
Burundi,2000.0,0
Burundi,2010.0,0
Burundi,2017.0,0
Belarus,2012.0,1
Cambodia,2005.0,0.97921
Cambodia,2010.0,1.038
Cambodia,2014.0,0.61925
Cameroon,2004.0,0.70633
Cameroon,2006.0,0.75699
Cameroon,2011.0,0
Cameroon,2014.0,0.52951
Cameroon,2018.0,0.50546
Central African Republic,2006.0,1.02903
Central African Republic,2010.0,0.53762
Sri Lanka,2006.0,1.04809
Chad,2004.0,0
Chad,2014.0,0.74958
Chile,2000.0,0.95187
Chile,2003.0,0.98827
Chile,2006.0,1.0098
Chile,2009.0,1.00264
Chile,2011.0,1.02063
Chile,2013.0,1.01864
Chile,2015.0,1.0114
Chile,2017.0,1.01868
Colombia,2002.0,0.77727
Colombia,2003.0,0.74587
Colombia,2004.0,0.8155
Colombia,2005.0,0.94253
Colombia,2008.0,0.85901
Colombia,2009.0,0.81736
Colombia,2010.0,1.00715
Colombia,2011.0,0.84654
Colombia,2012.0,0.86515
Colombia,2013.0,0.87964
Colombia,2014.0,0.89235
Colombia,2015.0,1.01638
Colombia,2016.0,0.89535
Colombia,2017.0,0.87561
Colombia,2018.0,0.90974
Comoros,2012.0,0.88278
Congo,2005.0,0.7733
Congo,2012.0,0
Congo,2015.0,0
Democratic Republic of Congo,2007.0,0.85151
Democratic Republic of Congo,2010.0,0.49329
Democratic Republic of Congo,2013.0,0.72285
Democratic Republic of Congo,2018.0,0.631
Costa Rica,2000.0,0.92299
Costa Rica,2001.0,0.88848
Costa Rica,2002.0,0.80112
Costa Rica,2003.0,0.87489
Costa Rica,2004.0,0.91194
Costa Rica,2005.0,0.95432
Costa Rica,2006.0,0.93852
Costa Rica,2007.0,0.91211
Costa Rica,2008.0,0.90915
Costa Rica,2009.0,0.90586
Costa Rica,2010.0,0.88875
Costa Rica,2011.0,0.85253
Costa Rica,2012.0,0.96606
Costa Rica,2013.0,0.95244
Costa Rica,2014.0,0.9646
Costa Rica,2015.0,0.93333
Costa Rica,2016.0,0.94118
Costa Rica,2017.0,0.97399
Costa Rica,2018.0,0.98766
Cuba,2014.0,0
Benin,2006.0,1.18375
Benin,2011.0,0.8759
Benin,2014.0,0.73855
Benin,2018.0,0.7243
Dominican Republic,2000.0,0.54447
Dominican Republic,2001.0,0.92817
Dominican Republic,2002.0,0.76354
Dominican Republic,2003.0,0.91925
Dominican Republic,2004.0,0.77393
Dominican Republic,2005.0,0.81424
Dominican Republic,2006.0,0.89424
Dominican Republic,2007.0,1.04067
Dominican Republic,2008.0,0.89035
Dominican Republic,2009.0,0.83417
Dominican Republic,2010.0,0.76499
Dominican Republic,2011.0,0.81169
Dominican Republic,2012.0,0.77656
Dominican Republic,2013.0,0.91925
Dominican Republic,2014.0,0.99154
Dominican Republic,2015.0,0.95827
Dominican Republic,2016.0,0.94092
Dominican Republic,2017.0,0.9166
Dominican Republic,2018.0,0.97415
Ecuador,2001.0,0.92391
Ecuador,2003.0,0.86334
Ecuador,2005.0,0.96065
Ecuador,2006.0,0.95343
Ecuador,2007.0,0.93495
Ecuador,2008.0,0.9518
Ecuador,2009.0,0.94521
Ecuador,2010.0,0.96233
Ecuador,2011.0,0.98412
Ecuador,2012.0,0.94678
Ecuador,2013.0,0.97696
Ecuador,2014.0,1.00893
Ecuador,2015.0,0.97653
Ecuador,2016.0,0.99929
Ecuador,2017.0,0.98984
Ecuador,2018.0,0.99191
El Salvador,2000.0,0.5588
El Salvador,2001.0,0.63482
El Salvador,2002.0,0.64886
El Salvador,2003.0,0.65608
El Salvador,2004.0,0.71201
El Salvador,2005.0,0.73833
El Salvador,2006.0,0.68534
El Salvador,2009.0,0.77584
El Salvador,2010.0,0.78245
El Salvador,2012.0,0.86825
El Salvador,2013.0,0.86013
El Salvador,2014.0,0.8996
El Salvador,2015.0,0.90113
El Salvador,2016.0,0.86188
El Salvador,2017.0,0.88608
El Salvador,2018.0,0.93563
Ethiopia,2000.0,0
Ethiopia,2005.0,0
Ethiopia,2011.0,0.29586
Ethiopia,2016.0,0.26923
Djibouti,2006.0,0
Gabon,2012.0,0.28834
Georgia,2018.0,1
Gambia,2006.0,0
Gambia,2010.0,0.64673
Gambia,2013.0,0.81911
Gambia,2018.0,0.64653
Palestine,2014.0,0
Ghana,2009.0,0.92999
Ghana,2014.0,0.93301
Ghana,2018.0,0.82346
Guatemala,2000.0,0.4352
Guatemala,2006.0,0.4867
Guatemala,2014.0,0.76295
Guatemala,2015.0,0.90278
Guinea,2005.0,0
Guinea,2012.0,0
Guinea,2016.0,0
Guinea,2018.0,0
Guyana,2006.0,0
Guyana,2009.0,0
Guyana,2014.0,1.03003
Haiti,2005.0,0
Haiti,2012.0,0
Haiti,2017.0,0
Honduras,2001.0,0.68791
Honduras,2004.0,0.60555
Honduras,2005.0,0.74163
Honduras,2009.0,0.73603
Honduras,2010.0,0.76466
Honduras,2011.0,1.04909
Honduras,2012.0,0.94029
Honduras,2013.0,0.88425
Honduras,2014.0,0.82222
Honduras,2015.0,0.83716
Honduras,2016.0,0.93405
Honduras,2018.0,0.97154
India,2006.0,1.05916
India,2016.0,1.12818
Indonesia,2003.0,1.04441
Indonesia,2008.0,1.06619
Indonesia,2017.0,0.98569
Iraq,2011.0,0.81174
Iraq,2018.0,0.98637
Cote d'Ivoire,2006.0,1.17454
Cote d'Ivoire,2012.0,0
Cote d'Ivoire,2016.0,0
Jamaica,2011.0,1.0369
Kazakhstan,2006.0,0.99432
Kazakhstan,2011.0,1.02208
Kazakhstan,2015.0,1
Jordan,2007.0,1.0123
Jordan,2018.0,1.00393
Kenya,2003.0,1.05481
Kenya,2008.0,0
Kenya,2014.0,0.79615
Kyrgyzstan,2006.0,0.99836
Kyrgyzstan,2012.0,0.99898
Kyrgyzstan,2014.0,1.02631
Kyrgyzstan,2018.0,1
Laos,2006.0,0
Laos,2012.0,0.51152
Laos,2017.0,0.69279
Lesotho,2005.0,0
Lesotho,2009.0,0
Lesotho,2014.0,0
Lesotho,2018.0,0
Liberia,2007.0,0
Liberia,2013.0,1.30946
Madagascar,2009.0,0
Madagascar,2018.0,0.61133
Malawi,2004.0,0
Malawi,2010.0,1.25803
Malawi,2016.0,0.92757
Maldives,2008.0,0
Maldives,2017.0,0
Mali,2006.0,0.52363
Mali,2013.0,0
Mali,2015.0,0.59396
Mali,2018.0,0
Mauritania,2007.0,0
Mauritania,2011.0,0
Mauritania,2015.0,0.47011
Mexico,2000.0,0.68191
Mexico,2002.0,0.99534
Mexico,2004.0,1.00742
Mexico,2006.0,0.86194
Mexico,2008.0,0.93041
Mexico,2010.0,0.90831
Mexico,2012.0,0.96349
Mexico,2014.0,0.93697
Mexico,2016.0,1.12742
Mexico,2018.0,0.98927
Mongolia,2006.0,0
Mongolia,2014.0,0.96556
Mongolia,2018.0,0.99091
Moldova,2005.0,0
Moldova,2012.0,0
Montenegro,2013.0,0
Montenegro,2018.0,1.0555
Morocco,2004.0,0
Mozambique,2003.0,0.37394
Mozambique,2008.0,1.03622
Mozambique,2011.0,0.88286
Namibia,2007.0,0
Namibia,2013.0,1.18112
Nepal,2007.0,0.9252
Nepal,2011.0,1.10734
Nepal,2014.0,0.89018
Nepal,2016.0,1.05917
Vanuatu,2007.0,0
Nicaragua,2001.0,0.36781
Nicaragua,2005.0,0.45199
Nicaragua,2009.0,0.69005
Nicaragua,2014.0,0.96432
Niger,2006.0,0
Niger,2012.0,0
Nigeria,2003.0,0.6706
Nigeria,2007.0,1.27233
Nigeria,2008.0,0.61818
Nigeria,2011.0,0.88068
Nigeria,2013.0,0.3463
Nigeria,2016.0,0.41011
Nigeria,2018.0,0.47883
Pakistan,2007.0,1.09708
Pakistan,2012.0,1.17478
Pakistan,2018.0,0.94046
Panama,2000.0,0.86466
Panama,2001.0,0.69201
Panama,2002.0,0.70612
Panama,2003.0,0.69305
Panama,2004.0,0.87692
Panama,2005.0,0.74453
Panama,2006.0,0.83712
Panama,2007.0,0.76183
Panama,2008.0,0.73968
Panama,2009.0,0.814
Panama,2011.0,0.79247
Panama,2013.0,0.88684
Panama,2014.0,0.85906
Panama,2015.0,0.81813
Panama,2016.0,0.8363
Panama,2017.0,0.89267
Panama,2018.0,0.87116
Papua New Guinea,2018.0,0
Paraguay,2001.0,0.77916
Paraguay,2003.0,0.82702
Paraguay,2004.0,0.9002
Paraguay,2005.0,0.88543
Paraguay,2006.0,0.93518
Paraguay,2007.0,0.86609
Paraguay,2008.0,0.87368
Paraguay,2009.0,0.78932
Paraguay,2010.0,0.87729
Paraguay,2011.0,0.8431
Paraguay,2012.0,0.89257
Paraguay,2013.0,0.9535
Paraguay,2014.0,0.88709
Paraguay,2015.0,0.96136
Paraguay,2016.0,1.00542
Paraguay,2017.0,0.97894
Paraguay,2018.0,0.94386
Peru,2000.0,0.77704
Peru,2001.0,0.76503
Peru,2002.0,0.6682
Peru,2003.0,0.74588
Peru,2004.0,0.74729
Peru,2005.0,0.7818
Peru,2006.0,0.82621
Peru,2007.0,0.84551
Peru,2008.0,0.87473
Peru,2009.0,0.86664
Peru,2010.0,0.90976
Peru,2011.0,0.90217
Peru,2012.0,0.90863
Peru,2013.0,0.90354
Peru,2014.0,0.92829
Peru,2015.0,0.96067
Peru,2016.0,0.96231
Peru,2017.0,0.96709
Peru,2018.0,0.97363
Philippines,2004.0,0.93031
Philippines,2018.0,1.04394
Guinea-Bissau,2014.0,0.42356
Timor-Leste,2009.0,1.34265
Timor-Leste,2016.0,0.92739
Qatar,2012.0,0
Rwanda,2005.0,0.566
Rwanda,2010.0,0.81604
Rwanda,2015.0,0.80452
Saint Lucia,2012.0,0
Sao Tome and Principe,2009.0,0.93857
Sao Tome and Principe,2014.0,0.93352
Senegal,2005.0,1.48533
Senegal,2011.0,0.40197
Senegal,2016.0,0.51663
Senegal,2017.0,0.62741
Senegal,2018.0,0.6918
Senegal,2019.0,0
Serbia,2011.0,1.01209
Serbia,2014.0,0.99565
Serbia,2019.0,0
Sierra Leone,2008.0,0
Sierra Leone,2013.0,0.971
Sierra Leone,2017.0,0
Vietnam,2011.0,0.93883
Vietnam,2014.0,0.92868
South Africa,2016.0,0.95191
Zimbabwe,2005.0,0
Zimbabwe,2010.0,0
Zimbabwe,2015.0,0
South Sudan,2010.0,1.34663
Sudan,2014.0,1.12806
Suriname,2010.0,0.87163
Suriname,2018.0,0.90368
Eswatini,2006.0,0
Eswatini,2010.0,0
Eswatini,2014.0,0
Syria,2006.0,1.01034
Tajikistan,2006.0,1.11516
Tajikistan,2012.0,0
Tajikistan,2017.0,0
Thailand,2013.0,1.02265
Thailand,2016.0,1.00316
Thailand,2019.0,0.97547
Togo,2006.0,0
Togo,2010.0,0
Togo,2014.0,0
Tonga,2019.0,0
Tunisia,2012.0,0.96096
Tunisia,2018.0,0.99339
Turkey,2004.0,1.07974
Turkey,2014.0,0.99854
Turkmenistan,2016.0,0
Turkmenistan,2019.0,1.01908
Uganda,2006.0,0
Uganda,2011.0,0.21809
Uganda,2016.0,1.07869
Ukraine,2007.0,0.99638
Ukraine,2013.0,0.99875
North Macedonia,2011.0,0
North Macedonia,2019.0,0
Egypt,2005.0,1.1177
Egypt,2009.0,1.16633
Egypt,2014.0,1.06056
Tanzania,2004.0,0
Tanzania,2010.0,0
Tanzania,2015.0,1.22427
Burkina Faso,2003.0,0
Burkina Faso,2006.0,0
Burkina Faso,2010.0,0.38257
Uruguay,2008.0,1.05206
Uruguay,2009.0,1.01568
Uruguay,2010.0,1.03241
Uruguay,2011.0,1.00917
Uruguay,2012.0,1.02626
Uruguay,2013.0,1.07635
Uruguay,2014.0,1.01457
Uruguay,2015.0,1.0166
Uruguay,2016.0,1.02667
Uruguay,2017.0,1.01974
Uruguay,2018.0,1.0152
Uzbekistan,2006.0,1
Yemen,2006.0,0
Yemen,2013.0,0
Zambia,2001.0,0
Zambia,2007.0,0
Zambia,2013.0,0
Zambia,2018.0,0
