country,year,value
World,2017.0,55.0
World,2020.0,58.0
Africa,2017.0,42.0
Africa,2020.0,47.0
Afghanistan,2017.0,9.0
Afghanistan,2020.0,9.0
South America,2017.0,38.0
South America,2020.0,41.0
Albania,2017.0,51.0
Albania,2020.0,47.0
Oceania,2017.0,83.0
Oceania,2020.0,87.0
Western Africa,2017.0,43.0
Western Africa,2020.0,47.0
Algeria,2017.0,51.0
Algeria,2020.0,57.0
Central America,2017.0,48.0
Central America,2020.0,40.0
Eastern Africa,2017.0,38.0
Eastern Africa,2020.0,46.0
Northern Africa,2017.0,50.0
Northern Africa,2020.0,52.0
Middle Africa,2017.0,29.0
Middle Africa,2020.0,38.0
Southern Africa,2017.0,60.0
Southern Africa,2020.0,59.0
Americas,2017.0,40.0
Americas,2020.0,40.0
Andorra,2017.0,43.0
Andorra,2020.0,43.0
Northern America,2020.0,39.0
Angola,2017.0,38.0
Angola,2020.0,64.0
Antigua and Barbuda,2017.0,40.0
Antigua and Barbuda,2020.0,45.0
Caribbean,2017.0,60.0
Caribbean,2020.0,63.0
Eastern Asia,2017.0,72.0
Eastern Asia,2020.0,74.0
Azerbaijan,2017.0,72.0
Azerbaijan,2020.0,54.0
Argentina,2017.0,34.0
Argentina,2020.0,0.0
Southern Asia,2017.0,51.0
Southern Asia,2020.0,50.0
South-Eastern Asia,2017.0,46.0
South-Eastern Asia,2020.0,54.0
Australia,2017.0,88.0
Australia,2020.0,91.0
Southern Europe,2017.0,71.0
Southern Europe,2020.0,78.0
Austria,2017.0,100.0
Austria,2020.0,93.0
Bahamas,2017.0,36.0
Bahamas,2020.0,40.0
Bahrain,2017.0,43.0
Bahrain,2020.0,41.0
Bangladesh,2017.0,56.0
Bangladesh,2020.0,61.0
Armenia,2017.0,28.0
Armenia,2020.0,47.0
Barbados,2017.0,59.0
Barbados,2020.0,63.0
Australia and New Zealand,2017.0,87.0
Australia and New Zealand,2020.0,90.0
Melanesia,2017.0,23.0
Melanesia,2020.0,32.0
Belgium,2017.0,78.0
Belgium,2020.0,88.0
Micronesia,2020.0,19.0
Central and Southern Asia,2017.0,49.0
Central and Southern Asia,2020.0,51.0
Bhutan,2017.0,38.0
Bhutan,2020.0,38.0
Bolivia,2017.0,44.0
Bolivia,2020.0,51.0
Bosnia and Herzegovina,2017.0,62.0
Bosnia and Herzegovina,2020.0,56.0
Botswana,2017.0,49.0
Botswana,2020.0,49.0
Brazil,2017.0,44.0
Brazil,2020.0,57.0
Belize,2017.0,18.0
Belize,2020.0,33.0
Solomon Islands,2017.0,30.0
Solomon Islands,2020.0,35.0
Brunei,2020.0,80.0
Bulgaria,2017.0,62.0
Bulgaria,2020.0,70.0
Myanmar,2017.0,27.0
Myanmar,2020.0,36.0
Burundi,2017.0,33.0
Burundi,2020.0,48.0
Belarus,2017.0,58.0
Belarus,2020.0,66.0
Cambodia,2017.0,50.0
Cambodia,2020.0,58.0
Cameroon,2017.0,37.0
Cameroon,2020.0,43.0
Canada,2020.0,0.0
Cape Verde,2017.0,41.0
Cape Verde,2020.0,41.0
Central African Republic,2017.0,12.0
Central African Republic,2020.0,24.0
Asia,2017.0,59.0
Asia,2020.0,62.0
Central Asia,2017.0,45.0
Central Asia,2020.0,53.0
Sri Lanka,2017.0,26.0
Sri Lanka,2020.0,40.0
Western Asia,2017.0,62.0
Western Asia,2020.0,65.0
Chad,2017.0,30.0
Chad,2020.0,39.0
Europe,2017.0,81.0
Europe,2020.0,84.0
Eastern Europe,2017.0,81.0
Eastern Europe,2020.0,85.0
Chile,2017.0,19.0
Chile,2020.0,38.0
Northern Europe,2017.0,76.0
Northern Europe,2020.0,78.0
Western Europe,2017.0,93.0
Western Europe,2020.0,94.0
China,2017.0,76.0
China,2020.0,79.0
Colombia,2017.0,53.0
Colombia,2020.0,57.0
Comoros,2017.0,14.0
Comoros,2020.0,10.0
Congo,2017.0,33.0
Congo,2020.0,44.0
Democratic Republic of Congo,2017.0,29.0
Democratic Republic of Congo,2020.0,26.0
Costa Rica,2017.0,51.0
Costa Rica,2020.0,52.0
Croatia,2017.0,84.0
Croatia,2020.0,84.0
Cuba,2017.0,80.0
Cuba,2020.0,84.0
Cyprus,2017.0,85.0
Cyprus,2020.0,89.0
Least Developed Countries (LDCs),2017.0,36.0
Least Developed Countries (LDCs),2020.0,41.0
Sub-Saharan Africa,2017.0,39.0
Sub-Saharan Africa,2020.0,45.0
Czechia,2017.0,82.0
Czechia,2020.0,83.0
Benin,2017.0,62.0
Benin,2020.0,71.0
Denmark,2017.0,94.0
Denmark,2020.0,96.0
Dominica,2017.0,56.0
Dominica,2020.0,55.0
Dominican Republic,2017.0,44.0
Dominican Republic,2020.0,44.0
Ecuador,2017.0,51.0
Ecuador,2020.0,52.0
El Salvador,2017.0,28.0
El Salvador,2020.0,23.0
Equatorial Guinea,2017.0,0.0
Equatorial Guinea,2020.0,0.0
Ethiopia,2017.0,28.0
Ethiopia,2020.0,39.0
Eritrea,2020.0,0.0
Estonia,2017.0,80.0
Estonia,2020.0,80.0
Fiji,2020.0,70.0
Finland,2017.0,77.0
Finland,2020.0,82.0
France,2017.0,100.0
France,2020.0,100.0
Djibouti,2020.0,0.0
Gabon,2017.0,16.0
Gabon,2020.0,27.0
Georgia,2017.0,32.0
Georgia,2020.0,39.0
Gambia,2017.0,33.0
Gambia,2020.0,32.0
Germany,2017.0,83.0
Germany,2020.0,87.0
Ghana,2017.0,40.0
Ghana,2020.0,48.0
Kiribati,2020.0,0.0
Greece,2017.0,77.0
Greece,2020.0,87.0
Grenada,2017.0,40.0
Grenada,2020.0,34.0
Guatemala,2017.0,19.0
Guatemala,2020.0,23.0
Guinea,2017.0,27.0
Guinea,2020.0,27.0
Guyana,2017.0,21.0
Guyana,2020.0,23.0
Haiti,2017.0,28.0
Haiti,2020.0,28.0
Honduras,2017.0,22.0
Honduras,2020.0,29.0
Hungary,2017.0,76.0
Hungary,2020.0,77.0
Iceland,2017.0,75.0
Iceland,2020.0,78.0
India,2020.0,63.0
Indonesia,2017.0,52.0
Indonesia,2020.0,63.0
Iran,2017.0,54.0
Iran,2020.0,45.0
Iraq,2017.0,42.0
Iraq,2020.0,56.0
Ireland,2017.0,82.0
Ireland,2020.0,84.0
Israel,2017.0,82.0
Israel,2020.0,81.0
Italy,2017.0,51.0
Italy,2020.0,76.0
Cote d'Ivoire,2017.0,32.0
Cote d'Ivoire,2020.0,46.0
Jamaica,2017.0,65.0
Jamaica,2020.0,68.0
Japan,2017.0,90.0
Japan,2020.0,93.0
Kazakhstan,2017.0,40.0
Kazakhstan,2020.0,51.0
Jordan,2017.0,70.0
Jordan,2020.0,72.0
Kenya,2017.0,48.0
Kenya,2020.0,49.0
North Korea,2017.0,44.0
North Korea,2020.0,58.0
South Korea,2017.0,80.0
South Korea,2020.0,83.0
Kuwait,2017.0,80.0
Kuwait,2020.0,88.0
Kyrgyzstan,2020.0,43.0
Laos,2017.0,61.0
Laos,2020.0,66.0
Latin America and the Caribbean,2017.0,40.0
Latin America and the Caribbean,2020.0,41.0
Lebanon,2017.0,40.0
Lebanon,2020.0,24.0
Lesotho,2017.0,33.0
Lesotho,2020.0,38.0
Latvia,2017.0,69.0
Latvia,2020.0,77.0
Liberia,2017.0,13.0
Liberia,2020.0,13.0
Landlocked developing countries (LLDCs),2017.0,41.0
Landlocked developing countries (LLDCs),2020.0,46.0
Libya,2017.0,53.0
Libya,2020.0,60.0
Liechtenstein,2017.0,73.0
Liechtenstein,2020.0,70.0
Lithuania,2017.0,62.0
Lithuania,2020.0,62.0
Luxembourg,2017.0,92.0
Luxembourg,2020.0,90.0
Madagascar,2017.0,63.0
Madagascar,2020.0,63.0
Malawi,2017.0,42.0
Malawi,2020.0,43.0
Malaysia,2017.0,47.0
Malaysia,2020.0,58.0
Maldives,2017.0,29.0
Maldives,2020.0,31.0
Mali,2017.0,59.0
Mali,2020.0,56.0
Malta,2017.0,76.0
Malta,2020.0,88.0
Mauritania,2017.0,33.0
Mauritania,2020.0,33.0
Mauritius,2017.0,60.0
Mauritius,2020.0,63.0
Mexico,2017.0,53.0
Mexico,2020.0,43.0
Monaco,2017.0,81.0
Monaco,2020.0,88.0
Mongolia,2017.0,42.0
Mongolia,2020.0,43.0
Moldova,2017.0,31.0
Moldova,2020.0,46.0
Montenegro,2017.0,40.0
Montenegro,2020.0,38.0
Morocco,2017.0,64.0
Morocco,2020.0,66.0
Mozambique,2017.0,42.0
Mozambique,2020.0,54.0
Oman,2017.0,57.0
Oman,2020.0,86.0
Europe and Northern America,2017.0,62.0
Europe and Northern America,2020.0,64.0
Namibia,2017.0,59.0
Namibia,2020.0,50.0
Nauru,2020.0,0.0
Nepal,2017.0,27.0
Nepal,2020.0,36.0
Netherlands,2017.0,88.0
Netherlands,2020.0,87.0
Oceania (exc. Australia and New Zealand),2017.0,23.0
Oceania (exc. Australia and New Zealand),2020.0,32.0
Vanuatu,2017.0,38.0
Vanuatu,2020.0,49.0
New Zealand,2017.0,59.0
New Zealand,2020.0,64.0
Nicaragua,2020.0,31.0
Niger,2017.0,51.0
Niger,2020.0,56.0
Nigeria,2017.0,34.0
Nigeria,2020.0,41.0
Norway,2017.0,64.0
Norway,2020.0,66.0
Micronesia (country),2017.0,33.0
Micronesia (country),2020.0,46.0
Marshall Islands,2017.0,45.0
Marshall Islands,2020.0,50.0
Palau,2020.0,0.0
Pakistan,2017.0,41.0
Pakistan,2020.0,49.0
Panama,2017.0,42.0
Panama,2020.0,30.0
Papua New Guinea,2017.0,20.0
Papua New Guinea,2020.0,30.0
Paraguay,2017.0,38.0
Paraguay,2020.0,26.0
Peru,2017.0,34.0
Peru,2020.0,42.0
Philippines,2017.0,52.0
Philippines,2020.0,60.0
Poland,2017.0,40.0
Poland,2020.0,72.0
Portugal,2017.0,78.0
Portugal,2020.0,78.0
Guinea-Bissau,2020.0,22.0
Timor,2017.0,21.0
Timor,2020.0,21.0
Qatar,2017.0,89.0
Qatar,2020.0,90.0
Romania,2017.0,84.0
Romania,2020.0,82.0
Russia,2017.0,84.0
Russia,2020.0,87.0
Rwanda,2017.0,33.0
Rwanda,2020.0,66.0
Saint Kitts and Nevis,2017.0,33.0
Saint Kitts and Nevis,2020.0,33.0
Saint Lucia,2017.0,44.0
Saint Lucia,2020.0,45.0
Saint Vincent and the Grenadines,2020.0,48.0
San Marino,2017.0,68.0
San Marino,2020.0,68.0
Sao Tome and Principe,2017.0,25.0
Sao Tome and Principe,2020.0,35.0
Saudi Arabia,2017.0,71.0
Saudi Arabia,2020.0,71.0
Senegal,2017.0,49.0
Senegal,2020.0,56.0
Serbia,2017.0,37.0
Serbia,2020.0,42.0
Seychelles,2017.0,58.0
Seychelles,2020.0,56.0
Sierra Leone,2017.0,20.0
Sierra Leone,2020.0,32.0
Singapore,2017.0,100.0
Singapore,2020.0,100.0
Slovakia,2017.0,66.0
Slovakia,2020.0,62.0
Vietnam,2017.0,36.0
Vietnam,2020.0,44.0
Slovenia,2017.0,62.0
Slovenia,2020.0,81.0
Somalia,2017.0,11.0
Somalia,2020.0,26.0
South Africa,2017.0,66.0
South Africa,2020.0,71.0
Zimbabwe,2017.0,54.0
Zimbabwe,2020.0,56.0
Small island developing States (SIDS),2017.0,29.0
Small island developing States (SIDS),2020.0,36.0
Spain,2017.0,90.0
Spain,2020.0,90.0
South Sudan,2017.0,33.0
South Sudan,2020.0,42.0
Sudan,2017.0,44.0
Sudan,2020.0,36.0
Suriname,2017.0,23.0
Suriname,2020.0,33.0
Northern Africa and Western Asia,2017.0,55.0
Northern Africa and Western Asia,2020.0,57.0
Eswatini,2017.0,52.0
Eswatini,2020.0,67.0
Sweden,2017.0,87.0
Sweden,2020.0,87.0
Eastern and South-Eastern Asia,2017.0,64.0
Eastern and South-Eastern Asia,2020.0,69.0
Switzerland,2017.0,81.0
Switzerland,2020.0,81.0
Syria,2020.0,50.0
Tajikistan,2020.0,48.0
Thailand,2020.0,41.0
Togo,2017.0,36.0
Togo,2020.0,32.0
Tonga,2017.0,38.0
Tonga,2020.0,49.0
Trinidad and Tobago,2017.0,33.0
Trinidad and Tobago,2020.0,40.0
United Arab Emirates,2017.0,71.0
United Arab Emirates,2020.0,73.0
Tunisia,2017.0,58.0
Tunisia,2020.0,58.0
Turkey,2017.0,70.0
Turkey,2020.0,73.0
Turkmenistan,2020.0,63.0
Tuvalu,2017.0,45.0
Tuvalu,2020.0,38.0
Uganda,2017.0,62.0
Uganda,2020.0,60.0
Ukraine,2017.0,40.0
Ukraine,2020.0,40.0
North Macedonia,2017.0,27.0
North Macedonia,2020.0,43.0
Egypt,2017.0,49.0
Egypt,2020.0,49.0
United Kingdom,2017.0,76.0
United Kingdom,2020.0,76.0
Tanzania,2017.0,40.0
Tanzania,2020.0,46.0
United States,2020.0,78.0
Burkina Faso,2017.0,49.0
Burkina Faso,2020.0,57.0
Uruguay,2020.0,36.0
Uzbekistan,2017.0,56.0
Uzbekistan,2020.0,60.0
Venezuela,2020.0,0.0
Samoa,2017.0,70.0
Samoa,2020.0,74.0
Yemen,2017.0,36.0
Yemen,2020.0,36.0
Zambia,2017.0,36.0
Zambia,2020.0,49.0
