country,year,value
World,2000.0,2.75
World,2001.0,3.33
World,2002.0,4.44
World,2003.0,5.0
World,2004.0,4.53
World,2005.0,4.21
World,2006.0,4.56
World,2007.0,4.33
World,2008.0,4.67
World,2009.0,4.21
World,2010.0,4.16
World,2011.0,3.58
World,2012.0,3.25
World,2013.0,3.93
World,2014.0,3.94
World,2015.0,3.32
World,2016.0,3.02
World,2017.0,3.09
World,2018.0,2.87
World,2019.0,2.91
Africa,2000.0,3.02
Africa,2001.0,3.14
Africa,2002.0,6.64
Africa,2003.0,7.88
Africa,2004.0,5.91
Africa,2005.0,5.45
Africa,2006.0,6.8
Africa,2007.0,5.25
Africa,2008.0,5.9
Africa,2009.0,5.53
Africa,2010.0,5.22
Africa,2011.0,3.3
Africa,2012.0,3.42
Africa,2013.0,5.38
Africa,2015.0,4.0
Africa,2016.0,2.28
Africa,2017.0,2.95
Africa,2018.0,4.08
Africa,2019.0,2.57
South America,2000.0,3.15
South America,2001.0,4.48
South America,2002.0,4.49
South America,2003.0,6.29
South America,2004.0,4.27
South America,2005.0,3.28
South America,2006.0,3.35
South America,2007.0,3.8
South America,2008.0,3.85
South America,2009.0,3.98
South America,2010.0,4.5
South America,2011.0,4.16
South America,2012.0,3.96
South America,2013.0,3.66
South America,2014.0,4.78
South America,2015.0,3.33
South America,2016.0,4.9
South America,2017.0,4.77
South America,2018.0,2.9
South America,2019.0,3.31
Albania,2001.0,6.61
Albania,2002.0,10.14
Albania,2003.0,0.4
Albania,2004.0,19.18
Albania,2005.0,6.75
Albania,2006.0,4.5
Albania,2007.0,7.14
Albania,2008.0,14.68
Albania,2009.0,6.19
Albania,2010.0,21.08
Albania,2011.0,14.02
Albania,2012.0,6.35
Albania,2013.0,3.97
Albania,2014.0,2.65
Albania,2015.0,4.32
Albania,2016.0,1.59
Albania,2018.0,4.5
Oceania,2000.0,1.62
Oceania,2001.0,1.83
Oceania,2002.0,1.93
Oceania,2003.0,3.62
Oceania,2004.0,2.92
Oceania,2005.0,1.91
Oceania,2006.0,2.33
Oceania,2007.0,2.34
Oceania,2008.0,2.07
Oceania,2009.0,2.3
Oceania,2010.0,2.33
Oceania,2011.0,1.72
Oceania,2012.0,1.8
Oceania,2013.0,1.83
Oceania,2014.0,1.85
Oceania,2015.0,2.05
Oceania,2016.0,1.3
Oceania,2017.0,1.84
Oceania,2018.0,1.16
Oceania,2019.0,2.23
Algeria,2000.0,1.09
Algeria,2001.0,3.1
Algeria,2002.0,8.05
Algeria,2003.0,0.44
Algeria,2004.0,2.66
Algeria,2005.0,5.58
Algeria,2006.0,5.11
Algeria,2007.0,6.12
Algeria,2008.0,0.62
Algeria,2009.0,5.54
Algeria,2010.0,3.6
Algeria,2011.0,0.23
Algeria,2012.0,1.51
Algeria,2013.0,21.84
Algeria,2014.0,24.48
Algeria,2015.0,3.9
Algeria,2016.0,1.32
Algeria,2017.0,0.97
Algeria,2018.0,5.0
Algeria,2019.0,1.42
Central America,2000.0,6.68
Central America,2001.0,5.81
Central America,2002.0,4.95
Central America,2003.0,3.27
Central America,2004.0,2.88
Central America,2005.0,2.1
Central America,2006.0,2.09
Central America,2007.0,3.07
Central America,2008.0,4.13
Central America,2009.0,2.18
Central America,2010.0,3.7
Central America,2011.0,6.57
Central America,2012.0,3.6
Central America,2013.0,3.54
Central America,2014.0,2.19
Central America,2015.0,1.46
Central America,2016.0,0.81
Central America,2017.0,1.05
Central America,2018.0,1.44
Central America,2019.0,1.17
Eastern Africa,2000.0,1.87
Eastern Africa,2001.0,2.93
Eastern Africa,2002.0,5.62
Eastern Africa,2003.0,6.36
Eastern Africa,2004.0,2.97
Eastern Africa,2005.0,2.73
Eastern Africa,2006.0,1.47
Northern Africa,2000.0,0.68
Northern Africa,2001.0,1.65
Northern Africa,2002.0,3.7
Northern Africa,2003.0,0.65
Northern Africa,2004.0,1.55
Northern Africa,2005.0,2.79
Northern Africa,2006.0,2.43
Northern Africa,2007.0,2.45
Northern Africa,2008.0,1.72
Northern Africa,2009.0,2.1
Northern Africa,2010.0,2.66
Northern Africa,2011.0,0.44
Northern Africa,2012.0,2.34
Northern Africa,2015.0,3.47
Northern Africa,2016.0,0.71
Northern Africa,2017.0,0.71
Northern Africa,2018.0,2.69
Northern Africa,2019.0,0.99
American Samoa,2000.0,0.32
American Samoa,2001.0,0.88
American Samoa,2002.0,2.5
American Samoa,2003.0,7.69
American Samoa,2004.0,3.44
American Samoa,2005.0,0.58
American Samoa,2006.0,0.66
American Samoa,2007.0,2.41
American Samoa,2008.0,3.0
American Samoa,2009.0,1.86
American Samoa,2010.0,0.69
American Samoa,2011.0,5.75
American Samoa,2012.0,0.7
American Samoa,2013.0,0.06
American Samoa,2014.0,1.65
American Samoa,2015.0,3.11
American Samoa,2016.0,2.17
American Samoa,2017.0,1.1
American Samoa,2018.0,3.4
American Samoa,2019.0,5.6
Middle Africa,2000.0,6.12
Middle Africa,2001.0,4.73
Middle Africa,2002.0,12.15
Middle Africa,2003.0,16.16
Middle Africa,2004.0,13.1
Middle Africa,2005.0,12.7
Middle Africa,2006.0,18.99
Middle Africa,2007.0,13.49
Middle Africa,2008.0,17.39
Middle Africa,2009.0,15.33
Middle Africa,2010.0,14.58
Middle Africa,2011.0,9.4
Middle Africa,2012.0,4.55
Middle Africa,2013.0,5.42
Middle Africa,2014.0,8.11
Middle Africa,2015.0,7.13
Middle Africa,2016.0,4.54
Middle Africa,2017.0,6.18
Middle Africa,2018.0,5.41
Middle Africa,2019.0,2.83
Southern Africa,2000.0,6.34
Southern Africa,2001.0,3.93
Southern Africa,2002.0,5.88
Southern Africa,2003.0,5.96
Southern Africa,2004.0,8.32
Southern Africa,2005.0,4.61
Southern Africa,2006.0,3.32
Southern Africa,2007.0,5.96
Southern Africa,2008.0,4.6
Southern Africa,2009.0,5.83
Southern Africa,2010.0,3.99
Southern Africa,2011.0,4.19
Southern Africa,2012.0,6.4
Southern Africa,2013.0,4.17
Southern Africa,2014.0,5.41
Southern Africa,2015.0,3.31
Southern Africa,2016.0,3.0
Southern Africa,2017.0,5.36
Southern Africa,2018.0,4.21
Southern Africa,2019.0,3.95
Americas,2000.0,2.84
Americas,2001.0,3.66
Americas,2002.0,4.59
Americas,2003.0,5.33
Americas,2004.0,3.91
Americas,2005.0,3.67
Americas,2006.0,3.48
Americas,2007.0,3.82
Americas,2008.0,4.52
Americas,2009.0,4.02
Americas,2010.0,4.49
Americas,2011.0,4.18
Americas,2012.0,3.19
Americas,2013.0,3.66
Americas,2014.0,3.74
Americas,2015.0,2.81
Americas,2016.0,3.46
Americas,2017.0,3.41
Americas,2018.0,2.72
Americas,2019.0,3.05
Northern America,2000.0,2.09
Northern America,2001.0,2.71
Northern America,2002.0,4.66
Northern America,2003.0,4.82
Northern America,2004.0,3.76
Northern America,2005.0,4.26
Northern America,2006.0,3.81
Northern America,2007.0,3.98
Northern America,2008.0,5.19
Northern America,2009.0,4.28
Northern America,2010.0,4.61
Northern America,2011.0,3.92
Northern America,2012.0,2.49
Northern America,2013.0,3.71
Northern America,2014.0,3.09
Northern America,2015.0,2.56
Northern America,2016.0,2.6
Northern America,2017.0,2.57
Northern America,2018.0,2.73
Northern America,2019.0,3.11
Angola,2000.0,3.4
Angola,2001.0,8.63
Angola,2002.0,12.51
Angola,2003.0,8.58
Angola,2004.0,14.58
Angola,2005.0,11.08
Angola,2006.0,7.67
Angola,2007.0,6.13
Angola,2008.0,6.5
Angola,2009.0,5.88
Angola,2010.0,5.68
Angola,2011.0,8.75
Angola,2012.0,3.28
Angola,2013.0,3.26
Angola,2014.0,4.08
Angola,2015.0,6.11
Angola,2016.0,4.68
Angola,2017.0,2.73
Angola,2018.0,3.61
Angola,2019.0,1.66
Antigua and Barbuda,2000.0,1.21
Antigua and Barbuda,2001.0,2.8
Antigua and Barbuda,2002.0,2.98
Antigua and Barbuda,2003.0,16.0
Antigua and Barbuda,2004.0,8.12
Antigua and Barbuda,2005.0,0.03
Antigua and Barbuda,2006.0,0.02
Antigua and Barbuda,2007.0,16.95
Antigua and Barbuda,2008.0,0.03
Antigua and Barbuda,2009.0,12.87
Antigua and Barbuda,2010.0,9.71
Antigua and Barbuda,2012.0,0.03
Antigua and Barbuda,2013.0,1.81
Antigua and Barbuda,2014.0,1.26
Antigua and Barbuda,2015.0,1.88
Antigua and Barbuda,2016.0,0.91
Antigua and Barbuda,2017.0,1.33
Antigua and Barbuda,2018.0,0.04
Antigua and Barbuda,2019.0,1.89
Caribbean,2000.0,1.29
Caribbean,2001.0,1.07
Caribbean,2002.0,1.56
Caribbean,2003.0,2.07
Caribbean,2004.0,1.31
Caribbean,2005.0,0.49
Caribbean,2006.0,1.45
Caribbean,2007.0,1.05
Caribbean,2008.0,0.8
Caribbean,2009.0,5.6
Caribbean,2010.0,2.64
Caribbean,2011.0,0.54
Caribbean,2012.0,1.97
Caribbean,2013.0,1.24
Caribbean,2014.0,0.83
Caribbean,2015.0,0.96
Caribbean,2016.0,1.54
Caribbean,2017.0,1.43
Caribbean,2018.0,2.37
Caribbean,2019.0,0.71
Eastern Asia,2000.0,4.05
Eastern Asia,2001.0,4.47
Eastern Asia,2002.0,3.91
Eastern Asia,2003.0,4.19
Eastern Asia,2004.0,4.7
Eastern Asia,2005.0,5.84
Eastern Asia,2006.0,6.19
Eastern Asia,2007.0,5.42
Eastern Asia,2008.0,5.38
Eastern Asia,2009.0,6.34
Eastern Asia,2010.0,7.09
Eastern Asia,2011.0,5.47
Eastern Asia,2012.0,6.01
Eastern Asia,2013.0,7.65
Eastern Asia,2014.0,6.27
Eastern Asia,2015.0,5.38
Eastern Asia,2016.0,4.67
Eastern Asia,2017.0,4.62
Eastern Asia,2018.0,3.68
Eastern Asia,2019.0,3.12
Argentina,2000.0,3.04
Argentina,2001.0,6.14
Argentina,2002.0,8.4
Argentina,2003.0,14.8
Argentina,2004.0,7.16
Argentina,2005.0,5.5
Argentina,2006.0,4.43
Argentina,2007.0,5.51
Argentina,2008.0,7.87
Argentina,2009.0,6.32
Argentina,2010.0,8.18
Argentina,2011.0,9.02
Argentina,2012.0,10.23
Argentina,2013.0,6.0
Argentina,2014.0,9.03
Argentina,2015.0,4.73
Argentina,2016.0,10.7
Argentina,2017.0,9.36
Argentina,2018.0,4.56
Argentina,2019.0,6.16
Southern Asia,2000.0,4.9
Southern Asia,2001.0,2.74
Southern Asia,2002.0,4.74
Southern Asia,2003.0,4.65
Southern Asia,2004.0,7.1
Southern Asia,2005.0,5.5
Southern Asia,2006.0,4.99
Southern Asia,2007.0,3.55
Southern Asia,2008.0,3.53
Southern Asia,2009.0,4.13
Southern Asia,2010.0,2.27
Southern Asia,2011.0,1.96
Southern Asia,2012.0,1.95
Southern Asia,2013.0,3.18
Southern Asia,2014.0,2.53
Southern Asia,2015.0,1.31
Southern Asia,2016.0,4.3
Southern Asia,2017.0,4.27
Southern Asia,2018.0,2.61
Southern Asia,2019.0,5.03
South-Eastern Asia,2000.0,1.65
South-Eastern Asia,2001.0,2.09
South-Eastern Asia,2002.0,3.01
South-Eastern Asia,2003.0,3.89
South-Eastern Asia,2004.0,3.18
South-Eastern Asia,2005.0,2.86
South-Eastern Asia,2006.0,4.55
South-Eastern Asia,2007.0,3.66
South-Eastern Asia,2008.0,2.84
South-Eastern Asia,2009.0,1.98
South-Eastern Asia,2010.0,1.73
South-Eastern Asia,2011.0,2.15
South-Eastern Asia,2012.0,1.7
South-Eastern Asia,2013.0,1.48
South-Eastern Asia,2014.0,1.27
South-Eastern Asia,2015.0,2.02
South-Eastern Asia,2016.0,0.98
South-Eastern Asia,2017.0,1.75
South-Eastern Asia,2018.0,1.28
South-Eastern Asia,2019.0,2.81
Australia,2000.0,1.21
Australia,2001.0,1.72
Australia,2002.0,1.43
Australia,2003.0,3.51
Australia,2004.0,2.66
Australia,2005.0,1.79
Australia,2006.0,2.18
Australia,2007.0,2.12
Australia,2008.0,1.57
Australia,2009.0,2.02
Australia,2010.0,1.59
Australia,2011.0,1.51
Australia,2012.0,1.69
Australia,2013.0,1.78
Australia,2014.0,1.85
Australia,2015.0,1.78
Australia,2016.0,1.26
Australia,2017.0,1.82
Australia,2018.0,1.09
Australia,2019.0,2.19
Southern Europe,2000.0,1.43
Southern Europe,2001.0,1.18
Southern Europe,2002.0,1.46
Southern Europe,2003.0,1.22
Southern Europe,2004.0,3.48
Southern Europe,2005.0,3.24
Southern Europe,2006.0,2.62
Southern Europe,2007.0,1.69
Southern Europe,2008.0,1.85
Southern Europe,2009.0,2.6
Southern Europe,2010.0,2.59
Southern Europe,2011.0,2.0
Southern Europe,2012.0,2.24
Southern Europe,2013.0,3.9
Southern Europe,2014.0,2.06
Southern Europe,2015.0,3.67
Southern Europe,2016.0,1.3
Southern Europe,2017.0,1.27
Southern Europe,2018.0,1.53
Southern Europe,2019.0,1.42
Bahamas,2000.0,0.59
Bahamas,2001.0,1.49
Bahamas,2002.0,0.17
Bahamas,2003.0,0.51
Bahamas,2004.0,0.57
Bahamas,2005.0,0.32
Bahamas,2006.0,0.17
Bahamas,2007.0,0.42
Bahamas,2008.0,0.18
Bahamas,2009.0,0.27
Bahamas,2010.0,0.18
Bahamas,2011.0,0.31
Bahamas,2012.0,0.59
Bahamas,2013.0,0.61
Bahamas,2014.0,0.58
Bahamas,2015.0,0.86
Bahamas,2016.0,0.41
Bahamas,2017.0,0.73
Bahamas,2018.0,0.23
Bahamas,2019.0,0.71
Bahrain,2000.0,3.22
Bahrain,2002.0,6.21
Bahrain,2003.0,11.49
Bahrain,2004.0,4.14
Bahrain,2005.0,6.21
Bahrain,2006.0,2.07
Bahrain,2007.0,3.1
Bahrain,2008.0,6.48
Bahrain,2009.0,10.69
Bahrain,2012.0,4.14
Bahrain,2013.0,0.69
Bahrain,2014.0,0.69
Bahrain,2015.0,0.69
Bahrain,2016.0,0.69
Bahrain,2017.0,0.69
Bahrain,2018.0,0.69
Bahrain,2019.0,7.13
Bangladesh,2000.0,6.65
Bangladesh,2001.0,3.25
Bangladesh,2002.0,5.14
Bangladesh,2003.0,7.09
Bangladesh,2004.0,7.95
Bangladesh,2005.0,9.73
Bangladesh,2006.0,3.01
Bangladesh,2007.0,9.04
Bangladesh,2008.0,5.26
Bangladesh,2009.0,2.97
Bangladesh,2010.0,3.8
Bangladesh,2011.0,4.82
Bangladesh,2012.0,6.0
Bangladesh,2013.0,3.59
Bangladesh,2014.0,3.53
Bangladesh,2015.0,2.07
Bangladesh,2016.0,2.01
Bangladesh,2017.0,1.92
Bangladesh,2018.0,1.82
Bangladesh,2019.0,6.4
Barbados,2000.0,3.15
Barbados,2001.0,10.66
Barbados,2002.0,5.42
Barbados,2003.0,22.72
Barbados,2004.0,8.88
Barbados,2005.0,1.05
Barbados,2006.0,7.34
Barbados,2007.0,11.63
Barbados,2008.0,1.59
Barbados,2009.0,10.97
Barbados,2010.0,23.65
Barbados,2011.0,2.27
Barbados,2012.0,2.28
Barbados,2013.0,5.64
Barbados,2014.0,5.19
Barbados,2015.0,7.29
Barbados,2016.0,14.47
Barbados,2017.0,3.84
Barbados,2018.0,3.21
Barbados,2019.0,3.01
Australia and New Zealand,2000.0,1.21
Australia and New Zealand,2001.0,1.76
Australia and New Zealand,2002.0,1.47
Australia and New Zealand,2003.0,3.49
Australia and New Zealand,2004.0,2.82
Australia and New Zealand,2005.0,1.85
Australia and New Zealand,2006.0,2.21
Australia and New Zealand,2007.0,2.17
Australia and New Zealand,2008.0,1.63
Australia and New Zealand,2009.0,2.12
Australia and New Zealand,2010.0,1.62
Australia and New Zealand,2011.0,1.55
Australia and New Zealand,2012.0,1.7
Australia and New Zealand,2013.0,1.83
Australia and New Zealand,2014.0,1.85
Australia and New Zealand,2015.0,1.8
Australia and New Zealand,2016.0,1.3
Australia and New Zealand,2017.0,1.84
Australia and New Zealand,2018.0,1.15
Australia and New Zealand,2019.0,2.28
Melanesia,2000.0,7.75
Melanesia,2001.0,2.79
Melanesia,2002.0,8.95
Melanesia,2003.0,5.6
Melanesia,2004.0,4.34
Melanesia,2005.0,2.78
Melanesia,2006.0,4.18
Melanesia,2007.0,4.8
Melanesia,2008.0,8.52
Melanesia,2009.0,4.93
Melanesia,2010.0,12.95
Melanesia,2011.0,4.25
Melanesia,2012.0,3.19
Melanesia,2013.0,1.82
Melanesia,2014.0,1.85
Melanesia,2015.0,5.84
Melanesia,2016.0,1.34
Melanesia,2017.0,1.85
Melanesia,2018.0,1.22
Melanesia,2019.0,1.56
Belgium,2000.0,0.61
Belgium,2001.0,41.1
Belgium,2002.0,9.35
Belgium,2003.0,17.48
Belgium,2004.0,0.61
Belgium,2005.0,21.34
Belgium,2006.0,41.67
Belgium,2007.0,6.1
Belgium,2008.0,10.06
Belgium,2009.0,9.76
Belgium,2010.0,2.44
Belgium,2011.0,6.1
Belgium,2012.0,3.66
Belgium,2013.0,27.44
Belgium,2014.0,4.27
Belgium,2015.0,29.67
Belgium,2016.0,18.9
Belgium,2017.0,16.46
Belgium,2018.0,9.45
Belgium,2019.0,4.27
Micronesia (country),2000.0,3.82
Micronesia (country),2001.0,1.88
Micronesia (country),2002.0,1.88
Micronesia (country),2003.0,2.48
Micronesia (country),2004.0,1.7
Micronesia (country),2005.0,1.52
Micronesia (country),2006.0,0.69
Micronesia (country),2007.0,1.12
Micronesia (country),2008.0,2.97
Micronesia (country),2009.0,0.74
Micronesia (country),2010.0,3.13
Micronesia (country),2011.0,1.47
Micronesia (country),2012.0,1.29
Micronesia (country),2013.0,1.18
Micronesia (country),2014.0,0.47
Micronesia (country),2015.0,1.34
Micronesia (country),2016.0,0.59
Micronesia (country),2017.0,0.69
Micronesia (country),2018.0,0.4
Micronesia (country),2019.0,2.3
Bermuda,2000.0,0.15
Bermuda,2001.0,4.72
Bermuda,2002.0,0.29
Bermuda,2003.0,1.37
Bermuda,2004.0,1.35
Bermuda,2005.0,1.78
Bermuda,2006.0,6.73
Bermuda,2007.0,0.81
Bermuda,2008.0,0.21
Bermuda,2009.0,0.32
Bermuda,2010.0,4.57
Bermuda,2011.0,1.31
Bermuda,2012.0,0.3
Bermuda,2013.0,2.14
Bermuda,2014.0,0.19
Bermuda,2015.0,0.44
Bermuda,2016.0,0.0
Bermuda,2017.0,0.62
Bermuda,2018.0,0.14
Bermuda,2019.0,0.04
Polynesia,2000.0,3.14
Polynesia,2001.0,2.45
Polynesia,2002.0,2.68
Polynesia,2003.0,3.94
Polynesia,2004.0,4.07
Polynesia,2005.0,5.07
Polynesia,2006.0,0.46
Polynesia,2007.0,2.28
Polynesia,2008.0,2.99
Polynesia,2009.0,4.67
Polynesia,2010.0,1.07
Polynesia,2011.0,5.96
Polynesia,2012.0,4.34
Polynesia,2013.0,1.93
Polynesia,2014.0,0.58
Polynesia,2015.0,3.18
Polynesia,2016.0,0.79
Polynesia,2017.0,1.46
Polynesia,2018.0,1.35
Polynesia,2019.0,0.66
Brazil,2000.0,1.78
Brazil,2001.0,2.78
Brazil,2002.0,2.01
Brazil,2003.0,3.05
Brazil,2004.0,1.0
Brazil,2005.0,1.17
Brazil,2006.0,1.94
Brazil,2007.0,2.65
Brazil,2008.0,2.62
Brazil,2009.0,2.18
Brazil,2010.0,1.97
Brazil,2011.0,1.82
Brazil,2012.0,1.6
Brazil,2013.0,1.46
Brazil,2014.0,2.22
Brazil,2015.0,1.43
Brazil,2016.0,2.83
Brazil,2017.0,2.6
Brazil,2018.0,0.66
Brazil,2019.0,1.53
Belize,2000.0,2.94
Belize,2001.0,2.24
Belize,2002.0,0.89
Belize,2003.0,1.34
Belize,2004.0,1.86
Belize,2005.0,2.3
Belize,2006.0,4.64
Belize,2007.0,0.89
Belize,2008.0,2.76
Belize,2009.0,1.19
Belize,2010.0,2.94
Belize,2011.0,6.16
Belize,2012.0,1.32
Belize,2013.0,1.56
Belize,2014.0,0.96
Belize,2015.0,1.24
Belize,2016.0,0.65
Belize,2017.0,0.81
Belize,2018.0,1.7
Belize,2019.0,0.76
Solomon Islands,2000.0,2.62
Solomon Islands,2001.0,2.83
Solomon Islands,2002.0,6.35
Solomon Islands,2003.0,10.03
Solomon Islands,2004.0,6.1
Solomon Islands,2005.0,4.87
Solomon Islands,2006.0,2.66
Solomon Islands,2007.0,4.54
Solomon Islands,2008.0,1.96
Solomon Islands,2009.0,1.96
Solomon Islands,2010.0,15.53
Solomon Islands,2011.0,3.25
Solomon Islands,2012.0,0.96
Solomon Islands,2013.0,2.84
Solomon Islands,2014.0,1.93
Solomon Islands,2015.0,8.41
Solomon Islands,2016.0,1.48
Solomon Islands,2017.0,1.91
Solomon Islands,2018.0,1.16
Solomon Islands,2019.0,1.72
British Virgin Islands,2000.0,12.54
British Virgin Islands,2001.0,1.0
British Virgin Islands,2002.0,0.12
British Virgin Islands,2003.0,1.64
British Virgin Islands,2004.0,1.82
British Virgin Islands,2005.0,2.7
British Virgin Islands,2006.0,1.33
British Virgin Islands,2007.0,5.76
British Virgin Islands,2008.0,0.11
British Virgin Islands,2009.0,10.64
British Virgin Islands,2010.0,0.87
British Virgin Islands,2011.0,0.03
British Virgin Islands,2012.0,0.18
British Virgin Islands,2013.0,1.04
British Virgin Islands,2014.0,0.03
British Virgin Islands,2015.0,1.41
British Virgin Islands,2016.0,0.31
British Virgin Islands,2017.0,1.4
British Virgin Islands,2018.0,1.51
British Virgin Islands,2019.0,0.17
Brunei,2000.0,5.47
Brunei,2001.0,4.71
Brunei,2002.0,1.58
Brunei,2003.0,4.07
Brunei,2004.0,1.09
Brunei,2005.0,3.25
Brunei,2006.0,4.87
Brunei,2007.0,8.4
Brunei,2008.0,6.52
Brunei,2009.0,7.19
Brunei,2010.0,5.37
Brunei,2011.0,3.08
Brunei,2012.0,2.67
Brunei,2013.0,3.75
Brunei,2014.0,3.82
Brunei,2015.0,6.8
Brunei,2016.0,0.97
Brunei,2017.0,2.7
Brunei,2018.0,2.97
Brunei,2019.0,0.86
Bulgaria,2000.0,3.95
Bulgaria,2001.0,23.99
Bulgaria,2002.0,4.69
Bulgaria,2003.0,9.01
Bulgaria,2004.0,1.6
Bulgaria,2005.0,2.94
Bulgaria,2006.0,3.54
Bulgaria,2007.0,2.88
Bulgaria,2008.0,4.93
Bulgaria,2009.0,5.48
Bulgaria,2010.0,5.15
Bulgaria,2011.0,0.13
Bulgaria,2012.0,2.07
Bulgaria,2013.0,4.78
Bulgaria,2014.0,1.38
Bulgaria,2015.0,2.29
Bulgaria,2016.0,0.39
Bulgaria,2017.0,2.45
Bulgaria,2018.0,1.57
Bulgaria,2019.0,0.94
Myanmar,2000.0,1.72
Myanmar,2001.0,2.42
Myanmar,2002.0,2.4
Myanmar,2003.0,2.25
Myanmar,2004.0,3.17
Myanmar,2005.0,2.68
Myanmar,2006.0,2.91
Myanmar,2007.0,5.02
Myanmar,2008.0,2.2
Myanmar,2009.0,2.34
Myanmar,2010.0,1.51
Myanmar,2011.0,1.86
Myanmar,2012.0,1.39
Myanmar,2013.0,0.88
Myanmar,2014.0,0.67
Myanmar,2015.0,1.34
Myanmar,2016.0,1.27
Myanmar,2017.0,1.37
Myanmar,2018.0,0.89
Myanmar,2019.0,1.34
Cambodia,2000.0,0.57
Cambodia,2001.0,1.72
Cambodia,2002.0,2.46
Cambodia,2003.0,0.72
Cambodia,2004.0,0.55
Cambodia,2005.0,3.26
Cambodia,2006.0,1.71
Cambodia,2007.0,1.19
Cambodia,2008.0,1.08
Cambodia,2009.0,1.04
Cambodia,2010.0,1.74
Cambodia,2011.0,1.1
Cambodia,2012.0,0.87
Cambodia,2013.0,1.79
Cambodia,2014.0,1.19
Cambodia,2015.0,0.27
Cambodia,2016.0,0.67
Cambodia,2017.0,0.12
Cambodia,2018.0,2.52
Cambodia,2019.0,1.64
Cameroon,2000.0,2.25
Cameroon,2001.0,1.41
Cameroon,2002.0,5.45
Cameroon,2003.0,3.85
Cameroon,2004.0,3.85
Cameroon,2005.0,4.69
Cameroon,2006.0,8.69
Cameroon,2007.0,6.15
Cameroon,2008.0,4.27
Cameroon,2009.0,7.6
Cameroon,2010.0,5.68
Cameroon,2011.0,2.21
Cameroon,2012.0,4.34
Cameroon,2013.0,4.58
Cameroon,2014.0,5.28
Cameroon,2015.0,6.22
Cameroon,2016.0,2.99
Cameroon,2017.0,7.98
Cameroon,2018.0,5.93
Cameroon,2019.0,9.21
Canada,2000.0,0.9
Canada,2001.0,1.44
Canada,2002.0,1.94
Canada,2003.0,1.71
Canada,2004.0,1.48
Canada,2005.0,2.49
Canada,2006.0,2.72
Canada,2007.0,2.1
Canada,2008.0,1.97
Canada,2009.0,2.44
Canada,2010.0,2.42
Canada,2011.0,2.09
Canada,2012.0,1.66
Canada,2013.0,1.3
Canada,2014.0,1.33
Canada,2015.0,1.68
Canada,2016.0,1.86
Canada,2017.0,1.55
Canada,2018.0,2.01
Canada,2019.0,1.22
Cape Verde,2000.0,1.41
Cape Verde,2001.0,4.93
Cape Verde,2002.0,1.34
Cape Verde,2003.0,8.59
Cape Verde,2004.0,1.84
Cape Verde,2005.0,1.36
Cape Verde,2006.0,1.62
Cape Verde,2007.0,4.77
Cape Verde,2008.0,2.44
Cape Verde,2009.0,3.35
Cape Verde,2010.0,0.75
Cape Verde,2011.0,0.33
Cape Verde,2012.0,3.1
Cape Verde,2013.0,2.02
Cape Verde,2014.0,8.28
Cape Verde,2015.0,7.88
Cape Verde,2016.0,2.8
Cape Verde,2017.0,3.85
Cape Verde,2018.0,9.73
Cape Verde,2019.0,2.38
Cayman Islands,2000.0,0.18
Cayman Islands,2001.0,1.33
Cayman Islands,2002.0,0.05
Cayman Islands,2003.0,0.57
Cayman Islands,2004.0,0.03
Cayman Islands,2005.0,0.26
Cayman Islands,2006.0,0.02
Cayman Islands,2007.0,0.03
Cayman Islands,2008.0,0.05
Cayman Islands,2009.0,0.04
Cayman Islands,2010.0,0.04
Cayman Islands,2011.0,0.03
Cayman Islands,2012.0,0.06
Cayman Islands,2013.0,0.09
Cayman Islands,2014.0,0.18
Cayman Islands,2015.0,0.15
Cayman Islands,2016.0,0.02
Cayman Islands,2017.0,0.04
Cayman Islands,2018.0,0.06
Cayman Islands,2019.0,0.04
Asia,2000.0,3.8
Asia,2001.0,4.09
Asia,2002.0,4.45
Asia,2003.0,4.53
Asia,2004.0,5.25
Asia,2005.0,4.84
Asia,2006.0,6.05
Asia,2007.0,5.19
Asia,2008.0,4.61
Asia,2009.0,4.51
Asia,2010.0,4.25
Asia,2011.0,3.59
Asia,2012.0,3.81
Asia,2013.0,4.75
Asia,2014.0,3.66
Asia,2015.0,3.26
Asia,2016.0,3.21
Asia,2017.0,3.38
Asia,2018.0,2.53
Asia,2019.0,3.18
Sri Lanka,2000.0,5.54
Sri Lanka,2001.0,4.39
Sri Lanka,2002.0,4.33
Sri Lanka,2003.0,3.34
Sri Lanka,2004.0,2.3
Sri Lanka,2005.0,4.03
Sri Lanka,2006.0,2.52
Sri Lanka,2007.0,1.95
Sri Lanka,2008.0,2.4
Sri Lanka,2009.0,2.77
Sri Lanka,2010.0,5.72
Sri Lanka,2011.0,4.33
Sri Lanka,2012.0,3.75
Sri Lanka,2013.0,7.2
Sri Lanka,2014.0,5.09
Sri Lanka,2015.0,0.91
Sri Lanka,2016.0,6.82
Sri Lanka,2017.0,4.38
Sri Lanka,2018.0,4.3
Sri Lanka,2019.0,1.91
Western Asia,2000.0,3.87
Western Asia,2001.0,6.67
Western Asia,2002.0,6.55
Western Asia,2003.0,5.69
Western Asia,2004.0,6.07
Western Asia,2005.0,3.64
Western Asia,2006.0,8.38
Western Asia,2007.0,8.07
Western Asia,2008.0,5.84
Western Asia,2009.0,3.27
Western Asia,2010.0,2.73
Western Asia,2011.0,2.77
Western Asia,2012.0,3.16
Western Asia,2013.0,3.27
Western Asia,2014.0,1.22
Western Asia,2015.0,1.96
Western Asia,2016.0,0.48
Western Asia,2017.0,0.82
Western Asia,2018.0,0.83
Western Asia,2019.0,1.15
Europe,2000.0,1.57
Europe,2001.0,2.63
Europe,2002.0,3.14
Europe,2003.0,2.87
Europe,2004.0,4.16
Europe,2005.0,4.24
Europe,2006.0,3.59
Europe,2007.0,3.86
Europe,2008.0,4.6
Europe,2009.0,3.49
Europe,2010.0,3.13
Europe,2011.0,3.56
Europe,2012.0,3.13
Europe,2013.0,2.81
Europe,2014.0,3.05
Europe,2015.0,4.12
Europe,2016.0,3.47
Europe,2017.0,2.85
Europe,2018.0,3.03
Europe,2019.0,2.97
Eastern Europe,2000.0,1.36
Eastern Europe,2001.0,2.5
Eastern Europe,2002.0,3.02
Eastern Europe,2003.0,2.45
Eastern Europe,2004.0,4.13
Eastern Europe,2005.0,3.93
Eastern Europe,2006.0,3.5
Eastern Europe,2007.0,3.8
Eastern Europe,2008.0,4.24
Eastern Europe,2009.0,3.37
Eastern Europe,2010.0,3.13
Eastern Europe,2011.0,3.51
Eastern Europe,2012.0,2.98
Eastern Europe,2013.0,2.48
Eastern Europe,2014.0,2.83
Eastern Europe,2015.0,3.93
Eastern Europe,2016.0,3.61
Eastern Europe,2017.0,2.8
Eastern Europe,2018.0,3.06
Eastern Europe,2019.0,2.8
Chile,2000.0,3.29
Chile,2001.0,3.64
Chile,2002.0,5.72
Chile,2003.0,7.81
Chile,2004.0,9.27
Chile,2005.0,9.71
Chile,2006.0,5.91
Chile,2007.0,4.55
Chile,2008.0,5.48
Chile,2009.0,6.28
Chile,2010.0,6.86
Chile,2011.0,6.86
Chile,2012.0,4.67
Chile,2013.0,7.69
Chile,2014.0,9.82
Chile,2015.0,8.04
Chile,2016.0,3.42
Chile,2017.0,5.81
Chile,2018.0,7.55
Chile,2019.0,6.66
Northern Europe,2000.0,2.58
Northern Europe,2001.0,3.62
Northern Europe,2002.0,4.38
Northern Europe,2003.0,7.17
Northern Europe,2004.0,4.69
Northern Europe,2005.0,6.43
Northern Europe,2006.0,4.14
Northern Europe,2007.0,4.31
Northern Europe,2008.0,9.32
Northern Europe,2009.0,3.78
Northern Europe,2010.0,3.67
Northern Europe,2011.0,4.93
Northern Europe,2012.0,4.64
Northern Europe,2013.0,3.61
Northern Europe,2014.0,4.6
Northern Europe,2015.0,5.9
Northern Europe,2016.0,3.67
Northern Europe,2017.0,4.28
Northern Europe,2018.0,3.45
Northern Europe,2019.0,4.92
Western Europe,2000.0,3.74
Western Europe,2001.0,4.87
Western Europe,2002.0,5.16
Western Europe,2003.0,4.54
Western Europe,2004.0,4.66
Western Europe,2005.0,7.01
Western Europe,2006.0,5.15
Western Europe,2007.0,6.57
Western Europe,2008.0,5.78
Western Europe,2009.0,6.11
Western Europe,2010.0,2.81
Western Europe,2011.0,3.82
Western Europe,2012.0,4.14
Western Europe,2013.0,6.01
Western Europe,2014.0,5.26
Western Europe,2015.0,4.83
Western Europe,2016.0,3.1
Western Europe,2017.0,3.05
Western Europe,2018.0,3.52
Western Europe,2019.0,4.36
China,2000.0,4.21
China,2001.0,4.63
China,2002.0,4.02
China,2003.0,4.21
China,2004.0,4.76
China,2005.0,6.08
China,2006.0,6.33
China,2007.0,5.59
China,2008.0,5.61
China,2009.0,6.51
China,2010.0,7.37
China,2011.0,5.67
China,2012.0,6.26
China,2013.0,7.95
China,2014.0,6.53
China,2015.0,5.59
China,2016.0,4.85
China,2017.0,4.78
China,2018.0,3.81
China,2019.0,3.21
Christmas Island,2000.0,0.44
Christmas Island,2001.0,1.37
Christmas Island,2002.0,0.66
Christmas Island,2003.0,3.44
Christmas Island,2004.0,0.62
Christmas Island,2005.0,0.59
Christmas Island,2006.0,7.59
Christmas Island,2007.0,3.65
Christmas Island,2008.0,1.77
Christmas Island,2009.0,0.06
Christmas Island,2010.0,0.03
Christmas Island,2011.0,0.43
Christmas Island,2012.0,0.85
Christmas Island,2013.0,0.2
Christmas Island,2014.0,0.22
Christmas Island,2015.0,1.2
Christmas Island,2016.0,0.01
Christmas Island,2017.0,2.67
Christmas Island,2018.0,1.59
Christmas Island,2019.0,6.91
Cocos Islands,2000.0,6.26
Cocos Islands,2001.0,0.69
Cocos Islands,2002.0,0.21
Cocos Islands,2003.0,4.7
Cocos Islands,2004.0,0.94
Cocos Islands,2005.0,0.15
Cocos Islands,2006.0,4.18
Cocos Islands,2007.0,5.1
Cocos Islands,2008.0,4.03
Cocos Islands,2009.0,2.32
Cocos Islands,2010.0,0.02
Cocos Islands,2011.0,0.4
Cocos Islands,2012.0,0.28
Cocos Islands,2013.0,2.29
Cocos Islands,2014.0,0.49
Cocos Islands,2015.0,0.25
Cocos Islands,2016.0,0.05
Cocos Islands,2017.0,3.59
Cocos Islands,2018.0,5.11
Cocos Islands,2019.0,5.76
Colombia,2000.0,3.58
Colombia,2001.0,6.84
Colombia,2002.0,2.67
Colombia,2003.0,2.43
Colombia,2004.0,1.41
Colombia,2005.0,2.59
Colombia,2006.0,3.67
Colombia,2007.0,2.23
Colombia,2008.0,1.38
Colombia,2009.0,2.19
Colombia,2010.0,1.96
Colombia,2011.0,3.56
Colombia,2012.0,1.9
Colombia,2013.0,2.74
Colombia,2014.0,2.01
Colombia,2015.0,3.02
Colombia,2016.0,1.32
Colombia,2017.0,2.01
Colombia,2018.0,2.21
Colombia,2019.0,2.28
Comoros,2000.0,0.43
Comoros,2001.0,0.84
Comoros,2002.0,1.42
Comoros,2003.0,4.04
Comoros,2004.0,0.09
Comoros,2005.0,2.24
Comoros,2006.0,0.59
Comoros,2007.0,1.2
Comoros,2008.0,0.49
Comoros,2009.0,0.01
Comoros,2010.0,0.33
Comoros,2011.0,0.23
Comoros,2012.0,1.77
Comoros,2013.0,0.63
Comoros,2014.0,0.04
Comoros,2015.0,1.91
Comoros,2016.0,1.0
Comoros,2017.0,0.03
Comoros,2018.0,0.27
Comoros,2019.0,0.05
Congo,2000.0,4.23
Congo,2001.0,2.08
Congo,2002.0,7.81
Congo,2003.0,26.69
Congo,2004.0,13.78
Congo,2005.0,16.87
Congo,2006.0,22.97
Congo,2007.0,12.44
Congo,2008.0,21.13
Congo,2009.0,20.83
Congo,2010.0,15.57
Congo,2011.0,10.5
Congo,2012.0,6.78
Congo,2013.0,5.25
Congo,2014.0,4.73
Congo,2015.0,5.39
Congo,2016.0,4.71
Congo,2017.0,5.93
Congo,2018.0,4.72
Congo,2019.0,2.41
Democratic Republic of Congo,2000.0,9.21
Democratic Republic of Congo,2001.0,3.92
Democratic Republic of Congo,2002.0,14.47
Democratic Republic of Congo,2003.0,21.42
Democratic Republic of Congo,2004.0,14.36
Democratic Republic of Congo,2005.0,14.24
Democratic Republic of Congo,2006.0,27.47
Democratic Republic of Congo,2007.0,19.67
Democratic Republic of Congo,2008.0,26.33
Democratic Republic of Congo,2009.0,21.08
Democratic Republic of Congo,2010.0,21.57
Democratic Republic of Congo,2011.0,11.51
Democratic Republic of Congo,2012.0,5.1
Democratic Republic of Congo,2013.0,6.86
Democratic Republic of Congo,2014.0,11.93
Democratic Republic of Congo,2015.0,8.68
Democratic Republic of Congo,2016.0,4.96
Democratic Republic of Congo,2017.0,7.99
Democratic Republic of Congo,2018.0,6.68
Democratic Republic of Congo,2019.0,2.31
Cook Islands,2000.0,0.99
Cook Islands,2001.0,2.91
Cook Islands,2002.0,1.96
Cook Islands,2003.0,0.07
Cook Islands,2004.0,0.42
Cook Islands,2005.0,0.16
Cook Islands,2006.0,0.09
Cook Islands,2007.0,0.23
Cook Islands,2008.0,0.83
Cook Islands,2009.0,5.61
Cook Islands,2010.0,0.33
Cook Islands,2011.0,10.92
Cook Islands,2012.0,2.64
Cook Islands,2013.0,0.49
Cook Islands,2014.0,0.35
Cook Islands,2015.0,0.87
Cook Islands,2016.0,0.05
Cook Islands,2017.0,0.04
Cook Islands,2018.0,0.17
Cook Islands,2019.0,0.45
Costa Rica,2000.0,6.84
Costa Rica,2001.0,9.19
Costa Rica,2002.0,4.31
Costa Rica,2003.0,1.28
Costa Rica,2004.0,3.0
Costa Rica,2005.0,1.22
Costa Rica,2006.0,3.07
Costa Rica,2007.0,5.71
Costa Rica,2008.0,1.88
Costa Rica,2009.0,1.85
Costa Rica,2010.0,1.33
Costa Rica,2011.0,11.31
Costa Rica,2012.0,2.22
Costa Rica,2013.0,7.88
Costa Rica,2014.0,0.9
Costa Rica,2015.0,0.37
Costa Rica,2016.0,1.72
Costa Rica,2017.0,1.36
Costa Rica,2018.0,0.63
Costa Rica,2019.0,0.91
Croatia,2000.0,3.83
Croatia,2001.0,7.36
Croatia,2002.0,1.71
Croatia,2003.0,0.6
Croatia,2004.0,3.75
Croatia,2005.0,1.26
Croatia,2006.0,4.46
Croatia,2007.0,0.89
Croatia,2008.0,5.73
Croatia,2009.0,4.7
Croatia,2010.0,4.01
Croatia,2011.0,2.95
Croatia,2012.0,0.82
Croatia,2013.0,7.67
Croatia,2014.0,1.2
Croatia,2015.0,1.43
Croatia,2016.0,3.18
Croatia,2017.0,0.6
Croatia,2018.0,0.98
Croatia,2019.0,1.32
Cuba,2000.0,0.52
Cuba,2001.0,0.67
Cuba,2002.0,1.7
Cuba,2003.0,0.96
Cuba,2004.0,0.41
Cuba,2005.0,0.21
Cuba,2006.0,0.39
Cuba,2007.0,0.28
Cuba,2008.0,0.33
Cuba,2009.0,0.81
Cuba,2010.0,1.29
Cuba,2011.0,0.33
Cuba,2012.0,2.69
Cuba,2013.0,1.43
Cuba,2014.0,0.57
Cuba,2015.0,0.29
Cuba,2016.0,1.5
Cuba,2017.0,0.87
Cuba,2018.0,2.72
Cuba,2019.0,0.12
Cyprus,2000.0,0.67
Cyprus,2001.0,0.52
Cyprus,2002.0,0.34
Cyprus,2003.0,0.11
Cyprus,2004.0,0.03
Cyprus,2006.0,0.14
Cyprus,2007.0,3.29
Cyprus,2008.0,0.1
Cyprus,2009.0,0.07
Cyprus,2010.0,0.07
Cyprus,2011.0,0.41
Cyprus,2012.0,0.07
Cyprus,2016.0,0.04
Cyprus,2017.0,0.02
Least Developed Countries (LDCs),2007.0,5.81
Least Developed Countries (LDCs),2008.0,7.13
Least Developed Countries (LDCs),2015.0,4.9
Least Developed Countries (LDCs),2016.0,2.57
Least Developed Countries (LDCs),2017.0,3.22
Least Developed Countries (LDCs),2018.0,4.78
Least Developed Countries (LDCs),2019.0,2.86
Sub-Saharan Africa,2000.0,4.02
Sub-Saharan Africa,2001.0,3.77
Sub-Saharan Africa,2002.0,7.88
Sub-Saharan Africa,2003.0,10.94
Sub-Saharan Africa,2004.0,7.76
Sub-Saharan Africa,2005.0,6.58
Sub-Saharan Africa,2006.0,8.66
Sub-Saharan Africa,2007.0,7.96
Sub-Saharan Africa,2008.0,9.39
Sub-Saharan Africa,2009.0,7.92
Sub-Saharan Africa,2010.0,6.66
Sub-Saharan Africa,2011.0,4.9
Sub-Saharan Africa,2012.0,4.03
Sub-Saharan Africa,2013.0,3.86
Sub-Saharan Africa,2014.0,5.15
Sub-Saharan Africa,2015.0,4.3
Sub-Saharan Africa,2016.0,3.16
Sub-Saharan Africa,2017.0,4.2
Sub-Saharan Africa,2018.0,4.85
Sub-Saharan Africa,2019.0,3.45
Benin,2000.0,2.08
Benin,2001.0,2.5
Benin,2002.0,5.05
Benin,2003.0,3.56
Benin,2004.0,0.93
Benin,2005.0,2.71
Benin,2006.0,8.57
Benin,2007.0,2.23
Benin,2008.0,6.38
Benin,2009.0,0.34
Benin,2010.0,11.58
Benin,2011.0,1.03
Benin,2012.0,3.91
Benin,2013.0,0.78
Benin,2014.0,1.43
Benin,2015.0,0.72
Benin,2016.0,2.62
Benin,2017.0,0.75
Benin,2018.0,4.73
Benin,2019.0,3.67
Denmark,2000.0,8.08
Denmark,2001.0,6.28
Denmark,2002.0,3.97
Denmark,2003.0,1.02
Denmark,2004.0,6.78
Denmark,2005.0,4.96
Denmark,2006.0,5.33
Denmark,2007.0,6.8
Denmark,2008.0,10.19
Denmark,2009.0,4.77
Denmark,2010.0,2.1
Denmark,2011.0,6.41
Denmark,2012.0,2.8
Denmark,2013.0,2.87
Denmark,2014.0,2.84
Denmark,2015.0,6.16
Denmark,2016.0,1.34
Denmark,2017.0,3.37
Denmark,2018.0,2.15
Denmark,2019.0,1.68
Dominica,2000.0,0.7
Dominica,2001.0,10.65
Dominica,2002.0,1.54
Dominica,2003.0,29.95
Dominica,2004.0,11.41
Dominica,2005.0,0.09
Dominica,2006.0,12.1
Dominica,2007.0,22.19
Dominica,2008.0,1.57
Dominica,2009.0,6.26
Dominica,2010.0,26.12
Dominica,2011.0,17.87
Dominica,2012.0,0.51
Dominica,2013.0,6.76
Dominica,2014.0,1.08
Dominica,2015.0,7.67
Dominica,2016.0,23.5
Dominica,2017.0,5.75
Dominica,2018.0,2.65
Dominica,2019.0,1.61
Dominican Republic,2000.0,2.09
Dominican Republic,2001.0,0.74
Dominican Republic,2002.0,0.96
Dominican Republic,2003.0,0.78
Dominican Republic,2004.0,1.55
Dominican Republic,2005.0,0.3
Dominican Republic,2006.0,3.28
Dominican Republic,2007.0,0.2
Dominican Republic,2008.0,0.1
Dominican Republic,2009.0,10.13
Dominican Republic,2010.0,0.5
Dominican Republic,2011.0,0.32
Dominican Republic,2012.0,0.75
Dominican Republic,2013.0,0.19
Dominican Republic,2014.0,0.32
Dominican Republic,2015.0,0.93
Dominican Republic,2016.0,0.44
Dominican Republic,2017.0,1.88
Dominican Republic,2018.0,1.29
Dominican Republic,2019.0,0.13
Ecuador,2000.0,10.0
Ecuador,2001.0,8.15
Ecuador,2002.0,9.01
Ecuador,2003.0,6.92
Ecuador,2004.0,7.71
Ecuador,2005.0,4.53
Ecuador,2006.0,7.47
Ecuador,2007.0,7.46
Ecuador,2008.0,3.04
Ecuador,2009.0,4.44
Ecuador,2010.0,4.75
Ecuador,2011.0,7.51
Ecuador,2012.0,6.25
Ecuador,2013.0,7.92
Ecuador,2014.0,5.86
Ecuador,2015.0,6.52
Ecuador,2016.0,7.51
Ecuador,2017.0,4.33
Ecuador,2018.0,6.23
Ecuador,2019.0,3.75
El Salvador,2000.0,19.9
El Salvador,2001.0,19.74
El Salvador,2002.0,13.21
El Salvador,2003.0,3.47
El Salvador,2004.0,10.23
El Salvador,2005.0,1.36
El Salvador,2006.0,5.07
El Salvador,2007.0,6.1
El Salvador,2008.0,2.18
El Salvador,2009.0,4.25
El Salvador,2010.0,1.07
El Salvador,2011.0,16.82
El Salvador,2012.0,9.14
El Salvador,2013.0,25.05
El Salvador,2014.0,2.43
El Salvador,2015.0,0.33
El Salvador,2016.0,0.16
El Salvador,2017.0,1.75
El Salvador,2018.0,0.43
Equatorial Guinea,2000.0,3.22
Equatorial Guinea,2001.0,2.93
Equatorial Guinea,2002.0,3.13
Equatorial Guinea,2003.0,4.5
Equatorial Guinea,2004.0,7.87
Equatorial Guinea,2005.0,13.38
Equatorial Guinea,2006.0,8.61
Equatorial Guinea,2007.0,5.98
Equatorial Guinea,2008.0,6.35
Equatorial Guinea,2009.0,9.4
Equatorial Guinea,2010.0,7.51
Equatorial Guinea,2011.0,4.37
Equatorial Guinea,2012.0,2.5
Equatorial Guinea,2013.0,3.13
Equatorial Guinea,2014.0,3.37
Equatorial Guinea,2015.0,2.02
Equatorial Guinea,2016.0,0.88
Equatorial Guinea,2017.0,2.15
Equatorial Guinea,2018.0,1.4
Equatorial Guinea,2019.0,1.67
Eritrea,2000.0,2.73
Eritrea,2001.0,0.95
Eritrea,2002.0,3.24
Eritrea,2003.0,11.38
Eritrea,2004.0,11.66
Eritrea,2005.0,8.15
Eritrea,2006.0,7.34
Eritrea,2007.0,2.74
Eritrea,2008.0,7.69
Eritrea,2009.0,6.27
Eritrea,2010.0,3.0
Eritrea,2011.0,3.52
Eritrea,2012.0,4.39
Eritrea,2013.0,2.6
Eritrea,2014.0,3.29
Eritrea,2015.0,5.06
Eritrea,2016.0,0.44
Eritrea,2017.0,0.4
Eritrea,2018.0,1.18
Eritrea,2019.0,2.89
Estonia,2000.0,0.75
Estonia,2001.0,0.38
Estonia,2002.0,9.59
Estonia,2003.0,13.4
Estonia,2004.0,5.16
Estonia,2005.0,15.02
Estonia,2006.0,3.36
Estonia,2007.0,2.68
Estonia,2008.0,5.43
Estonia,2009.0,2.3
Estonia,2010.0,3.98
Estonia,2011.0,6.22
Estonia,2012.0,2.2
Estonia,2013.0,8.91
Estonia,2014.0,9.08
Estonia,2015.0,4.76
Estonia,2016.0,2.67
Estonia,2017.0,2.49
Estonia,2018.0,3.41
Estonia,2019.0,5.77
Faeroe Islands,2000.0,3.89
Faeroe Islands,2001.0,4.7
Faeroe Islands,2002.0,8.06
Faeroe Islands,2003.0,14.92
Faeroe Islands,2004.0,14.45
Faeroe Islands,2005.0,4.82
Faeroe Islands,2006.0,4.63
Faeroe Islands,2007.0,3.25
Faeroe Islands,2008.0,5.8
Faeroe Islands,2009.0,7.15
Faeroe Islands,2010.0,5.33
Faeroe Islands,2011.0,9.17
Faeroe Islands,2012.0,2.34
Faeroe Islands,2013.0,2.94
Faeroe Islands,2014.0,5.16
Faeroe Islands,2015.0,2.24
Faeroe Islands,2016.0,2.53
Faeroe Islands,2017.0,3.99
Faeroe Islands,2018.0,2.26
Faeroe Islands,2019.0,3.29
Fiji,2000.0,2.35
Fiji,2001.0,2.21
Fiji,2002.0,2.42
Fiji,2003.0,7.81
Fiji,2004.0,3.97
Fiji,2005.0,3.86
Fiji,2006.0,2.11
Fiji,2007.0,6.31
Fiji,2008.0,2.51
Fiji,2009.0,2.02
Fiji,2010.0,2.87
Fiji,2011.0,0.98
Fiji,2012.0,1.19
Fiji,2013.0,2.5
Fiji,2014.0,2.0
Fiji,2015.0,4.34
Fiji,2016.0,3.48
Fiji,2017.0,2.66
Fiji,2018.0,3.56
Fiji,2019.0,1.76
Finland,2000.0,1.12
Finland,2001.0,0.35
Finland,2002.0,4.01
Finland,2003.0,3.15
Finland,2004.0,2.04
Finland,2005.0,4.21
Finland,2006.0,2.14
Finland,2007.0,3.06
Finland,2008.0,4.61
Finland,2009.0,1.99
Finland,2010.0,3.11
Finland,2011.0,1.63
Finland,2012.0,6.06
Finland,2013.0,3.03
Finland,2014.0,6.7
Finland,2015.0,10.22
Finland,2016.0,4.07
Finland,2017.0,4.3
Finland,2018.0,3.07
Finland,2019.0,5.12
France,2000.0,2.89
France,2001.0,3.87
France,2002.0,4.86
France,2003.0,5.62
France,2004.0,4.21
France,2005.0,7.51
France,2006.0,3.85
France,2007.0,7.97
France,2008.0,5.9
France,2009.0,5.95
France,2010.0,3.92
France,2011.0,5.39
France,2012.0,5.13
France,2013.0,5.77
France,2014.0,7.2
France,2015.0,5.01
France,2016.0,3.06
France,2017.0,3.47
France,2018.0,3.51
France,2019.0,6.33
French Guiana,2000.0,10.15
French Guiana,2001.0,10.92
French Guiana,2002.0,11.29
French Guiana,2003.0,15.36
French Guiana,2004.0,23.76
French Guiana,2005.0,15.99
French Guiana,2006.0,10.48
French Guiana,2007.0,8.1
French Guiana,2008.0,9.12
French Guiana,2009.0,22.05
French Guiana,2010.0,14.77
French Guiana,2011.0,14.03
French Guiana,2012.0,15.04
French Guiana,2013.0,9.07
French Guiana,2014.0,14.83
French Guiana,2015.0,8.18
French Guiana,2016.0,10.84
French Guiana,2017.0,10.87
French Guiana,2018.0,7.66
French Guiana,2019.0,7.16
French Polynesia,2000.0,6.31
French Polynesia,2001.0,4.43
French Polynesia,2002.0,1.17
French Polynesia,2003.0,0.33
French Polynesia,2004.0,0.28
French Polynesia,2005.0,0.08
French Polynesia,2006.0,0.14
French Polynesia,2007.0,0.18
French Polynesia,2008.0,2.5
French Polynesia,2009.0,8.63
French Polynesia,2010.0,0.42
French Polynesia,2011.0,11.36
French Polynesia,2012.0,7.45
French Polynesia,2013.0,2.38
French Polynesia,2014.0,0.5
French Polynesia,2015.0,0.38
French Polynesia,2016.0,0.03
French Polynesia,2017.0,0.24
French Polynesia,2018.0,0.71
French Polynesia,2019.0,0.41
Djibouti,2000.0,12.82
Djibouti,2001.0,28.21
Djibouti,2002.0,34.19
Djibouti,2003.0,43.59
Djibouti,2004.0,58.06
Djibouti,2005.0,18.32
Djibouti,2006.0,21.79
Djibouti,2007.0,35.04
Djibouti,2008.0,1.28
Djibouti,2009.0,5.13
Djibouti,2010.0,1.71
Djibouti,2011.0,28.21
Djibouti,2014.0,10.26
Djibouti,2019.0,69.23
Gabon,2000.0,2.05
Gabon,2001.0,2.89
Gabon,2002.0,9.07
Gabon,2003.0,16.62
Gabon,2004.0,11.51
Gabon,2005.0,16.12
Gabon,2006.0,14.02
Gabon,2007.0,10.51
Gabon,2008.0,11.84
Gabon,2009.0,18.0
Gabon,2010.0,11.97
Gabon,2011.0,6.26
Gabon,2012.0,3.5
Gabon,2013.0,5.2
Gabon,2014.0,4.27
Gabon,2015.0,2.98
Gabon,2016.0,3.24
Gabon,2017.0,4.4
Gabon,2018.0,3.33
Gabon,2019.0,2.14
Georgia,2000.0,2.36
Georgia,2001.0,31.61
Georgia,2002.0,4.31
Georgia,2003.0,4.13
Georgia,2004.0,0.78
Georgia,2005.0,0.73
Georgia,2007.0,1.13
Georgia,2008.0,4.06
Georgia,2009.0,0.19
Georgia,2010.0,0.68
Georgia,2011.0,0.68
Georgia,2012.0,0.39
Georgia,2014.0,0.39
Georgia,2015.0,1.36
Georgia,2016.0,0.68
Georgia,2018.0,0.53
Georgia,2019.0,1.65
Gambia,2000.0,1.53
Gambia,2001.0,1.68
Gambia,2002.0,6.05
Gambia,2003.0,22.81
Gambia,2004.0,16.92
Gambia,2005.0,13.18
Gambia,2006.0,15.45
Gambia,2007.0,17.68
Gambia,2008.0,9.61
Gambia,2009.0,15.11
Gambia,2010.0,6.84
Gambia,2011.0,5.95
Gambia,2012.0,10.63
Gambia,2013.0,4.4
Gambia,2014.0,12.02
Gambia,2015.0,7.54
Gambia,2016.0,7.32
Gambia,2017.0,8.13
Gambia,2018.0,18.94
Gambia,2019.0,3.96
Palestine,2000.0,64.29
Palestine,2001.0,30.95
Palestine,2003.0,57.14
Palestine,2004.0,35.71
Palestine,2005.0,7.14
Palestine,2008.0,7.14
Palestine,2011.0,28.57
Palestine,2013.0,28.57
Palestine,2014.0,57.14
Palestine,2016.0,7.14
Palestine,2019.0,14.29
Germany,2000.0,5.56
Germany,2001.0,2.99
Germany,2002.0,5.59
Germany,2003.0,1.79
Germany,2004.0,5.49
Germany,2005.0,5.19
Germany,2006.0,3.99
Germany,2007.0,4.44
Germany,2008.0,5.51
Germany,2009.0,6.57
Germany,2010.0,1.33
Germany,2011.0,1.34
Germany,2012.0,2.69
Germany,2013.0,4.41
Germany,2014.0,2.6
Germany,2015.0,2.54
Germany,2016.0,1.78
Germany,2017.0,1.23
Germany,2018.0,2.86
Germany,2019.0,1.58
Ghana,2000.0,2.59
Ghana,2001.0,2.08
Ghana,2002.0,4.22
Ghana,2003.0,5.71
Ghana,2004.0,2.26
Ghana,2005.0,4.51
Ghana,2006.0,2.53
Ghana,2007.0,0.78
Ghana,2008.0,6.73
Ghana,2009.0,2.2
Ghana,2010.0,1.27
Ghana,2011.0,2.2
Ghana,2012.0,1.0
Ghana,2013.0,0.99
Ghana,2014.0,1.6
Ghana,2015.0,0.56
Ghana,2016.0,1.27
Ghana,2017.0,2.12
Ghana,2018.0,3.45
Ghana,2019.0,2.43
Greece,2000.0,0.27
Greece,2001.0,0.14
Greece,2002.0,0.1
Greece,2003.0,2.78
Greece,2004.0,0.23
Greece,2005.0,0.31
Greece,2006.0,0.89
Greece,2007.0,1.33
Greece,2008.0,0.53
Greece,2009.0,0.05
Greece,2010.0,0.2
Greece,2011.0,0.93
Greece,2012.0,0.41
Greece,2013.0,0.1
Greece,2014.0,0.27
Greece,2015.0,0.39
Greece,2016.0,0.05
Greece,2017.0,2.52
Greece,2018.0,0.31
Greece,2019.0,0.07
Greenland,2000.0,1.93
Greenland,2001.0,1.85
Greenland,2002.0,2.09
Greenland,2003.0,2.54
Greenland,2004.0,2.87
Greenland,2005.0,3.67
Greenland,2006.0,3.26
Greenland,2007.0,3.28
Greenland,2008.0,2.26
Greenland,2009.0,3.13
Greenland,2010.0,3.65
Greenland,2011.0,2.5
Greenland,2012.0,1.82
Greenland,2013.0,2.92
Greenland,2014.0,2.6
Greenland,2015.0,3.84
Greenland,2016.0,4.75
Greenland,2017.0,3.29
Greenland,2018.0,3.06
Greenland,2019.0,4.04
Grenada,2000.0,9.08
Grenada,2001.0,2.84
Grenada,2002.0,8.14
Grenada,2003.0,26.08
Grenada,2004.0,10.02
Grenada,2005.0,2.73
Grenada,2006.0,20.24
Grenada,2007.0,24.9
Grenada,2008.0,5.32
Grenada,2009.0,24.48
Grenada,2010.0,35.28
Grenada,2011.0,3.17
Grenada,2012.0,11.45
Grenada,2013.0,3.33
Grenada,2014.0,4.77
Grenada,2015.0,1.66
Grenada,2016.0,11.83
Grenada,2017.0,12.78
Grenada,2018.0,9.51
Grenada,2019.0,6.93
Guadeloupe,2000.0,0.69
Guadeloupe,2001.0,4.61
Guadeloupe,2002.0,0.89
Guadeloupe,2003.0,15.4
Guadeloupe,2004.0,7.95
Guadeloupe,2005.0,0.05
Guadeloupe,2006.0,1.5
Guadeloupe,2007.0,16.83
Guadeloupe,2008.0,0.3
Guadeloupe,2009.0,11.83
Guadeloupe,2010.0,24.91
Guadeloupe,2011.0,0.56
Guadeloupe,2012.0,0.13
Guadeloupe,2013.0,8.89
Guadeloupe,2014.0,1.5
Guadeloupe,2015.0,3.35
Guadeloupe,2016.0,2.64
Guadeloupe,2017.0,1.14
Guadeloupe,2018.0,0.74
Guadeloupe,2019.0,1.4
Guam,2000.0,0.04
Guam,2001.0,0.58
Guam,2002.0,0.81
Guam,2003.0,0.3
Guam,2004.0,1.58
Guam,2005.0,1.0
Guam,2006.0,0.2
Guam,2007.0,0.2
Guam,2008.0,0.16
Guam,2009.0,0.07
Guam,2010.0,0.02
Guam,2011.0,0.39
Guam,2012.0,0.04
Guam,2013.0,0.87
Guam,2014.0,0.02
Guam,2015.0,1.97
Guam,2016.0,0.04
Guam,2017.0,0.03
Guam,2018.0,0.03
Guam,2019.0,5.1
Guatemala,2000.0,12.11
Guatemala,2001.0,10.39
Guatemala,2002.0,6.97
Guatemala,2003.0,12.59
Guatemala,2004.0,11.42
Guatemala,2005.0,3.07
Guatemala,2006.0,4.96
Guatemala,2007.0,5.6
Guatemala,2008.0,3.72
Guatemala,2009.0,2.52
Guatemala,2010.0,3.46
Guatemala,2011.0,12.2
Guatemala,2012.0,4.79
Guatemala,2013.0,17.55
Guatemala,2014.0,3.26
Guatemala,2015.0,0.09
Guatemala,2016.0,0.12
Guatemala,2017.0,0.41
Guatemala,2018.0,1.06
Guatemala,2019.0,0.07
Guinea,2000.0,4.86
Guinea,2001.0,1.36
Guinea,2002.0,3.07
Guinea,2003.0,7.0
Guinea,2004.0,11.92
Guinea,2005.0,8.55
Guinea,2006.0,4.85
Guinea,2007.0,4.41
Guinea,2008.0,5.18
Guinea,2009.0,16.43
Guinea,2010.0,12.87
Guinea,2011.0,12.86
Guinea,2012.0,4.1
Guinea,2013.0,5.08
Guinea,2014.0,5.89
Guinea,2015.0,2.08
Guinea,2016.0,8.08
Guinea,2017.0,5.22
Guinea,2018.0,7.09
Guinea,2019.0,5.45
Guyana,2000.0,3.78
Guyana,2001.0,12.01
Guyana,2002.0,3.23
Guyana,2003.0,9.31
Guyana,2004.0,10.38
Guyana,2005.0,3.18
Guyana,2006.0,5.9
Guyana,2007.0,6.37
Guyana,2008.0,10.26
Guyana,2009.0,9.47
Guyana,2010.0,20.38
Guyana,2011.0,3.6
Guyana,2012.0,3.96
Guyana,2013.0,5.96
Guyana,2014.0,4.68
Guyana,2015.0,3.74
Guyana,2016.0,7.9
Guyana,2017.0,7.74
Guyana,2018.0,5.32
Guyana,2019.0,3.16
Haiti,2000.0,1.33
Haiti,2001.0,0.16
Haiti,2002.0,2.23
Haiti,2003.0,1.81
Haiti,2004.0,0.09
Haiti,2005.0,0.35
Haiti,2006.0,0.12
Haiti,2007.0,0.06
Haiti,2008.0,0.57
Haiti,2009.0,11.81
Haiti,2010.0,0.46
Haiti,2011.0,0.09
Haiti,2012.0,0.32
Haiti,2013.0,0.12
Haiti,2014.0,0.54
Haiti,2015.0,1.07
Haiti,2016.0,0.21
Haiti,2017.0,0.12
Haiti,2018.0,3.17
Haiti,2019.0,2.65
Heard Island and McDonald Islands,2000.0,7.52
Heard Island and McDonald Islands,2001.0,2.47
Heard Island and McDonald Islands,2002.0,1.79
Heard Island and McDonald Islands,2003.0,2.1
Heard Island and McDonald Islands,2004.0,3.22
Heard Island and McDonald Islands,2005.0,1.12
Heard Island and McDonald Islands,2006.0,2.48
Heard Island and McDonald Islands,2007.0,2.62
Heard Island and McDonald Islands,2008.0,2.1
Heard Island and McDonald Islands,2009.0,1.61
Heard Island and McDonald Islands,2010.0,1.21
Heard Island and McDonald Islands,2011.0,3.34
Heard Island and McDonald Islands,2012.0,2.46
Heard Island and McDonald Islands,2013.0,2.0
Heard Island and McDonald Islands,2014.0,1.77
Heard Island and McDonald Islands,2015.0,1.44
Heard Island and McDonald Islands,2016.0,2.09
Heard Island and McDonald Islands,2017.0,2.39
Heard Island and McDonald Islands,2018.0,2.1
Heard Island and McDonald Islands,2019.0,1.58
Honduras,2000.0,0.89
Honduras,2001.0,1.33
Honduras,2002.0,0.96
Honduras,2003.0,0.83
Honduras,2004.0,0.71
Honduras,2005.0,1.68
Honduras,2006.0,0.78
Honduras,2007.0,2.15
Honduras,2008.0,1.21
Honduras,2009.0,0.22
Honduras,2010.0,1.29
Honduras,2011.0,0.63
Honduras,2012.0,0.77
Honduras,2013.0,1.44
Honduras,2014.0,1.74
Honduras,2015.0,0.6
Honduras,2016.0,0.74
Honduras,2017.0,1.81
Honduras,2018.0,1.25
Honduras,2019.0,0.52
Iceland,2000.0,6.82
Iceland,2001.0,5.21
Iceland,2002.0,8.23
Iceland,2003.0,10.65
Iceland,2004.0,5.41
Iceland,2005.0,10.81
Iceland,2006.0,4.92
Iceland,2007.0,5.76
Iceland,2008.0,9.35
Iceland,2009.0,7.87
Iceland,2010.0,7.63
Iceland,2011.0,10.68
Iceland,2012.0,8.49
Iceland,2013.0,8.18
Iceland,2014.0,9.9
Iceland,2015.0,6.85
Iceland,2016.0,7.61
Iceland,2017.0,7.68
Iceland,2018.0,3.84
Iceland,2019.0,6.44
India,2000.0,3.36
India,2001.0,4.18
India,2002.0,4.64
India,2003.0,3.56
India,2004.0,4.76
India,2005.0,5.69
India,2006.0,3.51
India,2007.0,3.05
India,2008.0,2.57
India,2009.0,4.86
India,2010.0,3.32
India,2011.0,1.97
India,2012.0,2.16
India,2013.0,4.86
India,2014.0,2.29
India,2015.0,0.73
India,2016.0,7.38
India,2017.0,4.48
India,2018.0,3.57
India,2019.0,3.31
Indonesia,2000.0,1.6
Indonesia,2001.0,2.06
Indonesia,2002.0,3.84
Indonesia,2003.0,5.45
Indonesia,2004.0,3.68
Indonesia,2005.0,2.62
Indonesia,2006.0,7.92
Indonesia,2007.0,2.95
Indonesia,2008.0,3.16
Indonesia,2009.0,1.66
Indonesia,2010.0,1.87
Indonesia,2011.0,2.68
Indonesia,2012.0,1.87
Indonesia,2013.0,1.36
Indonesia,2014.0,1.4
Indonesia,2015.0,2.8
Indonesia,2016.0,0.84
Indonesia,2017.0,1.98
Indonesia,2018.0,1.27
Indonesia,2019.0,4.68
Iran,2000.0,8.41
Iran,2001.0,0.99
Iran,2002.0,5.14
Iran,2003.0,6.3
Iran,2004.0,8.86
Iran,2005.0,2.59
Iran,2006.0,4.88
Iran,2007.0,5.3
Iran,2008.0,5.27
Iran,2009.0,4.36
Iran,2010.0,0.62
Iran,2011.0,0.7
Iran,2012.0,1.18
Iran,2013.0,1.07
Iran,2014.0,2.33
Iran,2015.0,0.85
Iran,2016.0,0.52
Iran,2017.0,2.67
Iran,2018.0,0.33
Iran,2019.0,5.04
Iraq,2001.0,10.0
Iraq,2002.0,5.0
Iraq,2004.0,30.0
Iraq,2005.0,10.0
Iraq,2006.0,62.5
Iraq,2007.0,60.0
Iraq,2008.0,35.0
Iraq,2009.0,5.0
Ireland,2000.0,5.69
Ireland,2001.0,1.69
Ireland,2002.0,6.48
Ireland,2003.0,9.32
Ireland,2004.0,11.01
Ireland,2005.0,5.34
Ireland,2006.0,0.72
Ireland,2007.0,4.22
Ireland,2008.0,3.04
Ireland,2009.0,6.92
Ireland,2010.0,1.36
Ireland,2011.0,5.05
Ireland,2012.0,9.82
Ireland,2013.0,2.75
Ireland,2014.0,5.14
Ireland,2015.0,6.41
Ireland,2016.0,3.41
Ireland,2017.0,5.39
Ireland,2018.0,2.11
Ireland,2019.0,1.81
Israel,2000.0,5.57
Israel,2001.0,1.68
Israel,2002.0,0.82
Israel,2003.0,1.4
Israel,2004.0,0.55
Israel,2005.0,1.2
Israel,2006.0,1.16
Israel,2007.0,0.27
Israel,2008.0,0.75
Israel,2009.0,2.64
Israel,2010.0,1.55
Israel,2011.0,1.27
Israel,2013.0,1.46
Israel,2014.0,1.59
Israel,2015.0,0.61
Israel,2016.0,2.38
Israel,2019.0,0.27
Italy,2000.0,1.03
Italy,2001.0,1.12
Italy,2002.0,0.89
Italy,2003.0,0.25
Italy,2004.0,1.51
Italy,2005.0,3.45
Italy,2006.0,1.91
Italy,2007.0,0.43
Italy,2008.0,1.08
Italy,2009.0,1.3
Italy,2010.0,1.49
Italy,2011.0,0.84
Italy,2012.0,0.64
Italy,2013.0,5.08
Italy,2014.0,1.09
Italy,2015.0,1.23
Italy,2016.0,0.19
Italy,2017.0,0.13
Italy,2018.0,1.02
Italy,2019.0,0.17
Cote d'Ivoire,2000.0,4.01
Cote d'Ivoire,2001.0,1.42
Cote d'Ivoire,2002.0,5.01
Cote d'Ivoire,2003.0,6.07
Cote d'Ivoire,2004.0,5.46
Cote d'Ivoire,2005.0,3.63
Cote d'Ivoire,2006.0,2.22
Cote d'Ivoire,2007.0,1.43
Cote d'Ivoire,2008.0,10.88
Cote d'Ivoire,2009.0,4.21
Cote d'Ivoire,2010.0,0.74
Cote d'Ivoire,2011.0,2.94
Cote d'Ivoire,2012.0,2.07
Cote d'Ivoire,2013.0,1.13
Cote d'Ivoire,2014.0,1.73
Cote d'Ivoire,2015.0,1.07
Cote d'Ivoire,2016.0,2.03
Cote d'Ivoire,2017.0,1.49
Cote d'Ivoire,2018.0,1.48
Cote d'Ivoire,2019.0,4.24
Jamaica,2000.0,0.33
Jamaica,2001.0,0.34
Jamaica,2002.0,0.72
Jamaica,2003.0,1.38
Jamaica,2004.0,0.34
Jamaica,2005.0,0.52
Jamaica,2006.0,0.07
Jamaica,2007.0,0.09
Jamaica,2008.0,0.04
Jamaica,2009.0,1.81
Jamaica,2010.0,0.07
Jamaica,2011.0,0.03
Jamaica,2012.0,0.1
Jamaica,2013.0,0.11
Jamaica,2014.0,1.12
Jamaica,2015.0,0.65
Jamaica,2016.0,0.13
Jamaica,2017.0,0.07
Jamaica,2018.0,0.43
Jamaica,2019.0,0.47
Japan,2000.0,1.34
Japan,2001.0,1.97
Japan,2002.0,1.69
Japan,2003.0,2.45
Japan,2004.0,3.6
Japan,2005.0,1.33
Japan,2006.0,2.77
Japan,2007.0,1.21
Japan,2008.0,1.38
Japan,2009.0,2.09
Japan,2010.0,1.21
Japan,2011.0,1.34
Japan,2012.0,1.43
Japan,2013.0,1.48
Japan,2014.0,1.79
Japan,2015.0,2.16
Japan,2016.0,0.94
Japan,2017.0,1.39
Japan,2018.0,1.37
Japan,2019.0,1.16
Kenya,2000.0,0.57
Kenya,2001.0,2.38
Kenya,2002.0,7.9
Kenya,2003.0,9.79
Kenya,2004.0,0.37
Kenya,2005.0,1.15
Kenya,2006.0,0.05
Kenya,2007.0,6.17
Kenya,2008.0,9.82
Kenya,2009.0,3.61
Kenya,2010.0,0.16
Kenya,2012.0,1.68
Kenya,2013.0,4.1
Kenya,2014.0,3.68
Kenya,2015.0,4.25
Kenya,2016.0,5.34
Kenya,2017.0,4.66
Kenya,2018.0,1.4
Kenya,2019.0,0.45
North Korea,2000.0,1.39
North Korea,2001.0,1.92
North Korea,2002.0,3.14
North Korea,2003.0,7.42
North Korea,2004.0,2.73
North Korea,2005.0,1.97
North Korea,2006.0,2.79
North Korea,2007.0,3.97
North Korea,2008.0,2.08
North Korea,2009.0,7.19
North Korea,2010.0,4.5
North Korea,2011.0,4.34
North Korea,2012.0,1.96
North Korea,2013.0,3.05
North Korea,2014.0,1.5
North Korea,2015.0,0.83
North Korea,2016.0,1.29
North Korea,2017.0,3.66
North Korea,2018.0,1.79
North Korea,2019.0,2.3
Korea,2000.0,2.05
Korea,2001.0,1.53
Korea,2002.0,2.64
Korea,2003.0,4.68
Korea,2004.0,5.19
Korea,2005.0,4.13
Korea,2006.0,9.26
Korea,2007.0,6.57
Korea,2008.0,2.02
Korea,2009.0,5.11
Korea,2010.0,5.07
Korea,2011.0,3.22
Korea,2012.0,4.46
Korea,2013.0,7.4
Korea,2014.0,4.22
Korea,2015.0,3.52
Korea,2016.0,5.02
Korea,2017.0,2.34
Korea,2018.0,1.54
Korea,2019.0,3.01
Kuwait,2000.0,6.74
Kuwait,2001.0,0.88
Kuwait,2002.0,5.43
Kuwait,2003.0,0.59
Kuwait,2004.0,8.15
Kuwait,2005.0,1.83
Kuwait,2006.0,15.62
Kuwait,2007.0,1.98
Kuwait,2008.0,12.68
Kuwait,2009.0,3.96
Kuwait,2010.0,0.29
Kuwait,2011.0,8.14
Kuwait,2012.0,1.17
Kuwait,2013.0,3.96
Kuwait,2014.0,21.7
Kuwait,2015.0,7.33
Kuwait,2018.0,3.37
Kuwait,2019.0,0.88
Latin America and the Caribbean,2000.0,3.6
Latin America and the Caribbean,2001.0,4.61
Latin America and the Caribbean,2002.0,4.52
Latin America and the Caribbean,2003.0,5.84
Latin America and the Caribbean,2004.0,4.05
Latin America and the Caribbean,2005.0,3.09
Latin America and the Caribbean,2006.0,3.16
Latin America and the Caribbean,2007.0,3.67
Latin America and the Caribbean,2008.0,3.85
Latin America and the Caribbean,2009.0,3.76
Latin America and the Caribbean,2010.0,4.37
Latin America and the Caribbean,2011.0,4.43
Latin America and the Caribbean,2012.0,3.88
Latin America and the Caribbean,2013.0,3.62
Latin America and the Caribbean,2014.0,4.39
Latin America and the Caribbean,2015.0,3.05
Latin America and the Caribbean,2016.0,4.32
Latin America and the Caribbean,2017.0,4.24
Latin America and the Caribbean,2018.0,2.7
Latin America and the Caribbean,2019.0,3.0
Lebanon,2000.0,3.18
Lebanon,2001.0,4.08
Lebanon,2002.0,2.18
Lebanon,2003.0,9.53
Lebanon,2004.0,5.91
Lebanon,2005.0,1.57
Lebanon,2006.0,0.73
Lebanon,2007.0,22.2
Lebanon,2008.0,0.3
Lebanon,2010.0,1.94
Lebanon,2011.0,2.18
Lebanon,2012.0,1.98
Lebanon,2013.0,0.73
Lebanon,2016.0,0.73
Lebanon,2017.0,2.22
Lebanon,2019.0,0.81
Latvia,2000.0,0.81
Latvia,2001.0,0.46
Latvia,2002.0,4.08
Latvia,2003.0,17.48
Latvia,2004.0,2.79
Latvia,2005.0,15.2
Latvia,2006.0,4.11
Latvia,2007.0,8.39
Latvia,2008.0,26.77
Latvia,2009.0,5.28
Latvia,2010.0,5.43
Latvia,2011.0,7.37
Latvia,2012.0,2.82
Latvia,2013.0,2.86
Latvia,2014.0,1.97
Latvia,2015.0,3.22
Latvia,2016.0,1.56
Latvia,2017.0,1.8
Latvia,2018.0,1.79
Latvia,2019.0,3.82
Liberia,2000.0,3.2
Liberia,2001.0,1.4
Liberia,2002.0,1.61
Liberia,2003.0,1.26
Liberia,2004.0,4.44
Liberia,2005.0,1.39
Liberia,2006.0,0.56
Liberia,2007.0,0.81
Liberia,2008.0,7.52
Liberia,2009.0,1.49
Liberia,2010.0,1.36
Liberia,2011.0,0.77
Liberia,2012.0,1.21
Liberia,2013.0,1.59
Liberia,2014.0,1.62
Liberia,2015.0,1.28
Liberia,2016.0,1.75
Liberia,2017.0,1.37
Liberia,2018.0,0.74
Liberia,2019.0,9.22
Libya,2000.0,0.07
Libya,2001.0,0.15
Libya,2002.0,0.01
Libya,2003.0,0.14
Libya,2004.0,0.53
Libya,2005.0,0.11
Libya,2006.0,0.18
Libya,2007.0,0.28
Libya,2008.0,0.06
Libya,2009.0,0.04
Libya,2010.0,0.18
Libya,2011.0,0.2
Libya,2012.0,0.18
Libya,2013.0,0.03
Libya,2015.0,0.04
Libya,2016.0,0.01
Libya,2018.0,0.03
Libya,2019.0,0.11
Lithuania,2000.0,1.06
Lithuania,2001.0,1.43
Lithuania,2002.0,5.07
Lithuania,2003.0,28.73
Lithuania,2004.0,9.89
Lithuania,2005.0,14.86
Lithuania,2006.0,1.99
Lithuania,2007.0,14.43
Lithuania,2008.0,34.79
Lithuania,2009.0,4.31
Lithuania,2010.0,6.09
Lithuania,2011.0,22.01
Lithuania,2012.0,2.18
Lithuania,2013.0,6.47
Lithuania,2014.0,4.85
Lithuania,2015.0,5.37
Lithuania,2016.0,2.8
Lithuania,2017.0,4.48
Lithuania,2018.0,3.23
Lithuania,2019.0,3.79
Madagascar,2000.0,2.52
Madagascar,2001.0,1.41
Madagascar,2002.0,7.13
Madagascar,2003.0,3.36
Madagascar,2004.0,1.64
Madagascar,2005.0,2.0
Madagascar,2006.0,2.08
Madagascar,2007.0,2.95
Madagascar,2008.0,4.43
Madagascar,2009.0,0.78
Madagascar,2010.0,0.37
Madagascar,2011.0,1.27
Madagascar,2012.0,1.49
Madagascar,2013.0,1.08
Madagascar,2014.0,1.54
Madagascar,2015.0,1.31
Madagascar,2016.0,0.16
Madagascar,2017.0,1.74
Madagascar,2018.0,1.0
Madagascar,2019.0,4.67
Malaysia,2000.0,2.58
Malaysia,2001.0,2.67
Malaysia,2002.0,2.28
Malaysia,2003.0,6.23
Malaysia,2004.0,3.48
Malaysia,2005.0,2.75
Malaysia,2006.0,2.32
Malaysia,2007.0,5.46
Malaysia,2008.0,4.38
Malaysia,2009.0,3.79
Malaysia,2010.0,2.95
Malaysia,2011.0,1.51
Malaysia,2012.0,1.84
Malaysia,2013.0,1.36
Malaysia,2014.0,2.04
Malaysia,2015.0,3.26
Malaysia,2016.0,1.02
Malaysia,2017.0,2.59
Malaysia,2018.0,1.67
Malaysia,2019.0,1.68
Maldives,2000.0,0.72
Maldives,2001.0,1.67
Maldives,2002.0,1.14
Maldives,2003.0,1.95
Maldives,2004.0,2.95
Maldives,2005.0,4.16
Maldives,2006.0,1.52
Maldives,2007.0,1.16
Maldives,2008.0,0.33
Maldives,2009.0,0.16
Maldives,2010.0,1.18
Maldives,2011.0,0.26
Maldives,2012.0,0.15
Maldives,2013.0,0.85
Maldives,2014.0,1.81
Maldives,2015.0,0.63
Maldives,2016.0,1.66
Maldives,2017.0,1.38
Maldives,2018.0,0.44
Maldives,2019.0,0.45
Malta,2000.0,1.82
Malta,2001.0,0.19
Malta,2002.0,0.21
Malta,2003.0,0.42
Malta,2004.0,0.4
Malta,2005.0,0.26
Malta,2006.0,0.07
Malta,2007.0,0.11
Malta,2008.0,0.13
Malta,2009.0,1.18
Malta,2010.0,0.5
Malta,2011.0,1.73
Malta,2012.0,1.21
Malta,2013.0,2.82
Malta,2014.0,0.43
Malta,2015.0,0.04
Malta,2018.0,0.04
Malta,2019.0,0.2
Martinique,2000.0,0.94
Martinique,2001.0,8.54
Martinique,2002.0,2.0
Martinique,2003.0,31.63
Martinique,2004.0,19.0
Martinique,2005.0,4.08
Martinique,2006.0,6.73
Martinique,2007.0,15.1
Martinique,2008.0,7.73
Martinique,2009.0,11.85
Martinique,2010.0,25.3
Martinique,2011.0,1.15
Martinique,2012.0,0.94
Martinique,2013.0,8.74
Martinique,2014.0,1.47
Martinique,2015.0,8.26
Martinique,2016.0,16.94
Martinique,2017.0,2.75
Martinique,2018.0,2.4
Martinique,2019.0,2.01
Mauritania,2000.0,1.72
Mauritania,2001.0,7.39
Mauritania,2002.0,8.46
Mauritania,2003.0,24.56
Mauritania,2004.0,6.42
Mauritania,2005.0,2.63
Mauritania,2006.0,5.64
Mauritania,2007.0,14.34
Mauritania,2008.0,9.61
Mauritania,2009.0,5.71
Mauritania,2010.0,1.32
Mauritania,2011.0,1.72
Mauritania,2012.0,8.82
Mauritania,2013.0,7.23
Mauritania,2014.0,7.76
Mauritania,2015.0,6.33
Mauritania,2016.0,2.17
Mauritania,2017.0,4.77
Mauritania,2018.0,16.67
Mauritania,2019.0,7.34
Mauritius,2000.0,3.74
Mauritius,2001.0,1.75
Mauritius,2002.0,1.47
Mauritius,2003.0,2.01
Mauritius,2004.0,0.8
Mauritius,2005.0,1.19
Mauritius,2006.0,2.59
Mauritius,2007.0,0.82
Mauritius,2008.0,1.94
Mauritius,2009.0,0.32
Mauritius,2010.0,0.78
Mauritius,2011.0,2.36
Mauritius,2012.0,0.52
Mauritius,2013.0,2.34
Mauritius,2014.0,0.36
Mauritius,2015.0,1.55
Mauritius,2016.0,0.05
Mauritius,2017.0,0.37
Mauritius,2018.0,0.51
Mauritius,2019.0,0.37
Mexico,2000.0,6.77
Mexico,2001.0,5.47
Mexico,2002.0,5.2
Mexico,2003.0,3.16
Mexico,2004.0,2.41
Mexico,2005.0,2.04
Mexico,2006.0,1.92
Mexico,2007.0,2.97
Mexico,2008.0,4.62
Mexico,2009.0,2.2
Mexico,2010.0,4.0
Mexico,2011.0,6.76
Mexico,2012.0,3.67
Mexico,2013.0,2.46
Mexico,2014.0,2.32
Mexico,2015.0,1.67
Mexico,2016.0,0.82
Mexico,2017.0,0.97
Mexico,2018.0,1.47
Mexico,2019.0,1.32
Monaco,2000.0,7.69
Monaco,2001.0,15.38
Monaco,2002.0,23.08
Monaco,2003.0,15.38
Monaco,2004.0,53.85
Monaco,2005.0,57.69
Monaco,2006.0,69.23
Monaco,2007.0,15.38
Monaco,2008.0,76.92
Monaco,2010.0,30.77
Monaco,2013.0,11.54
Monaco,2018.0,7.69
Montenegro,2000.0,0.39
Montenegro,2001.0,0.39
Montenegro,2002.0,4.72
Montenegro,2003.0,6.3
Montenegro,2004.0,22.44
Montenegro,2005.0,5.31
Montenegro,2006.0,10.89
Montenegro,2007.0,21.26
Montenegro,2008.0,20.67
Montenegro,2009.0,3.15
Montenegro,2010.0,17.24
Montenegro,2011.0,31.1
Montenegro,2013.0,3.67
Montenegro,2014.0,0.39
Montenegro,2015.0,0.39
Montenegro,2018.0,4.72
Montserrat,2000.0,0.44
Montserrat,2001.0,6.89
Montserrat,2002.0,0.44
Montserrat,2003.0,33.0
Montserrat,2004.0,1.78
Montserrat,2006.0,18.89
Montserrat,2007.0,0.44
Montserrat,2009.0,48.44
Montserrat,2010.0,37.56
Montserrat,2014.0,29.78
Montserrat,2015.0,11.56
Montserrat,2017.0,2.67
Morocco,2000.0,1.09
Morocco,2001.0,2.96
Morocco,2002.0,2.34
Morocco,2003.0,2.01
Morocco,2004.0,2.13
Morocco,2005.0,4.01
Morocco,2006.0,2.38
Morocco,2007.0,3.1
Morocco,2008.0,2.35
Morocco,2009.0,5.95
Morocco,2010.0,0.43
Morocco,2011.0,1.53
Morocco,2012.0,10.57
Morocco,2013.0,2.82
Morocco,2014.0,4.83
Morocco,2015.0,4.19
Morocco,2016.0,1.87
Morocco,2017.0,2.26
Morocco,2018.0,1.76
Morocco,2019.0,1.31
Mozambique,2000.0,3.22
Mozambique,2001.0,4.81
Mozambique,2002.0,2.44
Mozambique,2003.0,3.19
Mozambique,2004.0,1.46
Mozambique,2005.0,1.88
Mozambique,2006.0,0.88
Mozambique,2007.0,1.12
Mozambique,2008.0,3.63
Mozambique,2009.0,0.68
Mozambique,2010.0,0.87
Mozambique,2011.0,0.74
Mozambique,2012.0,1.38
Mozambique,2013.0,1.12
Mozambique,2014.0,1.17
Mozambique,2015.0,0.78
Mozambique,2016.0,0.39
Mozambique,2017.0,0.99
Mozambique,2018.0,0.6
Mozambique,2019.0,2.51
Oman,2000.0,4.14
Oman,2001.0,1.78
Oman,2002.0,6.76
Oman,2003.0,6.35
Oman,2004.0,9.47
Oman,2005.0,5.97
Oman,2006.0,7.09
Oman,2007.0,3.77
Oman,2008.0,7.64
Oman,2009.0,4.4
Oman,2010.0,3.87
Oman,2011.0,4.19
Oman,2012.0,4.37
Oman,2013.0,1.32
Oman,2014.0,2.91
Oman,2015.0,4.79
Oman,2016.0,1.17
Oman,2017.0,3.26
Oman,2018.0,2.14
Oman,2019.0,2.76
Europe and North America,2000.0,1.81
Europe and North America,2001.0,2.67
Europe and North America,2002.0,3.86
Europe and North America,2003.0,3.79
Europe and North America,2004.0,3.97
Europe and North America,2005.0,4.25
Europe and North America,2006.0,3.69
Europe and North America,2007.0,3.91
Europe and North America,2008.0,4.88
Europe and North America,2009.0,3.86
Europe and North America,2010.0,3.83
Europe and North America,2011.0,3.73
Europe and North America,2012.0,2.83
Europe and North America,2013.0,3.23
Europe and North America,2014.0,3.07
Europe and North America,2015.0,3.38
Europe and North America,2016.0,3.06
Europe and North America,2017.0,2.71
Europe and North America,2018.0,2.89
Europe and North America,2019.0,3.04
Namibia,2000.0,7.08
Namibia,2001.0,5.8
Namibia,2002.0,7.04
Namibia,2003.0,11.22
Namibia,2004.0,13.98
Namibia,2005.0,7.76
Namibia,2006.0,4.33
Namibia,2007.0,10.96
Namibia,2008.0,7.15
Namibia,2009.0,8.72
Namibia,2010.0,6.45
Namibia,2011.0,5.58
Namibia,2012.0,13.34
Namibia,2013.0,5.88
Namibia,2014.0,6.26
Namibia,2015.0,4.46
Namibia,2016.0,5.23
Namibia,2017.0,8.8
Namibia,2018.0,5.97
Namibia,2019.0,6.23
Nauru,2000.0,47.07
Nauru,2001.0,12.54
Nauru,2002.0,0.31
Nauru,2003.0,1.18
Nauru,2004.0,0.72
Nauru,2005.0,4.03
Nauru,2006.0,1.88
Nauru,2007.0,29.43
Nauru,2008.0,32.37
Nauru,2009.0,7.06
Nauru,2010.0,53.6
Nauru,2011.0,23.84
Nauru,2012.0,2.43
Nauru,2013.0,19.85
Nauru,2014.0,1.56
Nauru,2015.0,0.27
Nauru,2016.0,5.52
Nauru,2017.0,15.18
Nauru,2018.0,1.75
Netherlands,2000.0,1.63
Netherlands,2001.0,7.94
Netherlands,2002.0,1.63
Netherlands,2003.0,3.87
Netherlands,2004.0,7.15
Netherlands,2005.0,4.67
Netherlands,2006.0,5.52
Netherlands,2007.0,6.19
Netherlands,2008.0,2.64
Netherlands,2009.0,0.85
Netherlands,2010.0,0.62
Netherlands,2011.0,1.97
Netherlands,2012.0,3.49
Netherlands,2013.0,7.3
Netherlands,2014.0,2.12
Netherlands,2015.0,3.34
Netherlands,2016.0,3.32
Netherlands,2017.0,2.91
Netherlands,2018.0,5.25
Netherlands,2019.0,1.26
Curacao,2000.0,3.56
Curacao,2001.0,1.16
Curacao,2002.0,0.96
Curacao,2003.0,10.27
Curacao,2004.0,2.33
Curacao,2005.0,0.79
Curacao,2006.0,2.69
Curacao,2007.0,0.42
Curacao,2008.0,0.19
Curacao,2009.0,12.32
Curacao,2010.0,5.74
Curacao,2011.0,0.45
Curacao,2012.0,1.63
Curacao,2013.0,0.23
Curacao,2014.0,1.86
Curacao,2015.0,2.43
Curacao,2016.0,1.31
Curacao,2017.0,2.79
Curacao,2018.0,3.18
Curacao,2019.0,1.29
Aruba,2000.0,3.36
Aruba,2001.0,0.76
Aruba,2002.0,0.97
Aruba,2003.0,16.13
Aruba,2004.0,1.08
Aruba,2005.0,1.26
Aruba,2006.0,3.59
Aruba,2007.0,0.19
Aruba,2008.0,0.32
Aruba,2009.0,16.58
Aruba,2010.0,4.94
Aruba,2011.0,0.08
Aruba,2012.0,1.47
Aruba,2013.0,0.4
Aruba,2014.0,1.6
Aruba,2015.0,2.23
Aruba,2016.0,2.11
Aruba,2017.0,4.24
Aruba,2018.0,1.71
Aruba,2019.0,1.94
Bonaire Sint Eustatius and Saba,2000.0,3.13
Bonaire Sint Eustatius and Saba,2001.0,0.96
Bonaire Sint Eustatius and Saba,2002.0,2.17
Bonaire Sint Eustatius and Saba,2003.0,14.32
Bonaire Sint Eustatius and Saba,2004.0,0.85
Bonaire Sint Eustatius and Saba,2005.0,0.32
Bonaire Sint Eustatius and Saba,2006.0,5.63
Bonaire Sint Eustatius and Saba,2007.0,0.32
Bonaire Sint Eustatius and Saba,2008.0,0.26
Bonaire Sint Eustatius and Saba,2009.0,14.45
Bonaire Sint Eustatius and Saba,2010.0,5.07
Bonaire Sint Eustatius and Saba,2012.0,4.22
Bonaire Sint Eustatius and Saba,2013.0,4.43
Bonaire Sint Eustatius and Saba,2014.0,5.84
Bonaire Sint Eustatius and Saba,2015.0,1.45
Bonaire Sint Eustatius and Saba,2016.0,1.34
Bonaire Sint Eustatius and Saba,2017.0,4.09
Bonaire Sint Eustatius and Saba,2018.0,6.45
Bonaire Sint Eustatius and Saba,2019.0,0.94
New Caledonia,2000.0,0.4
New Caledonia,2001.0,0.48
New Caledonia,2002.0,0.98
New Caledonia,2003.0,4.94
New Caledonia,2004.0,4.58
New Caledonia,2005.0,2.95
New Caledonia,2006.0,1.0
New Caledonia,2007.0,1.92
New Caledonia,2008.0,1.0
New Caledonia,2009.0,0.69
New Caledonia,2010.0,8.76
New Caledonia,2011.0,0.56
New Caledonia,2012.0,0.25
New Caledonia,2013.0,1.21
New Caledonia,2014.0,2.12
New Caledonia,2015.0,1.02
New Caledonia,2016.0,0.36
New Caledonia,2017.0,1.72
New Caledonia,2018.0,0.38
New Caledonia,2019.0,1.55
Oceania (exc. Australia and New Zealand),2000.0,7.66
Oceania (exc. Australia and New Zealand),2001.0,2.78
Oceania (exc. Australia and New Zealand),2002.0,8.83
Oceania (exc. Australia and New Zealand),2003.0,5.56
Oceania (exc. Australia and New Zealand),2004.0,4.32
Oceania (exc. Australia and New Zealand),2005.0,2.81
Oceania (exc. Australia and New Zealand),2006.0,4.12
Oceania (exc. Australia and New Zealand),2007.0,4.75
Oceania (exc. Australia and New Zealand),2008.0,8.42
Oceania (exc. Australia and New Zealand),2009.0,4.92
Oceania (exc. Australia and New Zealand),2010.0,12.74
Oceania (exc. Australia and New Zealand),2011.0,4.27
Oceania (exc. Australia and New Zealand),2012.0,3.2
Oceania (exc. Australia and New Zealand),2013.0,1.82
Oceania (exc. Australia and New Zealand),2014.0,1.83
Oceania (exc. Australia and New Zealand),2015.0,5.79
Oceania (exc. Australia and New Zealand),2016.0,1.33
Oceania (exc. Australia and New Zealand),2017.0,1.84
Oceania (exc. Australia and New Zealand),2018.0,1.22
Oceania (exc. Australia and New Zealand),2019.0,1.55
Vanuatu,2000.0,4.07
Vanuatu,2001.0,8.12
Vanuatu,2002.0,2.94
Vanuatu,2003.0,6.35
Vanuatu,2004.0,5.48
Vanuatu,2005.0,10.18
Vanuatu,2006.0,8.56
Vanuatu,2007.0,7.18
Vanuatu,2008.0,6.14
Vanuatu,2009.0,7.97
Vanuatu,2010.0,6.61
Vanuatu,2011.0,4.56
Vanuatu,2012.0,2.7
Vanuatu,2013.0,1.49
Vanuatu,2014.0,3.38
Vanuatu,2015.0,3.93
Vanuatu,2016.0,5.88
Vanuatu,2017.0,5.32
Vanuatu,2018.0,5.82
Vanuatu,2019.0,5.99
New Zealand,2000.0,1.1
New Zealand,2001.0,2.94
New Zealand,2002.0,2.63
New Zealand,2003.0,2.95
New Zealand,2004.0,7.58
New Zealand,2005.0,3.6
New Zealand,2006.0,3.17
New Zealand,2007.0,3.7
New Zealand,2008.0,3.37
New Zealand,2009.0,5.08
New Zealand,2010.0,2.71
New Zealand,2011.0,2.56
New Zealand,2012.0,1.98
New Zealand,2013.0,3.21
New Zealand,2014.0,1.96
New Zealand,2015.0,2.21
New Zealand,2016.0,2.4
New Zealand,2017.0,2.46
New Zealand,2018.0,2.87
New Zealand,2019.0,4.96
Nicaragua,2000.0,6.31
Nicaragua,2001.0,8.58
Nicaragua,2002.0,4.54
Nicaragua,2003.0,0.73
Nicaragua,2004.0,2.93
Nicaragua,2005.0,2.64
Nicaragua,2006.0,0.86
Nicaragua,2007.0,3.01
Nicaragua,2008.0,1.3
Nicaragua,2009.0,2.95
Nicaragua,2010.0,3.93
Nicaragua,2011.0,3.31
Nicaragua,2012.0,4.28
Nicaragua,2013.0,5.5
Nicaragua,2014.0,0.74
Nicaragua,2015.0,0.53
Nicaragua,2016.0,0.84
Nicaragua,2017.0,1.29
Nicaragua,2018.0,1.43
Nicaragua,2019.0,0.24
Nigeria,2000.0,0.78
Nigeria,2001.0,0.58
Nigeria,2002.0,4.17
Nigeria,2003.0,1.6
Nigeria,2004.0,1.34
Nigeria,2005.0,1.17
Nigeria,2006.0,5.55
Nigeria,2007.0,2.38
Nigeria,2008.0,5.08
Nigeria,2009.0,2.64
Nigeria,2010.0,3.33
Nigeria,2011.0,2.48
Nigeria,2012.0,1.27
Nigeria,2013.0,0.89
Nigeria,2014.0,2.39
Nigeria,2015.0,1.36
Nigeria,2016.0,1.65
Nigeria,2017.0,1.64
Nigeria,2018.0,3.07
Nigeria,2019.0,3.5
Niue,2000.0,2.17
Niue,2001.0,2.75
Niue,2002.0,4.75
Niue,2003.0,3.84
Niue,2004.0,7.21
Niue,2005.0,6.0
Niue,2006.0,3.15
Niue,2007.0,1.05
Niue,2008.0,1.28
Niue,2009.0,3.35
Niue,2010.0,0.07
Niue,2011.0,0.5
Niue,2012.0,0.22
Niue,2013.0,0.16
Niue,2014.0,2.06
Niue,2015.0,3.05
Niue,2016.0,0.69
Niue,2017.0,1.79
Niue,2018.0,2.07
Niue,2019.0,0.7
Norfolk Island,2000.0,0.17
Norfolk Island,2001.0,0.08
Norfolk Island,2002.0,0.17
Norfolk Island,2003.0,1.54
Norfolk Island,2004.0,0.77
Norfolk Island,2005.0,0.77
Norfolk Island,2006.0,0.19
Norfolk Island,2007.0,0.01
Norfolk Island,2008.0,0.25
Norfolk Island,2009.0,1.38
Norfolk Island,2010.0,0.23
Norfolk Island,2011.0,0.0
Norfolk Island,2012.0,0.13
Norfolk Island,2013.0,0.06
Norfolk Island,2014.0,0.51
Norfolk Island,2015.0,0.28
Norfolk Island,2016.0,0.0
Norfolk Island,2017.0,0.7
Norfolk Island,2018.0,0.11
Norfolk Island,2019.0,0.49
Norway,2000.0,3.86
Norway,2001.0,10.45
Norway,2002.0,5.45
Norway,2003.0,6.02
Norway,2004.0,5.52
Norway,2005.0,4.35
Norway,2006.0,8.09
Norway,2007.0,2.48
Norway,2008.0,4.76
Norway,2009.0,3.33
Norway,2010.0,4.14
Norway,2011.0,5.32
Norway,2012.0,3.96
Norway,2013.0,3.89
Norway,2014.0,1.92
Norway,2015.0,3.64
Norway,2016.0,3.42
Norway,2017.0,3.73
Norway,2018.0,5.64
Norway,2019.0,7.15
Micronesia (region),2000.0,6.17
Micronesia (region),2001.0,2.35
Micronesia (region),2002.0,3.32
Micronesia (region),2003.0,2.16
Micronesia (region),2004.0,1.61
Micronesia (region),2005.0,0.52
Micronesia (region),2006.0,0.78
Micronesia (region),2007.0,0.9
Micronesia (region),2008.0,4.58
Micronesia (region),2009.0,1.06
Micronesia (region),2010.0,5.0
Micronesia (region),2011.0,1.6
Micronesia (region),2012.0,2.4
Micronesia (region),2013.0,0.7
Micronesia (region),2014.0,0.19
Micronesia (region),2015.0,1.38
Micronesia (region),2016.0,0.41
Micronesia (region),2017.0,0.47
Micronesia (region),2018.0,0.42
Micronesia (region),2019.0,0.86
Marshall Islands,2000.0,7.55
Marshall Islands,2001.0,3.29
Marshall Islands,2002.0,1.07
Marshall Islands,2003.0,1.0
Marshall Islands,2004.0,0.25
Marshall Islands,2005.0,0.39
Marshall Islands,2006.0,0.54
Marshall Islands,2007.0,2.61
Marshall Islands,2008.0,5.81
Marshall Islands,2009.0,2.08
Marshall Islands,2010.0,5.88
Marshall Islands,2011.0,2.58
Marshall Islands,2012.0,3.31
Marshall Islands,2013.0,2.64
Marshall Islands,2014.0,0.81
Marshall Islands,2015.0,0.71
Marshall Islands,2016.0,0.54
Marshall Islands,2017.0,0.99
Marshall Islands,2018.0,0.2
Marshall Islands,2019.0,0.17
Palau,2000.0,1.35
Palau,2001.0,1.66
Palau,2002.0,1.33
Palau,2003.0,6.17
Palau,2004.0,2.59
Palau,2005.0,3.99
Palau,2006.0,1.12
Palau,2007.0,0.71
Palau,2008.0,1.4
Palau,2009.0,0.26
Palau,2010.0,0.64
Palau,2011.0,1.15
Palau,2012.0,0.23
Palau,2013.0,0.9
Palau,2014.0,1.25
Palau,2015.0,0.85
Palau,2016.0,1.31
Palau,2017.0,1.04
Palau,2018.0,0.83
Palau,2019.0,2.13
Pakistan,2000.0,3.1
Pakistan,2001.0,0.65
Pakistan,2002.0,4.25
Pakistan,2003.0,5.1
Pakistan,2004.0,12.65
Pakistan,2005.0,10.3
Pakistan,2006.0,11.47
Pakistan,2007.0,0.98
Pakistan,2008.0,3.39
Pakistan,2009.0,1.15
Pakistan,2010.0,1.18
Pakistan,2011.0,3.92
Pakistan,2012.0,1.92
Pakistan,2013.0,0.8
Pakistan,2014.0,3.46
Pakistan,2015.0,4.42
Pakistan,2016.0,0.6
Pakistan,2017.0,7.25
Pakistan,2018.0,3.74
Pakistan,2019.0,11.63
Panama,2000.0,3.34
Panama,2001.0,5.2
Panama,2002.0,1.69
Panama,2003.0,2.49
Panama,2004.0,4.35
Panama,2005.0,2.62
Panama,2006.0,4.13
Panama,2007.0,1.38
Panama,2008.0,3.45
Panama,2009.0,3.03
Panama,2010.0,1.87
Panama,2011.0,1.79
Panama,2012.0,3.22
Panama,2013.0,3.2
Panama,2014.0,1.44
Panama,2015.0,1.75
Panama,2016.0,1.18
Panama,2017.0,2.28
Panama,2018.0,2.19
Panama,2019.0,1.72
Papua New Guinea,2000.0,8.68
Papua New Guinea,2001.0,2.76
Papua New Guinea,2002.0,9.86
Papua New Guinea,2003.0,5.24
Papua New Guinea,2004.0,4.2
Papua New Guinea,2005.0,2.4
Papua New Guinea,2006.0,4.37
Papua New Guinea,2007.0,4.81
Papua New Guinea,2008.0,9.54
Papua New Guinea,2009.0,5.33
Papua New Guinea,2010.0,13.54
Papua New Guinea,2011.0,4.59
Papua New Guinea,2012.0,3.54
Papua New Guinea,2013.0,1.76
Papua New Guinea,2014.0,1.79
Papua New Guinea,2015.0,5.99
Papua New Guinea,2016.0,1.17
Papua New Guinea,2017.0,1.72
Papua New Guinea,2018.0,1.04
Papua New Guinea,2019.0,1.42
Peru,2000.0,7.43
Peru,2001.0,6.23
Peru,2002.0,9.95
Peru,2003.0,8.86
Peru,2004.0,15.72
Peru,2005.0,8.25
Peru,2006.0,4.62
Peru,2007.0,7.35
Peru,2008.0,3.81
Peru,2009.0,3.38
Peru,2010.0,5.62
Peru,2011.0,7.94
Peru,2012.0,5.2
Peru,2013.0,10.41
Peru,2014.0,7.97
Peru,2015.0,6.47
Peru,2016.0,7.57
Peru,2017.0,7.96
Peru,2018.0,7.79
Peru,2019.0,7.0
Philippines,2000.0,0.76
Philippines,2001.0,1.75
Philippines,2002.0,1.12
Philippines,2003.0,1.15
Philippines,2004.0,1.91
Philippines,2005.0,1.06
Philippines,2006.0,0.6
Philippines,2007.0,0.69
Philippines,2008.0,0.61
Philippines,2009.0,1.03
Philippines,2010.0,0.62
Philippines,2011.0,0.79
Philippines,2012.0,0.71
Philippines,2013.0,0.98
Philippines,2014.0,1.35
Philippines,2015.0,0.47
Philippines,2016.0,0.3
Philippines,2017.0,0.8
Philippines,2018.0,0.45
Philippines,2019.0,0.5
Pitcairn,2000.0,0.83
Pitcairn,2001.0,0.4
Pitcairn,2002.0,0.15
Pitcairn,2003.0,0.29
Pitcairn,2004.0,0.42
Pitcairn,2005.0,0.47
Pitcairn,2006.0,0.62
Pitcairn,2007.0,0.11
Pitcairn,2008.0,0.77
Pitcairn,2009.0,6.29
Pitcairn,2010.0,0.92
Pitcairn,2011.0,2.51
Pitcairn,2012.0,6.59
Pitcairn,2013.0,2.68
Pitcairn,2014.0,2.71
Pitcairn,2015.0,1.26
Pitcairn,2016.0,0.02
Pitcairn,2017.0,0.03
Pitcairn,2018.0,0.32
Pitcairn,2019.0,1.1
Poland,2000.0,0.78
Poland,2001.0,7.61
Poland,2002.0,2.12
Poland,2003.0,2.13
Poland,2004.0,3.69
Poland,2005.0,8.67
Poland,2006.0,5.36
Poland,2007.0,5.65
Poland,2008.0,25.61
Poland,2009.0,5.58
Poland,2010.0,2.73
Poland,2011.0,4.57
Poland,2012.0,0.79
Poland,2013.0,3.01
Poland,2014.0,0.57
Poland,2015.0,3.35
Poland,2016.0,4.45
Poland,2017.0,3.25
Poland,2018.0,10.48
Poland,2019.0,3.33
Portugal,2000.0,1.04
Portugal,2001.0,2.09
Portugal,2002.0,5.01
Portugal,2003.0,1.12
Portugal,2004.0,5.92
Portugal,2005.0,8.54
Portugal,2006.0,2.7
Portugal,2007.0,1.79
Portugal,2008.0,1.11
Portugal,2009.0,10.09
Portugal,2010.0,1.1
Portugal,2011.0,1.65
Portugal,2012.0,2.25
Portugal,2013.0,3.05
Portugal,2014.0,3.51
Portugal,2015.0,4.91
Portugal,2016.0,1.64
Portugal,2017.0,1.9
Portugal,2018.0,3.03
Portugal,2019.0,0.78
Guinea-Bissau,2000.0,2.0
Guinea-Bissau,2001.0,0.92
Guinea-Bissau,2002.0,2.81
Guinea-Bissau,2003.0,16.73
Guinea-Bissau,2004.0,7.66
Guinea-Bissau,2005.0,8.56
Guinea-Bissau,2006.0,8.42
Guinea-Bissau,2007.0,4.12
Guinea-Bissau,2008.0,5.38
Guinea-Bissau,2009.0,19.04
Guinea-Bissau,2010.0,6.43
Guinea-Bissau,2011.0,8.45
Guinea-Bissau,2012.0,5.57
Guinea-Bissau,2013.0,2.05
Guinea-Bissau,2014.0,8.06
Guinea-Bissau,2015.0,8.71
Guinea-Bissau,2016.0,6.03
Guinea-Bissau,2017.0,2.28
Guinea-Bissau,2018.0,11.1
Guinea-Bissau,2019.0,6.23
Timor-Leste,2000.0,3.31
Timor-Leste,2001.0,3.58
Timor-Leste,2002.0,2.83
Timor-Leste,2003.0,1.62
Timor-Leste,2004.0,4.6
Timor-Leste,2005.0,1.93
Timor-Leste,2006.0,5.14
Timor-Leste,2007.0,1.07
Timor-Leste,2008.0,2.11
Timor-Leste,2009.0,3.87
Timor-Leste,2010.0,11.04
Timor-Leste,2011.0,0.7
Timor-Leste,2012.0,1.3
Timor-Leste,2013.0,1.29
Timor-Leste,2014.0,1.17
Timor-Leste,2015.0,1.98
Timor-Leste,2016.0,0.21
Timor-Leste,2017.0,2.38
Timor-Leste,2018.0,0.4
Timor-Leste,2019.0,3.01
Puerto Rico,2000.0,6.09
Puerto Rico,2001.0,0.65
Puerto Rico,2002.0,2.45
Puerto Rico,2003.0,2.68
Puerto Rico,2004.0,1.33
Puerto Rico,2005.0,0.3
Puerto Rico,2006.0,4.48
Puerto Rico,2007.0,0.42
Puerto Rico,2008.0,1.99
Puerto Rico,2009.0,15.77
Puerto Rico,2010.0,5.24
Puerto Rico,2011.0,0.53
Puerto Rico,2012.0,1.91
Puerto Rico,2013.0,2.37
Puerto Rico,2014.0,0.62
Puerto Rico,2015.0,2.67
Puerto Rico,2016.0,1.83
Puerto Rico,2017.0,4.78
Puerto Rico,2018.0,4.0
Puerto Rico,2019.0,0.46
Qatar,2000.0,4.19
Qatar,2001.0,0.24
Qatar,2002.0,3.56
Qatar,2003.0,2.57
Qatar,2004.0,3.71
Qatar,2005.0,4.75
Qatar,2006.0,10.83
Qatar,2007.0,8.42
Qatar,2008.0,6.55
Qatar,2009.0,4.96
Qatar,2010.0,0.91
Qatar,2011.0,1.26
Qatar,2012.0,1.53
Qatar,2013.0,0.44
Qatar,2014.0,0.33
Qatar,2015.0,0.51
Qatar,2016.0,0.8
Qatar,2017.0,1.73
Qatar,2018.0,0.38
Qatar,2019.0,1.65
Reunion,2000.0,4.33
Reunion,2001.0,0.18
Reunion,2002.0,8.23
Reunion,2003.0,0.18
Reunion,2004.0,0.03
Reunion,2005.0,3.94
Reunion,2006.0,4.12
Reunion,2007.0,1.24
Reunion,2008.0,19.6
Reunion,2009.0,2.25
Reunion,2010.0,1.87
Reunion,2011.0,0.35
Reunion,2012.0,0.56
Reunion,2013.0,5.85
Reunion,2014.0,1.13
Reunion,2015.0,0.64
Reunion,2016.0,0.29
Reunion,2017.0,0.33
Reunion,2018.0,0.09
Reunion,2019.0,7.65
Romania,2000.0,9.47
Romania,2001.0,15.18
Romania,2002.0,10.98
Romania,2003.0,1.65
Romania,2004.0,10.82
Romania,2005.0,15.18
Romania,2006.0,5.19
Romania,2007.0,11.93
Romania,2008.0,10.74
Romania,2009.0,4.14
Romania,2010.0,3.79
Romania,2011.0,1.47
Romania,2012.0,3.24
Romania,2013.0,5.38
Romania,2014.0,7.36
Romania,2015.0,5.48
Romania,2016.0,23.0
Romania,2017.0,3.29
Romania,2018.0,3.46
Romania,2019.0,3.29
Russia,2000.0,1.23
Russia,2001.0,2.08
Russia,2002.0,2.91
Russia,2003.0,2.43
Russia,2004.0,4.06
Russia,2005.0,3.69
Russia,2006.0,3.45
Russia,2007.0,3.66
Russia,2008.0,3.75
Russia,2009.0,3.31
Russia,2010.0,3.12
Russia,2011.0,3.54
Russia,2012.0,3.03
Russia,2013.0,2.41
Russia,2014.0,2.82
Russia,2015.0,3.93
Russia,2016.0,3.35
Russia,2017.0,2.78
Russia,2018.0,2.93
Russia,2019.0,2.79
Saint Barthlemy,2000.0,13.75
Saint Barthlemy,2001.0,2.5
Saint Barthlemy,2002.0,17.5
Saint Barthlemy,2003.0,13.75
Saint Barthlemy,2005.0,1.25
Saint Barthlemy,2007.0,13.13
Saint Barthlemy,2009.0,62.08
Saint Barthlemy,2010.0,9.38
Saint Barthlemy,2015.0,11.25
Saint Barthlemy,2017.0,3.13
Saint Helena,2000.0,1.01
Saint Helena,2001.0,0.45
Saint Helena,2002.0,0.91
Saint Helena,2003.0,0.09
Saint Helena,2004.0,1.76
Saint Helena,2005.0,2.29
Saint Helena,2006.0,1.09
Saint Helena,2007.0,0.93
Saint Helena,2008.0,0.73
Saint Helena,2009.0,0.84
Saint Helena,2010.0,6.53
Saint Helena,2011.0,1.45
Saint Helena,2012.0,1.93
Saint Helena,2013.0,1.08
Saint Helena,2014.0,0.98
Saint Helena,2015.0,2.49
Saint Helena,2016.0,0.33
Saint Helena,2017.0,1.9
Saint Helena,2018.0,0.65
Saint Helena,2019.0,1.19
Saint Kitts and Nevis,2000.0,1.43
Saint Kitts and Nevis,2001.0,32.97
Saint Kitts and Nevis,2002.0,0.63
Saint Kitts and Nevis,2003.0,25.33
Saint Kitts and Nevis,2004.0,5.02
Saint Kitts and Nevis,2006.0,6.81
Saint Kitts and Nevis,2007.0,0.72
Saint Kitts and Nevis,2009.0,22.85
Saint Kitts and Nevis,2010.0,39.34
Saint Kitts and Nevis,2013.0,0.72
Saint Kitts and Nevis,2014.0,20.07
Saint Kitts and Nevis,2015.0,1.79
Saint Kitts and Nevis,2017.0,6.63
Anguilla,2000.0,2.13
Anguilla,2001.0,1.79
Anguilla,2002.0,2.93
Anguilla,2003.0,1.42
Anguilla,2004.0,6.65
Anguilla,2005.0,0.42
Anguilla,2006.0,0.04
Anguilla,2007.0,10.35
Anguilla,2008.0,0.03
Anguilla,2009.0,18.59
Anguilla,2010.0,8.25
Anguilla,2011.0,0.02
Anguilla,2012.0,0.02
Anguilla,2013.0,1.36
Anguilla,2014.0,0.02
Anguilla,2015.0,1.53
Anguilla,2016.0,0.34
Anguilla,2017.0,0.98
Anguilla,2018.0,0.64
Anguilla,2019.0,0.33
Saint Lucia,2000.0,4.14
Saint Lucia,2001.0,7.04
Saint Lucia,2002.0,0.21
Saint Lucia,2003.0,54.52
Saint Lucia,2004.0,24.53
Saint Lucia,2005.0,8.63
Saint Lucia,2006.0,4.24
Saint Lucia,2007.0,26.16
Saint Lucia,2008.0,0.41
Saint Lucia,2009.0,14.95
Saint Lucia,2010.0,59.59
Saint Lucia,2011.0,6.28
Saint Lucia,2012.0,0.78
Saint Lucia,2013.0,1.76
Saint Lucia,2014.0,3.11
Saint Lucia,2015.0,6.97
Saint Lucia,2016.0,37.61
Saint Lucia,2017.0,16.44
Saint Lucia,2018.0,2.48
Saint Lucia,2019.0,1.66
Saint Martin (French part),2001.0,100.0
Saint Martin (French part),2009.0,95.0
Saint Martin (French part),2010.0,100.0
Saint Martin (French part),2017.0,30.0
Saint Pierre and Miquelon,2000.0,3.07
Saint Pierre and Miquelon,2001.0,5.05
Saint Pierre and Miquelon,2002.0,5.79
Saint Pierre and Miquelon,2003.0,4.55
Saint Pierre and Miquelon,2004.0,13.53
Saint Pierre and Miquelon,2005.0,7.4
Saint Pierre and Miquelon,2006.0,3.99
Saint Pierre and Miquelon,2007.0,1.82
Saint Pierre and Miquelon,2008.0,1.32
Saint Pierre and Miquelon,2009.0,6.27
Saint Pierre and Miquelon,2010.0,8.09
Saint Pierre and Miquelon,2011.0,13.55
Saint Pierre and Miquelon,2012.0,7.01
Saint Pierre and Miquelon,2013.0,6.51
Saint Pierre and Miquelon,2014.0,8.2
Saint Pierre and Miquelon,2015.0,5.71
Saint Pierre and Miquelon,2016.0,2.71
Saint Pierre and Miquelon,2017.0,4.9
Saint Pierre and Miquelon,2018.0,3.05
Saint Pierre and Miquelon,2019.0,4.95
Saint Vincent and the Grenadines,2000.0,3.2
Saint Vincent and the Grenadines,2001.0,6.47
Saint Vincent and the Grenadines,2002.0,1.57
Saint Vincent and the Grenadines,2003.0,25.94
Saint Vincent and the Grenadines,2004.0,12.7
Saint Vincent and the Grenadines,2005.0,3.11
Saint Vincent and the Grenadines,2006.0,12.87
Saint Vincent and the Grenadines,2007.0,21.09
Saint Vincent and the Grenadines,2008.0,8.33
Saint Vincent and the Grenadines,2009.0,18.79
Saint Vincent and the Grenadines,2010.0,34.24
Saint Vincent and the Grenadines,2011.0,4.66
Saint Vincent and the Grenadines,2012.0,2.29
Saint Vincent and the Grenadines,2013.0,3.86
Saint Vincent and the Grenadines,2014.0,3.47
Saint Vincent and the Grenadines,2015.0,2.21
Saint Vincent and the Grenadines,2016.0,12.89
Saint Vincent and the Grenadines,2017.0,12.13
Saint Vincent and the Grenadines,2018.0,1.45
Saint Vincent and the Grenadines,2019.0,8.29
Sao Tome and Principe,2000.0,0.41
Sao Tome and Principe,2001.0,2.17
Sao Tome and Principe,2002.0,0.67
Sao Tome and Principe,2003.0,1.05
Sao Tome and Principe,2004.0,0.37
Sao Tome and Principe,2005.0,4.13
Sao Tome and Principe,2006.0,1.71
Sao Tome and Principe,2007.0,2.06
Sao Tome and Principe,2008.0,1.6
Sao Tome and Principe,2009.0,2.87
Sao Tome and Principe,2010.0,0.92
Sao Tome and Principe,2011.0,0.38
Sao Tome and Principe,2012.0,0.64
Sao Tome and Principe,2013.0,2.04
Sao Tome and Principe,2014.0,0.55
Sao Tome and Principe,2015.0,1.01
Sao Tome and Principe,2016.0,0.43
Sao Tome and Principe,2017.0,1.04
Sao Tome and Principe,2018.0,0.8
Sao Tome and Principe,2019.0,0.67
Saudi Arabia,2000.0,1.25
Saudi Arabia,2001.0,1.03
Saudi Arabia,2002.0,8.37
Saudi Arabia,2003.0,1.96
Saudi Arabia,2004.0,2.04
Saudi Arabia,2005.0,2.38
Saudi Arabia,2006.0,2.13
Saudi Arabia,2007.0,1.37
Saudi Arabia,2008.0,1.53
Saudi Arabia,2009.0,1.24
Saudi Arabia,2010.0,3.68
Saudi Arabia,2011.0,0.9
Saudi Arabia,2012.0,1.18
Saudi Arabia,2013.0,1.08
Saudi Arabia,2014.0,0.87
Saudi Arabia,2015.0,2.6
Saudi Arabia,2016.0,0.26
Saudi Arabia,2017.0,0.09
Saudi Arabia,2018.0,0.28
Saudi Arabia,2019.0,0.99
Senegal,2000.0,0.74
Senegal,2001.0,2.76
Senegal,2002.0,4.86
Senegal,2003.0,26.7
Senegal,2004.0,12.63
Senegal,2005.0,8.67
Senegal,2006.0,9.79
Senegal,2007.0,13.11
Senegal,2008.0,5.75
Senegal,2009.0,13.5
Senegal,2010.0,3.86
Senegal,2011.0,3.56
Senegal,2012.0,5.24
Senegal,2013.0,3.06
Senegal,2014.0,9.81
Senegal,2015.0,6.57
Senegal,2016.0,4.8
Senegal,2017.0,5.39
Senegal,2018.0,13.26
Senegal,2019.0,4.99
Seychelles,2000.0,1.31
Seychelles,2001.0,1.55
Seychelles,2002.0,0.84
Seychelles,2003.0,5.61
Seychelles,2004.0,1.87
Seychelles,2005.0,0.91
Seychelles,2006.0,0.18
Seychelles,2007.0,0.31
Seychelles,2008.0,0.43
Seychelles,2009.0,0.67
Seychelles,2010.0,0.24
Seychelles,2011.0,0.2
Seychelles,2012.0,0.26
Seychelles,2013.0,0.27
Seychelles,2014.0,0.34
Seychelles,2015.0,0.4
Seychelles,2016.0,0.33
Seychelles,2017.0,1.1
Seychelles,2018.0,1.7
Seychelles,2019.0,0.86
Sierra Leone,2000.0,2.59
Sierra Leone,2001.0,0.77
Sierra Leone,2002.0,2.14
Sierra Leone,2003.0,1.78
Sierra Leone,2004.0,6.35
Sierra Leone,2005.0,3.87
Sierra Leone,2006.0,2.27
Sierra Leone,2007.0,2.12
Sierra Leone,2008.0,4.64
Sierra Leone,2009.0,2.8
Sierra Leone,2010.0,6.94
Sierra Leone,2011.0,1.6
Sierra Leone,2012.0,1.6
Sierra Leone,2013.0,0.92
Sierra Leone,2014.0,2.9
Sierra Leone,2015.0,1.27
Sierra Leone,2016.0,2.9
Sierra Leone,2017.0,1.56
Sierra Leone,2018.0,3.24
Sierra Leone,2019.0,10.18
Vietnam,2000.0,2.99
Vietnam,2001.0,2.75
Vietnam,2002.0,3.03
Vietnam,2003.0,2.74
Vietnam,2004.0,2.91
Vietnam,2005.0,6.31
Vietnam,2006.0,2.79
Vietnam,2007.0,5.38
Vietnam,2008.0,3.23
Vietnam,2009.0,4.89
Vietnam,2010.0,1.36
Vietnam,2011.0,3.84
Vietnam,2012.0,3.63
Vietnam,2013.0,2.98
Vietnam,2014.0,2.18
Vietnam,2015.0,2.2
Vietnam,2016.0,2.03
Vietnam,2017.0,3.87
Vietnam,2018.0,2.72
Vietnam,2019.0,2.27
Somalia,2000.0,2.57
Somalia,2001.0,1.88
Somalia,2002.0,8.25
Somalia,2003.0,10.08
Somalia,2004.0,8.45
Somalia,2005.0,4.75
Somalia,2006.0,3.24
Somalia,2007.0,2.24
Somalia,2008.0,0.89
Somalia,2009.0,0.68
Somalia,2010.0,2.69
Somalia,2011.0,1.57
Somalia,2012.0,0.75
Somalia,2013.0,2.5
Somalia,2014.0,1.73
Somalia,2015.0,1.62
Somalia,2016.0,1.95
Somalia,2017.0,2.54
Somalia,2018.0,2.88
Somalia,2019.0,1.82
South Africa,2000.0,5.84
South Africa,2001.0,2.66
South Africa,2002.0,5.09
South Africa,2003.0,2.39
South Africa,2004.0,4.48
South Africa,2005.0,2.47
South Africa,2006.0,2.64
South Africa,2007.0,2.56
South Africa,2008.0,2.87
South Africa,2009.0,3.87
South Africa,2010.0,2.32
South Africa,2011.0,3.26
South Africa,2012.0,1.69
South Africa,2013.0,3.0
South Africa,2014.0,4.83
South Africa,2015.0,2.53
South Africa,2016.0,1.49
South Africa,2017.0,3.03
South Africa,2018.0,3.01
South Africa,2019.0,2.41
Small island developing States (SIDS),2000.0,5.61
Small island developing States (SIDS),2001.0,6.25
Small island developing States (SIDS),2002.0,7.21
Small island developing States (SIDS),2003.0,5.91
Small island developing States (SIDS),2004.0,5.82
Small island developing States (SIDS),2005.0,2.98
Small island developing States (SIDS),2006.0,4.33
Small island developing States (SIDS),2007.0,4.37
Small island developing States (SIDS),2008.0,6.87
Small island developing States (SIDS),2009.0,7.09
Small island developing States (SIDS),2010.0,11.26
Small island developing States (SIDS),2011.0,3.74
Small island developing States (SIDS),2012.0,3.86
Small island developing States (SIDS),2013.0,3.02
Small island developing States (SIDS),2014.0,3.48
Small island developing States (SIDS),2015.0,5.19
Small island developing States (SIDS),2016.0,4.02
Small island developing States (SIDS),2017.0,3.53
Small island developing States (SIDS),2018.0,3.68
Small island developing States (SIDS),2019.0,2.18
Spain,2000.0,1.49
Spain,2001.0,0.34
Spain,2002.0,0.63
Spain,2003.0,1.11
Spain,2004.0,3.13
Spain,2005.0,2.88
Spain,2006.0,2.95
Spain,2007.0,1.78
Spain,2008.0,1.13
Spain,2009.0,2.2
Spain,2010.0,2.56
Spain,2011.0,1.48
Spain,2012.0,3.65
Spain,2013.0,3.92
Spain,2014.0,2.93
Spain,2015.0,6.04
Spain,2016.0,1.88
Spain,2017.0,1.27
Spain,2018.0,1.7
Spain,2019.0,0.36
Sudan,2000.0,1.2
Sudan,2001.0,1.08
Sudan,2002.0,10.89
Sudan,2003.0,4.99
Sudan,2004.0,9.63
Sudan,2005.0,2.2
Sudan,2006.0,5.4
Sudan,2007.0,2.01
Sudan,2008.0,2.97
Sudan,2009.0,0.94
Sudan,2010.0,5.15
Sudan,2011.0,0.59
Sudan,2012.0,4.35
Sudan,2013.0,3.14
Sudan,2014.0,1.56
Sudan,2015.0,7.6
Sudan,2016.0,0.57
Sudan,2017.0,1.01
Sudan,2018.0,3.9
Sudan,2019.0,1.61
Suriname,2000.0,8.48
Suriname,2001.0,20.47
Suriname,2002.0,17.09
Suriname,2003.0,7.82
Suriname,2004.0,12.5
Suriname,2005.0,6.14
Suriname,2006.0,6.52
Suriname,2007.0,6.69
Suriname,2008.0,7.63
Suriname,2009.0,13.29
Suriname,2010.0,10.02
Suriname,2011.0,5.96
Suriname,2012.0,9.21
Suriname,2013.0,6.82
Suriname,2014.0,11.27
Suriname,2015.0,11.44
Suriname,2016.0,12.68
Suriname,2017.0,7.87
Suriname,2018.0,11.14
Suriname,2019.0,4.7
Northern Africa and Western Asia,2000.0,2.1
Northern Africa and Western Asia,2001.0,3.88
Northern Africa and Western Asia,2002.0,4.97
Northern Africa and Western Asia,2003.0,2.89
Northern Africa and Western Asia,2004.0,3.56
Northern Africa and Western Asia,2005.0,3.17
Northern Africa and Western Asia,2006.0,5.08
Northern Africa and Western Asia,2007.0,3.91
Northern Africa and Western Asia,2008.0,2.91
Northern Africa and Western Asia,2009.0,2.49
Northern Africa and Western Asia,2010.0,2.69
Northern Africa and Western Asia,2011.0,1.32
Northern Africa and Western Asia,2012.0,2.65
Northern Africa and Western Asia,2013.0,6.27
Northern Africa and Western Asia,2015.0,2.94
Northern Africa and Western Asia,2016.0,0.63
Northern Africa and Western Asia,2017.0,0.75
Northern Africa and Western Asia,2018.0,2.05
Northern Africa and Western Asia,2019.0,1.04
Sweden,2000.0,0.64
Sweden,2001.0,1.11
Sweden,2002.0,1.34
Sweden,2003.0,4.83
Sweden,2004.0,1.8
Sweden,2005.0,7.53
Sweden,2006.0,3.44
Sweden,2007.0,4.39
Sweden,2008.0,15.83
Sweden,2009.0,3.9
Sweden,2010.0,2.73
Sweden,2011.0,2.89
Sweden,2012.0,4.45
Sweden,2013.0,2.76
Sweden,2014.0,4.76
Sweden,2015.0,7.27
Sweden,2016.0,4.43
Sweden,2017.0,6.2
Sweden,2018.0,3.43
Sweden,2019.0,5.59
Eastern and South-Eastern Asia,2000.0,3.35
Eastern and South-Eastern Asia,2001.0,3.78
Eastern and South-Eastern Asia,2002.0,3.65
Eastern and South-Eastern Asia,2003.0,4.1
Eastern and South-Eastern Asia,2004.0,4.26
Eastern and South-Eastern Asia,2005.0,4.97
Eastern and South-Eastern Asia,2006.0,5.71
Eastern and South-Eastern Asia,2007.0,4.9
Eastern and South-Eastern Asia,2008.0,4.64
Eastern and South-Eastern Asia,2009.0,5.07
Eastern and South-Eastern Asia,2010.0,5.53
Eastern and South-Eastern Asia,2011.0,4.5
Eastern and South-Eastern Asia,2012.0,4.76
Eastern and South-Eastern Asia,2013.0,5.86
Eastern and South-Eastern Asia,2014.0,4.82
Eastern and South-Eastern Asia,2015.0,4.41
Eastern and South-Eastern Asia,2016.0,3.58
Eastern and South-Eastern Asia,2017.0,3.77
Eastern and South-Eastern Asia,2018.0,2.97
Eastern and South-Eastern Asia,2019.0,3.03
Syria,2000.0,5.2
Syria,2001.0,17.65
Syria,2002.0,8.82
Syria,2003.0,6.76
Syria,2004.0,1.18
Syria,2005.0,2.94
Syria,2006.0,4.12
Syria,2007.0,18.24
Syria,2010.0,0.29
Syria,2011.0,5.88
Syria,2012.0,24.71
Syria,2013.0,0.29
Thailand,2000.0,1.15
Thailand,2001.0,1.24
Thailand,2002.0,2.62
Thailand,2003.0,2.44
Thailand,2004.0,3.03
Thailand,2005.0,2.84
Thailand,2006.0,0.48
Thailand,2007.0,4.83
Thailand,2008.0,3.2
Thailand,2009.0,0.48
Thailand,2010.0,1.29
Thailand,2011.0,1.21
Thailand,2012.0,1.08
Thailand,2013.0,2.05
Thailand,2014.0,0.46
Thailand,2015.0,0.66
Thailand,2016.0,0.99
Thailand,2017.0,0.66
Thailand,2018.0,0.79
Thailand,2019.0,0.59
Togo,2000.0,1.49
Togo,2001.0,5.09
Togo,2002.0,13.55
Togo,2003.0,5.69
Togo,2004.0,3.22
Togo,2005.0,8.51
Togo,2006.0,12.65
Togo,2007.0,1.65
Togo,2008.0,7.54
Togo,2009.0,1.25
Togo,2010.0,8.53
Togo,2011.0,0.96
Togo,2012.0,2.72
Togo,2013.0,1.68
Togo,2014.0,3.43
Togo,2015.0,1.23
Togo,2016.0,5.34
Togo,2017.0,1.02
Togo,2018.0,4.6
Togo,2019.0,1.64
Tokelau,2000.0,1.33
Tokelau,2001.0,0.96
Tokelau,2002.0,2.22
Tokelau,2003.0,0.82
Tokelau,2004.0,2.43
Tokelau,2005.0,0.48
Tokelau,2006.0,0.13
Tokelau,2007.0,0.95
Tokelau,2008.0,3.54
Tokelau,2009.0,3.77
Tokelau,2010.0,2.8
Tokelau,2011.0,3.3
Tokelau,2012.0,2.0
Tokelau,2013.0,0.03
Tokelau,2014.0,0.02
Tokelau,2015.0,0.02
Tokelau,2016.0,0.04
Tokelau,2017.0,0.01
Tokelau,2018.0,0.07
Tokelau,2019.0,0.01
Tonga,2000.0,1.62
Tonga,2001.0,2.09
Tonga,2002.0,2.85
Tonga,2003.0,3.56
Tonga,2004.0,2.36
Tonga,2005.0,3.71
Tonga,2006.0,2.54
Tonga,2007.0,7.07
Tonga,2008.0,2.83
Tonga,2009.0,0.24
Tonga,2010.0,1.51
Tonga,2011.0,1.28
Tonga,2012.0,0.45
Tonga,2013.0,1.03
Tonga,2014.0,0.9
Tonga,2015.0,3.68
Tonga,2016.0,4.59
Tonga,2017.0,4.28
Tonga,2018.0,3.26
Tonga,2019.0,2.66
Trinidad and Tobago,2000.0,3.55
Trinidad and Tobago,2001.0,11.02
Trinidad and Tobago,2002.0,3.55
Trinidad and Tobago,2003.0,12.94
Trinidad and Tobago,2004.0,14.99
Trinidad and Tobago,2005.0,6.93
Trinidad and Tobago,2006.0,6.88
Trinidad and Tobago,2007.0,7.92
Trinidad and Tobago,2008.0,11.84
Trinidad and Tobago,2009.0,15.1
Trinidad and Tobago,2010.0,34.11
Trinidad and Tobago,2011.0,4.13
Trinidad and Tobago,2012.0,6.73
Trinidad and Tobago,2013.0,5.07
Trinidad and Tobago,2014.0,4.97
Trinidad and Tobago,2015.0,2.15
Trinidad and Tobago,2016.0,10.77
Trinidad and Tobago,2017.0,8.84
Trinidad and Tobago,2018.0,5.34
Trinidad and Tobago,2019.0,3.79
United Arab Emirates,2000.0,3.01
United Arab Emirates,2001.0,0.59
United Arab Emirates,2002.0,2.76
United Arab Emirates,2003.0,6.45
United Arab Emirates,2004.0,1.79
United Arab Emirates,2005.0,4.63
United Arab Emirates,2006.0,6.02
United Arab Emirates,2007.0,7.78
United Arab Emirates,2008.0,5.03
United Arab Emirates,2009.0,2.96
United Arab Emirates,2010.0,1.38
United Arab Emirates,2011.0,0.82
United Arab Emirates,2012.0,3.56
United Arab Emirates,2013.0,0.51
United Arab Emirates,2014.0,1.94
United Arab Emirates,2015.0,1.38
United Arab Emirates,2016.0,0.98
United Arab Emirates,2017.0,2.24
United Arab Emirates,2018.0,1.26
United Arab Emirates,2019.0,2.82
Tunisia,2000.0,0.74
Tunisia,2001.0,0.22
Tunisia,2002.0,0.56
Tunisia,2003.0,3.44
Tunisia,2004.0,2.19
Tunisia,2005.0,3.49
Tunisia,2006.0,1.58
Tunisia,2007.0,2.65
Tunisia,2008.0,0.58
Tunisia,2009.0,2.61
Tunisia,2010.0,1.03
Tunisia,2011.0,2.56
Tunisia,2012.0,2.81
Tunisia,2013.0,11.81
Tunisia,2014.0,2.91
Tunisia,2015.0,2.53
Tunisia,2016.0,0.3
Tunisia,2017.0,0.32
Tunisia,2018.0,1.02
Tunisia,2019.0,1.14
Turkey,2000.0,1.22
Turkey,2001.0,20.67
Turkey,2002.0,1.61
Turkey,2003.0,0.77
Turkey,2004.0,0.39
Turkey,2005.0,1.39
Turkey,2006.0,0.91
Turkey,2007.0,0.57
Turkey,2008.0,0.17
Turkey,2009.0,1.07
Turkey,2010.0,2.41
Turkey,2011.0,0.11
Turkey,2012.0,0.44
Turkey,2013.0,0.45
Turkey,2014.0,0.85
Turkey,2015.0,0.05
Turkey,2016.0,0.04
Turkey,2017.0,0.35
Turkey,2018.0,1.17
Turkey,2019.0,0.19
Turks and Caicos Islands,2000.0,0.12
Turks and Caicos Islands,2001.0,0.23
Turks and Caicos Islands,2002.0,0.2
Turks and Caicos Islands,2003.0,0.26
Turks and Caicos Islands,2004.0,0.52
Turks and Caicos Islands,2005.0,0.28
Turks and Caicos Islands,2006.0,0.35
Turks and Caicos Islands,2007.0,0.27
Turks and Caicos Islands,2008.0,0.45
Turks and Caicos Islands,2009.0,0.29
Turks and Caicos Islands,2010.0,0.13
Turks and Caicos Islands,2011.0,0.38
Turks and Caicos Islands,2012.0,1.57
Turks and Caicos Islands,2013.0,0.21
Turks and Caicos Islands,2014.0,0.37
Turks and Caicos Islands,2015.0,0.25
Turks and Caicos Islands,2016.0,0.14
Turks and Caicos Islands,2017.0,0.46
Turks and Caicos Islands,2018.0,0.05
Turks and Caicos Islands,2019.0,0.22
Tuvalu,2000.0,1.68
Tuvalu,2001.0,0.5
Tuvalu,2002.0,4.14
Tuvalu,2003.0,17.69
Tuvalu,2004.0,3.62
Tuvalu,2005.0,3.99
Tuvalu,2006.0,0.27
Tuvalu,2007.0,1.64
Tuvalu,2008.0,2.7
Tuvalu,2009.0,2.04
Tuvalu,2010.0,6.44
Tuvalu,2011.0,8.43
Tuvalu,2012.0,0.46
Tuvalu,2013.0,0.35
Tuvalu,2014.0,0.22
Tuvalu,2015.0,2.19
Tuvalu,2016.0,1.34
Tuvalu,2017.0,0.05
Tuvalu,2018.0,0.02
Tuvalu,2019.0,0.04
Egypt,2000.0,0.57
Egypt,2001.0,0.49
Egypt,2002.0,0.91
Egypt,2003.0,1.02
Egypt,2004.0,0.35
Egypt,2005.0,0.22
Egypt,2006.0,0.17
Egypt,2007.0,0.5
Egypt,2008.0,0.19
Egypt,2009.0,0.08
Egypt,2010.0,1.45
Egypt,2011.0,0.24
Egypt,2012.0,0.62
Egypt,2013.0,0.42
Egypt,2014.0,0.12
Egypt,2015.0,0.67
Egypt,2016.0,0.26
Egypt,2017.0,0.11
Egypt,2018.0,0.32
Egypt,2019.0,0.19
United Kingdom,2000.0,3.34
United Kingdom,2001.0,3.06
United Kingdom,2002.0,5.24
United Kingdom,2003.0,7.6
United Kingdom,2004.0,8.19
United Kingdom,2005.0,3.31
United Kingdom,2006.0,3.0
United Kingdom,2007.0,4.13
United Kingdom,2008.0,2.3
United Kingdom,2009.0,3.46
United Kingdom,2010.0,3.39
United Kingdom,2011.0,3.97
United Kingdom,2012.0,2.99
United Kingdom,2013.0,2.29
United Kingdom,2014.0,3.49
United Kingdom,2015.0,2.01
United Kingdom,2016.0,2.05
United Kingdom,2017.0,1.16
United Kingdom,2018.0,1.64
United Kingdom,2019.0,1.42
Guernsey,2000.0,3.64
Guernsey,2001.0,1.02
Guernsey,2002.0,11.46
Guernsey,2003.0,27.68
Guernsey,2004.0,0.34
Guernsey,2005.0,11.07
Guernsey,2006.0,10.96
Guernsey,2007.0,19.66
Guernsey,2008.0,37.69
Guernsey,2009.0,12.2
Guernsey,2010.0,7.75
Guernsey,2011.0,7.97
Guernsey,2012.0,3.05
Guernsey,2013.0,5.93
Guernsey,2014.0,33.22
Guernsey,2015.0,15.37
Guernsey,2016.0,9.24
Guernsey,2017.0,5.31
Guernsey,2018.0,2.94
Guernsey,2019.0,0.95
Jersey,2000.0,21.97
Jersey,2001.0,2.27
Jersey,2002.0,51.14
Jersey,2003.0,46.59
Jersey,2005.0,2.27
Jersey,2006.0,40.91
Jersey,2007.0,27.27
Jersey,2008.0,59.09
Jersey,2009.0,10.23
Jersey,2010.0,38.64
Jersey,2011.0,29.55
Jersey,2012.0,40.91
Jersey,2013.0,38.64
Jersey,2014.0,54.55
Jersey,2015.0,38.64
Jersey,2016.0,36.36
Jersey,2017.0,40.91
Jersey,2018.0,11.36
Tanzania,2000.0,0.17
Tanzania,2001.0,2.93
Tanzania,2002.0,3.65
Tanzania,2003.0,4.79
Tanzania,2004.0,0.57
Tanzania,2005.0,2.53
Tanzania,2006.0,0.02
Tanzania,2007.0,2.98
Tanzania,2008.0,0.83
Tanzania,2009.0,2.71
Tanzania,2010.0,0.26
Tanzania,2011.0,0.18
Tanzania,2012.0,2.08
Tanzania,2013.0,0.66
Tanzania,2014.0,0.16
Tanzania,2015.0,1.17
Tanzania,2016.0,1.18
Tanzania,2017.0,0.15
Tanzania,2018.0,0.52
Tanzania,2019.0,0.32
United States,2000.0,3.26
United States,2001.0,3.98
United States,2002.0,7.43
United States,2003.0,7.97
United States,2004.0,6.02
United States,2005.0,6.01
United States,2006.0,4.9
United States,2007.0,5.84
United States,2008.0,8.48
United States,2009.0,6.14
United States,2010.0,6.81
United States,2011.0,5.77
United States,2012.0,3.33
United States,2013.0,6.11
United States,2014.0,4.84
United States,2015.0,3.36
United States,2016.0,3.23
United States,2017.0,3.53
United States,2018.0,3.43
United States,2019.0,4.92
United States Virgin Islands,2000.0,5.05
United States Virgin Islands,2001.0,0.94
United States Virgin Islands,2002.0,2.47
United States Virgin Islands,2003.0,5.25
United States Virgin Islands,2004.0,3.03
United States Virgin Islands,2005.0,2.31
United States Virgin Islands,2006.0,8.36
United States Virgin Islands,2007.0,1.28
United States Virgin Islands,2008.0,0.44
United States Virgin Islands,2009.0,24.71
United States Virgin Islands,2010.0,24.41
United States Virgin Islands,2012.0,0.92
United States Virgin Islands,2013.0,1.39
United States Virgin Islands,2014.0,2.72
United States Virgin Islands,2015.0,0.76
United States Virgin Islands,2016.0,3.03
United States Virgin Islands,2017.0,3.01
United States Virgin Islands,2018.0,8.09
United States Virgin Islands,2019.0,1.22
Uruguay,2000.0,2.69
Uruguay,2001.0,10.28
Uruguay,2002.0,8.21
Uruguay,2003.0,20.26
Uruguay,2004.0,10.11
Uruguay,2005.0,4.16
Uruguay,2006.0,6.39
Uruguay,2007.0,4.06
Uruguay,2008.0,4.33
Uruguay,2009.0,2.87
Uruguay,2010.0,21.38
Uruguay,2011.0,5.66
Uruguay,2012.0,4.36
Uruguay,2013.0,4.26
Uruguay,2014.0,21.14
Uruguay,2015.0,12.57
Uruguay,2016.0,16.94
Uruguay,2017.0,14.69
Uruguay,2018.0,3.13
Uruguay,2019.0,9.9
Venezuela,2000.0,6.1
Venezuela,2001.0,3.35
Venezuela,2002.0,4.62
Venezuela,2003.0,5.74
Venezuela,2004.0,2.29
Venezuela,2005.0,2.42
Venezuela,2006.0,5.47
Venezuela,2007.0,3.12
Venezuela,2008.0,2.46
Venezuela,2009.0,10.38
Venezuela,2010.0,7.79
Venezuela,2011.0,1.89
Venezuela,2012.0,4.32
Venezuela,2013.0,2.38
Venezuela,2014.0,4.72
Venezuela,2015.0,4.12
Venezuela,2016.0,2.61
Venezuela,2017.0,5.42
Venezuela,2018.0,5.43
Venezuela,2019.0,2.44
Wallis and Futuna,2000.0,0.19
Wallis and Futuna,2001.0,0.4
Wallis and Futuna,2002.0,0.56
Wallis and Futuna,2003.0,15.79
Wallis and Futuna,2004.0,3.26
Wallis and Futuna,2005.0,4.81
Wallis and Futuna,2006.0,1.53
Wallis and Futuna,2007.0,0.5
Wallis and Futuna,2008.0,0.81
Wallis and Futuna,2009.0,1.15
Wallis and Futuna,2010.0,7.45
Wallis and Futuna,2011.0,0.36
Wallis and Futuna,2012.0,0.43
Wallis and Futuna,2013.0,0.09
Wallis and Futuna,2014.0,0.07
Wallis and Futuna,2015.0,4.3
Wallis and Futuna,2016.0,3.87
Wallis and Futuna,2017.0,1.79
Wallis and Futuna,2018.0,0.6
Wallis and Futuna,2019.0,0.13
Samoa,2000.0,0.12
Samoa,2001.0,0.18
Samoa,2002.0,4.6
Samoa,2003.0,8.13
Samoa,2004.0,9.6
Samoa,2005.0,12.65
Samoa,2006.0,0.07
Samoa,2007.0,4.19
Samoa,2008.0,4.16
Samoa,2009.0,1.08
Samoa,2010.0,1.6
Samoa,2011.0,0.57
Samoa,2012.0,2.29
Samoa,2013.0,2.09
Samoa,2014.0,0.4
Samoa,2015.0,6.89
Samoa,2016.0,0.65
Samoa,2017.0,2.45
Samoa,2018.0,1.61
Samoa,2019.0,0.18
Yemen,2000.0,3.9
Yemen,2001.0,3.47
Yemen,2002.0,7.43
Yemen,2003.0,7.12
Yemen,2004.0,11.91
Yemen,2005.0,6.12
Yemen,2006.0,3.77
Yemen,2007.0,3.36
Yemen,2008.0,2.62
Yemen,2009.0,1.25
Yemen,2010.0,1.97
Yemen,2011.0,2.46
Yemen,2012.0,1.66
Yemen,2013.0,1.26
Yemen,2014.0,1.36
Yemen,2015.0,0.98
Yemen,2016.0,1.15
Yemen,2017.0,1.86
Yemen,2018.0,1.59
Yemen,2019.0,1.83
