country,year,value
World,2021.0,2.0
World,2022.0,3.0
Africa,2021.0,1.0
Africa,2022.0,1.0
South America,2021.0,1.0
South America,2022.0,1.0
Eastern Africa,2021.0,1.0
Eastern Africa,2022.0,1.0
Americas,2021.0,1.0
Americas,2022.0,1.0
Bolivia,2021.0,1.0
Bolivia,2022.0,1.0
Europe,2022.0,1.0
Eastern Europe,2022.0,1.0
Comoros,2021.0,1.0
Comoros,2022.0,1.0
Least Developed Countries (LDCs),2021.0,1.0
Least Developed Countries (LDCs),2022.0,1.0
Sub-Saharan Africa,2021.0,1.0
Sub-Saharan Africa,2022.0,1.0
Latin America and the Caribbean,2021.0,1.0
Latin America and the Caribbean,2022.0,1.0
Landlocked developing countries (LLDCs),2021.0,1.0
Landlocked developing countries (LLDCs),2022.0,2.0
Moldova,2022.0,1.0
Europe and Northern America,2022.0,1.0
"Developed regions (Europe, Cyprus, Israel, Northern America, Japan, Australia & New Zealand)",2022.0,1.0
Developing regions,2021.0,2.0
Developing regions,2022.0,2.0
Small island developing States (SIDS),2021.0,1.0
Small island developing States (SIDS),2022.0,1.0
Sub-Saharan Africa (inc. Sudan),2021.0,1.0
Sub-Saharan Africa (inc. Sudan),2022.0,1.0
