country,year,value
World,2000.0,0.75792
World,2001.0,0.77387
World,2002.0,0.75956
World,2003.0,0.78044
World,2004.0,0.81714
World,2005.0,0.81536
World,2006.0,0.82188
World,2007.0,0.85497
World,2008.0,0.90373
World,2009.0,0.87055
World,2010.0,0.88415
World,2011.0,0.92508
World,2012.0,0.91977
World,2013.0,0.96653
World,2014.0,0.97286
World,2015.0,0.98638
World,2016.0,0.99968
World,2017.0,1.01277
Africa,2000.0,0.61203
Africa,2001.0,0.60708
Africa,2002.0,0.61563
Africa,2003.0,0.63314
Africa,2004.0,0.63624
Africa,2005.0,0.65469
Africa,2006.0,0.6595
Africa,2007.0,0.61622
Africa,2008.0,0.66378
Africa,2009.0,0.63404
Africa,2010.0,0.67295
Africa,2011.0,0.64117
Africa,2012.0,0.67116
Africa,2013.0,0.66474
Africa,2014.0,0.69366
Africa,2015.0,0.69813
Africa,2016.0,0.70211
Africa,2017.0,0.70563
Afghanistan,2000.0,0.18138
Afghanistan,2001.0,0.18976
Afghanistan,2002.0,0.30292
Afghanistan,2003.0,0.3265
Afghanistan,2004.0,0.27031
Afghanistan,2005.0,0.36899
Afghanistan,2006.0,0.31217
Afghanistan,2007.0,0.37065
Afghanistan,2008.0,0.2577
Afghanistan,2009.0,0.39053
Afghanistan,2010.0,0.34634
Afghanistan,2011.0,0.26919
Afghanistan,2012.0,0.34736
Afghanistan,2013.0,0.3453
Afghanistan,2014.0,0.34594
Afghanistan,2015.0,0.3497
Afghanistan,2016.0,0.35385
Afghanistan,2017.0,0.35824
South America,2000.0,1.66504
South America,2001.0,1.78766
South America,2002.0,1.77671
South America,2003.0,1.988
South America,2004.0,1.97478
South America,2005.0,1.97498
South America,2006.0,2.06064
South America,2007.0,2.33057
South America,2008.0,2.51824
South America,2009.0,2.37182
South America,2010.0,2.61001
South America,2011.0,2.67733
South America,2012.0,2.63039
South America,2013.0,2.88385
South America,2014.0,2.86149
South America,2015.0,2.93992
South America,2016.0,3.01745
South America,2017.0,3.09414
Albania,2000.0,0.26641
Albania,2001.0,0.24434
Albania,2002.0,0.24323
Albania,2003.0,0.23246
Albania,2004.0,0.25804
Albania,2005.0,0.24815
Albania,2006.0,0.25734
Albania,2007.0,0.24232
Albania,2008.0,0.31192
Albania,2009.0,0.34057
Albania,2010.0,0.37287
Albania,2011.0,0.37727
Albania,2012.0,0.40356
Albania,2013.0,0.39706
Albania,2014.0,0.40111
Albania,2015.0,0.41286
Albania,2016.0,0.42453
Albania,2017.0,0.43604
Oceania,2000.0,2.23967
Oceania,2001.0,2.1034
Oceania,2002.0,1.55258
Oceania,2003.0,2.20619
Oceania,2004.0,1.98715
Oceania,2005.0,2.16727
Oceania,2006.0,1.55872
Oceania,2007.0,1.66271
Oceania,2008.0,1.83291
Oceania,2009.0,1.77802
Oceania,2010.0,1.75824
Oceania,2011.0,1.85895
Oceania,2012.0,2.03463
Oceania,2013.0,1.846
Oceania,2014.0,1.90483
Oceania,2015.0,1.89276
Oceania,2016.0,1.88094
Oceania,2017.0,1.86951
Western Africa,2000.0,0.87564
Western Africa,2001.0,0.87799
Western Africa,2002.0,0.89662
Western Africa,2003.0,0.94593
Western Africa,2004.0,0.93028
Western Africa,2005.0,0.97494
Western Africa,2006.0,1.00225
Western Africa,2007.0,0.91579
Western Africa,2008.0,1.00458
Western Africa,2009.0,0.84884
Western Africa,2010.0,0.93192
Western Africa,2011.0,0.82381
Western Africa,2012.0,0.88269
Western Africa,2013.0,0.8128
Western Africa,2014.0,0.90811
Western Africa,2015.0,0.9004
Western Africa,2016.0,0.89261
Western Africa,2017.0,0.88474
Algeria,2000.0,0.08085
Algeria,2001.0,0.13869
Algeria,2002.0,0.11845
Algeria,2003.0,0.2139
Algeria,2004.0,0.22138
Algeria,2005.0,0.19674
Algeria,2006.0,0.20885
Algeria,2007.0,0.17315
Algeria,2008.0,0.11625
Algeria,2009.0,0.26257
Algeria,2010.0,0.22114
Algeria,2011.0,0.23605
Algeria,2012.0,0.27211
Algeria,2013.0,0.28232
Algeria,2014.0,0.22243
Algeria,2015.0,0.22947
Algeria,2016.0,0.23638
Algeria,2017.0,0.24318
Central America,2000.0,0.9395
Central America,2001.0,0.99898
Central America,2002.0,0.93548
Central America,2003.0,0.99645
Central America,2004.0,1.02728
Central America,2005.0,0.95807
Central America,2006.0,1.00207
Central America,2007.0,1.04648
Central America,2008.0,1.05083
Central America,2009.0,0.97138
Central America,2010.0,1.0235
Central America,2011.0,0.91699
Central America,2012.0,1.01292
Central America,2013.0,1.05186
Central America,2014.0,1.06556
Central America,2015.0,1.06869
Central America,2016.0,1.07185
Central America,2017.0,1.07508
Eastern Africa,2000.0,0.48907
Eastern Africa,2001.0,0.51191
Eastern Africa,2002.0,0.48957
Eastern Africa,2003.0,0.48222
Eastern Africa,2005.0,0.50557
Eastern Africa,2006.0,0.53843
Eastern Africa,2007.0,0.52248
Eastern Africa,2008.0,0.52414
Eastern Africa,2009.0,0.54328
Eastern Africa,2010.0,0.61324
Eastern Africa,2011.0,0.61851
Eastern Africa,2012.0,0.61233
Eastern Africa,2013.0,0.60555
Eastern Africa,2014.0,0.62358
Eastern Africa,2015.0,0.62877
Eastern Africa,2016.0,0.63333
Eastern Africa,2017.0,0.63733
Northern Africa,2000.0,0.34724
Northern Africa,2001.0,0.35877
Northern Africa,2002.0,0.36592
Northern Africa,2003.0,0.42417
Northern Africa,2006.0,0.42234
Northern Africa,2007.0,0.36687
Northern Africa,2008.0,0.38372
Northern Africa,2009.0,0.432
Northern Africa,2010.0,0.38743
Northern Africa,2011.0,0.4112
Northern Africa,2012.0,0.47381
Northern Africa,2013.0,0.5325
Northern Africa,2015.0,0.53012
Northern Africa,2016.0,0.55806
Northern Africa,2017.0,0.58507
Middle Africa,2000.0,0.43424
Middle Africa,2001.0,0.44729
Middle Africa,2002.0,0.44435
Middle Africa,2003.0,0.45016
Middle Africa,2004.0,0.44238
Middle Africa,2005.0,0.47469
Middle Africa,2006.0,0.46555
Middle Africa,2007.0,0.46235
Middle Africa,2008.0,0.45531
Middle Africa,2009.0,0.48169
Middle Africa,2010.0,0.49211
Middle Africa,2011.0,0.48665
Middle Africa,2012.0,0.48222
Middle Africa,2013.0,0.51195
Middle Africa,2014.0,0.47032
Middle Africa,2015.0,0.47058
Middle Africa,2016.0,0.47049
Middle Africa,2017.0,0.47008
Southern Africa,2000.0,1.23939
Southern Africa,2001.0,0.97399
Southern Africa,2002.0,1.12051
Southern Africa,2003.0,1.00771
Southern Africa,2004.0,1.00352
Southern Africa,2005.0,1.13576
Southern Africa,2006.0,0.84682
Southern Africa,2007.0,0.82075
Southern Africa,2008.0,1.13908
Southern Africa,2009.0,1.08363
Southern Africa,2010.0,1.06442
Southern Africa,2011.0,0.96127
Southern Africa,2012.0,1.02022
Southern Africa,2013.0,1.04789
Southern Africa,2014.0,1.16411
Southern Africa,2015.0,1.15843
Southern Africa,2016.0,1.15338
Southern Africa,2017.0,1.14886
Americas,2000.0,1.43552
Americas,2001.0,1.46447
Americas,2002.0,1.40273
Americas,2003.0,1.54703
Americas,2004.0,1.60703
Americas,2005.0,1.56195
Americas,2006.0,1.57052
Americas,2007.0,1.74096
Americas,2008.0,1.81689
Americas,2009.0,1.75588
Americas,2010.0,1.8435
Americas,2011.0,1.83702
Americas,2012.0,1.81105
Americas,2013.0,2.0092
Americas,2014.0,2.0072
Americas,2015.0,2.04441
Americas,2016.0,2.08113
Americas,2017.0,2.11738
Northern America,2000.0,1.46386
Northern America,2001.0,1.38556
Northern America,2002.0,1.25379
Northern America,2003.0,1.4026
Northern America,2004.0,1.56148
Northern America,2005.0,1.49774
Northern America,2006.0,1.40464
Northern America,2007.0,1.53648
Northern America,2008.0,1.52376
Northern America,2009.0,1.56379
Northern America,2010.0,1.51136
Northern America,2011.0,1.45786
Northern America,2012.0,1.3988
Northern America,2013.0,1.62748
Northern America,2014.0,1.63781
Northern America,2015.0,1.65073
Northern America,2016.0,1.66329
Northern America,2017.0,1.67557
Angola,2000.0,0.31944
Angola,2001.0,0.37033
Angola,2002.0,0.42454
Angola,2003.0,0.43299
Angola,2004.0,0.4732
Angola,2005.0,0.49699
Angola,2006.0,0.45973
Angola,2007.0,0.49092
Angola,2008.0,0.47167
Angola,2009.0,0.59337
Angola,2010.0,0.61673
Angola,2011.0,0.64196
Angola,2012.0,0.39375
Angola,2013.0,0.67812
Angola,2014.0,0.50063
Angola,2015.0,0.50851
Angola,2016.0,0.51561
Angola,2017.0,0.52196
Antigua and Barbuda,2000.0,0.00699
Antigua and Barbuda,2001.0,0.0069
Antigua and Barbuda,2002.0,0.00722
Antigua and Barbuda,2003.0,0.00763
Antigua and Barbuda,2004.0,0.00811
Antigua and Barbuda,2005.0,0.00785
Antigua and Barbuda,2006.0,0.00841
Antigua and Barbuda,2007.0,0.00928
Antigua and Barbuda,2008.0,0.0087
Antigua and Barbuda,2009.0,0.00947
Antigua and Barbuda,2010.0,0.00958
Antigua and Barbuda,2011.0,0.00925
Antigua and Barbuda,2012.0,0.00912
Antigua and Barbuda,2013.0,0.00918
Antigua and Barbuda,2014.0,0.00926
Antigua and Barbuda,2015.0,0.00943
Antigua and Barbuda,2016.0,0.00959
Antigua and Barbuda,2017.0,0.00975
Eastern Asia,2000.0,0.57678
Eastern Asia,2001.0,0.58373
Eastern Asia,2002.0,0.59652
Eastern Asia,2003.0,0.5646
Eastern Asia,2004.0,0.61149
Eastern Asia,2005.0,0.62067
Eastern Asia,2006.0,0.63029
Eastern Asia,2007.0,0.64337
Eastern Asia,2008.0,0.68017
Eastern Asia,2009.0,0.66689
Eastern Asia,2010.0,0.68457
Eastern Asia,2011.0,0.71826
Eastern Asia,2012.0,0.74623
Eastern Asia,2013.0,0.76199
Eastern Asia,2014.0,0.75432
Eastern Asia,2015.0,0.76815
Eastern Asia,2016.0,0.7821
Eastern Asia,2017.0,0.79618
Azerbaijan,2000.0,0.38918
Azerbaijan,2001.0,0.48565
Azerbaijan,2002.0,0.52743
Azerbaijan,2003.0,0.51556
Azerbaijan,2004.0,0.55331
Azerbaijan,2005.0,0.57807
Azerbaijan,2006.0,0.53949
Azerbaijan,2007.0,0.51379
Azerbaijan,2008.0,0.58252
Azerbaijan,2009.0,0.6376
Azerbaijan,2010.0,0.46655
Azerbaijan,2011.0,0.54767
Azerbaijan,2012.0,0.59741
Azerbaijan,2013.0,0.6184
Azerbaijan,2014.0,0.5051
Azerbaijan,2015.0,0.51088
Azerbaijan,2016.0,0.51684
Azerbaijan,2017.0,0.52298
Argentina,2000.0,3.16612
Argentina,2001.0,3.12306
Argentina,2002.0,3.03694
Argentina,2003.0,3.2795
Argentina,2004.0,3.14386
Argentina,2005.0,3.66075
Argentina,2006.0,3.40135
Argentina,2007.0,4.08018
Argentina,2008.0,3.86592
Argentina,2009.0,2.70768
Argentina,2010.0,4.1454
Argentina,2011.0,4.18304
Argentina,2012.0,3.69643
Argentina,2013.0,4.41426
Argentina,2014.0,4.62377
Argentina,2015.0,4.70028
Argentina,2016.0,4.77598
Argentina,2017.0,4.85087
Southern Asia,2000.0,0.61055
Southern Asia,2001.0,0.60268
Southern Asia,2002.0,0.55892
Southern Asia,2003.0,0.60294
Southern Asia,2004.0,0.57397
Southern Asia,2005.0,0.58761
Southern Asia,2006.0,0.60289
Southern Asia,2007.0,0.66524
Southern Asia,2008.0,0.64719
Southern Asia,2009.0,0.60336
Southern Asia,2010.0,0.63734
Southern Asia,2011.0,0.66812
Southern Asia,2012.0,0.6665
Southern Asia,2013.0,0.66589
Southern Asia,2014.0,0.66425
Southern Asia,2015.0,0.67014
Southern Asia,2016.0,0.67598
Southern Asia,2017.0,0.68176
South-Eastern Asia,2000.0,0.92038
South-Eastern Asia,2001.0,0.93491
South-Eastern Asia,2002.0,0.96174
South-Eastern Asia,2003.0,1.03046
South-Eastern Asia,2004.0,1.05802
South-Eastern Asia,2005.0,1.09149
South-Eastern Asia,2006.0,1.12104
South-Eastern Asia,2007.0,1.15536
South-Eastern Asia,2008.0,1.2265
South-Eastern Asia,2009.0,1.23534
South-Eastern Asia,2010.0,1.23103
South-Eastern Asia,2011.0,1.29258
South-Eastern Asia,2012.0,1.33755
South-Eastern Asia,2013.0,1.34243
South-Eastern Asia,2014.0,1.34884
South-Eastern Asia,2015.0,1.37642
South-Eastern Asia,2016.0,1.40376
South-Eastern Asia,2017.0,1.43084
Australia,2000.0,3.18272
Australia,2001.0,3.03766
Australia,2002.0,2.13697
Australia,2003.0,3.24616
Australia,2004.0,2.87244
Australia,2005.0,3.17206
Australia,2006.0,2.15189
Australia,2007.0,2.26913
Australia,2008.0,2.55113
Australia,2009.0,2.46528
Australia,2010.0,2.43382
Australia,2011.0,2.61652
Australia,2012.0,2.89267
Australia,2013.0,2.58688
Australia,2014.0,2.6889
Australia,2015.0,2.66803
Australia,2016.0,2.64756
Australia,2017.0,2.62781
Southern Europe,2000.0,0.48812
Southern Europe,2001.0,0.48145
Southern Europe,2002.0,0.48261
Southern Europe,2003.0,0.46594
Southern Europe,2004.0,0.51903
Southern Europe,2005.0,0.42764
Southern Europe,2006.0,0.5358
Southern Europe,2007.0,0.52547
Southern Europe,2008.0,0.57033
Southern Europe,2009.0,0.52968
Southern Europe,2010.0,0.53353
Southern Europe,2011.0,0.56158
Southern Europe,2012.0,0.45728
Southern Europe,2013.0,0.592
Southern Europe,2014.0,0.53451
Southern Europe,2015.0,0.5366
Southern Europe,2016.0,0.53831
Southern Europe,2017.0,0.53972
Austria,2000.0,0.48561
Austria,2001.0,0.52128
Austria,2002.0,0.48458
Austria,2003.0,0.45711
Austria,2004.0,0.56073
Austria,2005.0,0.52194
Austria,2006.0,0.45546
Austria,2007.0,0.47607
Austria,2008.0,0.56995
Austria,2009.0,0.51492
Austria,2010.0,0.53611
Austria,2011.0,0.59802
Austria,2012.0,0.51261
Austria,2013.0,0.47596
Austria,2014.0,0.58042
Austria,2015.0,0.58353
Austria,2016.0,0.58741
Austria,2017.0,0.59194
Bahamas,2000.0,0.1375
Bahamas,2001.0,0.16031
Bahamas,2002.0,0.11684
Bahamas,2003.0,0.10475
Bahamas,2004.0,0.10277
Bahamas,2005.0,0.10079
Bahamas,2006.0,0.11271
Bahamas,2007.0,0.1111
Bahamas,2008.0,0.10977
Bahamas,2009.0,0.10882
Bahamas,2010.0,0.12024
Bahamas,2011.0,0.11976
Bahamas,2012.0,0.11899
Bahamas,2013.0,0.11758
Bahamas,2014.0,0.11913
Bahamas,2015.0,0.1189
Bahamas,2016.0,0.11876
Bahamas,2017.0,0.11871
Bahrain,2000.0,0.00028
Bahrain,2001.0,0.00016
Bahrain,2002.0,0.00329
Bahrain,2003.0,0.00245
Bahrain,2004.0,0.00177
Bahrain,2005.0,0.00255
Bahrain,2006.0,0.00068
Bahrain,2007.0,0.00148
Bahrain,2008.0,0.00109
Bahrain,2009.0,0.00343
Bahrain,2010.0,0.00313
Bahrain,2011.0,0.00461
Bahrain,2012.0,0.00523
Bahrain,2013.0,0.00605
Bahrain,2014.0,0.00609
Bahrain,2015.0,0.00604
Bahrain,2016.0,0.00592
Bahrain,2017.0,0.00575
Bangladesh,2000.0,0.46754
Bangladesh,2001.0,0.44496
Bangladesh,2002.0,0.44798
Bangladesh,2003.0,0.45013
Bangladesh,2004.0,0.42372
Bangladesh,2005.0,0.45534
Bangladesh,2006.0,0.45798
Bangladesh,2007.0,0.48273
Bangladesh,2008.0,0.52422
Bangladesh,2009.0,0.51217
Bangladesh,2010.0,0.53771
Bangladesh,2011.0,0.54257
Bangladesh,2012.0,0.54064
Bangladesh,2013.0,0.55089
Bangladesh,2014.0,0.55433
Bangladesh,2015.0,0.56256
Bangladesh,2016.0,0.57076
Bangladesh,2017.0,0.57891
Armenia,2000.0,0.1845
Armenia,2001.0,0.27761
Armenia,2002.0,0.30719
Armenia,2003.0,0.29185
Armenia,2004.0,0.39047
Armenia,2005.0,0.35759
Armenia,2006.0,0.25601
Armenia,2007.0,0.39837
Armenia,2008.0,0.40017
Armenia,2009.0,0.36037
Armenia,2010.0,0.30907
Armenia,2011.0,0.39852
Armenia,2012.0,0.42885
Armenia,2013.0,0.48063
Armenia,2014.0,0.51862
Armenia,2015.0,0.53133
Armenia,2016.0,0.54448
Armenia,2017.0,0.55799
Barbados,2000.0,1.30262
Barbados,2001.0,1.00526
Barbados,2002.0,0.99154
Barbados,2003.0,0.87165
Barbados,2004.0,0.85814
Barbados,2005.0,1.04385
Barbados,2006.0,0.82624
Barbados,2007.0,0.83322
Barbados,2008.0,0.72836
Barbados,2009.0,0.82982
Barbados,2010.0,0.60899
Barbados,2011.0,0.60197
Barbados,2012.0,0.64561
Barbados,2013.0,0.41241
Barbados,2014.0,0.38038
Barbados,2015.0,0.33306
Barbados,2016.0,0.28606
Barbados,2017.0,0.23937
Australia and New Zealand,2000.0,2.68054
Australia and New Zealand,2001.0,2.56095
Australia and New Zealand,2002.0,1.81039
Australia and New Zealand,2003.0,2.73027
Australia and New Zealand,2004.0,2.41514
Australia and New Zealand,2005.0,2.66528
Australia and New Zealand,2006.0,1.81643
Australia and New Zealand,2007.0,1.91941
Australia and New Zealand,2008.0,2.1587
Australia and New Zealand,2009.0,2.09341
Australia and New Zealand,2010.0,2.06541
Australia and New Zealand,2011.0,2.21916
Australia and New Zealand,2012.0,2.45596
Australia and New Zealand,2013.0,2.19906
Australia and New Zealand,2014.0,2.28494
Australia and New Zealand,2015.0,2.26876
Australia and New Zealand,2016.0,2.25301
Australia and New Zealand,2017.0,2.23788
Belgium,2000.0,0.18955
Belgium,2001.0,0.17959
Belgium,2002.0,0.19796
Belgium,2003.0,0.19284
Belgium,2004.0,0.21343
Belgium,2005.0,0.20338
Belgium,2006.0,0.1964
Belgium,2007.0,0.19959
Belgium,2008.0,0.22948
Belgium,2009.0,0.23481
Belgium,2010.0,0.21664
Belgium,2011.0,0.21198
Belgium,2012.0,0.21234
Belgium,2013.0,0.22209
Belgium,2014.0,0.22463
Belgium,2015.0,0.22702
Belgium,2016.0,0.22935
Belgium,2017.0,0.23163
Central and Southern Asia,2000.0,0.62159
Central and Southern Asia,2001.0,0.62009
Central and Southern Asia,2002.0,0.57875
Central and Southern Asia,2003.0,0.62038
Central and Southern Asia,2004.0,0.59189
Central and Southern Asia,2005.0,0.60676
Central and Southern Asia,2006.0,0.6229
Central and Southern Asia,2007.0,0.68604
Central and Southern Asia,2008.0,0.6637
Central and Southern Asia,2009.0,0.62508
Central and Southern Asia,2010.0,0.64945
Central and Southern Asia,2011.0,0.69123
Central and Southern Asia,2012.0,0.67743
Central and Southern Asia,2013.0,0.68225
Central and Southern Asia,2014.0,0.67885
Central and Southern Asia,2015.0,0.6846
Central and Southern Asia,2016.0,0.69031
Central and Southern Asia,2017.0,0.69596
Bhutan,2000.0,0.50034
Bhutan,2001.0,0.55244
Bhutan,2002.0,0.43216
Bhutan,2003.0,0.49067
Bhutan,2004.0,0.69427
Bhutan,2005.0,0.80184
Bhutan,2006.0,0.74515
Bhutan,2007.0,0.75274
Bhutan,2008.0,0.62398
Bhutan,2009.0,0.53539
Bhutan,2010.0,0.51069
Bhutan,2011.0,0.65148
Bhutan,2012.0,0.57139
Bhutan,2013.0,0.52758
Bhutan,2014.0,0.53617
Bhutan,2015.0,0.53937
Bhutan,2016.0,0.54286
Bhutan,2017.0,0.54662
Bolivia,2000.0,0.85335
Bolivia,2001.0,0.88068
Bolivia,2002.0,0.95933
Bolivia,2003.0,1.01
Bolivia,2004.0,0.98954
Bolivia,2005.0,1.04525
Bolivia,2006.0,1.14854
Bolivia,2007.0,1.12873
Bolivia,2008.0,1.19165
Bolivia,2009.0,1.39956
Bolivia,2010.0,1.18327
Bolivia,2011.0,1.17988
Bolivia,2012.0,1.34777
Bolivia,2013.0,1.41168
Bolivia,2014.0,1.41837
Bolivia,2015.0,1.44859
Bolivia,2016.0,1.47783
Bolivia,2017.0,1.50613
Bosnia and Herzegovina,2000.0,0.33847
Bosnia and Herzegovina,2001.0,0.43254
Bosnia and Herzegovina,2002.0,0.49519
Bosnia and Herzegovina,2003.0,0.30454
Bosnia and Herzegovina,2004.0,0.54362
Bosnia and Herzegovina,2005.0,0.52028
Bosnia and Herzegovina,2006.0,0.51514
Bosnia and Herzegovina,2007.0,0.38189
Bosnia and Herzegovina,2008.0,0.52663
Bosnia and Herzegovina,2009.0,0.52943
Bosnia and Herzegovina,2010.0,0.43445
Bosnia and Herzegovina,2011.0,0.43745
Bosnia and Herzegovina,2012.0,0.34984
Bosnia and Herzegovina,2013.0,0.48102
Bosnia and Herzegovina,2014.0,0.43713
Bosnia and Herzegovina,2015.0,0.44109
Bosnia and Herzegovina,2016.0,0.44373
Bosnia and Herzegovina,2017.0,0.44522
Botswana,2000.0,0.09331
Botswana,2001.0,0.09458
Botswana,2002.0,0.11272
Botswana,2003.0,0.11042
Botswana,2004.0,0.10037
Botswana,2005.0,0.11366
Botswana,2006.0,0.11896
Botswana,2007.0,0.09374
Botswana,2008.0,0.10534
Botswana,2009.0,0.12425
Botswana,2010.0,0.12101
Botswana,2011.0,0.16094
Botswana,2012.0,0.09781
Botswana,2013.0,0.06818
Botswana,2014.0,0.10761
Botswana,2015.0,0.10747
Botswana,2016.0,0.10732
Botswana,2017.0,0.10715
Brazil,2000.0,2.08575
Brazil,2001.0,2.32077
Brazil,2002.0,2.30021
Brazil,2003.0,2.6363
Brazil,2004.0,2.62152
Brazil,2005.0,2.53281
Brazil,2006.0,2.75594
Brazil,2007.0,3.1421
Brazil,2008.0,3.55135
Brazil,2009.0,3.51597
Brazil,2010.0,3.69156
Brazil,2011.0,3.79792
Brazil,2012.0,3.82659
Brazil,2013.0,4.12381
Brazil,2014.0,4.04336
Brazil,2015.0,4.18117
Brazil,2016.0,4.31787
Brazil,2017.0,4.45354
Belize,2000.0,3.25664
Belize,2001.0,3.03997
Belize,2002.0,3.25497
Belize,2003.0,3.01561
Belize,2004.0,3.11263
Belize,2005.0,2.49826
Belize,2006.0,2.87513
Belize,2007.0,2.97206
Belize,2008.0,2.44658
Belize,2009.0,2.33863
Belize,2010.0,2.79633
Belize,2011.0,2.21789
Belize,2012.0,2.62397
Belize,2013.0,2.70053
Belize,2014.0,2.79717
Belize,2015.0,2.75877
Belize,2016.0,2.72142
Belize,2017.0,2.68517
Solomon Islands,2000.0,1.68109
Solomon Islands,2001.0,1.47436
Solomon Islands,2002.0,1.40398
Solomon Islands,2003.0,1.33596
Solomon Islands,2004.0,1.62433
Solomon Islands,2005.0,1.89825
Solomon Islands,2006.0,2.01162
Solomon Islands,2007.0,2.0918
Solomon Islands,2008.0,2.11054
Solomon Islands,2009.0,1.91502
Solomon Islands,2010.0,1.9414
Solomon Islands,2011.0,1.86215
Solomon Islands,2012.0,1.96745
Solomon Islands,2013.0,1.93527
Solomon Islands,2014.0,1.87418
Solomon Islands,2015.0,1.90053
Solomon Islands,2016.0,1.92595
Solomon Islands,2017.0,1.95043
British Virgin Islands,2000.0,0.00349
British Virgin Islands,2001.0,0.00389
British Virgin Islands,2002.0,0.00474
British Virgin Islands,2003.0,0.00473
British Virgin Islands,2004.0,0.0047
British Virgin Islands,2005.0,0.00397
British Virgin Islands,2006.0,0.00402
British Virgin Islands,2007.0,0.0038
British Virgin Islands,2008.0,0.00336
British Virgin Islands,2009.0,0.0031
British Virgin Islands,2010.0,0.00345
British Virgin Islands,2011.0,0.00358
British Virgin Islands,2012.0,0.00351
British Virgin Islands,2013.0,0.00344
British Virgin Islands,2014.0,0.00338
British Virgin Islands,2015.0,0.00335
British Virgin Islands,2016.0,0.00333
British Virgin Islands,2017.0,0.00327
Brunei,2000.0,0.00598
Brunei,2001.0,0.00582
Brunei,2002.0,0.00622
Brunei,2003.0,0.00708
Brunei,2004.0,0.00784
Brunei,2005.0,0.00921
Brunei,2006.0,0.00935
Brunei,2007.0,0.00974
Brunei,2008.0,0.00969
Brunei,2009.0,0.00996
Brunei,2010.0,0.01033
Brunei,2011.0,0.01067
Brunei,2012.0,0.01092
Brunei,2013.0,0.01099
Brunei,2014.0,0.01033
Brunei,2015.0,0.01065
Brunei,2016.0,0.01095
Brunei,2017.0,0.01126
Bulgaria,2000.0,0.71984
Bulgaria,2001.0,0.97445
Bulgaria,2002.0,1.12578
Bulgaria,2003.0,0.71293
Bulgaria,2004.0,1.32836
Bulgaria,2005.0,1.05375
Bulgaria,2006.0,1.05115
Bulgaria,2007.0,0.5904
Bulgaria,2008.0,1.32778
Bulgaria,2009.0,1.21796
Bulgaria,2010.0,1.47479
Bulgaria,2011.0,1.53151
Bulgaria,2012.0,1.38341
Bulgaria,2013.0,1.85864
Bulgaria,2014.0,1.98326
Bulgaria,2015.0,2.06012
Bulgaria,2016.0,2.1383
Bulgaria,2017.0,2.21781
Myanmar,2000.0,0.55545
Myanmar,2001.0,0.59614
Myanmar,2002.0,0.58888
Myanmar,2003.0,0.629
Myanmar,2004.0,0.67431
Myanmar,2005.0,0.72659
Myanmar,2006.0,0.80729
Myanmar,2007.0,0.84431
Myanmar,2008.0,0.87894
Myanmar,2009.0,0.88505
Myanmar,2010.0,0.89287
Myanmar,2011.0,0.84244
Myanmar,2012.0,0.75657
Myanmar,2013.0,0.77067
Myanmar,2014.0,0.78278
Myanmar,2015.0,0.79878
Myanmar,2016.0,0.81446
Myanmar,2017.0,0.8298
Burundi,2000.0,0.2896
Burundi,2001.0,0.31291
Burundi,2002.0,0.31743
Burundi,2003.0,0.29953
Burundi,2004.0,0.293
Burundi,2005.0,0.28688
Burundi,2006.0,0.27204
Burundi,2007.0,0.27324
Burundi,2008.0,0.26776
Burundi,2009.0,0.26447
Burundi,2010.0,0.26348
Burundi,2011.0,0.25477
Burundi,2012.0,0.25372
Burundi,2013.0,0.33839
Burundi,2014.0,0.31
Burundi,2015.0,0.30718
Burundi,2016.0,0.30402
Burundi,2017.0,0.30063
Belarus,2000.0,1.46954
Belarus,2001.0,1.46798
Belarus,2002.0,1.54666
Belarus,2003.0,1.60769
Belarus,2004.0,2.02836
Belarus,2005.0,1.83941
Belarus,2006.0,1.8365
Belarus,2007.0,2.15677
Belarus,2008.0,2.5022
Belarus,2009.0,2.29397
Belarus,2010.0,2.08508
Belarus,2011.0,2.3873
Belarus,2012.0,2.53434
Belarus,2013.0,2.19427
Belarus,2014.0,2.462
Belarus,2015.0,2.53171
Belarus,2016.0,2.60324
Belarus,2017.0,2.67655
Cambodia,2000.0,0.32955
Cambodia,2001.0,0.33204
Cambodia,2002.0,0.30683
Cambodia,2003.0,0.40024
Cambodia,2004.0,0.3582
Cambodia,2005.0,0.47796
Cambodia,2006.0,0.57209
Cambodia,2007.0,0.62563
Cambodia,2008.0,0.72368
Cambodia,2009.0,0.78357
Cambodia,2010.0,0.81702
Cambodia,2011.0,0.98115
Cambodia,2012.0,1.01711
Cambodia,2013.0,1.02129
Cambodia,2014.0,0.97518
Cambodia,2015.0,1.02148
Cambodia,2016.0,1.06647
Cambodia,2017.0,1.1102
Cameroon,2000.0,0.66288
Cameroon,2001.0,0.67104
Cameroon,2002.0,0.6906
Cameroon,2003.0,0.7029
Cameroon,2004.0,0.70236
Cameroon,2005.0,0.81686
Cameroon,2006.0,0.84809
Cameroon,2007.0,0.8531
Cameroon,2008.0,0.84248
Cameroon,2009.0,0.91683
Cameroon,2010.0,0.9879
Cameroon,2011.0,0.98981
Cameroon,2012.0,1.00678
Cameroon,2013.0,0.98059
Cameroon,2014.0,0.96364
Cameroon,2015.0,0.97925
Cameroon,2016.0,0.99364
Cameroon,2017.0,1.00689
Canada,2000.0,1.92061
Canada,2001.0,1.54335
Canada,2002.0,1.30285
Canada,2003.0,1.75369
Canada,2004.0,1.86049
Canada,2005.0,1.94366
Canada,2006.0,1.82931
Canada,2007.0,1.79807
Canada,2008.0,2.14047
Canada,2009.0,1.97958
Canada,2010.0,1.85887
Canada,2011.0,1.90507
Canada,2012.0,2.08399
Canada,2013.0,2.54877
Canada,2014.0,2.08643
Canada,2015.0,2.12524
Canada,2016.0,2.1636
Canada,2017.0,2.2016
Cape Verde,2000.0,0.27537
Cape Verde,2001.0,0.23789
Cape Verde,2002.0,0.13335
Cape Verde,2003.0,0.17907
Cape Verde,2004.0,0.16163
Cape Verde,2005.0,0.11919
Cape Verde,2006.0,0.12018
Cape Verde,2007.0,0.11317
Cape Verde,2008.0,0.16541
Cape Verde,2009.0,0.13197
Cape Verde,2010.0,0.13094
Cape Verde,2011.0,0.12422
Cape Verde,2012.0,0.12832
Cape Verde,2013.0,0.12802
Cape Verde,2014.0,0.09907
Cape Verde,2015.0,0.09288
Cape Verde,2016.0,0.09188
Cape Verde,2017.0,0.09126
Central African Republic,2000.0,0.44548
Central African Republic,2001.0,0.46439
Central African Republic,2002.0,0.44329
Central African Republic,2003.0,0.42665
Central African Republic,2004.0,0.4354
Central African Republic,2005.0,0.4415
Central African Republic,2006.0,0.43693
Central African Republic,2007.0,0.45118
Central African Republic,2008.0,0.44895
Central African Republic,2009.0,0.46402
Central African Republic,2010.0,0.45154
Central African Republic,2011.0,0.46916
Central African Republic,2012.0,0.47166
Central African Republic,2013.0,0.48511
Central African Republic,2014.0,0.50607
Central African Republic,2015.0,0.5117
Central African Republic,2016.0,0.51526
Central African Republic,2017.0,0.51697
Asia,2000.0,0.63509
Asia,2001.0,0.63918
Asia,2002.0,0.63299
Asia,2003.0,0.64573
Asia,2004.0,0.65769
Asia,2005.0,0.67209
Asia,2006.0,0.68617
Asia,2007.0,0.71911
Asia,2008.0,0.73219
Asia,2009.0,0.71311
Asia,2010.0,0.72899
Asia,2011.0,0.76937
Asia,2012.0,0.77929
Asia,2013.0,0.78851
Asia,2014.0,0.78239
Asia,2015.0,0.79347
Asia,2016.0,0.80451
Asia,2017.0,0.81553
Central Asia,2000.0,0.91023
Central Asia,2001.0,1.07925
Central Asia,2002.0,1.10576
Central Asia,2003.0,1.0866
Central Asia,2004.0,1.07335
Central Asia,2005.0,1.12283
Central Asia,2006.0,1.16375
Central Asia,2007.0,1.24897
Central Asia,2008.0,1.11072
Central Asia,2009.0,1.21256
Central Asia,2010.0,0.97637
Central Asia,2011.0,1.31378
Central Asia,2012.0,0.97081
Central Asia,2013.0,1.11956
Central Asia,2014.0,1.06792
Central Asia,2015.0,1.0684
Central Asia,2016.0,1.06935
Central Asia,2017.0,1.07074
Sri Lanka,2000.0,0.54265
Sri Lanka,2001.0,0.49463
Sri Lanka,2002.0,0.46776
Sri Lanka,2003.0,0.49615
Sri Lanka,2004.0,0.46354
Sri Lanka,2005.0,0.47171
Sri Lanka,2006.0,0.52984
Sri Lanka,2007.0,0.50916
Sri Lanka,2008.0,0.57337
Sri Lanka,2009.0,0.55355
Sri Lanka,2010.0,0.57968
Sri Lanka,2011.0,0.54691
Sri Lanka,2012.0,0.56817
Sri Lanka,2013.0,0.66011
Sri Lanka,2014.0,0.54398
Sri Lanka,2015.0,0.55283
Sri Lanka,2016.0,0.56177
Sri Lanka,2017.0,0.5708
Western Asia,2000.0,0.406
Western Asia,2001.0,0.40109
Western Asia,2002.0,0.43716
Western Asia,2003.0,0.40553
Western Asia,2004.0,0.43243
Western Asia,2005.0,0.43136
Western Asia,2006.0,0.42136
Western Asia,2007.0,0.35828
Western Asia,2008.0,0.32833
Western Asia,2009.0,0.35063
Western Asia,2010.0,0.34509
Western Asia,2011.0,0.36828
Western Asia,2012.0,0.3516
Western Asia,2013.0,0.36512
Western Asia,2014.0,0.32079
Western Asia,2015.0,0.31629
Western Asia,2016.0,0.31206
Western Asia,2017.0,0.30809
Chad,2000.0,0.53068
Chad,2001.0,0.67547
Chad,2002.0,0.61571
Chad,2003.0,0.69575
Chad,2004.0,0.57872
Chad,2005.0,0.74097
Chad,2006.0,0.71077
Chad,2007.0,0.64142
Chad,2008.0,0.66624
Chad,2009.0,0.63632
Chad,2010.0,0.64023
Chad,2011.0,0.4986
Chad,2012.0,0.84207
Chad,2013.0,0.67137
Chad,2014.0,0.68394
Chad,2015.0,0.68329
Chad,2016.0,0.68254
Chad,2017.0,0.68163
Europe,2000.0,0.72606
Europe,2001.0,0.82068
Europe,2002.0,0.81937
Europe,2003.0,0.71558
Europe,2004.0,0.91257
Europe,2005.0,0.84618
Europe,2006.0,0.84289
Europe,2007.0,0.80802
Europe,2008.0,1.02184
Europe,2009.0,0.94536
Europe,2010.0,0.82314
Europe,2011.0,1.03666
Europe,2012.0,0.91588
Europe,2013.0,1.08429
Europe,2014.0,1.14562
Europe,2015.0,1.16725
Europe,2016.0,1.1888
Europe,2017.0,1.21032
Eastern Europe,2000.0,1.0314
Eastern Europe,2001.0,1.28451
Eastern Europe,2002.0,1.26801
Eastern Europe,2003.0,1.07893
Eastern Europe,2004.0,1.4523
Eastern Europe,2005.0,1.37308
Eastern Europe,2006.0,1.34304
Eastern Europe,2007.0,1.27046
Eastern Europe,2008.0,1.71215
Eastern Europe,2009.0,1.54432
Eastern Europe,2010.0,1.2859
Eastern Europe,2011.0,1.81548
Eastern Europe,2012.0,1.53929
Eastern Europe,2013.0,1.90317
Eastern Europe,2014.0,2.03579
Eastern Europe,2015.0,2.08948
Eastern Europe,2016.0,2.14378
Eastern Europe,2017.0,2.19875
Chile,2000.0,0.41714
Chile,2001.0,0.48047
Chile,2002.0,0.51519
Chile,2003.0,0.50026
Chile,2004.0,0.53425
Chile,2005.0,0.55348
Chile,2006.0,0.5077
Chile,2007.0,0.38863
Chile,2008.0,0.42931
Chile,2009.0,0.40671
Chile,2010.0,0.45367
Chile,2011.0,0.52481
Chile,2012.0,0.46566
Chile,2013.0,0.50967
Chile,2014.0,0.4362
Chile,2015.0,0.43551
Chile,2016.0,0.43487
Chile,2017.0,0.4343
Northern Europe,2000.0,0.43833
Northern Europe,2001.0,0.38754
Northern Europe,2002.0,0.42219
Northern Europe,2003.0,0.41734
Northern Europe,2004.0,0.42989
Northern Europe,2005.0,0.42406
Northern Europe,2006.0,0.38978
Northern Europe,2007.0,0.40835
Northern Europe,2008.0,0.45813
Northern Europe,2009.0,0.44579
Northern Europe,2010.0,0.40178
Northern Europe,2011.0,0.42238
Northern Europe,2012.0,0.43609
Northern Europe,2013.0,0.43128
Northern Europe,2014.0,0.48713
Northern Europe,2015.0,0.48979
Northern Europe,2016.0,0.4923
Northern Europe,2017.0,0.49474
Western Europe,2000.0,0.55698
Western Europe,2001.0,0.55039
Western Europe,2002.0,0.5601
Western Europe,2003.0,0.48047
Western Europe,2004.0,0.61001
Western Europe,2005.0,0.56054
Western Europe,2006.0,0.53242
Western Europe,2007.0,0.51534
Western Europe,2008.0,0.59944
Western Europe,2009.0,0.60969
Western Europe,2010.0,0.5606
Western Europe,2011.0,0.53943
Western Europe,2012.0,0.57822
Western Europe,2013.0,0.5675
Western Europe,2014.0,0.62097
Western Europe,2015.0,0.62331
Western Europe,2016.0,0.62575
Western Europe,2017.0,0.62827
China,2000.0,0.64554
China,2001.0,0.65222
China,2002.0,0.66729
China,2003.0,0.63132
China,2004.0,0.68416
China,2005.0,0.69473
China,2006.0,0.70642
China,2007.0,0.72173
China,2008.0,0.76321
China,2009.0,0.7481
China,2010.0,0.76949
China,2011.0,0.80767
China,2012.0,0.83899
China,2013.0,0.85675
China,2014.0,0.84669
China,2015.0,0.86235
China,2016.0,0.87814
China,2017.0,0.89407
Colombia,2000.0,0.8422
Colombia,2001.0,0.8385
Colombia,2002.0,0.88902
Colombia,2003.0,0.93947
Colombia,2004.0,0.97252
Colombia,2005.0,0.9388
Colombia,2006.0,0.87647
Colombia,2007.0,0.86371
Colombia,2008.0,0.8099
Colombia,2009.0,0.85663
Colombia,2010.0,0.77097
Colombia,2011.0,0.85087
Colombia,2012.0,0.84518
Colombia,2013.0,0.8635
Colombia,2014.0,0.91471
Colombia,2015.0,0.91352
Colombia,2016.0,0.91258
Colombia,2017.0,0.91188
Comoros,2000.0,0.46681
Comoros,2001.0,0.46539
Comoros,2002.0,0.46026
Comoros,2003.0,0.45876
Comoros,2004.0,0.52121
Comoros,2005.0,0.48436
Comoros,2006.0,0.44556
Comoros,2007.0,0.43177
Comoros,2008.0,0.42398
Comoros,2009.0,0.40531
Comoros,2010.0,0.43701
Comoros,2011.0,0.44381
Comoros,2012.0,0.45362
Comoros,2013.0,0.45755
Comoros,2014.0,0.44598
Comoros,2015.0,0.44262
Comoros,2016.0,0.43933
Comoros,2017.0,0.43612
Congo,2000.0,0.32709
Congo,2001.0,0.32949
Congo,2002.0,0.32563
Congo,2003.0,0.34922
Congo,2004.0,0.35596
Congo,2005.0,0.35885
Congo,2006.0,0.35981
Congo,2007.0,0.35724
Congo,2008.0,0.36068
Congo,2009.0,0.36213
Congo,2010.0,0.34924
Congo,2011.0,0.34165
Congo,2012.0,0.34263
Congo,2013.0,0.34292
Congo,2014.0,0.33407
Congo,2015.0,0.33442
Congo,2016.0,0.3344
Congo,2017.0,0.33407
Democratic Republic of Congo,2000.0,0.38925
Democratic Republic of Congo,2001.0,0.36861
Democratic Republic of Congo,2002.0,0.35014
Democratic Republic of Congo,2003.0,0.34066
Democratic Republic of Congo,2004.0,0.33156
Democratic Republic of Congo,2005.0,0.32231
Democratic Republic of Congo,2006.0,0.31392
Democratic Republic of Congo,2007.0,0.30728
Democratic Republic of Congo,2008.0,0.29951
Democratic Republic of Congo,2009.0,0.29115
Democratic Republic of Congo,2010.0,0.28415
Democratic Republic of Congo,2011.0,0.28949
Democratic Republic of Congo,2012.0,0.30276
Democratic Republic of Congo,2013.0,0.29844
Democratic Republic of Congo,2014.0,0.28257
Democratic Republic of Congo,2015.0,0.2765
Democratic Republic of Congo,2016.0,0.27059
Democratic Republic of Congo,2017.0,0.26483
Costa Rica,2000.0,0.99656
Costa Rica,2001.0,1.03055
Costa Rica,2002.0,0.93537
Costa Rica,2003.0,1.01361
Costa Rica,2004.0,1.00815
Costa Rica,2005.0,1.00781
Costa Rica,2006.0,1.12236
Costa Rica,2007.0,1.08357
Costa Rica,2008.0,1.03267
Costa Rica,2009.0,1.04794
Costa Rica,2010.0,1.07156
Costa Rica,2011.0,1.07546
Costa Rica,2012.0,1.06655
Costa Rica,2013.0,1.17893
Costa Rica,2014.0,1.0275
Costa Rica,2015.0,1.03668
Costa Rica,2016.0,1.04586
Costa Rica,2017.0,1.05505
Croatia,2000.0,0.89762
Croatia,2001.0,1.13327
Croatia,2002.0,1.27099
Croatia,2003.0,0.80354
Croatia,2004.0,1.11646
Croatia,2005.0,1.06572
Croatia,2006.0,1.05879
Croatia,2007.0,0.87951
Croatia,2008.0,1.2795
Croatia,2009.0,1.18429
Croatia,2010.0,1.05671
Croatia,2011.0,0.9922
Croatia,2012.0,0.90723
Croatia,2013.0,1.10065
Croatia,2014.0,1.07125
Croatia,2015.0,1.07491
Croatia,2016.0,1.07892
Croatia,2017.0,1.08328
Cuba,2000.0,2.25792
Cuba,2001.0,2.02793
Cuba,2002.0,2.18958
Cuba,2003.0,1.51425
Cuba,2004.0,1.60397
Cuba,2005.0,0.89217
Cuba,2006.0,0.82419
Cuba,2007.0,0.89037
Cuba,2008.0,1.08991
Cuba,2009.0,1.05783
Cuba,2010.0,0.85618
Cuba,2011.0,1.10288
Cuba,2012.0,1.049
Cuba,2013.0,1.14748
Cuba,2014.0,1.23693
Cuba,2015.0,1.16163
Cuba,2016.0,1.08729
Cuba,2017.0,1.01366
Cyprus,2000.0,0.13227
Cyprus,2001.0,0.21778
Cyprus,2002.0,0.25544
Cyprus,2003.0,0.2536
Cyprus,2004.0,0.20086
Cyprus,2005.0,0.146
Cyprus,2006.0,0.14636
Cyprus,2007.0,0.12975
Cyprus,2008.0,0.07432
Cyprus,2009.0,0.11603
Cyprus,2010.0,0.11137
Cyprus,2011.0,0.12476
Cyprus,2012.0,0.13021
Cyprus,2013.0,0.09471
Cyprus,2014.0,0.05352
Cyprus,2015.0,0.04585
Cyprus,2016.0,0.04233
Cyprus,2017.0,0.04023
Least Developed Countries (LDCs),2000.0,0.44915
Least Developed Countries (LDCs),2001.0,0.46878
Least Developed Countries (LDCs),2002.0,0.46576
Least Developed Countries (LDCs),2003.0,0.47693
Least Developed Countries (LDCs),2007.0,0.51136
Least Developed Countries (LDCs),2008.0,0.54237
Least Developed Countries (LDCs),2009.0,0.55114
Least Developed Countries (LDCs),2010.0,0.58765
Least Developed Countries (LDCs),2011.0,0.57447
Least Developed Countries (LDCs),2012.0,0.59853
Least Developed Countries (LDCs),2013.0,0.60412
Least Developed Countries (LDCs),2015.0,0.62953
Least Developed Countries (LDCs),2016.0,0.64145
Least Developed Countries (LDCs),2017.0,0.6526
Sub-Saharan Africa,2000.0,0.68287
Sub-Saharan Africa,2001.0,0.67288
Sub-Saharan Africa,2002.0,0.68118
Sub-Saharan Africa,2003.0,0.68749
Sub-Saharan Africa,2004.0,0.69299
Sub-Saharan Africa,2005.0,0.71965
Sub-Saharan Africa,2006.0,0.7193
Sub-Saharan Africa,2007.0,0.67841
Sub-Saharan Africa,2008.0,0.73286
Sub-Saharan Africa,2009.0,0.68336
Sub-Saharan Africa,2010.0,0.74198
Sub-Saharan Africa,2011.0,0.69628
Sub-Saharan Africa,2012.0,0.71807
Sub-Saharan Africa,2013.0,0.69594
Sub-Saharan Africa,2014.0,0.73872
Sub-Saharan Africa,2015.0,0.73715
Sub-Saharan Africa,2016.0,0.7353
Sub-Saharan Africa,2017.0,0.73317
Czechia,2000.0,0.91278
Czechia,2001.0,1.03305
Czechia,2002.0,0.94655
Czechia,2003.0,0.78719
Czechia,2004.0,1.19547
Czechia,2005.0,1.05739
Czechia,2006.0,0.91106
Czechia,2007.0,1.00368
Czechia,2008.0,1.13478
Czechia,2009.0,1.08476
Czechia,2010.0,0.95485
Czechia,2011.0,1.12887
Czechia,2012.0,0.94178
Czechia,2013.0,1.06872
Czechia,2014.0,1.23421
Czechia,2015.0,1.24835
Czechia,2016.0,1.26224
Czechia,2017.0,1.27609
Benin,2000.0,1.10005
Benin,2001.0,1.09876
Benin,2002.0,1.10235
Benin,2003.0,1.15568
Benin,2004.0,1.16883
Benin,2005.0,1.09654
Benin,2006.0,0.91308
Benin,2007.0,0.95382
Benin,2008.0,1.09697
Benin,2009.0,1.08924
Benin,2010.0,1.052
Benin,2011.0,1.13531
Benin,2012.0,1.12816
Benin,2013.0,1.17754
Benin,2014.0,1.21169
Benin,2015.0,1.20799
Benin,2016.0,1.20369
Benin,2017.0,1.19886
Denmark,2000.0,1.32565
Denmark,2001.0,1.29867
Denmark,2002.0,1.22062
Denmark,2003.0,1.27871
Denmark,2004.0,1.288
Denmark,2005.0,1.28942
Denmark,2006.0,1.22038
Denmark,2007.0,1.19773
Denmark,2008.0,1.31357
Denmark,2009.0,1.44444
Denmark,2010.0,1.26209
Denmark,2011.0,1.22917
Denmark,2012.0,1.30089
Denmark,2013.0,1.29772
Denmark,2014.0,1.35492
Denmark,2015.0,1.35696
Denmark,2016.0,1.35938
Denmark,2017.0,1.36212
Dominica,2000.0,0.68098
Dominica,2001.0,0.65384
Dominica,2002.0,0.6912
Dominica,2003.0,0.53776
Dominica,2004.0,0.53657
Dominica,2005.0,0.48207
Dominica,2006.0,0.65352
Dominica,2007.0,0.70436
Dominica,2008.0,0.65086
Dominica,2009.0,0.65862
Dominica,2010.0,0.68796
Dominica,2011.0,0.60921
Dominica,2012.0,0.64559
Dominica,2013.0,0.63403
Dominica,2014.0,0.6169
Dominica,2015.0,0.61656
Dominica,2016.0,0.61625
Dominica,2017.0,0.61592
Dominican Republic,2000.0,0.48971
Dominican Republic,2001.0,0.53604
Dominican Republic,2002.0,0.54981
Dominican Republic,2003.0,0.52717
Dominican Republic,2004.0,0.54522
Dominican Republic,2005.0,0.48808
Dominican Republic,2006.0,0.46796
Dominican Republic,2007.0,0.47427
Dominican Republic,2008.0,0.46562
Dominican Republic,2009.0,0.4674
Dominican Republic,2010.0,0.47736
Dominican Republic,2011.0,0.48375
Dominican Republic,2012.0,0.47533
Dominican Republic,2013.0,0.49598
Dominican Republic,2014.0,0.51154
Dominican Republic,2015.0,0.5091
Dominican Republic,2016.0,0.50683
Dominican Republic,2017.0,0.50471
Ecuador,2000.0,0.70233
Ecuador,2001.0,0.67714
Ecuador,2002.0,0.73515
Ecuador,2003.0,0.73102
Ecuador,2004.0,0.83284
Ecuador,2005.0,0.7872
Ecuador,2006.0,0.78514
Ecuador,2007.0,0.90162
Ecuador,2008.0,0.93215
Ecuador,2009.0,0.89236
Ecuador,2010.0,0.98481
Ecuador,2011.0,0.85479
Ecuador,2012.0,0.93281
Ecuador,2013.0,0.90618
Ecuador,2014.0,0.95854
Ecuador,2015.0,0.9734
Ecuador,2016.0,0.98786
Ecuador,2017.0,1.00195
El Salvador,2000.0,0.90262
El Salvador,2001.0,0.86905
El Salvador,2002.0,0.82876
El Salvador,2003.0,0.82543
El Salvador,2004.0,0.90973
El Salvador,2005.0,0.84345
El Salvador,2006.0,0.90423
El Salvador,2007.0,0.88034
El Salvador,2008.0,0.97914
El Salvador,2009.0,1.00342
El Salvador,2010.0,0.92701
El Salvador,2011.0,0.98162
El Salvador,2012.0,1.11025
El Salvador,2013.0,1.15576
El Salvador,2014.0,1.09651
El Salvador,2015.0,1.11456
El Salvador,2016.0,1.13226
El Salvador,2017.0,1.14963
Equatorial Guinea,2000.0,0.24039
Equatorial Guinea,2001.0,0.24277
Equatorial Guinea,2002.0,0.2395
Equatorial Guinea,2003.0,0.23882
Equatorial Guinea,2004.0,0.23612
Equatorial Guinea,2005.0,0.23772
Equatorial Guinea,2006.0,0.22748
Equatorial Guinea,2007.0,0.23036
Equatorial Guinea,2008.0,0.21826
Equatorial Guinea,2009.0,0.23693
Equatorial Guinea,2010.0,0.21791
Equatorial Guinea,2011.0,0.2109
Equatorial Guinea,2012.0,0.20832
Equatorial Guinea,2013.0,0.19971
Equatorial Guinea,2014.0,0.16877
Equatorial Guinea,2015.0,0.16616
Equatorial Guinea,2016.0,0.16374
Equatorial Guinea,2017.0,0.16147
Ethiopia,2000.0,0.40311
Ethiopia,2001.0,0.45978
Ethiopia,2002.0,0.42286
Ethiopia,2003.0,0.43604
Ethiopia,2004.0,0.44681
Ethiopia,2005.0,0.52777
Ethiopia,2006.0,0.52359
Ethiopia,2007.0,0.48983
Ethiopia,2008.0,0.51272
Ethiopia,2009.0,0.56394
Ethiopia,2010.0,0.63001
Ethiopia,2011.0,0.65518
Ethiopia,2012.0,0.67565
Ethiopia,2013.0,0.71281
Ethiopia,2014.0,0.72318
Ethiopia,2015.0,0.7364
Ethiopia,2016.0,0.7488
Ethiopia,2017.0,0.76042
Eritrea,2000.0,0.14133
Eritrea,2001.0,0.2063
Eritrea,2002.0,0.07429
Eritrea,2003.0,0.12159
Eritrea,2004.0,0.11297
Eritrea,2005.0,0.27705
Eritrea,2006.0,0.30095
Eritrea,2007.0,0.35868
Eritrea,2008.0,0.09624
Eritrea,2009.0,0.15714
Eritrea,2010.0,0.16001
Eritrea,2011.0,0.16726
Eritrea,2012.0,0.17379
Eritrea,2013.0,0.16583
Eritrea,2014.0,0.16444
Eritrea,2015.0,0.16495
Eritrea,2016.0,0.16522
Eritrea,2017.0,0.16526
Estonia,2000.0,0.68468
Estonia,2001.0,0.55588
Estonia,2002.0,0.5292
Estonia,2003.0,0.52875
Estonia,2004.0,0.60232
Estonia,2005.0,0.75487
Estonia,2006.0,0.63163
Estonia,2007.0,0.91009
Estonia,2008.0,0.86152
Estonia,2009.0,0.90154
Estonia,2010.0,0.74169
Estonia,2011.0,0.83738
Estonia,2012.0,1.03329
Estonia,2013.0,1.04782
Estonia,2014.0,1.25226
Estonia,2015.0,1.29427
Estonia,2016.0,1.33631
Estonia,2017.0,1.37847
Fiji,2000.0,3.17781
Fiji,2001.0,2.76266
Fiji,2002.0,2.86328
Fiji,2003.0,2.46933
Fiji,2004.0,2.64539
Fiji,2005.0,2.58228
Fiji,2006.0,2.84136
Fiji,2007.0,2.3051
Fiji,2008.0,2.13616
Fiji,2009.0,2.04031
Fiji,2010.0,1.7127
Fiji,2011.0,1.95104
Fiji,2012.0,1.57137
Fiji,2013.0,1.52898
Fiji,2014.0,1.52585
Fiji,2015.0,1.42086
Fiji,2016.0,1.31696
Fiji,2017.0,1.2144
Finland,2000.0,0.57336
Finland,2001.0,0.52149
Finland,2002.0,0.55643
Finland,2003.0,0.53286
Finland,2004.0,0.50294
Finland,2005.0,0.56804
Finland,2006.0,0.54118
Finland,2007.0,0.57628
Finland,2008.0,0.57984
Finland,2009.0,0.59459
Finland,2010.0,0.43638
Finland,2011.0,0.50761
Finland,2012.0,0.49281
Finland,2013.0,0.54462
Finland,2014.0,0.5468
Finland,2015.0,0.54453
Finland,2016.0,0.54239
Finland,2017.0,0.54037
France,2000.0,0.9426
France,2001.0,0.85608
France,2002.0,0.96925
France,2003.0,0.78357
France,2004.0,0.98341
France,2005.0,0.90605
France,2006.0,0.85601
France,2007.0,0.83374
France,2008.0,0.956
France,2009.0,0.97101
France,2010.0,0.90191
France,2011.0,0.89421
France,2012.0,0.96272
France,2013.0,0.89513
France,2014.0,0.98293
France,2015.0,0.98685
France,2016.0,0.99079
France,2017.0,0.99476
Djibouti,2000.0,0.00072
Djibouti,2001.0,0.00074
Djibouti,2002.0,0.00075
Djibouti,2003.0,0.00047
Djibouti,2004.0,0.00045
Djibouti,2005.0,0.00058
Djibouti,2006.0,0.00045
Djibouti,2007.0,0.00046
Djibouti,2008.0,0.00041
Djibouti,2009.0,0.00049
Djibouti,2010.0,0.00045
Djibouti,2011.0,0.00054
Djibouti,2012.0,0.00065
Djibouti,2013.0,0.00064
Djibouti,2014.0,0.00058
Djibouti,2015.0,0.00058
Djibouti,2016.0,0.00057
Djibouti,2017.0,0.00056
Gabon,2000.0,0.50249
Gabon,2001.0,0.47785
Gabon,2002.0,0.47195
Gabon,2003.0,0.4609
Gabon,2004.0,0.44459
Gabon,2005.0,0.4496
Gabon,2006.0,0.43639
Gabon,2007.0,0.43777
Gabon,2008.0,0.433
Gabon,2009.0,0.42553
Gabon,2010.0,0.41971
Gabon,2011.0,0.4262
Gabon,2012.0,0.43043
Gabon,2013.0,0.43601
Gabon,2014.0,0.42079
Gabon,2015.0,0.41608
Gabon,2016.0,0.41263
Gabon,2017.0,0.41022
Georgia,2000.0,0.28651
Georgia,2001.0,0.40953
Georgia,2002.0,0.4328
Georgia,2003.0,0.48901
Georgia,2004.0,0.44705
Georgia,2005.0,0.46647
Georgia,2006.0,0.2229
Georgia,2007.0,0.29978
Georgia,2008.0,0.326
Georgia,2009.0,0.28298
Georgia,2010.0,0.17562
Georgia,2011.0,0.30576
Georgia,2012.0,0.29521
Georgia,2013.0,0.38933
Georgia,2014.0,0.35326
Georgia,2015.0,0.34371
Georgia,2016.0,0.3327
Georgia,2017.0,0.3205
Gambia,2000.0,0.61015
Gambia,2001.0,0.6667
Gambia,2002.0,0.43473
Gambia,2003.0,0.5949
Gambia,2004.0,0.64487
Gambia,2005.0,0.57718
Gambia,2006.0,0.57039
Gambia,2007.0,0.40584
Gambia,2008.0,0.56153
Gambia,2009.0,0.65504
Gambia,2010.0,0.72346
Gambia,2011.0,0.38442
Gambia,2012.0,0.46855
Gambia,2013.0,0.42389
Gambia,2014.0,0.3367
Gambia,2015.0,0.32875
Gambia,2016.0,0.32108
Gambia,2017.0,0.31368
Germany,2000.0,0.45765
Germany,2001.0,0.50516
Germany,2002.0,0.44389
Germany,2003.0,0.40578
Germany,2004.0,0.53497
Germany,2005.0,0.48667
Germany,2006.0,0.46844
Germany,2007.0,0.44444
Germany,2008.0,0.5262
Germany,2009.0,0.5429
Germany,2010.0,0.48466
Germany,2011.0,0.43631
Germany,2012.0,0.48221
Germany,2013.0,0.51385
Germany,2014.0,0.55817
Germany,2015.0,0.56033
Germany,2016.0,0.56254
Germany,2017.0,0.5648
Ghana,2000.0,0.87754
Ghana,2001.0,0.88092
Ghana,2002.0,1.0035
Ghana,2003.0,1.00982
Ghana,2004.0,0.96348
Ghana,2005.0,0.95456
Ghana,2006.0,0.95422
Ghana,2007.0,0.8761
Ghana,2008.0,0.99959
Ghana,2009.0,1.0669
Ghana,2010.0,1.09778
Ghana,2011.0,1.07452
Ghana,2012.0,1.10278
Ghana,2013.0,0.96924
Ghana,2014.0,1.10514
Ghana,2015.0,1.11166
Ghana,2016.0,1.11774
Ghana,2017.0,1.12344
Kiribati,2000.0,1.99038
Kiribati,2001.0,1.95672
Kiribati,2002.0,1.92345
Kiribati,2003.0,1.88987
Kiribati,2004.0,2.49332
Kiribati,2005.0,2.44517
Kiribati,2006.0,2.93338
Kiribati,2007.0,2.97539
Kiribati,2008.0,2.91104
Kiribati,2009.0,2.84945
Kiribati,2010.0,2.7916
Kiribati,2011.0,2.73814
Kiribati,2012.0,2.79047
Kiribati,2013.0,2.74105
Kiribati,2014.0,2.72533
Kiribati,2015.0,2.77798
Kiribati,2016.0,2.82786
Kiribati,2017.0,2.87567
Greece,2000.0,0.97888
Greece,2001.0,0.96133
Greece,2002.0,0.97736
Greece,2003.0,0.85076
Greece,2004.0,0.90867
Greece,2005.0,0.97712
Greece,2006.0,0.88232
Greece,2007.0,0.85538
Greece,2008.0,0.91768
Greece,2009.0,0.82943
Greece,2010.0,0.69498
Greece,2011.0,0.78206
Greece,2012.0,0.91592
Greece,2013.0,0.80998
Greece,2014.0,0.85724
Greece,2015.0,0.85034
Greece,2016.0,0.84241
Greece,2017.0,0.83367
Grenada,2000.0,0.22598
Grenada,2001.0,0.24461
Grenada,2002.0,0.2821
Grenada,2003.0,0.28205
Grenada,2004.0,0.28043
Grenada,2005.0,0.19392
Grenada,2006.0,0.19721
Grenada,2007.0,0.21146
Grenada,2008.0,0.20244
Grenada,2009.0,0.18762
Grenada,2010.0,0.19895
Grenada,2011.0,0.19928
Grenada,2012.0,0.20209
Grenada,2013.0,0.19929
Grenada,2014.0,0.17978
Grenada,2015.0,0.17422
Grenada,2016.0,0.16866
Grenada,2017.0,0.16313
Guatemala,2000.0,1.20651
Guatemala,2001.0,1.22003
Guatemala,2002.0,1.2119
Guatemala,2003.0,1.18719
Guatemala,2004.0,1.29591
Guatemala,2005.0,1.185
Guatemala,2006.0,1.19537
Guatemala,2007.0,1.34802
Guatemala,2008.0,1.33206
Guatemala,2009.0,1.38511
Guatemala,2010.0,1.39124
Guatemala,2011.0,1.33122
Guatemala,2012.0,1.46055
Guatemala,2013.0,1.55486
Guatemala,2014.0,1.57198
Guatemala,2015.0,1.58747
Guatemala,2016.0,1.60223
Guatemala,2017.0,1.61631
Guinea,2000.0,0.71138
Guinea,2001.0,0.69202
Guinea,2002.0,0.70771
Guinea,2003.0,0.73611
Guinea,2004.0,0.76706
Guinea,2005.0,0.79422
Guinea,2006.0,0.82191
Guinea,2007.0,0.84646
Guinea,2008.0,0.83755
Guinea,2009.0,0.7916
Guinea,2010.0,0.79953
Guinea,2011.0,0.81314
Guinea,2012.0,0.84305
Guinea,2013.0,0.85242
Guinea,2014.0,0.83163
Guinea,2015.0,0.83447
Guinea,2016.0,0.83594
Guinea,2017.0,0.83624
Guyana,2000.0,3.12413
Guyana,2001.0,3.55334
Guyana,2002.0,3.90694
Guyana,2003.0,3.777
Guyana,2004.0,4.02532
Guyana,2005.0,3.29864
Guyana,2006.0,3.42763
Guyana,2007.0,3.45209
Guyana,2008.0,3.239
Guyana,2009.0,3.30091
Guyana,2010.0,3.30006
Guyana,2011.0,3.71985
Guyana,2012.0,3.33528
Guyana,2013.0,3.32909
Guyana,2014.0,3.52481
Guyana,2015.0,3.48857
Guyana,2016.0,3.45429
Guyana,2017.0,3.42145
Haiti,2000.0,0.23119
Haiti,2001.0,0.22745
Haiti,2002.0,0.19658
Haiti,2003.0,0.19616
Haiti,2004.0,0.23052
Haiti,2005.0,0.2377
Haiti,2006.0,0.23813
Haiti,2007.0,0.26924
Haiti,2008.0,0.2421
Haiti,2009.0,0.27691
Haiti,2010.0,0.30984
Haiti,2011.0,0.30581
Haiti,2012.0,0.27034
Haiti,2013.0,0.33023
Haiti,2014.0,0.32487
Haiti,2015.0,0.33193
Haiti,2016.0,0.33887
Haiti,2017.0,0.34572
Honduras,2000.0,0.78138
Honduras,2001.0,0.78544
Honduras,2002.0,0.747
Honduras,2003.0,0.91645
Honduras,2004.0,0.88734
Honduras,2005.0,0.89548
Honduras,2006.0,0.98367
Honduras,2007.0,1.05195
Honduras,2008.0,1.00767
Honduras,2009.0,1.08985
Honduras,2010.0,1.05778
Honduras,2011.0,1.00034
Honduras,2012.0,1.01239
Honduras,2013.0,1.03296
Honduras,2014.0,0.98551
Honduras,2015.0,1.00228
Honduras,2016.0,1.01845
Honduras,2017.0,1.03406
Hungary,2000.0,1.37668
Hungary,2001.0,2.04995
Hungary,2002.0,1.63749
Hungary,2003.0,1.2638
Hungary,2004.0,2.34461
Hungary,2005.0,2.29605
Hungary,2006.0,2.08172
Hungary,2007.0,1.41589
Hungary,2008.0,2.42905
Hungary,2009.0,1.99578
Hungary,2010.0,1.80121
Hungary,2011.0,2.0406
Hungary,2012.0,1.54654
Hungary,2013.0,2.01572
Hungary,2014.0,2.48694
Hungary,2015.0,2.51921
Hungary,2016.0,2.55201
Hungary,2017.0,2.58529
Iceland,2000.0,0.00001
Iceland,2001.0,0.00001
Iceland,2002.0,0.00001
Iceland,2003.0,0.00002
Iceland,2004.0,0.00001
Iceland,2006.0,0.00047
Iceland,2007.0,0.00085
Iceland,2008.0,0.0009
Iceland,2009.0,0.00032
Iceland,2010.0,0.00069
Iceland,2011.0,0.00065
Iceland,2012.0,0.0007
Iceland,2013.0,0.00075
Iceland,2014.0,0.0008
Iceland,2015.0,0.00085
Iceland,2016.0,0.00091
Iceland,2017.0,0.00095
India,2000.0,0.63214
India,2001.0,0.63055
India,2002.0,0.56
India,2003.0,0.61363
India,2004.0,0.56734
India,2005.0,0.58336
India,2006.0,0.60992
India,2007.0,0.6838
India,2008.0,0.66897
India,2009.0,0.60349
India,2010.0,0.65165
India,2011.0,0.69711
India,2012.0,0.6965
India,2013.0,0.68934
India,2014.0,0.68392
India,2015.0,0.69123
India,2016.0,0.6984
India,2017.0,0.70548
Indonesia,2000.0,0.82121
Indonesia,2001.0,0.83964
Indonesia,2002.0,0.86811
Indonesia,2003.0,0.9171
Indonesia,2004.0,0.97289
Indonesia,2005.0,1.07854
Indonesia,2006.0,1.08351
Indonesia,2007.0,1.09228
Indonesia,2008.0,1.1504
Indonesia,2009.0,1.20418
Indonesia,2010.0,1.24177
Indonesia,2011.0,1.24494
Indonesia,2012.0,1.32902
Indonesia,2013.0,1.33773
Indonesia,2014.0,1.3651
Indonesia,2015.0,1.39956
Indonesia,2016.0,1.43364
Indonesia,2017.0,1.4674
Iran,2000.0,0.45153
Iran,2001.0,0.49526
Iran,2002.0,0.62269
Iran,2003.0,0.66247
Iran,2004.0,0.69444
Iran,2005.0,0.68622
Iran,2006.0,0.69066
Iran,2007.0,0.71578
Iran,2008.0,0.43521
Iran,2009.0,0.5717
Iran,2010.0,0.64202
Iran,2011.0,0.49494
Iran,2012.0,0.49614
Iran,2013.0,0.50368
Iran,2014.0,0.53128
Iran,2015.0,0.52632
Iran,2016.0,0.52169
Iran,2017.0,0.51736
Iraq,2000.0,0.07572
Iraq,2001.0,0.13449
Iraq,2002.0,0.25232
Iraq,2003.0,0.21044
Iraq,2004.0,0.19547
Iraq,2005.0,0.21079
Iraq,2006.0,0.20754
Iraq,2007.0,0.19542
Iraq,2008.0,0.11607
Iraq,2009.0,0.12672
Iraq,2010.0,0.19401
Iraq,2011.0,0.19506
Iraq,2012.0,0.21185
Iraq,2013.0,0.27796
Iraq,2014.0,0.25631
Iraq,2015.0,0.25731
Iraq,2016.0,0.2584
Iraq,2017.0,0.25954
Ireland,2000.0,0.39927
Ireland,2001.0,0.39125
Ireland,2002.0,0.34866
Ireland,2003.0,0.37474
Ireland,2004.0,0.42752
Ireland,2005.0,0.32825
Ireland,2006.0,0.34696
Ireland,2007.0,0.33254
Ireland,2008.0,0.39315
Ireland,2009.0,0.32467
Ireland,2010.0,0.32072
Ireland,2011.0,0.39422
Ireland,2012.0,0.33655
Ireland,2013.0,0.37475
Ireland,2014.0,0.39981
Ireland,2015.0,0.40286
Ireland,2016.0,0.40484
Ireland,2017.0,0.40598
Israel,2000.0,0.06368
Israel,2001.0,0.06277
Israel,2002.0,0.07125
Israel,2003.0,0.06435
Israel,2004.0,0.07699
Israel,2005.0,0.06489
Israel,2006.0,0.06859
Israel,2007.0,0.06024
Israel,2008.0,0.04428
Israel,2009.0,0.04566
Israel,2010.0,0.05334
Israel,2011.0,0.05771
Israel,2012.0,0.05994
Israel,2013.0,0.05871
Israel,2014.0,0.06576
Israel,2015.0,0.06527
Israel,2016.0,0.06476
Israel,2017.0,0.06425
Italy,2000.0,0.3916
Italy,2001.0,0.38771
Italy,2002.0,0.40246
Italy,2003.0,0.35926
Italy,2004.0,0.46144
Italy,2005.0,0.41208
Italy,2006.0,0.38436
Italy,2007.0,0.37596
Italy,2008.0,0.3942
Italy,2009.0,0.34159
Italy,2010.0,0.34928
Italy,2011.0,0.36475
Italy,2012.0,0.34039
Italy,2013.0,0.33864
Italy,2014.0,0.3311
Italy,2015.0,0.32749
Italy,2016.0,0.32384
Italy,2017.0,0.32015
Cote d'Ivoire,2000.0,0.75081
Cote d'Ivoire,2001.0,0.70875
Cote d'Ivoire,2002.0,0.73618
Cote d'Ivoire,2003.0,0.70458
Cote d'Ivoire,2004.0,0.70085
Cote d'Ivoire,2005.0,0.71722
Cote d'Ivoire,2006.0,0.71239
Cote d'Ivoire,2007.0,0.68781
Cote d'Ivoire,2008.0,0.69175
Cote d'Ivoire,2009.0,0.67907
Cote d'Ivoire,2010.0,0.70454
Cote d'Ivoire,2011.0,0.69643
Cote d'Ivoire,2012.0,0.76862
Cote d'Ivoire,2013.0,0.78017
Cote d'Ivoire,2014.0,0.8213
Cote d'Ivoire,2015.0,0.81705
Cote d'Ivoire,2016.0,0.81265
Cote d'Ivoire,2017.0,0.80808
Jamaica,2000.0,0.6699
Jamaica,2001.0,0.72576
Jamaica,2002.0,0.71642
Jamaica,2003.0,0.67109
Jamaica,2004.0,0.70994
Jamaica,2005.0,0.55612
Jamaica,2006.0,0.67862
Jamaica,2007.0,0.72243
Jamaica,2008.0,0.65595
Jamaica,2009.0,0.54492
Jamaica,2010.0,0.57862
Jamaica,2011.0,0.61089
Jamaica,2012.0,0.56542
Jamaica,2013.0,0.54329
Jamaica,2014.0,0.62412
Jamaica,2015.0,0.61543
Jamaica,2016.0,0.60689
Jamaica,2017.0,0.5985
Japan,2000.0,0.13828
Japan,2001.0,0.13548
Japan,2002.0,0.13442
Japan,2003.0,0.12451
Japan,2004.0,0.13241
Japan,2005.0,0.13268
Japan,2006.0,0.126
Japan,2007.0,0.13188
Japan,2008.0,0.13338
Japan,2009.0,0.12366
Japan,2010.0,0.11805
Japan,2011.0,0.11982
Japan,2012.0,0.12385
Japan,2013.0,0.12228
Japan,2014.0,0.12152
Japan,2015.0,0.12057
Japan,2016.0,0.11967
Japan,2017.0,0.11879
Kazakhstan,2000.0,1.37751
Kazakhstan,2001.0,1.88448
Kazakhstan,2002.0,1.8913
Kazakhstan,2003.0,1.78636
Kazakhstan,2004.0,1.53556
Kazakhstan,2005.0,1.67012
Kazakhstan,2006.0,1.90524
Kazakhstan,2007.0,2.24148
Kazakhstan,2008.0,1.74468
Kazakhstan,2009.0,2.26171
Kazakhstan,2010.0,1.4153
Kazakhstan,2011.0,2.83482
Kazakhstan,2012.0,1.50871
Kazakhstan,2013.0,2.02811
Kazakhstan,2014.0,1.90966
Kazakhstan,2015.0,1.92388
Kazakhstan,2016.0,1.94025
Kazakhstan,2017.0,1.95848
Jordan,2000.0,0.09173
Jordan,2001.0,0.06339
Jordan,2002.0,0.11965
Jordan,2003.0,0.08364
Jordan,2004.0,0.10103
Jordan,2005.0,0.09819
Jordan,2006.0,0.09219
Jordan,2007.0,0.0705
Jordan,2008.0,0.06575
Jordan,2009.0,0.07461
Jordan,2010.0,0.09217
Jordan,2011.0,0.07864
Jordan,2012.0,0.07391
Jordan,2013.0,0.06349
Jordan,2014.0,0.07233
Jordan,2015.0,0.07064
Jordan,2016.0,0.06947
Jordan,2017.0,0.06872
Kenya,2000.0,0.37919
Kenya,2001.0,0.45077
Kenya,2002.0,0.41606
Kenya,2003.0,0.434
Kenya,2004.0,0.41625
Kenya,2005.0,0.47059
Kenya,2006.0,0.49322
Kenya,2007.0,0.45284
Kenya,2008.0,0.39804
Kenya,2009.0,0.39274
Kenya,2010.0,0.4807
Kenya,2011.0,0.44588
Kenya,2012.0,0.49991
Kenya,2013.0,0.47291
Kenya,2014.0,0.43744
Kenya,2015.0,0.43866
Kenya,2016.0,0.4397
Kenya,2017.0,0.44057
North Korea,2000.0,0.27338
North Korea,2001.0,0.3518
North Korea,2002.0,0.36168
North Korea,2003.0,0.37706
North Korea,2004.0,0.37568
North Korea,2005.0,0.37294
North Korea,2006.0,0.3786
North Korea,2007.0,0.33688
North Korea,2008.0,0.33853
North Korea,2009.0,0.34854
North Korea,2010.0,0.35338
North Korea,2011.0,0.37065
North Korea,2012.0,0.38683
North Korea,2013.0,0.39529
North Korea,2014.0,0.44278
North Korea,2015.0,0.44746
North Korea,2016.0,0.45215
North Korea,2017.0,0.45684
Korea,2000.0,0.15259
Korea,2001.0,0.1558
Korea,2002.0,0.14309
Korea,2003.0,0.12626
Korea,2004.0,0.1429
Korea,2005.0,0.14057
Korea,2006.0,0.13149
Korea,2007.0,0.1256
Korea,2008.0,0.14069
Korea,2009.0,0.14093
Korea,2010.0,0.11914
Korea,2011.0,0.1149
Korea,2012.0,0.11243
Korea,2013.0,0.11745
Korea,2014.0,0.11587
Korea,2015.0,0.11333
Korea,2016.0,0.11083
Korea,2017.0,0.10837
Kuwait,2000.0,0.00847
Kuwait,2001.0,0.01341
Kuwait,2002.0,0.0198
Kuwait,2003.0,0.02177
Kuwait,2004.0,0.03602
Kuwait,2005.0,0.03141
Kuwait,2006.0,0.02992
Kuwait,2007.0,0.00932
Kuwait,2008.0,0.00937
Kuwait,2009.0,0.02269
Kuwait,2010.0,0.03187
Kuwait,2011.0,0.04235
Kuwait,2012.0,0.04313
Kuwait,2013.0,0.08448
Kuwait,2014.0,0.08438
Kuwait,2015.0,0.08414
Kuwait,2016.0,0.08466
Kuwait,2017.0,0.08584
Kyrgyzstan,2000.0,0.87592
Kyrgyzstan,2001.0,0.98892
Kyrgyzstan,2002.0,0.97744
Kyrgyzstan,2003.0,1.00297
Kyrgyzstan,2004.0,1.04429
Kyrgyzstan,2005.0,0.93127
Kyrgyzstan,2006.0,0.89466
Kyrgyzstan,2007.0,0.86042
Kyrgyzstan,2008.0,0.84226
Kyrgyzstan,2009.0,0.93312
Kyrgyzstan,2010.0,0.82049
Kyrgyzstan,2011.0,0.82952
Kyrgyzstan,2012.0,0.79264
Kyrgyzstan,2013.0,0.87676
Kyrgyzstan,2014.0,0.75686
Kyrgyzstan,2015.0,0.74193
Kyrgyzstan,2016.0,0.72753
Kyrgyzstan,2017.0,0.71366
Laos,2000.0,0.46117
Laos,2001.0,0.44861
Laos,2002.0,0.46704
Laos,2003.0,0.47082
Laos,2004.0,0.50406
Laos,2005.0,0.57351
Laos,2006.0,0.62236
Laos,2007.0,0.7349
Laos,2008.0,0.93584
Laos,2009.0,0.95136
Laos,2010.0,0.94417
Laos,2011.0,1.03453
Laos,2012.0,1.08793
Laos,2013.0,1.09676
Laos,2014.0,1.35921
Laos,2015.0,1.4097
Laos,2016.0,1.45742
Laos,2017.0,1.50263
Latin America and the Caribbean,2000.0,1.41865
Latin America and the Caribbean,2001.0,1.51124
Latin America and the Caribbean,2002.0,1.49064
Latin America and the Caribbean,2003.0,1.63193
Latin America and the Caribbean,2004.0,1.63369
Latin America and the Caribbean,2005.0,1.59939
Latin America and the Caribbean,2006.0,1.66693
Latin America and the Caribbean,2007.0,1.85944
Latin America and the Caribbean,2008.0,1.98623
Latin America and the Caribbean,2009.0,1.86649
Latin America and the Caribbean,2010.0,2.03411
Latin America and the Caribbean,2011.0,2.0538
Latin America and the Caribbean,2012.0,2.04582
Latin America and the Caribbean,2013.0,2.22571
Latin America and the Caribbean,2014.0,2.2159
Latin America and the Caribbean,2015.0,2.26603
Latin America and the Caribbean,2016.0,2.31559
Latin America and the Caribbean,2017.0,2.36458
Lebanon,2000.0,0.28908
Lebanon,2001.0,0.17126
Lebanon,2002.0,0.24202
Lebanon,2003.0,0.18163
Lebanon,2004.0,0.25063
Lebanon,2005.0,0.20227
Lebanon,2006.0,0.22555
Lebanon,2007.0,0.18571
Lebanon,2008.0,0.19576
Lebanon,2009.0,0.1612
Lebanon,2010.0,0.17951
Lebanon,2011.0,0.1292
Lebanon,2012.0,0.12299
Lebanon,2013.0,0.14027
Lebanon,2014.0,0.14358
Lebanon,2015.0,0.13602
Lebanon,2016.0,0.13107
Lebanon,2017.0,0.12803
Lesotho,2000.0,0.27995
Lesotho,2001.0,0.43319
Lesotho,2002.0,0.26953
Lesotho,2003.0,0.21147
Lesotho,2004.0,0.20748
Lesotho,2005.0,0.21023
Lesotho,2006.0,0.22593
Lesotho,2007.0,0.14894
Lesotho,2008.0,0.15101
Lesotho,2009.0,0.14772
Lesotho,2010.0,0.29367
Lesotho,2011.0,0.18918
Lesotho,2012.0,0.08174
Lesotho,2013.0,0.19727
Lesotho,2014.0,0.18251
Lesotho,2015.0,0.17212
Lesotho,2016.0,0.16197
Lesotho,2017.0,0.15206
Latvia,2000.0,0.54315
Latvia,2001.0,0.54318
Latvia,2002.0,0.63331
Latvia,2003.0,0.58832
Latvia,2004.0,0.68266
Latvia,2005.0,0.84709
Latvia,2006.0,0.74812
Latvia,2007.0,0.98039
Latvia,2008.0,1.07624
Latvia,2009.0,1.0558
Latvia,2010.0,0.98597
Latvia,2011.0,0.96092
Latvia,2012.0,1.38578
Latvia,2013.0,1.30219
Latvia,2014.0,1.40315
Latvia,2015.0,1.47624
Latvia,2016.0,1.55001
Latvia,2017.0,1.6244
Liberia,2000.0,0.36501
Liberia,2001.0,0.34211
Liberia,2002.0,0.32394
Liberia,2003.0,0.3099
Liberia,2004.0,0.31271
Liberia,2005.0,0.32796
Liberia,2006.0,0.31353
Liberia,2007.0,0.33333
Liberia,2008.0,0.34172
Liberia,2009.0,0.32304
Liberia,2010.0,0.31301
Liberia,2011.0,0.30844
Liberia,2012.0,0.29734
Liberia,2013.0,0.28651
Liberia,2014.0,0.27033
Liberia,2015.0,0.26841
Liberia,2016.0,0.26628
Liberia,2017.0,0.26403
Landlocked developing countries (LLDCs),2000.0,0.62132
Landlocked developing countries (LLDCs),2001.0,0.68816
Landlocked developing countries (LLDCs),2002.0,0.6729
Landlocked developing countries (LLDCs),2003.0,0.70227
Landlocked developing countries (LLDCs),2004.0,0.6877
Landlocked developing countries (LLDCs),2005.0,0.71876
Landlocked developing countries (LLDCs),2006.0,0.74519
Landlocked developing countries (LLDCs),2007.0,0.7322
Landlocked developing countries (LLDCs),2008.0,0.749
Landlocked developing countries (LLDCs),2009.0,0.77643
Landlocked developing countries (LLDCs),2010.0,0.79139
Landlocked developing countries (LLDCs),2011.0,0.83062
Landlocked developing countries (LLDCs),2012.0,0.80192
Landlocked developing countries (LLDCs),2013.0,0.8324
Landlocked developing countries (LLDCs),2014.0,0.84577
Landlocked developing countries (LLDCs),2015.0,0.85323
Landlocked developing countries (LLDCs),2016.0,0.8602
Landlocked developing countries (LLDCs),2017.0,0.86669
Libya,2000.0,0.14564
Libya,2001.0,0.13635
Libya,2002.0,0.1347
Libya,2003.0,0.14929
Libya,2004.0,0.14366
Libya,2005.0,0.14982
Libya,2006.0,0.15063
Libya,2007.0,0.14665
Libya,2008.0,0.14442
Libya,2009.0,0.14105
Libya,2010.0,0.14236
Libya,2011.0,0.14671
Libya,2012.0,0.15197
Libya,2013.0,0.14493
Libya,2014.0,0.14581
Libya,2015.0,0.14696
Libya,2016.0,0.14746
Libya,2017.0,0.14741
Lithuania,2000.0,1.06049
Lithuania,2001.0,0.90414
Lithuania,2002.0,1.03482
Lithuania,2003.0,1.06532
Lithuania,2004.0,1.15464
Lithuania,2005.0,1.13683
Lithuania,2006.0,0.77145
Lithuania,2007.0,1.25892
Lithuania,2008.0,1.42079
Lithuania,2009.0,1.6284
Lithuania,2010.0,1.27111
Lithuania,2011.0,1.49675
Lithuania,2012.0,2.1102
Lithuania,2013.0,2.03056
Lithuania,2014.0,2.30713
Lithuania,2015.0,2.40711
Lithuania,2016.0,2.50378
Lithuania,2017.0,2.59687
Luxembourg,2000.0,0.27403
Luxembourg,2001.0,0.26177
Luxembourg,2002.0,0.30834
Luxembourg,2003.0,0.29777
Luxembourg,2004.0,0.32965
Luxembourg,2005.0,0.29141
Luxembourg,2006.0,0.29159
Luxembourg,2007.0,0.27227
Luxembourg,2008.0,0.32245
Luxembourg,2009.0,0.3165
Luxembourg,2010.0,0.27129
Luxembourg,2011.0,0.25051
Luxembourg,2012.0,0.24384
Luxembourg,2013.0,0.2615
Luxembourg,2014.0,0.25136
Luxembourg,2015.0,0.24878
Luxembourg,2016.0,0.24691
Luxembourg,2017.0,0.24564
Madagascar,2000.0,0.5007
Madagascar,2001.0,0.50642
Madagascar,2002.0,0.47591
Madagascar,2003.0,0.49076
Madagascar,2004.0,0.5012
Madagascar,2005.0,0.57283
Madagascar,2006.0,0.57533
Madagascar,2007.0,0.56574
Madagascar,2008.0,0.57192
Madagascar,2009.0,0.60991
Madagascar,2010.0,0.60482
Madagascar,2011.0,0.58395
Madagascar,2012.0,0.59686
Madagascar,2013.0,0.5028
Madagascar,2014.0,0.50818
Madagascar,2015.0,0.51066
Madagascar,2016.0,0.51267
Madagascar,2017.0,0.51425
Malawi,2000.0,1.14833
Malawi,2001.0,1.00031
Malawi,2002.0,0.77383
Malawi,2003.0,0.88686
Malawi,2004.0,0.81691
Malawi,2005.0,0.64979
Malawi,2006.0,1.06192
Malawi,2007.0,1.23512
Malawi,2008.0,1.09559
Malawi,2009.0,1.30059
Malawi,2010.0,1.23011
Malawi,2011.0,1.27336
Malawi,2012.0,1.31914
Malawi,2013.0,1.30149
Malawi,2014.0,1.32707
Malawi,2015.0,1.34372
Malawi,2016.0,1.35845
Malawi,2017.0,1.37144
Malaysia,2000.0,3.48544
Malaysia,2001.0,3.53801
Malaysia,2002.0,3.50152
Malaysia,2003.0,3.8103
Malaysia,2004.0,3.9032
Malaysia,2005.0,4.08491
Malaysia,2006.0,4.23773
Malaysia,2007.0,4.14934
Malaysia,2008.0,4.55308
Malaysia,2009.0,4.42331
Malaysia,2010.0,4.21057
Malaysia,2011.0,4.55633
Malaysia,2012.0,4.45479
Malaysia,2013.0,4.48417
Malaysia,2014.0,4.42428
Malaysia,2015.0,4.48619
Malaysia,2016.0,4.55065
Malaysia,2017.0,4.61717
Maldives,2000.0,0.13849
Maldives,2001.0,0.18998
Maldives,2002.0,0.1908
Maldives,2003.0,0.29056
Maldives,2004.0,0.27534
Maldives,2005.0,0.12723
Maldives,2006.0,0.02598
Maldives,2007.0,0.02054
Maldives,2008.0,0.01988
Maldives,2009.0,0.0389
Maldives,2010.0,0.03215
Maldives,2011.0,0.02526
Maldives,2012.0,0.01423
Maldives,2013.0,0.00927
Maldives,2014.0,0.00331
Maldives,2015.0,0.00147
Maldives,2016.0,0.00148
Maldives,2017.0,0.00148
Mali,2000.0,0.65951
Mali,2001.0,0.76473
Mali,2002.0,0.7528
Mali,2003.0,0.9744
Mali,2004.0,0.81588
Mali,2005.0,0.90964
Mali,2006.0,0.91478
Mali,2007.0,0.893
Mali,2008.0,1.00053
Mali,2009.0,1.24837
Mali,2010.0,1.19042
Mali,2011.0,1.15586
Mali,2012.0,1.29579
Mali,2013.0,1.03763
Mali,2014.0,1.25659
Mali,2015.0,1.27608
Mali,2016.0,1.2929
Mali,2017.0,1.30734
Malta,2000.0,0.0219
Malta,2001.0,0.02199
Malta,2002.0,0.02473
Malta,2003.0,0.02474
Malta,2004.0,0.02642
Malta,2005.0,0.02373
Malta,2006.0,0.0235
Malta,2007.0,0.02628
Malta,2008.0,0.02936
Malta,2009.0,0.0292
Malta,2010.0,0.03254
Malta,2011.0,0.02828
Malta,2012.0,0.03131
Malta,2013.0,0.02994
Malta,2014.0,0.03165
Malta,2015.0,0.03233
Malta,2016.0,0.03302
Malta,2017.0,0.03373
Mauritania,2000.0,0.16781
Mauritania,2001.0,0.11117
Mauritania,2002.0,0.08349
Mauritania,2003.0,0.1434
Mauritania,2004.0,0.07454
Mauritania,2005.0,0.13956
Mauritania,2006.0,0.13352
Mauritania,2007.0,0.13733
Mauritania,2008.0,0.13993
Mauritania,2009.0,0.1333
Mauritania,2010.0,0.18115
Mauritania,2011.0,0.09965
Mauritania,2012.0,0.13634
Mauritania,2013.0,0.16269
Mauritania,2014.0,0.14491
Mauritania,2015.0,0.14555
Mauritania,2016.0,0.14614
Mauritania,2017.0,0.14669
Mauritius,2000.0,2.7304
Mauritius,2001.0,3.07157
Mauritius,2002.0,2.56774
Mauritius,2003.0,2.72177
Mauritius,2004.0,2.74845
Mauritius,2005.0,2.58226
Mauritius,2006.0,2.44796
Mauritius,2007.0,2.17853
Mauritius,2008.0,2.31843
Mauritius,2009.0,2.38018
Mauritius,2010.0,2.22211
Mauritius,2011.0,2.14861
Mauritius,2012.0,2.00328
Mauritius,2013.0,1.93151
Mauritius,2014.0,2.04546
Mauritius,2015.0,1.9862
Mauritius,2016.0,1.92647
Mauritius,2017.0,1.86651
Mexico,2000.0,0.93125
Mexico,2001.0,1.01559
Mexico,2002.0,0.9354
Mexico,2003.0,0.99941
Mexico,2004.0,1.03012
Mexico,2005.0,0.95199
Mexico,2006.0,0.99482
Mexico,2007.0,1.0354
Mexico,2008.0,1.04666
Mexico,2009.0,0.91789
Mexico,2010.0,0.99302
Mexico,2011.0,0.85365
Mexico,2012.0,0.95206
Mexico,2013.0,0.98187
Mexico,2014.0,1.01332
Mexico,2015.0,1.01172
Mexico,2016.0,1.01031
Mexico,2017.0,1.00915
Mongolia,2000.0,0.08973
Mongolia,2001.0,0.08866
Mongolia,2002.0,0.07793
Mongolia,2003.0,0.10426
Mongolia,2004.0,0.09084
Mongolia,2005.0,0.06111
Mongolia,2006.0,0.10406
Mongolia,2007.0,0.0911
Mongolia,2008.0,0.13892
Mongolia,2009.0,0.22121
Mongolia,2010.0,0.20542
Mongolia,2011.0,0.25552
Mongolia,2012.0,0.27726
Mongolia,2013.0,0.21887
Mongolia,2014.0,0.26071
Mongolia,2015.0,0.27168
Mongolia,2016.0,0.2825
Mongolia,2017.0,0.29318
Moldova,2000.0,1.34814
Moldova,2001.0,1.64881
Moldova,2002.0,1.68885
Moldova,2003.0,1.38438
Moldova,2004.0,2.06141
Moldova,2005.0,1.91354
Moldova,2006.0,1.69338
Moldova,2007.0,0.65588
Moldova,2008.0,2.08355
Moldova,2009.0,1.47059
Moldova,2010.0,1.77744
Moldova,2011.0,1.81873
Moldova,2012.0,0.90857
Moldova,2013.0,1.91915
Moldova,2014.0,2.1494
Moldova,2015.0,2.16077
Moldova,2016.0,2.17346
Moldova,2017.0,2.18728
Montenegro,2006.0,0.09223
Montenegro,2007.0,0.07147
Montenegro,2008.0,0.09704
Montenegro,2009.0,0.10556
Montenegro,2010.0,0.10415
Montenegro,2011.0,0.11668
Montenegro,2012.0,0.09258
Montenegro,2013.0,0.08606
Montenegro,2014.0,0.08651
Montenegro,2015.0,0.087
Montenegro,2016.0,0.0875
Montenegro,2017.0,0.08801
Morocco,2000.0,0.23139
Morocco,2001.0,0.3303
Morocco,2002.0,0.36753
Morocco,2003.0,0.50426
Morocco,2004.0,0.50212
Morocco,2005.0,0.33373
Morocco,2006.0,0.52011
Morocco,2007.0,0.24252
Morocco,2008.0,0.36394
Morocco,2009.0,0.54938
Morocco,2010.0,0.48894
Morocco,2011.0,0.52081
Morocco,2012.0,0.35135
Morocco,2013.0,0.51704
Morocco,2014.0,0.40866
Morocco,2015.0,0.41563
Morocco,2016.0,0.42255
Morocco,2017.0,0.42941
Mozambique,2000.0,0.55041
Mozambique,2001.0,0.56573
Mozambique,2002.0,0.54758
Mozambique,2003.0,0.58062
Mozambique,2004.0,0.5545
Mozambique,2005.0,0.47662
Mozambique,2006.0,0.56205
Mozambique,2007.0,0.56246
Mozambique,2008.0,0.57946
Mozambique,2009.0,0.59515
Mozambique,2010.0,0.74916
Mozambique,2011.0,0.7736
Mozambique,2012.0,0.50266
Mozambique,2013.0,0.44664
Mozambique,2014.0,0.47984
Mozambique,2015.0,0.47928
Mozambique,2016.0,0.47841
Mozambique,2017.0,0.47726
Oman,2000.0,0.01684
Oman,2001.0,0.01658
Oman,2002.0,0.01794
Oman,2003.0,0.01946
Oman,2004.0,0.02253
Oman,2005.0,0.01704
Oman,2006.0,0.01375
Oman,2007.0,0.0167
Oman,2008.0,0.01627
Oman,2009.0,0.04243
Oman,2010.0,0.02843
Oman,2011.0,0.03366
Oman,2012.0,0.03691
Oman,2013.0,0.03482
Oman,2014.0,0.03162
Oman,2015.0,0.03152
Oman,2016.0,0.03152
Oman,2017.0,0.03162
Europe and North America,2000.0,0.94799
Europe and North America,2001.0,0.99177
Europe and North America,2002.0,0.95175
Europe and North America,2003.0,0.92609
Europe and North America,2004.0,1.11245
Europe and North America,2005.0,1.04793
Europe and North America,2006.0,1.01774
Europe and North America,2007.0,1.03594
Europe and North America,2008.0,1.17968
Europe and North America,2009.0,1.14079
Europe and North America,2010.0,1.04165
Europe and North America,2011.0,1.17101
Europe and North America,2012.0,1.0706
Europe and North America,2013.0,1.25908
Europe and North America,2014.0,1.30469
Europe and North America,2015.0,1.32418
Europe and North America,2016.0,1.34348
Europe and North America,2017.0,1.36264
Namibia,2000.0,0.31312
Namibia,2001.0,0.28623
Namibia,2002.0,0.2696
Namibia,2003.0,0.26729
Namibia,2004.0,0.3302
Namibia,2005.0,0.31552
Namibia,2006.0,0.39479
Namibia,2007.0,0.29517
Namibia,2008.0,0.28578
Namibia,2009.0,0.27711
Namibia,2010.0,0.31333
Namibia,2011.0,0.28276
Namibia,2012.0,0.34361
Namibia,2013.0,0.23197
Namibia,2014.0,0.16331
Namibia,2015.0,0.15937
Namibia,2016.0,0.15564
Namibia,2017.0,0.15206
Nepal,2000.0,0.66483
Nepal,2001.0,0.66783
Nepal,2002.0,0.67173
Nepal,2003.0,0.677
Nepal,2004.0,0.69329
Nepal,2005.0,0.7013
Nepal,2006.0,0.69697
Nepal,2007.0,0.68116
Nepal,2008.0,0.71719
Nepal,2009.0,0.72226
Nepal,2010.0,0.7051
Nepal,2011.0,0.76161
Nepal,2012.0,0.80744
Nepal,2013.0,0.74564
Nepal,2014.0,0.80419
Nepal,2015.0,0.81108
Nepal,2016.0,0.81799
Nepal,2017.0,0.82487
Netherlands,2000.0,0.08294
Netherlands,2001.0,0.08036
Netherlands,2002.0,0.08281
Netherlands,2003.0,0.08696
Netherlands,2004.0,0.08573
Netherlands,2005.0,0.08248
Netherlands,2006.0,0.07824
Netherlands,2007.0,0.07335
Netherlands,2008.0,0.0932
Netherlands,2009.0,0.09124
Netherlands,2010.0,0.08459
Netherlands,2011.0,0.08001
Netherlands,2012.0,0.08492
Netherlands,2013.0,0.08393
Netherlands,2014.0,0.08165
Netherlands,2015.0,0.08174
Netherlands,2016.0,0.08183
Netherlands,2017.0,0.08192
Vanuatu,2000.0,2.35841
Vanuatu,2001.0,2.5373
Vanuatu,2002.0,2.0872
Vanuatu,2003.0,2.04658
Vanuatu,2004.0,2.14887
Vanuatu,2005.0,2.09524
Vanuatu,2006.0,2.04272
Vanuatu,2007.0,2.04164
Vanuatu,2008.0,1.9916
Vanuatu,2009.0,1.94598
Vanuatu,2010.0,2.97424
Vanuatu,2011.0,2.71481
Vanuatu,2012.0,2.63629
Vanuatu,2013.0,2.84815
Vanuatu,2014.0,2.81986
Vanuatu,2015.0,2.84706
Vanuatu,2016.0,2.87262
Vanuatu,2017.0,2.89665
New Zealand,2000.0,0.19944
New Zealand,2001.0,0.21046
New Zealand,2002.0,0.20559
New Zealand,2003.0,0.20383
New Zealand,2004.0,0.17947
New Zealand,2005.0,0.18502
New Zealand,2006.0,0.16768
New Zealand,2007.0,0.18887
New Zealand,2008.0,0.20103
New Zealand,2009.0,0.22355
New Zealand,2010.0,0.20062
New Zealand,2011.0,0.1975
New Zealand,2012.0,0.22519
New Zealand,2013.0,0.21164
New Zealand,2014.0,0.20843
New Zealand,2015.0,0.20953
New Zealand,2016.0,0.21068
New Zealand,2017.0,0.21187
Nicaragua,2000.0,0.7982
Nicaragua,2001.0,0.74249
Nicaragua,2002.0,0.78877
Nicaragua,2003.0,0.95155
Nicaragua,2004.0,0.85078
Nicaragua,2005.0,0.88272
Nicaragua,2006.0,0.91164
Nicaragua,2007.0,0.90031
Nicaragua,2008.0,0.84254
Nicaragua,2009.0,0.95974
Nicaragua,2010.0,0.91754
Nicaragua,2011.0,0.99379
Nicaragua,2012.0,1.14193
Nicaragua,2013.0,1.19357
Nicaragua,2014.0,1.11089
Nicaragua,2015.0,1.13274
Nicaragua,2016.0,1.15414
Nicaragua,2017.0,1.17512
Niger,2000.0,0.63074
Niger,2001.0,0.88459
Niger,2002.0,0.89137
Niger,2003.0,0.94687
Niger,2004.0,0.69941
Niger,2005.0,0.89896
Niger,2006.0,0.95765
Niger,2007.0,0.89185
Niger,2008.0,1.08431
Niger,2009.0,0.75841
Niger,2010.0,1.09927
Niger,2011.0,0.78638
Niger,2012.0,1.01137
Niger,2013.0,0.8145
Niger,2014.0,0.87302
Niger,2015.0,0.8697
Niger,2016.0,0.86549
Niger,2017.0,0.86044
Nigeria,2000.0,1.04327
Nigeria,2001.0,0.99572
Nigeria,2002.0,1.02571
Nigeria,2003.0,1.05863
Nigeria,2004.0,1.09715
Nigeria,2005.0,1.13439
Nigeria,2006.0,1.20113
Nigeria,2007.0,1.09063
Nigeria,2008.0,1.14729
Nigeria,2009.0,0.86521
Nigeria,2010.0,0.97001
Nigeria,2011.0,0.84082
Nigeria,2012.0,0.86588
Nigeria,2013.0,0.80207
Nigeria,2014.0,0.94082
Nigeria,2015.0,0.92356
Nigeria,2016.0,0.90676
Nigeria,2017.0,0.89039
Norway,2000.0,0.20485
Norway,2001.0,0.19443
Norway,2002.0,0.18124
Norway,2003.0,0.20048
Norway,2004.0,0.22348
Norway,2005.0,0.19945
Norway,2006.0,0.17795
Norway,2007.0,0.18118
Norway,2008.0,0.20723
Norway,2009.0,0.15592
Norway,2010.0,0.17661
Norway,2011.0,0.14804
Norway,2012.0,0.15503
Norway,2013.0,0.13518
Norway,2014.0,0.16938
Norway,2015.0,0.16526
Norway,2016.0,0.16137
Norway,2017.0,0.1577
Micronesia (region),2000.0,0.65279
Micronesia (region),2001.0,0.65442
Micronesia (region),2002.0,0.65567
Micronesia (region),2003.0,0.65662
Micronesia (region),2004.0,0.76694
Micronesia (region),2005.0,0.80634
Micronesia (region),2006.0,0.82926
Micronesia (region),2007.0,0.83405
Micronesia (region),2008.0,0.83911
Micronesia (region),2009.0,0.84367
Micronesia (region),2010.0,0.8463
Micronesia (region),2011.0,0.84763
Micronesia (region),2012.0,0.93195
Micronesia (region),2013.0,0.96404
Micronesia (region),2014.0,0.98785
Micronesia (region),2015.0,1.00548
Micronesia (region),2016.0,1.02214
Micronesia (region),2017.0,1.03761
Marshall Islands,2000.0,0.15568
Marshall Islands,2001.0,0.13683
Marshall Islands,2002.0,0.47778
Marshall Islands,2003.0,1.10676
Marshall Islands,2004.0,0.68556
Marshall Islands,2005.0,0.79003
Marshall Islands,2006.0,0.9745
Marshall Islands,2007.0,1.27129
Marshall Islands,2008.0,1.64215
Marshall Islands,2009.0,1.49681
Marshall Islands,2010.0,1.41869
Marshall Islands,2011.0,0.78604
Marshall Islands,2012.0,0.79088
Marshall Islands,2013.0,0.82871
Marshall Islands,2014.0,0.7877
Marshall Islands,2015.0,0.8333
Marshall Islands,2016.0,0.87915
Marshall Islands,2017.0,0.92507
Pakistan,2000.0,0.72172
Pakistan,2001.0,0.65755
Pakistan,2002.0,0.65858
Pakistan,2003.0,0.6845
Pakistan,2004.0,0.75146
Pakistan,2005.0,0.72878
Pakistan,2006.0,0.6873
Pakistan,2007.0,0.73999
Pakistan,2008.0,0.75806
Pakistan,2009.0,0.72267
Pakistan,2010.0,0.66798
Pakistan,2011.0,0.71544
Pakistan,2012.0,0.68315
Pakistan,2013.0,0.7161
Pakistan,2014.0,0.72786
Pakistan,2015.0,0.72686
Pakistan,2016.0,0.72594
Pakistan,2017.0,0.7251
Panama,2000.0,0.57317
Panama,2001.0,0.5169
Panama,2002.0,0.52671
Panama,2003.0,0.5318
Panama,2004.0,0.5419
Panama,2005.0,0.53696
Panama,2006.0,0.52141
Panama,2007.0,0.50987
Panama,2008.0,0.51923
Panama,2009.0,0.52412
Panama,2010.0,0.56492
Panama,2011.0,0.55325
Panama,2012.0,0.57979
Panama,2013.0,0.59242
Panama,2014.0,0.61385
Panama,2015.0,0.61617
Panama,2016.0,0.61847
Panama,2017.0,0.62076
Papua New Guinea,2000.0,0.75164
Papua New Guinea,2001.0,0.58559
Papua New Guinea,2002.0,0.59445
Papua New Guinea,2003.0,0.57367
Papua New Guinea,2004.0,0.57903
Papua New Guinea,2005.0,0.5713
Papua New Guinea,2006.0,0.56611
Papua New Guinea,2007.0,0.7698
Papua New Guinea,2008.0,0.77314
Papua New Guinea,2009.0,0.76279
Papua New Guinea,2010.0,0.77497
Papua New Guinea,2011.0,0.71637
Papua New Guinea,2012.0,0.78688
Papua New Guinea,2013.0,0.77701
Papua New Guinea,2014.0,0.77218
Papua New Guinea,2015.0,0.78214
Papua New Guinea,2016.0,0.79159
Papua New Guinea,2017.0,0.80056
Paraguay,2000.0,1.85797
Paraguay,2001.0,2.29216
Paraguay,2002.0,2.26251
Paraguay,2003.0,2.58332
Paraguay,2004.0,2.69561
Paraguay,2005.0,2.45997
Paraguay,2006.0,2.83926
Paraguay,2007.0,3.28538
Paraguay,2008.0,3.34193
Paraguay,2009.0,2.63276
Paraguay,2010.0,3.96063
Paraguay,2011.0,4.17316
Paraguay,2012.0,3.0815
Paraguay,2013.0,4.5555
Paraguay,2014.0,4.3386
Paraguay,2015.0,4.47055
Paraguay,2016.0,4.59934
Paraguay,2017.0,4.725
Peru,2000.0,0.55135
Peru,2001.0,0.54403
Peru,2002.0,0.58024
Peru,2003.0,0.58878
Peru,2004.0,0.51593
Peru,2005.0,0.53222
Peru,2006.0,0.5401
Peru,2007.0,0.56304
Peru,2008.0,0.61579
Peru,2009.0,0.63325
Peru,2010.0,0.61993
Peru,2011.0,0.61763
Peru,2012.0,0.66734
Peru,2013.0,0.67261
Peru,2014.0,0.66312
Peru,2015.0,0.67022
Peru,2016.0,0.67727
Peru,2017.0,0.68426
Philippines,2000.0,0.82288
Philippines,2001.0,0.83518
Philippines,2002.0,0.84228
Philippines,2003.0,0.86814
Philippines,2004.0,0.90387
Philippines,2005.0,0.8796
Philippines,2006.0,0.89829
Philippines,2007.0,0.91181
Philippines,2008.0,0.93267
Philippines,2009.0,0.91435
Philippines,2010.0,0.84592
Philippines,2011.0,0.8625
Philippines,2012.0,0.89598
Philippines,2013.0,0.87284
Philippines,2014.0,0.8634
Philippines,2015.0,0.86497
Philippines,2016.0,0.86657
Philippines,2017.0,0.86818
Poland,2000.0,0.89724
Poland,2001.0,1.0018
Poland,2002.0,0.98309
Poland,2003.0,0.85929
Poland,2004.0,1.08119
Poland,2005.0,0.96702
Poland,2006.0,0.80763
Poland,2007.0,1.00858
Poland,2008.0,1.00219
Poland,2009.0,1.07333
Poland,2010.0,0.97232
Poland,2011.0,0.96124
Poland,2012.0,1.0377
Poland,2013.0,1.05351
Poland,2014.0,1.19492
Poland,2015.0,1.20663
Poland,2016.0,1.21877
Poland,2017.0,1.23135
Portugal,2000.0,0.17336
Portugal,2001.0,0.15626
Portugal,2002.0,0.15913
Portugal,2003.0,0.13884
Portugal,2004.0,0.16217
Portugal,2005.0,0.1004
Portugal,2006.0,0.15374
Portugal,2007.0,0.12622
Portugal,2008.0,0.15923
Portugal,2009.0,0.15866
Portugal,2010.0,0.15538
Portugal,2011.0,0.16858
Portugal,2012.0,0.16802
Portugal,2013.0,0.22514
Portugal,2014.0,0.203
Portugal,2015.0,0.20708
Portugal,2016.0,0.21108
Portugal,2017.0,0.21501
Guinea-Bissau,2000.0,0.57743
Guinea-Bissau,2001.0,0.55642
Guinea-Bissau,2002.0,0.52195
Guinea-Bissau,2003.0,0.49382
Guinea-Bissau,2004.0,0.54731
Guinea-Bissau,2005.0,0.62036
Guinea-Bissau,2006.0,0.62544
Guinea-Bissau,2007.0,0.49943
Guinea-Bissau,2008.0,0.55385
Guinea-Bissau,2009.0,0.49353
Guinea-Bissau,2010.0,0.52503
Guinea-Bissau,2011.0,0.47204
Guinea-Bissau,2012.0,0.52137
Guinea-Bissau,2013.0,0.51115
Guinea-Bissau,2014.0,0.40318
Guinea-Bissau,2015.0,0.39707
Guinea-Bissau,2016.0,0.39117
Guinea-Bissau,2017.0,0.38547
Timor-Leste,2000.0,0.40203
Timor-Leste,2001.0,0.35035
Timor-Leste,2002.0,0.40471
Timor-Leste,2003.0,0.33101
Timor-Leste,2004.0,0.33898
Timor-Leste,2005.0,0.36153
Timor-Leste,2006.0,0.40723
Timor-Leste,2007.0,0.2969
Timor-Leste,2008.0,0.35971
Timor-Leste,2009.0,0.46916
Timor-Leste,2010.0,0.4666
Timor-Leste,2011.0,0.23398
Timor-Leste,2012.0,0.27299
Timor-Leste,2013.0,0.32602
Timor-Leste,2014.0,0.30694
Timor-Leste,2015.0,0.30248
Timor-Leste,2016.0,0.29834
Timor-Leste,2017.0,0.29438
Qatar,2000.0,0.01839
Qatar,2001.0,0.01585
Qatar,2002.0,0.01566
Qatar,2003.0,0.01558
Qatar,2004.0,0.01058
Qatar,2005.0,0.01114
Qatar,2006.0,0.01049
Qatar,2007.0,0.00984
Qatar,2008.0,0.00884
Qatar,2009.0,0.00707
Qatar,2010.0,0.00765
Qatar,2011.0,0.008
Qatar,2012.0,0.00998
Qatar,2013.0,0.01073
Qatar,2014.0,0.01086
Qatar,2015.0,0.01075
Qatar,2016.0,0.01073
Qatar,2017.0,0.01079
Romania,2000.0,0.68332
Romania,2001.0,1.18973
Romania,2002.0,0.96193
Romania,2003.0,0.93441
Romania,2004.0,1.62138
Romania,2005.0,1.29656
Romania,2006.0,1.11529
Romania,2007.0,0.57742
Romania,2008.0,1.17413
Romania,2009.0,1.07514
Romania,2010.0,1.22866
Romania,2011.0,1.52677
Romania,2012.0,0.92422
Romania,2013.0,1.54602
Romania,2014.0,1.66635
Romania,2015.0,1.70082
Romania,2016.0,1.73583
Romania,2017.0,1.77122
Russia,2000.0,0.96615
Russia,2001.0,1.15398
Russia,2002.0,1.18097
Russia,2003.0,1.04002
Russia,2004.0,1.18131
Russia,2005.0,1.19693
Russia,2006.0,1.25093
Russia,2007.0,1.2664
Russia,2008.0,1.56017
Russia,2009.0,1.39781
Russia,2010.0,0.93362
Russia,2011.0,1.53522
Russia,2012.0,1.25398
Russia,2013.0,1.5301
Russia,2014.0,1.64845
Russia,2015.0,1.67898
Russia,2016.0,1.71005
Russia,2017.0,1.7417
Rwanda,2000.0,0.35973
Rwanda,2001.0,0.38018
Rwanda,2002.0,0.41139
Rwanda,2003.0,0.36702
Rwanda,2004.0,0.34939
Rwanda,2005.0,0.39206
Rwanda,2006.0,0.35664
Rwanda,2007.0,0.32936
Rwanda,2008.0,0.41702
Rwanda,2009.0,0.48757
Rwanda,2010.0,0.58026
Rwanda,2011.0,0.63172
Rwanda,2012.0,0.65041
Rwanda,2013.0,0.67892
Rwanda,2014.0,0.61954
Rwanda,2015.0,0.63464
Rwanda,2016.0,0.64881
Rwanda,2017.0,0.66216
Sao Tome and Principe,2000.0,0.77145
Sao Tome and Principe,2001.0,0.79598
Sao Tome and Principe,2002.0,0.78423
Sao Tome and Principe,2003.0,0.77956
Sao Tome and Principe,2004.0,0.76336
Sao Tome and Principe,2005.0,0.77993
Sao Tome and Principe,2006.0,0.75313
Sao Tome and Principe,2007.0,0.6822
Sao Tome and Principe,2008.0,0.68527
Sao Tome and Principe,2009.0,0.69616
Sao Tome and Principe,2010.0,0.66783
Sao Tome and Principe,2011.0,0.65421
Sao Tome and Principe,2012.0,0.6872
Sao Tome and Principe,2013.0,0.85717
Sao Tome and Principe,2014.0,0.94634
Sao Tome and Principe,2015.0,0.94132
Sao Tome and Principe,2016.0,0.93619
Sao Tome and Principe,2017.0,0.93101
Saudi Arabia,2000.0,0.15143
Saudi Arabia,2001.0,0.17354
Saudi Arabia,2002.0,0.18299
Saudi Arabia,2003.0,0.18351
Saudi Arabia,2004.0,0.19612
Saudi Arabia,2005.0,0.18142
Saudi Arabia,2006.0,0.18223
Saudi Arabia,2007.0,0.17288
Saudi Arabia,2008.0,0.14562
Saudi Arabia,2009.0,0.10314
Saudi Arabia,2010.0,0.0888
Saudi Arabia,2011.0,0.08089
Saudi Arabia,2012.0,0.07457
Saudi Arabia,2013.0,0.06572
Saudi Arabia,2014.0,0.06059
Saudi Arabia,2015.0,0.0538
Saudi Arabia,2016.0,0.04743
Saudi Arabia,2017.0,0.0414
Senegal,2000.0,0.52194
Senegal,2001.0,0.48819
Senegal,2002.0,0.32634
Senegal,2003.0,0.54018
Senegal,2004.0,0.44552
Senegal,2005.0,0.53888
Senegal,2006.0,0.38093
Senegal,2007.0,0.30287
Senegal,2008.0,0.59135
Senegal,2009.0,0.59067
Senegal,2010.0,0.56228
Senegal,2011.0,0.33474
Senegal,2012.0,0.43229
Senegal,2013.0,0.36582
Senegal,2014.0,0.34104
Senegal,2015.0,0.33599
Senegal,2016.0,0.33115
Senegal,2017.0,0.32648
Serbia,2006.0,1.40131
Serbia,2007.0,1.044
Serbia,2008.0,1.46097
Serbia,2009.0,1.49272
Serbia,2010.0,1.58922
Serbia,2011.0,1.53372
Serbia,2012.0,1.05447
Serbia,2013.0,1.52828
Serbia,2014.0,1.84651
Serbia,2015.0,1.88939
Serbia,2016.0,1.93211
Serbia,2017.0,1.97476
Seychelles,2000.0,0.09007
Seychelles,2001.0,0.09128
Seychelles,2002.0,0.07611
Seychelles,2003.0,0.08238
Seychelles,2004.0,0.07841
Seychelles,2005.0,0.06474
Seychelles,2006.0,0.08166
Seychelles,2007.0,0.05853
Seychelles,2008.0,0.05587
Seychelles,2009.0,0.05819
Seychelles,2010.0,0.05964
Seychelles,2011.0,0.06026
Seychelles,2012.0,0.06989
Seychelles,2013.0,0.07176
Seychelles,2014.0,0.06366
Seychelles,2015.0,0.06226
Seychelles,2016.0,0.06086
Seychelles,2017.0,0.05948
Sierra Leone,2000.0,0.20733
Sierra Leone,2001.0,0.25067
Sierra Leone,2002.0,0.29751
Sierra Leone,2003.0,0.46788
Sierra Leone,2004.0,0.50323
Sierra Leone,2005.0,0.45844
Sierra Leone,2006.0,0.55708
Sierra Leone,2007.0,0.45189
Sierra Leone,2008.0,0.47828
Sierra Leone,2009.0,0.61103
Sierra Leone,2010.0,0.6892
Sierra Leone,2011.0,0.70784
Sierra Leone,2012.0,0.7085
Sierra Leone,2013.0,0.73565
Sierra Leone,2014.0,0.72057
Sierra Leone,2015.0,0.74702
Sierra Leone,2016.0,0.77221
Sierra Leone,2017.0,0.79614
Singapore,2000.0,0.00051
Singapore,2001.0,0.00049
Singapore,2002.0,0.00055
Singapore,2003.0,0.00056
Singapore,2004.0,0.001
Singapore,2005.0,0.00113
Singapore,2006.0,0.0009
Singapore,2007.0,0.00084
Singapore,2008.0,0.00076
Singapore,2009.0,0.00079
Singapore,2010.0,0.00079
Singapore,2011.0,0.00081
Singapore,2012.0,0.00086
Singapore,2013.0,0.00067
Singapore,2014.0,0.00068
Singapore,2015.0,0.00069
Singapore,2016.0,0.00071
Singapore,2017.0,0.00073
Slovakia,2000.0,0.58455
Slovakia,2001.0,0.88349
Slovakia,2002.0,0.85441
Slovakia,2003.0,0.66306
Slovakia,2004.0,1.00312
Slovakia,2005.0,0.96289
Slovakia,2006.0,0.81541
Slovakia,2007.0,0.75836
Slovakia,2008.0,1.10248
Slovakia,2009.0,0.91365
Slovakia,2010.0,0.72504
Slovakia,2011.0,1.01735
Slovakia,2012.0,0.82113
Slovakia,2013.0,0.93899
Slovakia,2014.0,1.2838
Slovakia,2015.0,1.30331
Slovakia,2016.0,1.32315
Slovakia,2017.0,1.34331
Vietnam,2000.0,0.56501
Vietnam,2001.0,0.56936
Vietnam,2002.0,0.62491
Vietnam,2003.0,0.64086
Vietnam,2004.0,0.65492
Vietnam,2005.0,0.65817
Vietnam,2006.0,0.67455
Vietnam,2007.0,0.69046
Vietnam,2008.0,0.71614
Vietnam,2009.0,0.69566
Vietnam,2010.0,0.71112
Vietnam,2011.0,0.74981
Vietnam,2012.0,0.76781
Vietnam,2013.0,0.77463
Vietnam,2014.0,0.77652
Vietnam,2015.0,0.78788
Vietnam,2016.0,0.79925
Vietnam,2017.0,0.8106
Slovenia,2000.0,0.36985
Slovenia,2001.0,0.35391
Slovenia,2002.0,0.44577
Slovenia,2003.0,0.29168
Slovenia,2004.0,0.42624
Slovenia,2005.0,0.42212
Slovenia,2006.0,0.35903
Slovenia,2007.0,0.37469
Slovenia,2008.0,0.39869
Slovenia,2009.0,0.36822
Slovenia,2010.0,0.38908
Slovenia,2011.0,0.4127
Slovenia,2012.0,0.38139
Slovenia,2013.0,0.30571
Slovenia,2014.0,0.43181
Slovenia,2015.0,0.43269
Slovenia,2016.0,0.43374
Slovenia,2017.0,0.435
Somalia,2000.0,0.16791
Somalia,2001.0,0.17536
Somalia,2002.0,0.17461
Somalia,2003.0,0.15872
Somalia,2004.0,0.14386
Somalia,2005.0,0.13757
Somalia,2006.0,0.10738
Somalia,2007.0,0.08422
Somalia,2008.0,0.0815
Somalia,2009.0,0.09435
Somalia,2010.0,0.12444
Somalia,2011.0,0.06178
Somalia,2012.0,0.12782
Somalia,2013.0,0.12574
Somalia,2014.0,0.09092
Somalia,2015.0,0.08681
Somalia,2016.0,0.08283
Somalia,2017.0,0.079
South Africa,2000.0,1.32594
South Africa,2001.0,1.01878
South Africa,2002.0,1.18671
South Africa,2003.0,1.0611
South Africa,2004.0,1.05195
South Africa,2005.0,1.19815
South Africa,2006.0,0.86819
South Africa,2007.0,0.85012
South Africa,2008.0,1.21267
South Africa,2009.0,1.15039
South Africa,2010.0,1.12076
South Africa,2011.0,1.00845
South Africa,2012.0,1.07626
South Africa,2013.0,1.10803
South Africa,2014.0,1.24799
South Africa,2015.0,1.24268
South Africa,2016.0,1.23812
South Africa,2017.0,1.23416
Zimbabwe,2000.0,0.98475
Zimbabwe,2001.0,0.803
Zimbabwe,2002.0,0.51249
Zimbabwe,2003.0,0.64162
Zimbabwe,2004.0,0.83773
Zimbabwe,2005.0,0.53307
Zimbabwe,2006.0,0.70526
Zimbabwe,2007.0,0.52133
Zimbabwe,2008.0,0.39359
Zimbabwe,2009.0,0.39194
Zimbabwe,2010.0,0.52471
Zimbabwe,2011.0,0.59549
Zimbabwe,2012.0,0.51669
Zimbabwe,2013.0,0.45645
Zimbabwe,2014.0,0.59202
Zimbabwe,2015.0,0.56749
Zimbabwe,2016.0,0.54383
Zimbabwe,2017.0,0.52103
Small island developing States (SIDS),2006.0,0.58659
Small island developing States (SIDS),2007.0,0.61205
Small island developing States (SIDS),2008.0,0.62889
Small island developing States (SIDS),2009.0,0.621
Small island developing States (SIDS),2010.0,0.59192
Small island developing States (SIDS),2011.0,0.6262
Small island developing States (SIDS),2012.0,0.60729
Small island developing States (SIDS),2013.0,0.63429
Small island developing States (SIDS),2014.0,0.65475
Small island developing States (SIDS),2015.0,0.63903
Small island developing States (SIDS),2016.0,0.62442
Small island developing States (SIDS),2017.0,0.6102
Spain,2000.0,0.69328
Spain,2001.0,0.65296
Spain,2002.0,0.60277
Spain,2003.0,0.71557
Spain,2004.0,0.67032
Spain,2005.0,0.42824
Spain,2006.0,0.55768
Spain,2007.0,0.65273
Spain,2008.0,0.61267
Spain,2009.0,0.57001
Spain,2010.0,0.60704
Spain,2011.0,0.67057
Spain,2012.0,0.43657
Spain,2013.0,0.77725
Spain,2014.0,0.53012
Spain,2015.0,0.53351
Spain,2016.0,0.53606
Spain,2017.0,0.53796
South Sudan,2012.0,0.24795
South Sudan,2013.0,0.26878
South Sudan,2014.0,0.33447
South Sudan,2015.0,0.374
South Sudan,2016.0,0.41135
South Sudan,2017.0,0.44676
Sudan,2012.0,0.38378
Sudan,2013.0,0.6123
Sudan,2014.0,0.7291
Sudan,2015.0,0.88914
Sudan,2016.0,1.04126
Sudan,2017.0,1.1857
Suriname,2000.0,0.53861
Suriname,2001.0,0.58982
Suriname,2002.0,0.52132
Suriname,2003.0,0.52451
Suriname,2004.0,0.46496
Suriname,2005.0,0.43543
Suriname,2006.0,0.52829
Suriname,2007.0,0.52414
Suriname,2008.0,0.53008
Suriname,2009.0,0.61288
Suriname,2010.0,0.6009
Suriname,2011.0,0.59317
Suriname,2012.0,0.56804
Suriname,2013.0,0.65852
Suriname,2014.0,0.68119
Suriname,2015.0,0.68927
Suriname,2016.0,0.69734
Suriname,2017.0,0.70542
Northern Africa and Western Asia,2000.0,0.38212
Northern Africa and Western Asia,2001.0,0.38565
Northern Africa and Western Asia,2002.0,0.4074
Northern Africa and Western Asia,2003.0,0.4197
Northern Africa and Western Asia,2004.0,0.42967
Northern Africa and Western Asia,2005.0,0.42147
Northern Africa and Western Asia,2006.0,0.42726
Northern Africa and Western Asia,2007.0,0.36724
Northern Africa and Western Asia,2008.0,0.35936
Northern Africa and Western Asia,2009.0,0.39432
Northern Africa and Western Asia,2010.0,0.36985
Northern Africa and Western Asia,2011.0,0.39409
Northern Africa and Western Asia,2012.0,0.41499
Northern Africa and Western Asia,2013.0,0.45059
Northern Africa and Western Asia,2014.0,0.41158
Northern Africa and Western Asia,2015.0,0.42304
Northern Africa and Western Asia,2016.0,0.43416
Northern Africa and Western Asia,2017.0,0.44495
Eswatini,2000.0,2.72316
Eswatini,2001.0,2.66586
Eswatini,2002.0,2.94252
Eswatini,2003.0,2.91421
Eswatini,2004.0,3.0196
Eswatini,2005.0,3.23547
Eswatini,2006.0,3.04793
Eswatini,2007.0,2.88651
Eswatini,2008.0,2.93041
Eswatini,2009.0,2.8706
Eswatini,2010.0,2.89294
Eswatini,2011.0,2.81659
Eswatini,2012.0,2.98376
Eswatini,2013.0,3.04809
Eswatini,2014.0,2.85919
Eswatini,2015.0,2.85
Eswatini,2016.0,2.84076
Eswatini,2017.0,2.83171
Sweden,2000.0,0.46689
Sweden,2001.0,0.44596
Sweden,2002.0,0.45504
Sweden,2003.0,0.4401
Sweden,2004.0,0.47002
Sweden,2005.0,0.42777
Sweden,2006.0,0.35571
Sweden,2007.0,0.42261
Sweden,2008.0,0.43417
Sweden,2009.0,0.44298
Sweden,2010.0,0.3656
Sweden,2011.0,0.38594
Sweden,2012.0,0.41976
Sweden,2013.0,0.41264
Sweden,2014.0,0.46671
Sweden,2015.0,0.46319
Sweden,2016.0,0.45974
Sweden,2017.0,0.45638
Eastern and South-Eastern Asia,2000.0,0.66478
Eastern and South-Eastern Asia,2001.0,0.67419
Eastern and South-Eastern Asia,2002.0,0.69133
Eastern and South-Eastern Asia,2003.0,0.68658
Eastern and South-Eastern Asia,2004.0,0.72893
Eastern and South-Eastern Asia,2005.0,0.7452
Eastern and South-Eastern Asia,2006.0,0.76076
Eastern and South-Eastern Asia,2007.0,0.78011
Eastern and South-Eastern Asia,2008.0,0.82673
Eastern and South-Eastern Asia,2009.0,0.82021
Eastern and South-Eastern Asia,2010.0,0.83254
Eastern and South-Eastern Asia,2011.0,0.87441
Eastern and South-Eastern Asia,2012.0,0.90767
Eastern and South-Eastern Asia,2013.0,0.92103
Eastern and South-Eastern Asia,2014.0,0.91808
Eastern and South-Eastern Asia,2015.0,0.93647
Eastern and South-Eastern Asia,2016.0,0.95492
Eastern and South-Eastern Asia,2017.0,0.97344
Switzerland,2000.0,0.16237
Switzerland,2001.0,0.15154
Switzerland,2002.0,0.15284
Switzerland,2003.0,0.1275
Switzerland,2004.0,0.15613
Switzerland,2005.0,0.14872
Switzerland,2006.0,0.14575
Switzerland,2007.0,0.14381
Switzerland,2008.0,0.14371
Switzerland,2009.0,0.14857
Switzerland,2010.0,0.14305
Switzerland,2011.0,0.14372
Switzerland,2012.0,0.13392
Switzerland,2013.0,0.12563
Switzerland,2014.0,0.13982
Switzerland,2015.0,0.13836
Switzerland,2016.0,0.13706
Switzerland,2017.0,0.13591
Syria,2000.0,0.64324
Syria,2001.0,0.82232
Syria,2002.0,0.76373
Syria,2003.0,0.71608
Syria,2004.0,0.72501
Syria,2005.0,0.6834
Syria,2006.0,0.71792
Syria,2007.0,0.53594
Syria,2008.0,0.41516
Syria,2009.0,0.51371
Syria,2010.0,0.45612
Syria,2011.0,0.57369
Syria,2012.0,0.53351
Syria,2013.0,0.40288
Syria,2014.0,0.26608
Syria,2015.0,0.25281
Syria,2016.0,0.23675
Syria,2017.0,0.2184
Tajikistan,2000.0,0.35472
Tajikistan,2001.0,0.39366
Tajikistan,2002.0,0.47935
Tajikistan,2003.0,0.54506
Tajikistan,2004.0,0.5514
Tajikistan,2005.0,0.51094
Tajikistan,2006.0,0.49147
Tajikistan,2007.0,0.48235
Tajikistan,2008.0,0.44662
Tajikistan,2009.0,0.5164
Tajikistan,2010.0,0.51687
Tajikistan,2011.0,0.4915
Tajikistan,2012.0,0.52321
Tajikistan,2013.0,0.58874
Tajikistan,2014.0,0.53044
Tajikistan,2015.0,0.5345
Tajikistan,2016.0,0.53836
Tajikistan,2017.0,0.54206
Thailand,2000.0,1.37223
Thailand,2001.0,1.35748
Thailand,2002.0,1.42397
Thailand,2003.0,1.61659
Thailand,2004.0,1.52842
Thailand,2005.0,1.33291
Thailand,2006.0,1.37417
Thailand,2007.0,1.58603
Thailand,2008.0,1.7071
Thailand,2009.0,1.67356
Thailand,2010.0,1.64716
Thailand,2011.0,1.96007
Thailand,2012.0,2.07845
Thailand,2013.0,2.08829
Thailand,2014.0,2.05974
Thailand,2015.0,2.11419
Thailand,2016.0,2.16935
Thailand,2017.0,2.22521
Togo,2000.0,0.75129
Togo,2001.0,0.80998
Togo,2002.0,0.7931
Togo,2003.0,0.77748
Togo,2004.0,0.7437
Togo,2005.0,0.67905
Togo,2006.0,0.69025
Togo,2007.0,0.67338
Togo,2008.0,0.68276
Togo,2009.0,0.73407
Togo,2010.0,0.72329
Togo,2011.0,0.73968
Togo,2012.0,0.8146
Togo,2013.0,0.66589
Togo,2014.0,0.80998
Togo,2015.0,0.80476
Togo,2016.0,0.79962
Togo,2017.0,0.79455
Tonga,2000.0,1.03553
Tonga,2001.0,1.03583
Tonga,2002.0,1.02829
Tonga,2003.0,1.02149
Tonga,2004.0,1.01519
Tonga,2005.0,1.00981
Tonga,2006.0,1.29736
Tonga,2007.0,2.43133
Tonga,2008.0,2.39403
Tonga,2009.0,2.37148
Tonga,2010.0,2.32764
Tonga,2011.0,2.29782
Tonga,2012.0,2.18282
Tonga,2013.0,2.17132
Tonga,2014.0,2.20852
Tonga,2015.0,2.32054
Tonga,2016.0,2.42735
Tonga,2017.0,2.52937
Trinidad and Tobago,2000.0,0.7282
Trinidad and Tobago,2001.0,0.55535
Trinidad and Tobago,2002.0,0.71398
Trinidad and Tobago,2003.0,0.46664
Trinidad and Tobago,2004.0,0.30171
Trinidad and Tobago,2005.0,0.24464
Trinidad and Tobago,2006.0,0.45555
Trinidad and Tobago,2007.0,0.43213
Trinidad and Tobago,2008.0,0.04277
Trinidad and Tobago,2009.0,0.03677
Trinidad and Tobago,2010.0,0.03846
Trinidad and Tobago,2011.0,0.03835
Trinidad and Tobago,2012.0,0.03803
Trinidad and Tobago,2013.0,0.03974
Trinidad and Tobago,2014.0,0.03895
Trinidad and Tobago,2015.0,0.00825
Trinidad and Tobago,2016.0,0.00835
Trinidad and Tobago,2017.0,0.00845
United Arab Emirates,2000.0,0.00384
United Arab Emirates,2001.0,0.00265
United Arab Emirates,2002.0,0.00329
United Arab Emirates,2003.0,0.00314
United Arab Emirates,2004.0,0.0038
United Arab Emirates,2005.0,0.00167
United Arab Emirates,2006.0,0.00301
United Arab Emirates,2007.0,0.02033
United Arab Emirates,2008.0,0.02254
United Arab Emirates,2009.0,0.03313
United Arab Emirates,2010.0,0.042
United Arab Emirates,2011.0,0.02998
United Arab Emirates,2012.0,0.00988
United Arab Emirates,2013.0,0.02049
United Arab Emirates,2014.0,0.02429
United Arab Emirates,2015.0,0.02622
United Arab Emirates,2016.0,0.02801
United Arab Emirates,2017.0,0.02971
Tunisia,2000.0,0.27883
Tunisia,2001.0,0.23109
Tunisia,2002.0,0.1663
Tunisia,2003.0,0.59186
Tunisia,2004.0,0.42236
Tunisia,2005.0,0.48944
Tunisia,2006.0,0.46373
Tunisia,2007.0,0.46065
Tunisia,2008.0,0.40102
Tunisia,2009.0,0.47221
Tunisia,2010.0,0.3192
Tunisia,2011.0,0.39606
Tunisia,2012.0,0.45968
Tunisia,2013.0,0.37719
Tunisia,2014.0,0.35243
Tunisia,2015.0,0.35701
Tunisia,2016.0,0.36148
Tunisia,2017.0,0.36588
Turkey,2000.0,0.80448
Turkey,2001.0,0.69979
Turkey,2002.0,0.76552
Turkey,2003.0,0.71582
Turkey,2004.0,0.78785
Turkey,2005.0,0.8036
Turkey,2006.0,0.79042
Turkey,2007.0,0.65491
Turkey,2008.0,0.65002
Turkey,2009.0,0.71108
Turkey,2010.0,0.71236
Turkey,2011.0,0.75616
Turkey,2012.0,0.71251
Turkey,2013.0,0.76433
Turkey,2014.0,0.68939
Turkey,2015.0,0.68404
Turkey,2016.0,0.67886
Turkey,2017.0,0.67391
Turkmenistan,2000.0,1.42155
Turkmenistan,2001.0,1.49178
Turkmenistan,2002.0,1.3884
Turkmenistan,2003.0,1.46115
Turkmenistan,2004.0,1.69056
Turkmenistan,2005.0,1.75175
Turkmenistan,2006.0,1.6672
Turkmenistan,2007.0,1.64194
Turkmenistan,2008.0,1.59344
Turkmenistan,2009.0,1.25152
Turkmenistan,2010.0,1.16545
Turkmenistan,2011.0,0.91382
Turkmenistan,2012.0,0.88154
Turkmenistan,2013.0,0.8919
Turkmenistan,2014.0,0.82532
Turkmenistan,2015.0,0.77667
Turkmenistan,2016.0,0.72995
Turkmenistan,2017.0,0.68502
Tuvalu,2000.0,0.35711
Tuvalu,2001.0,0.26167
Tuvalu,2002.0,0.2741
Tuvalu,2003.0,0.26231
Tuvalu,2004.0,0.283
Tuvalu,2005.0,0.29251
Tuvalu,2006.0,0.29456
Tuvalu,2007.0,0.29044
Tuvalu,2008.0,0.31112
Tuvalu,2009.0,0.33723
Tuvalu,2010.0,0.33302
Tuvalu,2011.0,0.34164
Tuvalu,2012.0,0.34266
Tuvalu,2013.0,0.35586
Tuvalu,2014.0,0.32252
Tuvalu,2015.0,0.32697
Tuvalu,2016.0,0.33126
Tuvalu,2017.0,0.3356
Uganda,2000.0,0.56672
Uganda,2001.0,0.58724
Uganda,2002.0,0.59106
Uganda,2003.0,0.60619
Uganda,2004.0,0.56488
Uganda,2005.0,0.57375
Uganda,2006.0,0.55101
Uganda,2007.0,0.53573
Uganda,2008.0,0.58243
Uganda,2009.0,0.58401
Uganda,2010.0,0.58391
Uganda,2011.0,0.57848
Uganda,2012.0,0.48111
Uganda,2013.0,0.46563
Uganda,2014.0,0.45361
Uganda,2015.0,0.44712
Uganda,2016.0,0.44071
Uganda,2017.0,0.43437
Ukraine,2000.0,1.42735
Ukraine,2001.0,1.86458
Ukraine,2002.0,1.866
Ukraine,2003.0,1.43618
Ukraine,2004.0,2.26792
Ukraine,2005.0,2.10627
Ukraine,2006.0,2.08285
Ukraine,2007.0,1.88483
Ukraine,2008.0,2.92795
Ukraine,2009.0,2.58883
Ukraine,2010.0,2.46611
Ukraine,2011.0,3.67506
Ukraine,2012.0,3.23667
Ukraine,2013.0,4.20285
Ukraine,2014.0,4.24799
Ukraine,2015.0,4.44718
Ukraine,2016.0,4.6477
Ukraine,2017.0,4.84983
North Macedonia,2000.0,0.38154
North Macedonia,2001.0,0.32637
North Macedonia,2002.0,0.37561
North Macedonia,2003.0,0.33029
North Macedonia,2004.0,0.44728
North Macedonia,2005.0,0.42076
North Macedonia,2006.0,0.39395
North Macedonia,2007.0,0.31432
North Macedonia,2008.0,0.39677
North Macedonia,2009.0,0.40251
North Macedonia,2010.0,0.36047
North Macedonia,2011.0,0.36588
North Macedonia,2012.0,0.30955
North Macedonia,2013.0,0.36862
North Macedonia,2014.0,0.41009
North Macedonia,2015.0,0.4101
North Macedonia,2016.0,0.4101
North Macedonia,2017.0,0.41009
Egypt,2000.0,0.67573
Egypt,2001.0,0.64503
Egypt,2002.0,0.66547
Egypt,2003.0,0.6533
Egypt,2004.0,0.65457
Egypt,2005.0,0.68449
Egypt,2006.0,0.66428
Egypt,2007.0,0.65465
Egypt,2008.0,0.68073
Egypt,2009.0,0.65457
Egypt,2010.0,0.60693
Egypt,2011.0,0.636
Egypt,2012.0,0.67062
Egypt,2013.0,0.66115
Egypt,2014.0,0.60574
Egypt,2015.0,0.60174
Egypt,2016.0,0.59825
Egypt,2017.0,0.59518
United Kingdom,2000.0,0.31916
United Kingdom,2001.0,0.26209
United Kingdom,2002.0,0.31417
United Kingdom,2003.0,0.30305
United Kingdom,2004.0,0.30568
United Kingdom,2005.0,0.29832
United Kingdom,2006.0,0.29117
United Kingdom,2007.0,0.2716
United Kingdom,2008.0,0.3237
United Kingdom,2009.0,0.29063
United Kingdom,2010.0,0.28629
United Kingdom,2011.0,0.29923
United Kingdom,2012.0,0.26958
United Kingdom,2013.0,0.26617
United Kingdom,2014.0,0.31882
United Kingdom,2015.0,0.31828
United Kingdom,2016.0,0.31769
United Kingdom,2017.0,0.3171
Tanzania,2000.0,0.48488
Tanzania,2001.0,0.56627
Tanzania,2002.0,0.73735
Tanzania,2003.0,0.48221
Tanzania,2004.0,0.73489
Tanzania,2005.0,0.62394
Tanzania,2006.0,0.62403
Tanzania,2007.0,0.65009
Tanzania,2008.0,0.73297
Tanzania,2009.0,0.59314
Tanzania,2010.0,0.73676
Tanzania,2011.0,0.72134
Tanzania,2012.0,0.74064
Tanzania,2013.0,0.76144
Tanzania,2014.0,0.82397
Tanzania,2015.0,0.82794
Tanzania,2016.0,0.83096
Tanzania,2017.0,0.83314
United States,2000.0,1.41474
United States,2001.0,1.36899
United States,2002.0,1.249
United States,2003.0,1.36493
United States,2004.0,1.52951
United States,2005.0,1.4496
United States,2006.0,1.35869
United States,2007.0,1.5084
United States,2008.0,1.45649
United States,2009.0,1.51854
United States,2010.0,1.47351
United States,2011.0,1.4088
United States,2012.0,1.32304
United States,2013.0,1.52519
United States,2014.0,1.58818
United States,2015.0,1.59805
United States,2016.0,1.60758
United States,2017.0,1.61683
Burkina Faso,2000.0,0.71303
Burkina Faso,2001.0,0.99042
Burkina Faso,2002.0,0.97669
Burkina Faso,2003.0,1.0739
Burkina Faso,2004.0,0.89184
Burkina Faso,2005.0,1.07699
Burkina Faso,2006.0,1.05678
Burkina Faso,2007.0,0.81901
Burkina Faso,2008.0,1.13777
Burkina Faso,2009.0,0.90765
Burkina Faso,2010.0,1.08923
Burkina Faso,2011.0,0.85818
Burkina Faso,2012.0,1.10059
Burkina Faso,2013.0,1.09924
Burkina Faso,2014.0,1.02166
Burkina Faso,2015.0,1.02327
Burkina Faso,2016.0,1.02418
Burkina Faso,2017.0,1.02444
Uruguay,2000.0,0.69679
Uruguay,2001.0,0.80266
Uruguay,2002.0,0.75615
Uruguay,2003.0,0.91377
Uruguay,2004.0,1.20143
Uruguay,2005.0,1.18131
Uruguay,2006.0,1.3142
Uruguay,2007.0,1.47365
Uruguay,2008.0,1.77643
Uruguay,2009.0,2.17551
Uruguay,2010.0,2.09923
Uruguay,2011.0,2.2833
Uruguay,2012.0,2.36121
Uruguay,2013.0,2.74972
Uruguay,2014.0,2.69476
Uruguay,2015.0,2.84396
Uruguay,2016.0,2.99172
Uruguay,2017.0,3.13816
Uzbekistan,2000.0,0.67991
Uzbekistan,2001.0,0.7137
Uzbekistan,2002.0,0.77298
Uzbekistan,2003.0,0.76055
Uzbekistan,2004.0,0.83006
Uzbekistan,2005.0,0.88409
Uzbekistan,2006.0,0.86734
Uzbekistan,2007.0,0.87756
Uzbekistan,2008.0,0.88488
Uzbekistan,2009.0,0.84033
Uzbekistan,2010.0,0.84342
Uzbekistan,2011.0,0.82671
Uzbekistan,2012.0,0.8335
Uzbekistan,2013.0,0.83004
Uzbekistan,2014.0,0.83503
Uzbekistan,2015.0,0.83978
Uzbekistan,2016.0,0.84454
Uzbekistan,2017.0,0.84934
Venezuela,2000.0,0.54664
Venezuela,2001.0,0.54665
Venezuela,2002.0,0.48263
Venezuela,2003.0,0.55454
Venezuela,2004.0,0.5763
Venezuela,2005.0,0.5633
Venezuela,2006.0,0.58003
Venezuela,2007.0,0.58181
Venezuela,2008.0,0.61431
Venezuela,2009.0,0.50627
Venezuela,2010.0,0.41635
Venezuela,2011.0,0.41219
Venezuela,2012.0,0.42789
Venezuela,2013.0,0.44832
Venezuela,2014.0,0.40823
Venezuela,2015.0,0.40033
Venezuela,2016.0,0.39269
Venezuela,2017.0,0.38529
Samoa,2000.0,1.40489
Samoa,2001.0,1.03419
Samoa,2002.0,1.09062
Samoa,2003.0,1.05136
Samoa,2004.0,1.4499
Samoa,2005.0,1.48954
Samoa,2006.0,1.47973
Samoa,2007.0,1.34754
Samoa,2008.0,1.46007
Samoa,2009.0,1.61094
Samoa,2010.0,1.59905
Samoa,2011.0,1.66123
Samoa,2012.0,1.64321
Samoa,2013.0,1.62976
Samoa,2014.0,1.70211
Samoa,2015.0,1.73743
Samoa,2016.0,1.77316
Samoa,2017.0,1.80885
Yemen,2000.0,0.0944
Yemen,2001.0,0.09472
Yemen,2002.0,0.0759
Yemen,2003.0,0.05891
Yemen,2004.0,0.06426
Yemen,2005.0,0.07139
Yemen,2006.0,0.09609
Yemen,2007.0,0.11476
Yemen,2008.0,0.08144
Yemen,2009.0,0.0731
Yemen,2010.0,0.10365
Yemen,2011.0,0.08233
Yemen,2012.0,0.08834
Yemen,2013.0,0.08195
Yemen,2014.0,0.06641
Yemen,2015.0,0.06653
Yemen,2016.0,0.06666
Yemen,2017.0,0.06679
Zambia,2000.0,0.5308
Zambia,2001.0,0.4705
Zambia,2002.0,0.4231
Zambia,2003.0,0.58546
Zambia,2004.0,0.58821
Zambia,2005.0,0.50261
Zambia,2006.0,0.63099
Zambia,2007.0,0.59447
Zambia,2008.0,0.53104
Zambia,2009.0,0.7696
Zambia,2010.0,0.96496
Zambia,2011.0,1.00489
Zambia,2012.0,0.97832
Zambia,2013.0,0.86634
Zambia,2014.0,0.98328
Zambia,2015.0,1.00339
Zambia,2016.0,1.02164
Zambia,2017.0,1.03812
