country,year,value
World,1995.0,4586.6588
World,1996.0,5239.61754
World,1997.0,4620.01463
World,1998.0,5464.12332
World,1999.0,6691.78214
World,2000.0,2976.47018
World,2001.0,2664.63498
World,2002.0,3335.12454
World,2003.0,3845.82659
World,2004.0,3707.51821
World,2005.0,2734.55354
World,2006.0,2170.99459
World,2007.0,1484.7295
World,2008.0,1026.56485
World,2009.0,924.7112
World,2010.0,513.04196
World,2011.0,507.75147
World,2012.0,367.07137
World,2013.0,268.95087
World,2014.0,230.69518
World,2015.0,217.73846
World,2016.0,209.6361
World,2017.0,197.79792
World,2018.0,185.50116
World,2019.0,58.42272
Africa,1995.0,40.66342
Africa,1996.0,43.49665
Africa,1997.0,24.29373
Africa,1998.0,9.96278
Africa,1999.0,10.92686
Africa,2000.0,9.48285
Africa,2001.0,3.81335
Africa,2002.0,3.27831
Africa,2003.0,9.63508
Africa,2004.0,7.27789
Africa,2005.0,10.12631
Africa,2006.0,8.49858
Africa,2007.0,15.74797
Africa,2008.0,13.28553
Africa,2009.0,9.95502
Africa,2010.0,7.65323
Africa,2011.0,16.46374
Africa,2012.0,12.72068
Africa,2013.0,7.97509
Africa,2014.0,18.24534
Africa,2015.0,8.27529
Africa,2016.0,19.50695
Africa,2017.0,19.38247
Africa,2018.0,25.34858
Africa,2019.0,5.68661
South America,1995.0,18.02202
South America,1996.0,39.02122
South America,1997.0,25.16528
South America,1998.0,25.61627
South America,1999.0,0
South America,2000.0,0
South America,2001.0,0
South America,2002.0,0
South America,2003.0,0
South America,2004.0,0
South America,2005.0,0
South America,2006.0,0
South America,2007.0,0
South America,2008.0,0
South America,2009.0,0
South America,2010.0,0
South America,2011.0,0
South America,2012.0,0
South America,2013.0,0
South America,2014.0,0
South America,2015.0,0
South America,2016.0,0
South America,2017.0,0
South America,2018.0,0
South America,2019.0,0
Oceania,1995.0,0.0105
Oceania,1996.0,0
Oceania,1997.0,0
Oceania,1998.0,1.26049
Oceania,1999.0,2.41077
Oceania,2000.0,0
Oceania,2001.0,0
Oceania,2002.0,0
Oceania,2003.0,0
Oceania,2004.0,0
Oceania,2005.0,0
Oceania,2006.0,0
Oceania,2007.0,0
Oceania,2008.0,0
Oceania,2009.0,0
Oceania,2010.0,0
Oceania,2011.0,0
Oceania,2012.0,0
Oceania,2013.0,0
Oceania,2014.0,0
Oceania,2015.0,0
Central America,1995.0,0
Central America,1996.0,0
Central America,1997.0,54.22022
Central America,1998.0,17.98163
Central America,1999.0,17.46948
Central America,2000.0,33.65177
Central America,2001.0,19.42397
Central America,2002.0,19.68919
Central America,2003.0,10.36626
Central America,2004.0,3.1
Central America,2005.0,14.3
Central America,2006.0,21.9
Central America,2007.0,21.3
Central America,2008.0,12.32
Central America,2009.0,13.46
Central America,2010.0,15.67
Central America,2011.0,11.03
Central America,2012.0,0.72
Central America,2013.0,0
Central America,2014.0,0
Central America,2015.0,0
Central America,2016.0,0
Central America,2017.0,22.6
Central America,2018.0,17.6
Central America,2019.0,0
Eastern Africa,2007.0,0.09963
Eastern Africa,2013.0,0.32573
Eastern Africa,2014.0,0.48985
Eastern Africa,2015.0,1.14101
Eastern Africa,2016.0,0.70339
Eastern Africa,2017.0,0.14501
Eastern Africa,2018.0,0.14736
Eastern Africa,2019.0,0.05639
Northern Africa,1995.0,0.5862
Northern Africa,1996.0,1.84917
Northern Africa,1997.0,6.14128
Northern Africa,1998.0,6.57697
Northern Africa,1999.0,6.03646
Northern Africa,2000.0,6.31312
Northern Africa,2001.0,3.81335
Northern Africa,2002.0,3.27831
Northern Africa,2003.0,9.63508
Northern Africa,2004.0,7.27789
Northern Africa,2005.0,10.12631
Northern Africa,2006.0,8.49858
Northern Africa,2007.0,15.64835
Northern Africa,2008.0,13.28553
Northern Africa,2009.0,9.95502
Northern Africa,2010.0,7.65323
Northern Africa,2011.0,16.46374
Northern Africa,2012.0,12.72068
Northern Africa,2013.0,7.64935
Northern Africa,2014.0,17.75549
Northern Africa,2015.0,7.13428
Northern Africa,2016.0,18.80355
Northern Africa,2017.0,19.23746
Northern Africa,2018.0,25.20122
Northern Africa,2019.0,5.63022
Southern Africa,1995.0,40.07722
Southern Africa,1996.0,41.64748
Southern Africa,1997.0,18.15245
Southern Africa,1998.0,3.38581
Southern Africa,1999.0,4.8904
Southern Africa,2000.0,3.16973
Southern Africa,2001.0,0
Southern Africa,2002.0,0
Southern Africa,2003.0,0
Southern Africa,2004.0,0
Southern Africa,2005.0,0
Southern Africa,2006.0,0
Southern Africa,2007.0,0
Southern Africa,2008.0,0
Southern Africa,2009.0,0
Southern Africa,2010.0,0
Southern Africa,2011.0,0
Southern Africa,2012.0,0
Southern Africa,2013.0,0
Southern Africa,2014.0,0
Southern Africa,2015.0,0
Southern Africa,2016.0,0
Americas,1995.0,81.07996
Americas,1996.0,164.74835
Americas,1997.0,191.61269
Americas,1998.0,190.30583
Americas,1999.0,97.63303
Americas,2000.0,48.96328
Americas,2001.0,74.03924
Americas,2002.0,51.21773
Americas,2003.0,74.66916
Americas,2004.0,75.25998
Americas,2005.0,97.71942
Americas,2006.0,110.15517
Americas,2007.0,104.95522
Americas,2008.0,115.58086
Americas,2009.0,94.77374
Americas,2010.0,101.29142
Americas,2011.0,100.24603
Americas,2012.0,101.22958
Americas,2013.0,81.71711
Americas,2014.0,73.40868
Americas,2015.0,63.42768
Americas,2016.0,42.0083
Americas,2017.0,30.28259
Americas,2018.0,25.29522
Americas,2019.0,8.84313
Northern America,1995.0,63.05794
Northern America,1996.0,125.72713
Northern America,1997.0,112.22719
Northern America,1998.0,146.70793
Northern America,1999.0,80.16355
Northern America,2000.0,15.31151
Northern America,2001.0,54.61527
Northern America,2002.0,31.52599
Northern America,2003.0,64.29754
Northern America,2004.0,72.15497
Northern America,2005.0,83.41728
Northern America,2006.0,88.25391
Northern America,2007.0,83.65522
Northern America,2008.0,103.26086
Northern America,2009.0,81.31374
Northern America,2010.0,85.62142
Northern America,2011.0,89.21603
Northern America,2012.0,100.50958
Northern America,2013.0,81.71711
Northern America,2014.0,73.40868
Northern America,2015.0,63.42768
Northern America,2016.0,42.0083
Northern America,2017.0,7.68259
Northern America,2018.0,7.69522
Northern America,2019.0,8.84313
Caribbean,1995.0,0
Caribbean,1996.0,0
Caribbean,1997.0,0
Caribbean,1998.0,0
Caribbean,1999.0,0
Caribbean,2000.0,0
Caribbean,2001.0,0
Caribbean,2002.0,0.00255
Caribbean,2003.0,0.00536
Caribbean,2004.0,0.00501
Caribbean,2005.0,0.00214
Caribbean,2006.0,0.00126
Caribbean,2015.0,0
Caribbean,2016.0,0
Eastern Asia,1995.0,1.42621
Eastern Asia,1996.0,2.98339
Eastern Asia,1997.0,3.25874
Eastern Asia,1998.0,2.56879
Eastern Asia,1999.0,12.61759
Eastern Asia,2000.0,16.88834
Eastern Asia,2001.0,20.13951
Eastern Asia,2002.0,21.26149
Eastern Asia,2003.0,20.64427
Eastern Asia,2004.0,22.35185
Eastern Asia,2005.0,28.21944
Eastern Asia,2006.0,30.47789
Eastern Asia,2007.0,31.20772
Eastern Asia,2008.0,29.67206
Eastern Asia,2009.0,31.12152
Eastern Asia,2010.0,34.0726
Eastern Asia,2011.0,32.0042
Eastern Asia,2012.0,32.81044
Eastern Asia,2013.0,28.35997
Eastern Asia,2014.0,30.00114
Eastern Asia,2015.0,29.10287
Eastern Asia,2016.0,31.64344
Eastern Asia,2017.0,35.03123
Eastern Asia,2018.0,22.46943
Eastern Asia,2019.0,29.15435
Southern Asia,1995.0,2.0705
Southern Asia,1996.0,3.8
Southern Asia,1997.0,6.35018
Southern Asia,1998.0,5.4
Southern Asia,1999.0,5.1
Southern Asia,2000.0,1.5
Southern Asia,2001.0,1.44
Southern Asia,2002.0,0.961
Southern Asia,2003.0,9.52
Southern Asia,2004.0,18.789
Southern Asia,2005.0,30.61
Southern Asia,2006.0,10.77
Southern Asia,2007.0,32.3
Southern Asia,2008.0,64.01
Southern Asia,2009.0,101.99
Southern Asia,2010.0,8.4
Southern Asia,2011.0,23.93
Southern Asia,2012.0,17.67
Southern Asia,2013.0,12.05
Southern Asia,2014.0,0
Southern Asia,2015.0,0
Southern Asia,2016.0,0
Southern Asia,2017.0,0
South-Eastern Asia,1995.0,15.2
South-Eastern Asia,1996.0,6.2
South-Eastern Asia,1997.0,4.5
South-Eastern Asia,1998.0,0
South-Eastern Asia,1999.0,0
South-Eastern Asia,2000.0,0
South-Eastern Asia,2001.0,0
South-Eastern Asia,2002.0,0
South-Eastern Asia,2003.0,0
South-Eastern Asia,2004.0,0
South-Eastern Asia,2005.0,0
South-Eastern Asia,2006.0,0
South-Eastern Asia,2007.0,0
South-Eastern Asia,2008.0,0
South-Eastern Asia,2009.0,0
South-Eastern Asia,2010.0,0
South-Eastern Asia,2011.0,0
South-Eastern Asia,2012.0,0
South-Eastern Asia,2013.0,0
South-Eastern Asia,2014.0,0
South-Eastern Asia,2015.0,0
South-Eastern Asia,2016.0,0
South-Eastern Asia,2017.0,0
South-Eastern Asia,2018.0,0
South-Eastern Asia,2019.0,0
Australia,1995.0,0
Australia,1996.0,0
Australia,1997.0,0
Australia,1998.0,1.26049
Australia,1999.0,2.41077
Australia,2000.0,0
Australia,2001.0,0
Australia,2002.0,0
Australia,2003.0,0
Australia,2004.0,0
Australia,2005.0,0
Australia,2006.0,0
Australia,2007.0,0
Australia,2008.0,0
Australia,2009.0,0
Australia,2010.0,0
Australia,2011.0,0
Australia,2012.0,0
Australia,2013.0,0
Australia,2014.0,0
Australia,2015.0,0
Barbados,1995.0,0
Barbados,1996.0,0
Barbados,1997.0,0
Barbados,1998.0,0
Barbados,1999.0,0
Barbados,2000.0,0
Barbados,2001.0,0
Barbados,2002.0,0.00255
Barbados,2003.0,0.00536
Barbados,2004.0,0.00501
Barbados,2005.0,0.00214
Barbados,2006.0,0.00126
Barbados,2015.0,0
Barbados,2016.0,0
Australia and New Zealand,1995.0,0.0105
Australia and New Zealand,1996.0,0
Australia and New Zealand,1997.0,0
Australia and New Zealand,1998.0,1.26049
Australia and New Zealand,1999.0,2.41077
Australia and New Zealand,2000.0,0
Australia and New Zealand,2001.0,0
Australia and New Zealand,2002.0,0
Australia and New Zealand,2003.0,0
Australia and New Zealand,2004.0,0
Australia and New Zealand,2005.0,0
Australia and New Zealand,2006.0,0
Australia and New Zealand,2007.0,0
Australia and New Zealand,2008.0,0
Australia and New Zealand,2009.0,0
Australia and New Zealand,2010.0,0
Australia and New Zealand,2011.0,0
Australia and New Zealand,2012.0,0
Australia and New Zealand,2013.0,0
Australia and New Zealand,2014.0,0
Australia and New Zealand,2015.0,0
Central and Southern Asia,1995.0,2.0705
Central and Southern Asia,1996.0,3.8
Central and Southern Asia,1997.0,6.35018
Central and Southern Asia,1998.0,5.4
Central and Southern Asia,1999.0,5.1
Central and Southern Asia,2000.0,1.5
Central and Southern Asia,2001.0,1.44
Central and Southern Asia,2002.0,0.961
Central and Southern Asia,2003.0,9.52
Central and Southern Asia,2004.0,18.789
Central and Southern Asia,2005.0,30.61
Central and Southern Asia,2006.0,10.77
Central and Southern Asia,2007.0,32.3
Central and Southern Asia,2008.0,64.01
Central and Southern Asia,2009.0,101.99
Central and Southern Asia,2010.0,8.4
Central and Southern Asia,2011.0,23.93
Central and Southern Asia,2012.0,17.67
Central and Southern Asia,2013.0,12.05
Central and Southern Asia,2014.0,0
Central and Southern Asia,2015.0,0
Central and Southern Asia,2016.0,0
Central and Southern Asia,2017.0,0
Brazil,1995.0,0
Brazil,1996.0,0
Brazil,1997.0,0
Brazil,1998.0,0
Brazil,1999.0,0
Brazil,2000.0,0
Brazil,2001.0,0
Brazil,2002.0,0
Brazil,2003.0,0
Brazil,2004.0,0
Brazil,2005.0,0
Brazil,2006.0,0
Brazil,2007.0,0
Brazil,2008.0,0
Brazil,2009.0,0
Brazil,2010.0,0
Brazil,2011.0,0
Brazil,2012.0,0
Brazil,2013.0,0
Brazil,2014.0,0
Brazil,2015.0,0
Brazil,2016.0,0
Brazil,2017.0,0
Brazil,2018.0,0
Brazil,2019.0,0
European Union,1995.0,3775.85718
European Union,1996.0,4445.26279
European Union,1997.0,3861.49796
European Union,1998.0,4757.50247
European Union,1999.0,5980.75524
European Union,2000.0,2545.78762
European Union,2001.0,2302.52973
European Union,2002.0,2948.75073
European Union,2003.0,3342.53476
European Union,2004.0,3269.20092
European Union,2005.0,2388.32513
European Union,2006.0,1834.05484
European Union,2007.0,1163.23074
European Union,2008.0,660.34378
European Union,2009.0,522.89154
European Union,2010.0,230.18497
European Union,2011.0,186.97299
European Union,2012.0,75.87111
European Union,2013.0,0.04781
European Union,2014.0,0
European Union,2015.0,0
European Union,2016.0,0
European Union,2017.0,0
European Union,2018.0,0
European Union,2019.0,0
Bulgaria,1995.0,0
Bulgaria,1996.0,0
Bulgaria,1997.0,0
Bulgaria,1998.0,0
Bulgaria,1999.0,0
Bulgaria,2000.0,0
Bulgaria,2001.0,0
Bulgaria,2002.0,0
Bulgaria,2003.0,0
Bulgaria,2004.0,1.49378
Bulgaria,2005.0,3.45791
Bulgaria,2006.0,3.6251
Canada,1995.0,37.47994
Canada,1996.0,4.26413
Canada,1997.0,0
Canada,1998.0,0
Canada,1999.0,0
Canada,2000.0,0
Canada,2001.0,0
Canada,2002.0,0
Canada,2003.0,61.613
Canada,2004.0,72.15497
Canada,2005.0,83.41728
Canada,2006.0,88.25391
Canada,2007.0,83.65522
Canada,2008.0,84.36703
Canada,2009.0,78.94231
Canada,2010.0,85.62142
Canada,2011.0,89.21603
Canada,2012.0,100.50958
Canada,2013.0,81.71711
Canada,2014.0,73.40868
Canada,2015.0,63.42768
Canada,2016.0,42.0083
Canada,2017.0,7.68259
Canada,2018.0,7.69522
Canada,2019.0,8.84313
Asia,1995.0,52.00941
Asia,1996.0,45.90937
Asia,1997.0,60.58761
Asia,1998.0,41.48765
Asia,1999.0,50.32733
Asia,2000.0,48.31115
Asia,2001.0,48.45669
Asia,2002.0,45.95907
Asia,2003.0,49.62233
Asia,2004.0,53.46195
Asia,2005.0,69.93632
Asia,2006.0,52.12872
Asia,2007.0,74.40463
Asia,2008.0,104.68605
Asia,2009.0,146.66685
Asia,2010.0,54.91114
Asia,2011.0,77.666
Asia,2012.0,68.91308
Asia,2013.0,58.69301
Asia,2014.0,31.81639
Asia,2015.0,30.23602
Asia,2016.0,32.22418
Asia,2017.0,36.43499
Asia,2018.0,22.71144
Asia,2019.0,29.15435
Sri Lanka,1995.0,0
Sri Lanka,1996.0,0
Sri Lanka,1997.0,0.15018
Sri Lanka,1998.0,0
Sri Lanka,1999.0,0
Sri Lanka,2000.0,0
Sri Lanka,2001.0,0
Sri Lanka,2002.0,0
Sri Lanka,2003.0,0
Sri Lanka,2004.0,0
Sri Lanka,2005.0,0
Sri Lanka,2006.0,0
Sri Lanka,2007.0,0
Sri Lanka,2008.0,0
Sri Lanka,2009.0,0
Sri Lanka,2010.0,0
Sri Lanka,2011.0,0
Sri Lanka,2012.0,0
Sri Lanka,2013.0,0
Sri Lanka,2014.0,0
Sri Lanka,2015.0,0
Sri Lanka,2016.0,0
Sri Lanka,2017.0,0
Western Asia,1995.0,33.3127
Western Asia,1996.0,32.92597
Western Asia,1997.0,46.47869
Western Asia,1998.0,33.51886
Western Asia,1999.0,32.60974
Western Asia,2000.0,29.92281
Western Asia,2001.0,26.87718
Western Asia,2002.0,23.73658
Western Asia,2003.0,19.45806
Western Asia,2004.0,12.3211
Western Asia,2005.0,11.10688
Western Asia,2006.0,10.88083
Western Asia,2007.0,10.89691
Western Asia,2008.0,11.00399
Western Asia,2009.0,13.55533
Western Asia,2010.0,12.43854
Western Asia,2011.0,21.73181
Western Asia,2012.0,18.43265
Western Asia,2013.0,18.28304
Western Asia,2014.0,1.81525
Western Asia,2015.0,1.13315
Western Asia,2016.0,0.58074
Western Asia,2017.0,1.40376
Western Asia,2018.0,0.24201
Western Asia,2019.0,0
Europe,1995.0,4412.89551
Europe,1996.0,4985.46318
Europe,1997.0,4343.5206
Europe,1998.0,5221.10656
Europe,1999.0,6530.48414
Europe,2000.0,2869.71289
Europe,2001.0,2538.3257
Europe,2002.0,3234.66944
Europe,2003.0,3711.90002
Europe,2004.0,3571.5184
Europe,2005.0,2556.7715
Europe,2006.0,2000.21213
Europe,2007.0,1289.62168
Europe,2008.0,793.0124
Europe,2009.0,673.31559
Europe,2010.0,349.18617
Europe,2011.0,313.37569
Europe,2012.0,184.20802
Europe,2013.0,120.56566
Europe,2014.0,107.22477
Europe,2015.0,115.79947
Europe,2016.0,115.89667
Europe,2017.0,111.69788
Europe,2018.0,112.14593
Europe,2019.0,14.73864
Eastern Europe,1995.0,107.04055
Eastern Europe,1996.0,93.24403
Eastern Europe,1997.0,84.45836
Eastern Europe,1998.0,94.35079
Eastern Europe,1999.0,131.08343
Eastern Europe,2000.0,90.78053
Eastern Europe,2001.0,71.94634
Eastern Europe,2002.0,117.33748
Eastern Europe,2003.0,171.19317
Eastern Europe,2004.0,99.94624
Eastern Europe,2005.0,3.4785
Eastern Europe,2006.0,3.6785
Northern Europe,1995.0,83.30537
Northern Europe,1996.0,78.35093
Northern Europe,1997.0,102.31429
Northern Europe,1998.0,77.2157
Northern Europe,1999.0,128.46236
Northern Europe,2000.0,44.67247
Northern Europe,2001.0,32.20764
Northern Europe,2002.0,32.74139
Northern Europe,2003.0,45.12574
Northern Europe,2004.0,54.85969
Northern Europe,2005.0,51.37757
Northern Europe,2006.0,53.3264
Northern Europe,2007.0,40.85869
Northern Europe,2008.0,36.47163
Northern Europe,2009.0,39.56533
Northern Europe,2010.0,45.39915
Northern Europe,2011.0,40.37749
Northern Europe,2012.0,39.77654
Northern Europe,2013.0,44.91915
Northern Europe,2014.0,30.72041
Northern Europe,2015.0,16.35665
Northern Europe,2016.0,19.82143
Northern Europe,2017.0,15.63104
Northern Europe,2018.0,15.40637
Northern Europe,2019.0,14.73864
Western Europe,1995.0,4222.54959
Western Europe,1996.0,4813.86822
Western Europe,1997.0,4156.74795
Western Europe,1998.0,5049.54007
Western Europe,1999.0,6270.93835
Western Europe,2000.0,2734.2599
Western Europe,2001.0,2434.17172
Western Europe,2002.0,3084.59057
Western Europe,2003.0,3495.58111
Western Europe,2004.0,3416.71247
Western Europe,2005.0,2501.91543
Western Europe,2006.0,1943.20723
Western Europe,2007.0,1248.763
Western Europe,2008.0,756.54077
Western Europe,2009.0,633.75026
Western Europe,2010.0,303.78703
Western Europe,2011.0,272.99819
Western Europe,2012.0,144.43149
Western Europe,2013.0,75.64651
Western Europe,2014.0,76.50437
Western Europe,2015.0,99.44283
Western Europe,2016.0,96.07524
Western Europe,2017.0,96.06683
Western Europe,2018.0,96.73956
Western Europe,2019.0,0
Colombia,1995.0,14.7862
Colombia,1996.0,18.95669
Colombia,1997.0,22.80018
Colombia,1998.0,20.115
Colombia,1999.0,0
Colombia,2000.0,0
Colombia,2001.0,0
Colombia,2002.0,0
Colombia,2003.0,0
Colombia,2004.0,0
Colombia,2005.0,0
Colombia,2006.0,0
Colombia,2007.0,0
Colombia,2008.0,0
Colombia,2009.0,0
Colombia,2010.0,0
Colombia,2011.0,0
Colombia,2012.0,0
Colombia,2013.0,0
Colombia,2014.0,0
Colombia,2015.0,0
Colombia,2016.0,0
Colombia,2017.0,0
Colombia,2018.0,0
Cyprus,1995.0,3.4216
Cyprus,1996.0,3.04089
Cyprus,1997.0,1.87781
Cyprus,1998.0,3.45869
Cyprus,1999.0,3.20436
Cyprus,2000.0,2.59042
Cyprus,2001.0,3.6899
Cyprus,2002.0,4.18171
Cyprus,2003.0,2.69092
Cyprus,2004.0,0.96265
Sub-Saharan Africa,1995.0,40.07722
Sub-Saharan Africa,1996.0,41.64748
Sub-Saharan Africa,1997.0,18.15245
Sub-Saharan Africa,1998.0,3.38581
Sub-Saharan Africa,1999.0,4.8904
Sub-Saharan Africa,2000.0,3.16973
Sub-Saharan Africa,2001.0,0
Sub-Saharan Africa,2002.0,0
Sub-Saharan Africa,2003.0,0
Sub-Saharan Africa,2004.0,0
Sub-Saharan Africa,2005.0,0
Sub-Saharan Africa,2006.0,0
Sub-Saharan Africa,2007.0,0.09963
Sub-Saharan Africa,2008.0,0
Sub-Saharan Africa,2009.0,0
Sub-Saharan Africa,2010.0,0
Sub-Saharan Africa,2011.0,0
Sub-Saharan Africa,2012.0,0
Sub-Saharan Africa,2013.0,0.32573
Sub-Saharan Africa,2014.0,0.48985
Sub-Saharan Africa,2015.0,1.14101
Sub-Saharan Africa,2016.0,0.70339
Sub-Saharan Africa,2017.0,0.14501
Sub-Saharan Africa,2018.0,0.14736
Sub-Saharan Africa,2019.0,0.05639
Czechia,1995.0,40.08942
Czechia,1996.0,39.24492
Czechia,1997.0,40.19128
Czechia,1998.0,41.77358
Czechia,1999.0,34.55643
Czechia,2000.0,24.34012
Czechia,2001.0,32.09464
Czechia,2002.0,74.41693
Czechia,2003.0,99.12652
Czechia,2004.0,51.23007
Hungary,1995.0,58.53793
Hungary,1996.0,30.08045
Hungary,1997.0,22.94737
Hungary,1998.0,23.95037
Hungary,1999.0,22.06659
Hungary,2000.0,13.84581
Hungary,2001.0,11.66184
Hungary,2002.0,12.71101
Hungary,2003.0,19.18356
Hungary,2004.0,14.43679
Iceland,1995.0,0.05565
Iceland,1996.0,0.00752
Iceland,1997.0,0.00141
Iceland,1998.0,0
Iceland,1999.0,0
Iceland,2000.0,0
Iceland,2001.0,0
Iceland,2002.0,0
Iceland,2003.0,0
Iceland,2004.0,0
Iceland,2005.0,0
Iceland,2006.0,0
Iceland,2007.0,0
Iceland,2008.0,0
Iceland,2009.0,0
Iceland,2010.0,0
Iceland,2011.0,0
Iceland,2012.0,0
Iceland,2013.0,0
Iceland,2014.0,0
Iceland,2015.0,0
India,1995.0,2.0705
India,1996.0,2.1
India,1997.0,3.9
India,1998.0,2.5
India,1999.0,2.4
India,2000.0,1.1
India,2001.0,1.44
India,2002.0,0.961
India,2003.0,9.32
India,2004.0,12.989
India,2005.0,12.41
India,2006.0,10.77
India,2007.0,28.6
India,2008.0,64.01
India,2009.0,101.99
India,2010.0,8.4
India,2011.0,23.93
India,2012.0,17.67
India,2013.0,12.05
Indonesia,1995.0,0
Indonesia,1996.0,0
Indonesia,1997.0,0
Indonesia,1998.0,0
Indonesia,1999.0,0
Indonesia,2000.0,0
Indonesia,2001.0,0
Indonesia,2002.0,0
Indonesia,2003.0,0
Indonesia,2004.0,0
Indonesia,2005.0,0
Indonesia,2006.0,0
Indonesia,2007.0,0
Indonesia,2008.0,0
Indonesia,2009.0,0
Indonesia,2010.0,0
Indonesia,2011.0,0
Indonesia,2012.0,0
Indonesia,2013.0,0
Indonesia,2014.0,0
Indonesia,2015.0,0
Indonesia,2016.0,0
Indonesia,2017.0,0
Indonesia,2018.0,0
Israel,1995.0,0.01882
Israel,1996.0,12.676
Israel,1997.0,5.9036
Israel,1998.0,0.98
Israel,1999.0,1.409
Israel,2000.0,0
Israel,2001.0,4.883
Israel,2002.0,5.935
Israel,2003.0,3.793
Israel,2004.0,0.598
Israel,2005.0,0.7012
Israel,2006.0,0.1696
Israel,2007.0,0
Israel,2008.0,0.1891
Israel,2009.0,1.36476
Israel,2010.0,1.61669
Israel,2011.0,1.977
Israel,2012.0,0.79755
Israel,2013.0,1.059
Israel,2014.0,1.81525
Israel,2015.0,1.13315
Israel,2016.0,0.58074
Israel,2017.0,1.40376
Israel,2018.0,0.24201
Israel,2019.0,0
South Korea,1995.0,1.42621
South Korea,1996.0,2.98339
South Korea,1997.0,3.25874
South Korea,1998.0,2.56879
South Korea,1999.0,12.61759
South Korea,2000.0,16.88834
South Korea,2001.0,20.13951
South Korea,2002.0,21.26149
South Korea,2003.0,20.64427
South Korea,2004.0,22.35185
South Korea,2005.0,28.21944
South Korea,2006.0,30.47789
South Korea,2007.0,31.20772
South Korea,2008.0,29.67206
South Korea,2009.0,31.12152
South Korea,2010.0,34.0726
South Korea,2011.0,32.0042
South Korea,2012.0,32.81044
South Korea,2013.0,28.35997
South Korea,2014.0,30.00114
South Korea,2015.0,29.10287
South Korea,2016.0,31.64344
South Korea,2017.0,35.03123
South Korea,2018.0,22.46943
South Korea,2019.0,29.15435
Latin America and the Caribbean,1995.0,18.02202
Latin America and the Caribbean,1996.0,39.02122
Latin America and the Caribbean,1997.0,79.3855
Latin America and the Caribbean,1998.0,43.5979
Latin America and the Caribbean,1999.0,17.46948
Latin America and the Caribbean,2000.0,33.65177
Latin America and the Caribbean,2001.0,19.42397
Latin America and the Caribbean,2002.0,19.69174
Latin America and the Caribbean,2003.0,10.37162
Latin America and the Caribbean,2004.0,3.10501
Latin America and the Caribbean,2005.0,14.30214
Latin America and the Caribbean,2006.0,21.90126
Latin America and the Caribbean,2007.0,21.3
Latin America and the Caribbean,2008.0,12.32
Latin America and the Caribbean,2009.0,13.46
Latin America and the Caribbean,2010.0,15.67
Latin America and the Caribbean,2011.0,11.03
Latin America and the Caribbean,2012.0,0.72
Latin America and the Caribbean,2013.0,0
Latin America and the Caribbean,2014.0,0
Latin America and the Caribbean,2015.0,0
Latin America and the Caribbean,2016.0,0
Latin America and the Caribbean,2017.0,22.6
Latin America and the Caribbean,2018.0,17.6
Latin America and the Caribbean,2019.0,0
Mauritius,2007.0,0.09963
Mauritius,2013.0,0.32573
Mauritius,2014.0,0.48985
Mauritius,2015.0,1.14101
Mauritius,2016.0,0.70339
Mauritius,2017.0,0.14501
Mauritius,2018.0,0.14736
Mauritius,2019.0,0.05639
Mexico,1995.0,0
Mexico,1996.0,0
Mexico,1997.0,46.6
Mexico,1998.0,7
Mexico,1999.0,4.4
Mexico,2000.0,17.9
Mexico,2001.0,5.9
Mexico,2002.0,9.5
Mexico,2003.0,0.8
Mexico,2004.0,3.1
Mexico,2005.0,14.3
Mexico,2006.0,21.9
Mexico,2007.0,21.3
Mexico,2008.0,12.32
Mexico,2009.0,13.46
Mexico,2010.0,15.67
Mexico,2011.0,11.03
Mexico,2012.0,0.72
Mexico,2013.0,0
Mexico,2014.0,0
Mexico,2015.0,0
Mexico,2016.0,0
Mexico,2017.0,22.6
Mexico,2018.0,17.6
Mexico,2019.0,0
"Western Asia (exc. Armenia, Azerbaijan, Cyprus, Israel and Georgia)",1995.0,29.87228
"Western Asia (exc. Armenia, Azerbaijan, Cyprus, Israel and Georgia)",1996.0,17.20909
"Western Asia (exc. Armenia, Azerbaijan, Cyprus, Israel and Georgia)",1997.0,38.69729
"Western Asia (exc. Armenia, Azerbaijan, Cyprus, Israel and Georgia)",1998.0,29.08017
"Western Asia (exc. Armenia, Azerbaijan, Cyprus, Israel and Georgia)",1999.0,27.99638
"Western Asia (exc. Armenia, Azerbaijan, Cyprus, Israel and Georgia)",2000.0,27.33239
"Western Asia (exc. Armenia, Azerbaijan, Cyprus, Israel and Georgia)",2001.0,18.30428
"Western Asia (exc. Armenia, Azerbaijan, Cyprus, Israel and Georgia)",2002.0,13.61988
"Western Asia (exc. Armenia, Azerbaijan, Cyprus, Israel and Georgia)",2003.0,12.97414
"Western Asia (exc. Armenia, Azerbaijan, Cyprus, Israel and Georgia)",2004.0,10.76045
"Western Asia (exc. Armenia, Azerbaijan, Cyprus, Israel and Georgia)",2005.0,10.40568
"Western Asia (exc. Armenia, Azerbaijan, Cyprus, Israel and Georgia)",2006.0,10.71123
"Western Asia (exc. Armenia, Azerbaijan, Cyprus, Israel and Georgia)",2007.0,10.89691
"Western Asia (exc. Armenia, Azerbaijan, Cyprus, Israel and Georgia)",2008.0,10.81489
"Western Asia (exc. Armenia, Azerbaijan, Cyprus, Israel and Georgia)",2009.0,12.19057
"Western Asia (exc. Armenia, Azerbaijan, Cyprus, Israel and Georgia)",2010.0,10.82185
"Western Asia (exc. Armenia, Azerbaijan, Cyprus, Israel and Georgia)",2011.0,19.75481
"Western Asia (exc. Armenia, Azerbaijan, Cyprus, Israel and Georgia)",2012.0,17.6351
"Western Asia (exc. Armenia, Azerbaijan, Cyprus, Israel and Georgia)",2013.0,17.22404
Morocco,1995.0,0.58546
Morocco,1996.0,0
Morocco,1997.0,0.7506
Morocco,1998.0,0.52757
Morocco,1999.0,0.40431
Morocco,2000.0,0.20281
Morocco,2001.0,0.12324
Morocco,2002.0,0.00399
Morocco,2003.0,3.96506
Morocco,2004.0,3.58671
Morocco,2005.0,4.01793
Morocco,2006.0,5.86681
Morocco,2007.0,7.36384
Morocco,2008.0,9.10746
Morocco,2009.0,6.32313
Morocco,2010.0,4.35649
Morocco,2011.0,14.21008
Morocco,2012.0,9.87379
Morocco,2013.0,3.94422
Morocco,2014.0,14.63588
Morocco,2015.0,7.13428
Morocco,2016.0,15.63371
Morocco,2017.0,14.96098
Morocco,2018.0,19.41259
Europe and Northern America,1995.0,4475.95345
Europe and Northern America,1996.0,5111.19031
Europe and Northern America,1997.0,4455.74779
Europe and Northern America,1998.0,5367.8145
Europe and Northern America,1999.0,6610.64769
Europe and Northern America,2000.0,2885.0244
Europe and Northern America,2001.0,2592.94097
Europe and Northern America,2002.0,3266.19543
Europe and Northern America,2003.0,3776.19757
Europe and Northern America,2004.0,3643.67337
Europe and Northern America,2005.0,2640.18878
Europe and Northern America,2006.0,2088.46604
Europe and Northern America,2007.0,1373.2769
Europe and Northern America,2008.0,896.27326
Europe and Northern America,2009.0,754.62934
Europe and Northern America,2010.0,434.80759
Europe and Northern America,2011.0,402.59172
Europe and Northern America,2012.0,284.71761
Europe and Northern America,2013.0,202.28277
Europe and Northern America,2014.0,180.63345
Europe and Northern America,2015.0,179.22715
Europe and Northern America,2016.0,157.90497
Europe and Northern America,2017.0,119.38046
Europe and Northern America,2018.0,119.84114
Europe and Northern America,2019.0,23.58176
"Developed regions (Europe, Cyprus, Israel, Northern America, Japan, Australia & New Zealand)",1995.0,4479.40437
"Developed regions (Europe, Cyprus, Israel, Northern America, Japan, Australia & New Zealand)",1996.0,5126.90719
"Developed regions (Europe, Cyprus, Israel, Northern America, Japan, Australia & New Zealand)",1997.0,4463.5292
"Developed regions (Europe, Cyprus, Israel, Northern America, Japan, Australia & New Zealand)",1998.0,5373.51368
"Developed regions (Europe, Cyprus, Israel, Northern America, Japan, Australia & New Zealand)",1999.0,6617.67182
"Developed regions (Europe, Cyprus, Israel, Northern America, Japan, Australia & New Zealand)",2000.0,2887.61482
"Developed regions (Europe, Cyprus, Israel, Northern America, Japan, Australia & New Zealand)",2001.0,2601.51387
"Developed regions (Europe, Cyprus, Israel, Northern America, Japan, Australia & New Zealand)",2002.0,3276.31213
"Developed regions (Europe, Cyprus, Israel, Northern America, Japan, Australia & New Zealand)",2003.0,3782.68149
"Developed regions (Europe, Cyprus, Israel, Northern America, Japan, Australia & New Zealand)",2004.0,3645.23402
"Developed regions (Europe, Cyprus, Israel, Northern America, Japan, Australia & New Zealand)",2005.0,2640.88998
"Developed regions (Europe, Cyprus, Israel, Northern America, Japan, Australia & New Zealand)",2006.0,2088.63564
"Developed regions (Europe, Cyprus, Israel, Northern America, Japan, Australia & New Zealand)",2007.0,1373.2769
"Developed regions (Europe, Cyprus, Israel, Northern America, Japan, Australia & New Zealand)",2008.0,896.46236
"Developed regions (Europe, Cyprus, Israel, Northern America, Japan, Australia & New Zealand)",2009.0,755.9941
"Developed regions (Europe, Cyprus, Israel, Northern America, Japan, Australia & New Zealand)",2010.0,436.42428
"Developed regions (Europe, Cyprus, Israel, Northern America, Japan, Australia & New Zealand)",2011.0,404.56872
"Developed regions (Europe, Cyprus, Israel, Northern America, Japan, Australia & New Zealand)",2012.0,285.51516
"Developed regions (Europe, Cyprus, Israel, Northern America, Japan, Australia & New Zealand)",2013.0,203.34177
"Developed regions (Europe, Cyprus, Israel, Northern America, Japan, Australia & New Zealand)",2014.0,182.4487
"Developed regions (Europe, Cyprus, Israel, Northern America, Japan, Australia & New Zealand)",2015.0,180.3603
"Developed regions (Europe, Cyprus, Israel, Northern America, Japan, Australia & New Zealand)",2016.0,158.48571
"Developed regions (Europe, Cyprus, Israel, Northern America, Japan, Australia & New Zealand)",2017.0,120.78422
"Developed regions (Europe, Cyprus, Israel, Northern America, Japan, Australia & New Zealand)",2018.0,120.08315
"Developed regions (Europe, Cyprus, Israel, Northern America, Japan, Australia & New Zealand)",2019.0,23.58176
Developing regions,1995.0,107.25443
Developing regions,1996.0,112.71035
Developing regions,1997.0,156.48544
Developing regions,1998.0,90.60964
Developing regions,1999.0,74.11031
Developing regions,2000.0,88.85536
Developing regions,2001.0,63.12111
Developing regions,2002.0,58.81241
Developing regions,2003.0,63.1451
Developing regions,2004.0,62.28419
Developing regions,2005.0,93.66356
Developing regions,2006.0,82.35896
Developing regions,2007.0,111.4526
Developing regions,2008.0,130.10249
Developing regions,2009.0,168.71711
Developing regions,2010.0,76.61768
Developing regions,2011.0,103.18275
Developing regions,2012.0,81.55621
Developing regions,2013.0,65.6091
Developing regions,2014.0,48.24648
Developing regions,2015.0,37.37816
Developing regions,2016.0,51.15039
Developing regions,2017.0,77.0137
Developing regions,2018.0,65.41801
Developing regions,2019.0,34.84096
Eastern Asia (excluding Japan),1995.0,1.42621
Eastern Asia (excluding Japan),1996.0,2.98339
Eastern Asia (excluding Japan),1997.0,3.25874
Eastern Asia (excluding Japan),1998.0,2.56879
Eastern Asia (excluding Japan),1999.0,12.61759
Eastern Asia (excluding Japan),2000.0,16.88834
Eastern Asia (excluding Japan),2001.0,20.13951
Eastern Asia (excluding Japan),2002.0,21.26149
Eastern Asia (excluding Japan),2003.0,20.64427
Eastern Asia (excluding Japan),2004.0,22.35185
Eastern Asia (excluding Japan),2005.0,28.21944
Eastern Asia (excluding Japan),2006.0,30.47789
Eastern Asia (excluding Japan),2007.0,31.20772
Eastern Asia (excluding Japan),2008.0,29.67206
Eastern Asia (excluding Japan),2009.0,31.12152
Eastern Asia (excluding Japan),2010.0,34.0726
Eastern Asia (excluding Japan),2011.0,32.0042
Eastern Asia (excluding Japan),2012.0,32.81044
Eastern Asia (excluding Japan),2013.0,28.35997
Eastern Asia (excluding Japan),2014.0,30.00114
Eastern Asia (excluding Japan),2015.0,29.10287
Eastern Asia (excluding Japan),2016.0,31.64344
Eastern Asia (excluding Japan),2017.0,35.03123
Eastern Asia (excluding Japan),2018.0,22.46943
Eastern Asia (excluding Japan),2019.0,29.15435
New Zealand,1995.0,0.0105
New Zealand,1996.0,0
New Zealand,1997.0,0
New Zealand,1998.0,0
New Zealand,1999.0,0
New Zealand,2000.0,0
Norway,1995.0,83.24972
Norway,1996.0,78.34341
Norway,1997.0,102.31288
Norway,1998.0,77.2157
Norway,1999.0,128.46236
Norway,2000.0,44.67247
Norway,2001.0,32.20764
Norway,2002.0,32.74139
Norway,2003.0,45.12574
Norway,2004.0,54.85969
Norway,2005.0,51.37757
Norway,2006.0,53.3264
Norway,2007.0,40.85869
Norway,2008.0,36.47163
Norway,2009.0,39.56533
Norway,2010.0,45.39915
Norway,2011.0,40.37749
Norway,2012.0,39.77654
Norway,2013.0,44.91915
Norway,2014.0,30.72041
Norway,2015.0,16.35665
Norway,2016.0,19.82143
Norway,2017.0,15.63104
Norway,2018.0,15.40637
Norway,2019.0,14.73864
Pakistan,1996.0,1.7
Pakistan,1997.0,2.3
Pakistan,1998.0,2.9
Pakistan,1999.0,2.7
Pakistan,2000.0,0.4
Pakistan,2001.0,0
Pakistan,2002.0,0
Pakistan,2003.0,0.2
Pakistan,2004.0,5.8
Pakistan,2005.0,18.2
Pakistan,2006.0,0
Pakistan,2007.0,3.7
Pakistan,2008.0,0
Pakistan,2009.0,0
Pakistan,2010.0,0
Pakistan,2011.0,0
Pakistan,2012.0,0
Pakistan,2013.0,0
Panama,1995.0,0
Panama,1996.0,0
Panama,1997.0,7.62022
Panama,1998.0,10.98163
Panama,1999.0,13.06948
Panama,2000.0,15.75177
Panama,2001.0,13.52397
Panama,2002.0,10.18919
Panama,2003.0,9.56626
Poland,1995.0,0.087
Poland,1996.0,15.76632
Poland,1997.0,8.78408
Poland,1998.0,13.82778
Poland,1999.0,55.52898
Poland,2000.0,36.418
Poland,2001.0,21.58659
Poland,2002.0,18.12837
Poland,2003.0,37.31457
Poland,2004.0,28.91377
Romania,1995.0,0
Romania,1996.0,0
Romania,1997.0,0
Romania,1998.0,2.52378
Romania,1999.0,7.06329
Romania,2000.0,4.56374
Romania,2001.0,0
Romania,2002.0,0
Romania,2003.0,0
Romania,2004.0,0.01838
Romania,2005.0,0.02059
Romania,2006.0,0.0534
Slovakia,1995.0,8.32621
Slovakia,1996.0,8.15235
Slovakia,1997.0,12.53564
Slovakia,1998.0,12.27528
Slovakia,1999.0,11.86814
Slovakia,2000.0,11.61286
Slovakia,2001.0,6.60327
Slovakia,2002.0,12.08117
Slovakia,2003.0,15.56852
Slovakia,2004.0,3.85344
South Africa,1995.0,40.07722
South Africa,1996.0,41.64748
South Africa,1997.0,18.15245
South Africa,1998.0,3.38581
South Africa,1999.0,4.8904
South Africa,2000.0,3.16973
South Africa,2001.0,0
South Africa,2002.0,0
South Africa,2003.0,0
South Africa,2004.0,0
South Africa,2005.0,0
South Africa,2006.0,0
South Africa,2007.0,0
South Africa,2008.0,0
South Africa,2009.0,0
South Africa,2010.0,0
South Africa,2011.0,0
South Africa,2012.0,0
South Africa,2013.0,0
South Africa,2014.0,0
South Africa,2015.0,0
South Africa,2016.0,0
Small island developing States (SIDS),1995.0,0
Small island developing States (SIDS),1996.0,0
Small island developing States (SIDS),1997.0,0
Small island developing States (SIDS),1998.0,0
Small island developing States (SIDS),1999.0,0
Small island developing States (SIDS),2000.0,0
Small island developing States (SIDS),2001.0,0
Small island developing States (SIDS),2002.0,0.00255
Small island developing States (SIDS),2003.0,0.00536
Small island developing States (SIDS),2004.0,0.00501
Small island developing States (SIDS),2005.0,0.00214
Small island developing States (SIDS),2006.0,0.00126
Small island developing States (SIDS),2007.0,0.09963
Small island developing States (SIDS),2013.0,0.32573
Small island developing States (SIDS),2014.0,0.48985
Small island developing States (SIDS),2015.0,1.14101
Small island developing States (SIDS),2016.0,0.70339
Small island developing States (SIDS),2017.0,0.14501
Small island developing States (SIDS),2018.0,0.14736
Small island developing States (SIDS),2019.0,0.05639
Sub-Saharan Africa (inc. Sudan),1995.0,40.07722
Sub-Saharan Africa (inc. Sudan),1996.0,41.64748
Sub-Saharan Africa (inc. Sudan),1997.0,18.15245
Sub-Saharan Africa (inc. Sudan),1998.0,3.38581
Sub-Saharan Africa (inc. Sudan),1999.0,4.8904
Sub-Saharan Africa (inc. Sudan),2000.0,3.16973
Sub-Saharan Africa (inc. Sudan),2001.0,0
Sub-Saharan Africa (inc. Sudan),2002.0,0
Sub-Saharan Africa (inc. Sudan),2003.0,0
Sub-Saharan Africa (inc. Sudan),2004.0,0
Sub-Saharan Africa (inc. Sudan),2005.0,0
Sub-Saharan Africa (inc. Sudan),2006.0,0
Sub-Saharan Africa (inc. Sudan),2007.0,0.09963
Sub-Saharan Africa (inc. Sudan),2008.0,0
Sub-Saharan Africa (inc. Sudan),2009.0,0
Sub-Saharan Africa (inc. Sudan),2010.0,0
Sub-Saharan Africa (inc. Sudan),2011.0,0
Sub-Saharan Africa (inc. Sudan),2012.0,0
Sub-Saharan Africa (inc. Sudan),2013.0,0.32573
Sub-Saharan Africa (inc. Sudan),2014.0,0.48985
Sub-Saharan Africa (inc. Sudan),2015.0,1.14101
Sub-Saharan Africa (inc. Sudan),2016.0,0.70339
Sub-Saharan Africa (inc. Sudan),2017.0,0.14501
Sub-Saharan Africa (inc. Sudan),2018.0,0.14736
Sub-Saharan Africa (inc. Sudan),2019.0,0.05639
Northern Africa (exc. Sudan),1995.0,0.5862
Northern Africa (exc. Sudan),1996.0,1.84917
Northern Africa (exc. Sudan),1997.0,6.14128
Northern Africa (exc. Sudan),1998.0,6.57697
Northern Africa (exc. Sudan),1999.0,6.03646
Northern Africa (exc. Sudan),2000.0,6.31312
Northern Africa (exc. Sudan),2001.0,3.81335
Northern Africa (exc. Sudan),2002.0,3.27831
Northern Africa (exc. Sudan),2003.0,9.63508
Northern Africa (exc. Sudan),2004.0,7.27789
Northern Africa (exc. Sudan),2005.0,10.12631
Northern Africa (exc. Sudan),2006.0,8.49858
Northern Africa (exc. Sudan),2007.0,15.64835
Northern Africa (exc. Sudan),2008.0,13.28553
Northern Africa (exc. Sudan),2009.0,9.95502
Northern Africa (exc. Sudan),2010.0,7.65323
Northern Africa (exc. Sudan),2011.0,16.46374
Northern Africa (exc. Sudan),2012.0,12.72068
Northern Africa (exc. Sudan),2013.0,7.64935
Northern Africa (exc. Sudan),2014.0,17.75549
Northern Africa (exc. Sudan),2015.0,7.13428
Northern Africa (exc. Sudan),2016.0,18.80355
Northern Africa (exc. Sudan),2017.0,19.23746
Northern Africa (exc. Sudan),2018.0,25.20122
Northern Africa (exc. Sudan),2019.0,5.63022
Northern Africa and Western Asia,1995.0,33.8989
Northern Africa and Western Asia,1996.0,34.77515
Northern Africa and Western Asia,1997.0,52.61997
Northern Africa and Western Asia,1998.0,40.09583
Northern Africa and Western Asia,1999.0,38.6462
Northern Africa and Western Asia,2000.0,36.23593
Northern Africa and Western Asia,2001.0,30.69052
Northern Africa and Western Asia,2002.0,27.01489
Northern Africa and Western Asia,2003.0,29.09314
Northern Africa and Western Asia,2004.0,19.59899
Northern Africa and Western Asia,2005.0,21.23318
Northern Africa and Western Asia,2006.0,19.37941
Northern Africa and Western Asia,2007.0,26.54525
Northern Africa and Western Asia,2008.0,24.28952
Northern Africa and Western Asia,2009.0,23.51035
Northern Africa and Western Asia,2010.0,20.09178
Northern Africa and Western Asia,2011.0,38.19555
Northern Africa and Western Asia,2012.0,31.15333
Northern Africa and Western Asia,2013.0,25.93239
Northern Africa and Western Asia,2014.0,19.57074
Northern Africa and Western Asia,2015.0,8.26743
Northern Africa and Western Asia,2016.0,19.38429
Northern Africa and Western Asia,2017.0,20.64122
Northern Africa and Western Asia,2018.0,25.44323
Northern Africa and Western Asia,2019.0,5.63022
Eastern and South-Eastern Asia,1995.0,16.62621
Eastern and South-Eastern Asia,1996.0,9.18339
Eastern and South-Eastern Asia,1997.0,7.75874
Eastern and South-Eastern Asia,1998.0,2.56879
Eastern and South-Eastern Asia,1999.0,12.61759
Eastern and South-Eastern Asia,2000.0,16.88834
Eastern and South-Eastern Asia,2001.0,20.13951
Eastern and South-Eastern Asia,2002.0,21.26149
Eastern and South-Eastern Asia,2003.0,20.64427
Eastern and South-Eastern Asia,2004.0,22.35185
Eastern and South-Eastern Asia,2005.0,28.21944
Eastern and South-Eastern Asia,2006.0,30.47789
Eastern and South-Eastern Asia,2007.0,31.20772
Eastern and South-Eastern Asia,2008.0,29.67206
Eastern and South-Eastern Asia,2009.0,31.12152
Eastern and South-Eastern Asia,2010.0,34.0726
Eastern and South-Eastern Asia,2011.0,32.0042
Eastern and South-Eastern Asia,2012.0,32.81044
Eastern and South-Eastern Asia,2013.0,28.35997
Eastern and South-Eastern Asia,2014.0,30.00114
Eastern and South-Eastern Asia,2015.0,29.10287
Eastern and South-Eastern Asia,2016.0,31.64344
Eastern and South-Eastern Asia,2017.0,35.03123
Eastern and South-Eastern Asia,2018.0,22.46943
Eastern and South-Eastern Asia,2019.0,29.15435
Switzerland,1995.0,446.69241
Switzerland,1996.0,368.60543
Switzerland,1997.0,295.24999
Switzerland,1998.0,292.0376
Switzerland,1999.0,290.1831
Switzerland,2000.0,188.47228
Switzerland,2001.0,131.64199
Switzerland,2002.0,135.83984
Switzerland,2003.0,153.04635
Switzerland,2004.0,147.51155
Switzerland,2005.0,113.59031
Switzerland,2006.0,109.15239
Switzerland,2007.0,85.53226
Switzerland,2008.0,96.19699
Switzerland,2009.0,110.85872
Switzerland,2010.0,73.60206
Switzerland,2011.0,86.02521
Switzerland,2012.0,68.56038
Switzerland,2013.0,75.59871
Switzerland,2014.0,76.50437
Switzerland,2015.0,99.44283
Switzerland,2016.0,96.07524
Switzerland,2017.0,96.06683
Switzerland,2018.0,96.73956
Switzerland,2019.0,0
Thailand,1995.0,15.2
Thailand,1996.0,6.2
Thailand,1997.0,4.5
Thailand,1998.0,0
Thailand,1999.0,0
Thailand,2000.0,0
Thailand,2001.0,0
Thailand,2002.0,0
Thailand,2003.0,0
Thailand,2004.0,0
Thailand,2005.0,0
Thailand,2006.0,0
Thailand,2007.0,0
Thailand,2008.0,0
Thailand,2009.0,0
Thailand,2010.0,0
Thailand,2011.0,0
Thailand,2012.0,0
Thailand,2013.0,0
Thailand,2014.0,0
Thailand,2015.0,0
Thailand,2016.0,0
Thailand,2017.0,0
Thailand,2018.0,0
Thailand,2019.0,0
Tunisia,1995.0,0.00074
Tunisia,1996.0,1.84917
Tunisia,1997.0,5.39068
Tunisia,1998.0,6.0494
Tunisia,1999.0,5.63215
Tunisia,2000.0,6.11031
Tunisia,2001.0,3.6901
Tunisia,2002.0,3.27431
Tunisia,2003.0,5.67002
Tunisia,2004.0,3.69118
Tunisia,2005.0,6.10837
Tunisia,2006.0,2.63177
Tunisia,2007.0,8.28451
Tunisia,2008.0,4.17808
Tunisia,2009.0,3.63189
Tunisia,2010.0,3.29674
Tunisia,2011.0,2.25366
Tunisia,2012.0,2.8469
Tunisia,2013.0,3.70513
Tunisia,2014.0,3.11961
Tunisia,2016.0,3.16984
Tunisia,2017.0,4.27648
Tunisia,2018.0,5.78862
Tunisia,2019.0,5.63022
Turkey,1995.0,29.87228
Turkey,1996.0,17.20909
Turkey,1997.0,38.69729
Turkey,1998.0,29.08017
Turkey,1999.0,27.99638
Turkey,2000.0,27.33239
Turkey,2001.0,18.30428
Turkey,2002.0,13.61988
Turkey,2003.0,12.97414
Turkey,2004.0,10.76045
Turkey,2005.0,10.40568
Turkey,2006.0,10.71123
Turkey,2007.0,10.89691
Turkey,2008.0,10.81489
Turkey,2009.0,12.19057
Turkey,2010.0,10.82185
Turkey,2011.0,19.75481
Turkey,2012.0,17.6351
Turkey,2013.0,17.22404
United States,1995.0,25.578
United States,1996.0,121.463
United States,1997.0,112.22719
United States,1998.0,146.70793
United States,1999.0,80.16355
United States,2000.0,15.31151
United States,2001.0,54.61527
United States,2002.0,31.52599
United States,2003.0,2.68454
United States,2004.0,0
United States,2005.0,0
United States,2006.0,0
United States,2007.0,0
United States,2008.0,18.89382
United States,2009.0,2.37143
United States,2010.0,0
United States,2011.0,0
United States,2012.0,0
United States,2013.0,0
United States,2014.0,0
United States,2015.0,0
Uruguay,1995.0,0
Uruguay,1996.0,0
Uruguay,1997.0,0
Uruguay,1998.0,0
Uruguay,1999.0,0
Uruguay,2000.0,0
Uruguay,2001.0,0
Uruguay,2002.0,0
Uruguay,2003.0,0
Uruguay,2004.0,0
Uruguay,2005.0,0
Uruguay,2006.0,0
Uruguay,2007.0,0
Uruguay,2008.0,0
Uruguay,2009.0,0
Uruguay,2010.0,0
Uruguay,2011.0,0
Uruguay,2012.0,0
Uruguay,2013.0,0
Uruguay,2014.0,0
Uruguay,2015.0,0
Uruguay,2016.0,0
Uruguay,2017.0,0
Uruguay,2018.0,0
Venezuela,1995.0,3.23582
Venezuela,1996.0,20.06453
Venezuela,1997.0,2.3651
Venezuela,1998.0,5.50127
