country,year,value
Afghanistan,2011.0,21.33581
Afghanistan,2015.0,43.05658
Albania,2009.0,66.72133
Albania,2017.0,92.42409
Algeria,2013.0,41.76374
Angola,2015.0,14.54021
Azerbaijan,2006.0,92.23211
Bangladesh,2006.0,28.36641
Bangladesh,2011.0,39.38967
Bangladesh,2014.0,41.94562
Bangladesh,2019.0,54.05031
Armenia,2006.0,77.631
Armenia,2011.0,95.14105
Armenia,2016.0,93.37399
Barbados,2012.0,0
Bhutan,2010.0,22.0179
Bolivia,2000.0,32.05
Bolivia,2001.0,51.93
Bolivia,2002.0,44.6
Bolivia,2003.0,69.35137
Bolivia,2004.0,76
Bolivia,2005.0,63.48
Bolivia,2006.0,78.18
Bolivia,2007.0,80.24
Bolivia,2008.0,76.79401
Bolivia,2009.0,83.88
Bolivia,2011.0,64.38
Bolivia,2012.0,66.94
Bolivia,2013.0,64.98
Bolivia,2014.0,88.62
Bolivia,2015.0,85.07
Bolivia,2016.0,73.68
Bolivia,2017.0,89.12
Bolivia,2018.0,87.21
Bosnia and Herzegovina,2012.0,91.00468
Brazil,2001.0,26.86
Brazil,2002.0,25.59
Brazil,2003.0,34.83
Brazil,2004.0,34.81
Brazil,2005.0,37.82
Brazil,2006.0,42.56
Brazil,2007.0,45.98
Brazil,2008.0,51.33
Brazil,2009.0,51.68
Brazil,2011.0,61.6
Brazil,2012.0,59.06
Brazil,2013.0,66.74
Brazil,2014.0,68.4
Brazil,2015.0,67.98
Brazil,2016.0,62.72
Brazil,2017.0,61.25
Brazil,2018.0,65.35
Belize,2016.0,33.53548
Myanmar,2016.0,23.3826
Burundi,2000.0,2.8169
Burundi,2010.0,8.36732
Burundi,2017.0,20.87827
Belarus,2012.0,100
Cambodia,2005.0,14.42654
Cambodia,2010.0,23.20024
Cambodia,2014.0,26.871
Cameroon,2004.0,3.53718
Cameroon,2006.0,7.74336
Cameroon,2011.0,15.42669
Cameroon,2014.0,19.81179
Cameroon,2018.0,27.77631
Central African Republic,2006.0,3.52824
Central African Republic,2010.0,2.942
Sri Lanka,2006.0,84.4243
Chad,2004.0,1.02337
Chad,2014.0,8.03186
Chile,2000.0,76.78
Chile,2003.0,82
Chile,2006.0,88.84
Chile,2009.0,91.75
Chile,2011.0,89.81
Chile,2013.0,86.03
Chile,2015.0,93.45
Chile,2017.0,90.1
Colombia,2002.0,19.99
Colombia,2003.0,27.65
Colombia,2004.0,28.02
Colombia,2005.0,35.87009
Colombia,2008.0,41.66
Colombia,2009.0,31.87
Colombia,2010.0,58.37911
Colombia,2011.0,41.03
Colombia,2012.0,45.77
Colombia,2013.0,42.92
Colombia,2014.0,47.25
Colombia,2015.0,67.11209
Colombia,2016.0,49.99
Colombia,2017.0,45.66
Colombia,2018.0,49.78
Comoros,2012.0,34.45753
Congo,2005.0,8.78449
Congo,2012.0,15.84452
Congo,2015.0,21.5352
Democratic Republic of Congo,2007.0,17.43243
Democratic Republic of Congo,2010.0,19.83201
Democratic Republic of Congo,2013.0,37.51941
Democratic Republic of Congo,2018.0,41.2997
Costa Rica,2000.0,21.5
Costa Rica,2001.0,25.5
Costa Rica,2002.0,21.54
Costa Rica,2003.0,24.39
Costa Rica,2004.0,26.93
Costa Rica,2005.0,30.43
Costa Rica,2006.0,31.41
Costa Rica,2007.0,33.48
Costa Rica,2008.0,42.62
Costa Rica,2009.0,38.43
Costa Rica,2010.0,42.49
Costa Rica,2011.0,38.83821
Costa Rica,2012.0,45.42
Costa Rica,2013.0,46.13
Costa Rica,2014.0,55.6
Costa Rica,2015.0,56.5
Costa Rica,2016.0,61.04
Costa Rica,2017.0,59.93
Costa Rica,2018.0,65.5996
Cuba,2014.0,0
Benin,2006.0,19.1573
Benin,2011.0,26.09998
Benin,2014.0,22.31097
Benin,2018.0,13.22311
Dominican Republic,2000.0,26.15
Dominican Republic,2001.0,40.32
Dominican Republic,2002.0,50.91
Dominican Republic,2003.0,55.78
Dominican Republic,2004.0,42.63
Dominican Republic,2005.0,55.62
Dominican Republic,2006.0,48.85
Dominican Republic,2007.0,66.9402
Dominican Republic,2008.0,51.03
Dominican Republic,2009.0,57.45
Dominican Republic,2010.0,57.23
Dominican Republic,2011.0,58.02
Dominican Republic,2012.0,68.52
Dominican Republic,2013.0,72.4087
Dominican Republic,2014.0,72.311
Dominican Republic,2015.0,74.8
Dominican Republic,2016.0,75.28
Dominican Republic,2017.0,80.54
Dominican Republic,2018.0,67.14
Ecuador,2001.0,22.81
Ecuador,2003.0,29.71
Ecuador,2005.0,38.27
Ecuador,2006.0,47.65
Ecuador,2007.0,40.09
Ecuador,2008.0,51.18
Ecuador,2009.0,59.87
Ecuador,2010.0,58.56
Ecuador,2011.0,69.75
Ecuador,2012.0,65.36
Ecuador,2013.0,76.22
Ecuador,2014.0,79.37
Ecuador,2015.0,83.14
Ecuador,2016.0,88.74
Ecuador,2017.0,75.77
Ecuador,2018.0,83.36
El Salvador,2000.0,20.81
El Salvador,2001.0,25.59
El Salvador,2002.0,29.4
El Salvador,2003.0,26.24
El Salvador,2004.0,34.58
El Salvador,2005.0,39.45
El Salvador,2006.0,35.32
El Salvador,2009.0,29.82
El Salvador,2010.0,48.72
El Salvador,2012.0,50.71
El Salvador,2013.0,38.57
El Salvador,2014.0,49.7
El Salvador,2015.0,46.08
El Salvador,2016.0,44.05
El Salvador,2017.0,50.65
El Salvador,2018.0,53.93
Ethiopia,2000.0,0
Ethiopia,2005.0,1.04506
Ethiopia,2011.0,3.15819
Ethiopia,2016.0,7.2107
Djibouti,2006.0,0
Gabon,2012.0,20.10922
Georgia,2018.0,95.47229
Gambia,2006.0,25.72511
Gambia,2010.0,29.23503
Gambia,2013.0,33.39814
Gambia,2018.0,19.60821
Palestine,2014.0,77.07047
Ghana,2009.0,36.677
Ghana,2014.0,34.19174
Ghana,2018.0,21.23889
Kiribati,2019.0,61.71558
Guatemala,2000.0,8.42
Guatemala,2006.0,7.65
Guatemala,2014.0,28.15
Guatemala,2015.0,30.06821
Guinea,2005.0,4.21362
Guinea,2012.0,13.23552
Guinea,2016.0,18.53321
Guinea,2018.0,0
Guyana,2006.0,53.69373
Guyana,2009.0,62.35637
Guyana,2014.0,69.93507
Haiti,2005.0,10.32247
Haiti,2012.0,12.5331
Haiti,2017.0,15.1881
Honduras,2001.0,4.02
Honduras,2004.0,3.95
Honduras,2005.0,5.98
Honduras,2009.0,12.37
Honduras,2010.0,9.64
Honduras,2011.0,23.66459
Honduras,2012.0,19.66
Honduras,2013.0,21.74
Honduras,2014.0,21.84
Honduras,2015.0,16.73
Honduras,2016.0,21.98
Honduras,2018.0,20.56
India,2006.0,53.57375
India,2016.0,79.68991
Indonesia,2003.0,49.19956
Indonesia,2008.0,55.66861
Indonesia,2017.0,76.81964
Iraq,2011.0,28.55258
Iraq,2018.0,42.19387
Cote d'Ivoire,2006.0,11.89718
Cote d'Ivoire,2012.0,13.15277
Cote d'Ivoire,2016.0,20.43698
Jamaica,2011.0,100
Kazakhstan,2006.0,97.83512
Kazakhstan,2011.0,98.86232
Kazakhstan,2015.0,100
Jordan,2007.0,92.85747
Jordan,2018.0,88.09554
Kenya,2003.0,26.37383
Kenya,2008.0,56.18829
Kenya,2014.0,54.31258
Kyrgyzstan,2006.0,94.66483
Kyrgyzstan,2012.0,95.39606
Kyrgyzstan,2014.0,93.13064
Kyrgyzstan,2018.0,99.26637
Laos,2006.0,20.44102
Laos,2012.0,19.7417
Laos,2017.0,42.16572
Lesotho,2005.0,5.95058
Lesotho,2009.0,6.95785
Lesotho,2014.0,9.62657
Lesotho,2018.0,18.1377
Liberia,2007.0,0.69135
Liberia,2013.0,6.94806
Madagascar,2009.0,1.4314
Madagascar,2018.0,7.46246
Malawi,2004.0,12.33365
Malawi,2010.0,10.04916
Malawi,2016.0,12.80712
Maldives,2008.0,60.26813
Maldives,2017.0,81.16862
Mali,2006.0,5.82582
Mali,2013.0,5.1229
Mali,2015.0,15.62259
Mali,2018.0,0
Mauritania,2007.0,10.94503
Mauritania,2011.0,20.36914
Mauritania,2015.0,28.37534
Mexico,2000.0,30.75
Mexico,2002.0,55.21
Mexico,2004.0,73.56
Mexico,2006.0,61.61
Mexico,2008.0,60.25
Mexico,2010.0,66.38
Mexico,2012.0,75.69
Mexico,2014.0,73.3
Mexico,2016.0,92.79548
Mexico,2018.0,83.36
Mongolia,2006.0,70.0275
Mongolia,2014.0,78.15161
Mongolia,2018.0,89.00525
Moldova,2005.0,90.79782
Moldova,2012.0,90.41933
Montenegro,2013.0,100
Montenegro,2018.0,0
Morocco,2004.0,16.39568
Mozambique,2003.0,1.15634
Mozambique,2008.0,1.49403
Mozambique,2011.0,1.91066
Namibia,2007.0,18.0773
Namibia,2013.0,22.50006
Nepal,2007.0,28.3118
Nepal,2011.0,53.04344
Nepal,2014.0,58.25738
Nepal,2016.0,62.54962
Vanuatu,2007.0,16.70618
Nicaragua,2001.0,5.09
Nicaragua,2005.0,9.57
Nicaragua,2009.0,10.04
Nicaragua,2014.0,9.21
Niger,2006.0,0
Niger,2012.0,0
Nigeria,2003.0,24.45737
Nigeria,2007.0,34.48364
Nigeria,2008.0,38.05906
Nigeria,2011.0,52.09024
Nigeria,2013.0,37.59641
Nigeria,2016.0,57.03253
Nigeria,2018.0,53.51536
Pakistan,2007.0,31.06661
Pakistan,2012.0,42.80141
Pakistan,2018.0,43.72724
Panama,2000.0,33.86
Panama,2001.0,17.78
Panama,2002.0,27.2
Panama,2003.0,28.08
Panama,2004.0,45.99
Panama,2005.0,43.77
Panama,2006.0,49.12
Panama,2007.0,44.84
Panama,2008.0,32.14
Panama,2009.0,36.75
Panama,2011.0,41.81
Panama,2013.0,52.91
Panama,2014.0,66.04
Panama,2015.0,55.27
Panama,2016.0,54.75
Panama,2017.0,56.59
Panama,2018.0,63.9
Papua New Guinea,2018.0,39.84222
Paraguay,2001.0,22.8
Paraguay,2003.0,38.92
Paraguay,2004.0,40.83
Paraguay,2005.0,38.99
Paraguay,2006.0,48.51
Paraguay,2007.0,54.28
Paraguay,2008.0,36.28
Paraguay,2009.0,39.92
Paraguay,2010.0,54.82
Paraguay,2011.0,55.51
Paraguay,2012.0,53.47
Paraguay,2013.0,50.03
Paraguay,2014.0,67.19
Paraguay,2015.0,70.77
Paraguay,2016.0,67.74116
Paraguay,2017.0,64.11
Paraguay,2018.0,60.91
Peru,2000.0,28.76
Peru,2001.0,35.36
Peru,2002.0,42.9
Peru,2003.0,43.03
Peru,2004.0,49.78
Peru,2005.0,49.38
Peru,2006.0,55.03
Peru,2007.0,60.55
Peru,2008.0,58.11
Peru,2009.0,51.8
Peru,2010.0,57.47
Peru,2011.0,65.57
Peru,2012.0,72.59
Peru,2013.0,68.33
Peru,2014.0,68.41
Peru,2015.0,71.95
Peru,2016.0,72.23
Peru,2017.0,71.79
Peru,2018.0,82.01
Philippines,2004.0,41.70249
Philippines,2018.0,70.59296
Guinea-Bissau,2014.0,6.53562
Timor-Leste,2009.0,26.16924
Timor-Leste,2016.0,41.34737
Qatar,2012.0,0
Rwanda,2005.0,1.1452
Rwanda,2010.0,5.55025
Rwanda,2015.0,9.97053
Saint Lucia,2012.0,0
Sao Tome and Principe,2009.0,6.9453
Sao Tome and Principe,2014.0,15.7273
Senegal,2005.0,1.36155
Senegal,2011.0,4.31165
Senegal,2016.0,10.71366
Senegal,2017.0,18.87663
Senegal,2018.0,14.98047
Senegal,2019.0,16.36427
Serbia,2011.0,100
Serbia,2014.0,96.96803
Serbia,2019.0,100
Sierra Leone,2008.0,10.32437
Sierra Leone,2013.0,29.22408
Sierra Leone,2017.0,18.83419
Vietnam,2011.0,75.12135
Vietnam,2014.0,81.51645
South Africa,2016.0,82.65303
Zimbabwe,2005.0,44.02219
Zimbabwe,2010.0,62.95672
Zimbabwe,2015.0,60.12859
Zimbabwe,2019.0,32.68944
South Sudan,2010.0,11.35271
Sudan,2014.0,34.46552
Suriname,2010.0,21.90163
Suriname,2018.0,0
Eswatini,2006.0,28.69238
Eswatini,2010.0,36.60149
Eswatini,2014.0,35.60266
Syria,2006.0,45.5036
Tajikistan,2006.0,87.9342
Tajikistan,2012.0,90.1301
Tajikistan,2017.0,95.88739
Thailand,2013.0,80.21604
Thailand,2016.0,69.63072
Thailand,2019.0,80.69075
Togo,2006.0,14.07987
Togo,2010.0,14.74599
Togo,2014.0,14.66853
Togo,2017.0,46.5141
Tonga,2019.0,84.71507
Tunisia,2012.0,60.70573
Tunisia,2018.0,57.11065
Turkey,2004.0,82.38773
Turkey,2014.0,98.54079
Turkmenistan,2016.0,98.6201
Turkmenistan,2019.0,98.44286
Uganda,2006.0,4.99443
Uganda,2011.0,16.39666
Uganda,2016.0,11.38722
Ukraine,2007.0,99.0878
Ukraine,2013.0,100
North Macedonia,2011.0,97.27853
North Macedonia,2019.0,94.94866
Egypt,2005.0,65.8993
Egypt,2009.0,67.70398
Egypt,2014.0,74.05411
Tanzania,2004.0,0.21177
Tanzania,2010.0,3.83397
Tanzania,2015.0,10.94552
Burkina Faso,2003.0,2.176
Burkina Faso,2006.0,2.54573
Burkina Faso,2010.0,2.91125
Uruguay,2008.0,33.29
Uruguay,2009.0,38.5
Uruguay,2010.0,46.05
Uruguay,2011.0,45.26
Uruguay,2012.0,52.62
Uruguay,2013.0,0
Uruguay,2014.0,50.78
Uruguay,2015.0,40.15
Uruguay,2016.0,60.02
Uruguay,2017.0,73.01
Uruguay,2018.0,56.07
Uzbekistan,2006.0,95.66706
Yemen,2006.0,53.123
Yemen,2013.0,47.87059
Zambia,2001.0,12.65385
Zambia,2007.0,13.49409
Zambia,2013.0,27.6462
Zambia,2018.0,30.7959
