country,year,value
Albania,2018.0,211.0
Argentina,2018.0,111.0
Austria,2010.0,13.3
Austria,2014.0,14.0
Austria,2018.0,15.1
Bangladesh,2017.0,47.0
Armenia,2014.0,504.4
Armenia,2015.0,539.7
Armenia,2016.0,570.5
Armenia,2017.0,581.0
Armenia,2018.0,585.9
Armenia,2019.0,611.9
Belgium,2010.0,16.0
Belgium,2014.0,16.7
Belgium,2015.0,15.8
Belgium,2016.0,16.0
Belgium,2018.0,17.0
Bolivia,2005.0,5.2
Bolivia,2006.0,6.4
Bolivia,2007.0,6.3
Bolivia,2008.0,8.3
Bolivia,2009.0,9.1
Bolivia,2011.0,10.5
Bolivia,2012.0,14.3
Bolivia,2013.0,13.9
Bolivia,2014.0,15.5
Bolivia,2015.0,14.4
Bolivia,2016.0,15.4
Bolivia,2017.0,15.6
Bolivia,2018.0,16.5
Bolivia,2019.0,19.2
Bosnia and Herzegovina,2010.0,3.6
Bosnia and Herzegovina,2011.0,3.5
Bosnia and Herzegovina,2012.0,3.6
Bosnia and Herzegovina,2013.0,3.6
Bosnia and Herzegovina,2014.0,3.6
Bosnia and Herzegovina,2015.0,3.8
Bosnia and Herzegovina,2016.0,3.6
Bosnia and Herzegovina,2017.0,4.0
Bosnia and Herzegovina,2018.0,3.9
Bosnia and Herzegovina,2019.0,4.3
Botswana,2019.0,19.4
Brazil,2012.0,6.3
Brazil,2013.0,6.9
Brazil,2014.0,7.5
Brazil,2015.0,8.2
Brazil,2016.0,9.3
Brazil,2017.0,9.7
Brazil,2018.0,9.9
Brazil,2019.0,10.4
Belize,2017.0,7.0
Belize,2018.0,6.9
Belize,2019.0,5.9
Brunei,2014.0,4.4
Brunei,2017.0,5.5
Bulgaria,2014.0,3.6
Bulgaria,2018.0,5.0
Myanmar,2017.0,927.9
Myanmar,2018.0,1295.4
Myanmar,2019.0,1363.6
Belarus,2019.0,5.2
Cambodia,2012.0,1995.5
Cameroon,2014.0,650.1
Cape Verde,2015.0,105.3
Sri Lanka,2013.0,89.7
Sri Lanka,2014.0,91.5
Sri Lanka,2015.0,100.7
Sri Lanka,2016.0,118.8
Sri Lanka,2017.0,123.6
Sri Lanka,2018.0,139.7
Chad,2018.0,753.8
Chile,2015.0,2354.6
Chile,2017.0,2685.4
Costa Rica,2012.0,1487.3
Costa Rica,2013.0,1862.8
Costa Rica,2014.0,1692.0
Costa Rica,2015.0,1850.1
Costa Rica,2016.0,1808.5
Costa Rica,2017.0,1872.1
Costa Rica,2018.0,1925.9
Costa Rica,2019.0,1962.2
Croatia,2018.0,39.0
Cyprus,2010.0,8.7
Cyprus,2014.0,8.3
Cyprus,2018.0,9.0
Czechia,2012.0,121.1
Czechia,2013.0,122.1
Czechia,2014.0,124.6
Czechia,2015.0,130.5
Czechia,2016.0,136.5
Czechia,2017.0,147.5
Czechia,2018.0,160.6
Denmark,2014.0,196.6
Denmark,2018.0,212.0
Dominican Republic,2015.0,87.9
Dominican Republic,2016.0,72.5
Dominican Republic,2017.0,89.5
Dominican Republic,2018.0,97.2
Dominican Republic,2019.0,90.3
Ecuador,2013.0,2.4
Ecuador,2014.0,2.7
Ecuador,2015.0,2.8
Ecuador,2016.0,2.7
Ecuador,2017.0,2.7
Ecuador,2018.0,2.8
Ecuador,2019.0,2.8
Estonia,2010.0,4.0
Estonia,2014.0,5.1
Estonia,2018.0,6.0
Finland,2013.0,17.8
Finland,2014.0,17.9
Finland,2016.0,17.8
Finland,2017.0,18.0
France,2010.0,12.8
France,2014.0,13.9
France,2018.0,14.0
Gambia,2012.0,9.7
Germany,2010.0,14.3
Germany,2014.0,14.7
Ghana,2015.0,4.5
Greece,2010.0,10.0
Greece,2014.0,8.6
Greece,2018.0,8.0
Guatemala,2006.0,10.0
Guatemala,2010.0,10.7
Guatemala,2011.0,15.0
Guatemala,2012.0,12.5
Guatemala,2013.0,13.7
Guatemala,2014.0,13.6
Guatemala,2015.0,14.1
Guatemala,2016.0,14.4
Guatemala,2017.0,14.9
Guyana,2018.0,427.3
Honduras,2015.0,34.5
Honduras,2016.0,32.8
Honduras,2017.0,35.5
Honduras,2018.0,39.5
Honduras,2019.0,39.5
Hungary,2014.0,1085.5
Hungary,2018.0,1385.0
Iceland,2014.0,2390.0
Iceland,2015.0,2560.0
Iceland,2016.0,2750.0
Iceland,2017.0,2950.0
Iceland,2018.0,2960.0
Indonesia,2017.0,13471.7
Indonesia,2019.0,14809.0
Ireland,2010.0,16.9
Ireland,2014.0,19.1
Ireland,2018.0,17.0
Israel,2014.0,40.0
Israel,2015.0,37.7
Israel,2016.0,41.0
Israel,2018.0,44.4
Italy,2010.0,11.6
Italy,2014.0,11.9
Italy,2018.0,13.0
Jordan,2017.0,1.9
Jordan,2018.0,1.7
Jordan,2019.0,1.8
Korea,2009.0,11544.0
Korea,2010.0,11561.0
Korea,2011.0,12823.0
Korea,2012.0,13521.0
Korea,2013.0,14453.0
Korea,2014.0,14836.0
Korea,2015.0,14918.0
Korea,2016.0,15190.0
Korea,2017.0,16444.0
Korea,2018.0,18123.0
Korea,2019.0,19312.0
Laos,2017.0,11250.9
Lebanon,2019.0,4586.0
Latvia,2010.0,3.3
Latvia,2014.0,3.8
Latvia,2018.0,5.0
Lithuania,2010.0,2.8
Lithuania,2014.0,3.3
Lithuania,2018.0,4.3
Luxembourg,2010.0,16.3
Luxembourg,2014.0,16.6
Luxembourg,2018.0,17.0
Madagascar,2015.0,813.4
Malawi,2013.0,417.2
Malaysia,2011.0,5.7
Malaysia,2012.0,6.2
Malaysia,2013.0,6.5
Malaysia,2014.0,7.3
Malaysia,2015.0,7.6
Malaysia,2016.0,8.1
Malaysia,2017.0,9.3
Malaysia,2018.0,10.0
Maldives,2016.0,68.0
Mali,2013.0,233.7
Malta,2010.0,6.8
Malta,2014.0,7.6
Malta,2018.0,10.0
Mauritius,2011.0,52.7
Mauritius,2012.0,59.4
Mauritius,2013.0,68.5
Mauritius,2014.0,75.1
Mauritius,2015.0,81.3
Mauritius,2016.0,84.7
Mauritius,2017.0,90.2
Mauritius,2018.0,91.7
Mauritius,2019.0,88.6
Mexico,2016.0,29.5
Mongolia,2019.0,4248.3
Montenegro,2014.0,3.4
Nepal,2017.0,82.9
Netherlands,2010.0,14.3
Netherlands,2014.0,14.4
Netherlands,2018.0,16.0
Curacao,2018.0,56.1
Norway,2014.0,231.0
Norway,2018.0,253.0
Pakistan,2016.0,55.0
Pakistan,2017.0,74.5
Pakistan,2018.0,75.0
Paraguay,2002.0,3688.8
Paraguay,2003.0,3906.8
Paraguay,2004.0,4164.4
Paraguay,2005.0,4682.6
Paraguay,2006.0,6029.8
Paraguay,2007.0,5726.4
Paraguay,2008.0,5954.8
Paraguay,2009.0,6798.6
Paraguay,2010.0,7077.8
Paraguay,2011.0,8178.0
Paraguay,2012.0,8843.0
Paraguay,2013.0,8834.0
Paraguay,2014.0,9612.3
Paraguay,2015.0,10153.4
Paraguay,2016.0,9979.5
Paraguay,2017.0,9921.7
Paraguay,2018.0,11566.4
Paraguay,2019.0,12017.4
Poland,2014.0,17.9
Portugal,2007.0,3.5
Portugal,2008.0,3.8
Portugal,2009.0,3.8
Portugal,2010.0,3.8
Portugal,2011.0,3.7
Portugal,2012.0,3.6
Portugal,2013.0,3.7
Portugal,2014.0,4.8
Portugal,2015.0,3.7
Portugal,2016.0,3.8
Portugal,2017.0,4.0
Portugal,2018.0,4.0
Timor-Leste,2010.0,0.8
Timor-Leste,2013.0,6.5
Romania,2014.0,10.0
Russia,2015.0,177.0
Russia,2017.0,207.0
Rwanda,2017.0,708.8
Serbia,2014.0,159.8
Serbia,2015.0,167.1
Serbia,2016.0,173.1
Serbia,2017.0,181.1
Serbia,2018.0,189.1
Serbia,2019.0,210.4
Slovakia,2015.0,4.8
Slovakia,2019.0,6.6
Vietnam,2009.0,2578.0
Vietnam,2011.0,15489.6
Vietnam,2012.0,18234.2
Vietnam,2013.0,19893.3
Vietnam,2014.0,21633.1
Vietnam,2015.0,25416.9
Vietnam,2016.0,27409.4
Vietnam,2017.0,26485.8
Vietnam,2018.0,28634.5
Vietnam,2019.0,32707.6
Slovenia,2010.0,6.6
Slovenia,2014.0,6.9
Slovenia,2018.0,7.0
South Africa,2019.0,20.5
Zimbabwe,2014.0,1.6
Spain,2012.0,13.0
Spain,2013.0,13.0
Spain,2014.0,13.0
Spain,2015.0,13.0
Spain,2016.0,13.0
Spain,2017.0,13.0
Spain,2018.0,14.0
Eswatini,2016.0,14.4
Sweden,2014.0,170.1
Sweden,2015.0,161.6
Sweden,2016.0,164.0
Sweden,2017.0,167.4
Sweden,2018.0,173.8
Switzerland,2014.0,33.7
Switzerland,2018.0,33.0
Togo,2011.0,520.3
Togo,2015.0,815.3
Togo,2017.0,189.6
Tonga,2018.0,13.1
Turkey,2010.0,5.5
Turkey,2014.0,8.0
Uganda,2012.0,1660.3
Uganda,2017.0,1543.4
Ukraine,2016.0,29.5
North Macedonia,2014.0,119.0
United Kingdom,2015.0,10.8
United Kingdom,2016.0,11.1
United Kingdom,2017.0,11.5
United Kingdom,2018.0,11.8
United Kingdom,2019.0,12.1
United States,2010.0,20.6
United States,2011.0,20.9
United States,2012.0,21.1
United States,2013.0,21.4
United States,2014.0,21.7
United States,2015.0,22.1
Burkina Faso,2018.0,450.7
Uruguay,2011.0,81.5
Uruguay,2012.0,95.7
Uruguay,2013.0,106.2
Uruguay,2014.0,123.6
Uruguay,2015.0,132.8
Uruguay,2016.0,143.0
Uruguay,2017.0,161.8
Uruguay,2018.0,169.3
Uruguay,2019.0,188.3
Samoa,2012.0,5.9
Samoa,2017.0,5.2
Zambia,2017.0,19.2
Zambia,2018.0,12.3
