country,year,value
World,2019.0,21
World,2020.0,15
South America,2019.0,1
South America,2020.0,1
Oceania,2019.0,2
Oceania,2020.0,2
Western Africa,2019.0,3
Western Africa,2020.0,0
Central America,2019.0,1
Central America,2020.0,1
Eastern Africa,2020.0,0
Northern Africa,2019.0,1
Northern Africa,2020.0,0
Middle Africa,2019.0,1
Middle Africa,2020.0,0
Southern Africa,2019.0,1
Southern Africa,2020.0,1
Northern America,2020.0,0
Caribbean,2019.0,1
Caribbean,2020.0,1
Eastern Asia,2020.0,0
Southern Asia,2020.0,0
South-Eastern Asia,2020.0,0
Southern Europe,2020.0,0
Australia and New Zealand,2019.0,1
Australia and New Zealand,2020.0,1
Melanesia,2020.0,0
Micronesia,2020.0,0
Polynesia,2019.0,1
Polynesia,2020.0,1
Central and Southern Asia,2019.0,2
Central and Southern Asia,2020.0,1
Botswana,2019.0,1
Botswana,2020.0,1
Central African Republic,2019.0,1
Asia,2019.0,2
Asia,2020.0,1
Central Asia,2019.0,2
Central Asia,2020.0,1
Western Asia,2020.0,0
Europe,2019.0,8
Europe,2020.0,8
Eastern Europe,2019.0,3
Eastern Europe,2020.0,3
Chile,2019.0,1
Chile,2020.0,1
Northern Europe,2019.0,4
Northern Europe,2020.0,4
Western Europe,2019.0,1
Western Europe,2020.0,1
Least Developed Countries (LDCs),2019.0,3
Least Developed Countries (LDCs),2020.0,0
Sub-Saharan Africa,2019.0,5
Sub-Saharan Africa,2020.0,1
Czechia,2019.0,1
Czechia,2020.0,1
Benin,2019.0,1
Estonia,2019.0,1
Estonia,2020.0,1
Faeroe Islands,2019.0,1
Faeroe Islands,2020.0,1
Finland,2019.0,1
Finland,2020.0,1
Hungary,2019.0,1
Hungary,2020.0,1
Cote d'Ivoire,2019.0,1
Latin America and the Caribbean,2019.0,3
Latin America and the Caribbean,2020.0,3
Latvia,2019.0,1
Latvia,2020.0,1
Landlocked developing countries (LLDCs),2019.0,4
Landlocked developing countries (LLDCs),2020.0,2
Mexico,2019.0,1
Mexico,2020.0,1
Europe and Northern America,2019.0,8
Europe and Northern America,2020.0,8
Netherlands,2019.0,1
Netherlands,2020.0,1
Oceania (exc. Australia and New Zealand),2019.0,1
Oceania (exc. Australia and New Zealand),2020.0,1
New Zealand,2019.0,1
New Zealand,2020.0,1
Poland,2019.0,1
Poland,2020.0,1
Puerto Rico,2019.0,1
Puerto Rico,2020.0,1
Small island developing States (SIDS),2019.0,2
Small island developing States (SIDS),2020.0,2
Northern Africa and Western Asia,2019.0,1
Northern Africa and Western Asia,2020.0,0
Eastern and South-Eastern Asia,2020.0,0
Tajikistan,2019.0,1
Togo,2019.0,1
Tonga,2019.0,1
Tonga,2020.0,1
Egypt,2019.0,1
Uzbekistan,2019.0,1
Uzbekistan,2020.0,1
