country,year,value
Austria,2009.0,7.1176
Armenia,2008.0,13.11667
Cameroon,2014.0,13.64165
Canada,2016.0,6.66667
Colombia,2013.0,12.125
Colombia,2017.0,12.30957
Costa Rica,2017.0,14.33107
Fiji,2016.0,9.70491
Finland,2000.0,9.20417
Finland,2010.0,7.04167
Palestine,2000.0,18.26389
Palestine,2013.0,14.30556
Germany,2013.0,7.1
Greece,2014.0,5
Hungary,2010.0,8.02266
Kazakhstan,2018.0,13.54167
Korea,2014.0,3.54583
Korea,2019.0,3.61111
Laos,2017.0,13.32019
Mexico,2009.0,21.59066
Mexico,2014.0,21.17379
Mexico,2019.0,19.99861
Mongolia,2015.0,14.65139
Mongolia,2019.0,13.03686
Moldova,2012.0,10.68238
Norway,2011.0,7.84167
Paraguay,2016.0,9.4825
Peru,2010.0,15.84091
Poland,2013.0,10.07083
Romania,2000.0,11.66667
Romania,2012.0,8.68056
Serbia,2011.0,6.13941
Serbia,2015.0,7.4812
Switzerland,2010.0,8.41667
Switzerland,2013.0,8.4125
Switzerland,2016.0,13.38333
Turkey,2006.0,14.79354
Uganda,2018.0,15.83333
