country,year,value
China,2018.0,6.59722
Japan,2001.0,11.52778
Japan,2006.0,10.41667
Japan,2011.0,9.51389
Japan,2016.0,8.33333
United States,2003.0,12.29167
United States,2004.0,12.58333
United States,2005.0,12.75
United States,2006.0,12.79167
United States,2007.0,11.75
United States,2008.0,11.5
United States,2009.0,11.08333
United States,2010.0,10.83333
United States,2011.0,10.91667
United States,2012.0,11.54167
United States,2013.0,11.875
United States,2014.0,11.25
United States,2015.0,11.91667
United States,2016.0,11.5
United States,2017.0,11.66667
United States,2018.0,11.375
