country,year,value
World,2021.0,96.0
Africa,2021.0,26.0
Afghanistan,2021.0,1.0
South America,2021.0,7.0
Albania,2021.0,1.0
Oceania,2021.0,4.0
Western Africa,2021.0,8.0
Central America,2021.0,2.0
Eastern Africa,2021.0,6.0
Northern Africa,2021.0,4.0
Middle Africa,2021.0,4.0
Southern Africa,2021.0,4.0
Americas,2021.0,13.0
Caribbean,2021.0,4.0
Eastern Asia,2021.0,3.0
Southern Asia,2021.0,6.0
South-Eastern Asia,2021.0,8.0
Southern Europe,2021.0,6.0
Austria,2021.0,1.0
Bangladesh,2021.0,1.0
Australia and New Zealand,2021.0,1.0
Melanesia,2021.0,1.0
Micronesia,2021.0,1.0
Polynesia,2021.0,1.0
Central and Southern Asia,2021.0,10.0
Bosnia and Herzegovina,2021.0,1.0
Brazil,2021.0,1.0
Solomon Islands,2021.0,1.0
Myanmar,2021.0,1.0
Cambodia,2021.0,1.0
Caucasus and Central Asia,2021.0,5.0
Central African Republic,2021.0,1.0
Asia,2021.0,32.0
Central Asia,2021.0,4.0
Sri Lanka,2021.0,1.0
Western Asia,2021.0,11.0
Chad,2021.0,1.0
Europe,2021.0,21.0
Eastern Europe,2021.0,4.0
Chile,2021.0,1.0
Northern Europe,2021.0,5.0
Western Europe,2021.0,6.0
Colombia,2021.0,1.0
Cuba,2021.0,1.0
Cyprus,2021.0,1.0
Least Developed Countries (LDCs),2021.0,18.0
Sub-Saharan Africa,2021.0,22.0
Benin,2021.0,1.0
Dominican Republic,2021.0,1.0
Ecuador,2021.0,1.0
El Salvador,2021.0,1.0
Estonia,2021.0,1.0
Finland,2021.0,1.0
France,2021.0,1.0
Djibouti,2021.0,1.0
Gabon,2021.0,1.0
Georgia,2021.0,1.0
Greece,2021.0,1.0
Guinea,2021.0,1.0
Guyana,2021.0,1.0
Hungary,2021.0,1.0
Iceland,2021.0,1.0
India,2021.0,1.0
Indonesia,2021.0,1.0
Iran,2021.0,1.0
Israel,2021.0,1.0
Cote d'Ivoire,2021.0,1.0
Jamaica,2021.0,1.0
Japan,2021.0,1.0
Kazakhstan,2021.0,1.0
Jordan,2021.0,1.0
Kenya,2021.0,1.0
South Korea,2021.0,1.0
Kuwait,2021.0,1.0
Kyrgyzstan,2021.0,1.0
Laos,2021.0,1.0
Latin America and the Caribbean,2021.0,13.0
Lebanon,2021.0,1.0
Lesotho,2021.0,1.0
Latvia,2021.0,1.0
Landlocked developing countries (LLDCs),2021.0,17.0
Libya,2021.0,1.0
Luxembourg,2021.0,1.0
Madagascar,2021.0,1.0
Malaysia,2021.0,1.0
Mali,2021.0,1.0
Mauritius,2021.0,1.0
"Western Asia (exc. Armenia, Azerbaijan, Cyprus, Israel and Georgia)",2021.0,8.0
Monaco,2021.0,1.0
Mongolia,2021.0,1.0
Moldova,2021.0,1.0
Montenegro,2021.0,1.0
Morocco,2021.0,1.0
Oman,2021.0,1.0
Europe and Northern America,2021.0,21.0
"Developed regions (Europe, Cyprus, Israel, Northern America, Japan, Australia & New Zealand)",2021.0,25.0
Developing regions,2021.0,71.0
Namibia,2021.0,1.0
Eastern Asia (excluding Japan),2021.0,2.0
Netherlands,2021.0,1.0
Oceania (exc. Australia and New Zealand),2021.0,3.0
New Zealand,2021.0,1.0
Nicaragua,2021.0,1.0
Niger,2021.0,1.0
Nigeria,2021.0,1.0
Micronesia (country),2021.0,1.0
Pakistan,2021.0,1.0
Paraguay,2021.0,1.0
Philippines,2021.0,1.0
Poland,2021.0,1.0
Portugal,2021.0,1.0
Qatar,2021.0,1.0
Romania,2021.0,1.0
Saint Vincent and the Grenadines,2021.0,1.0
Sao Tome and Principe,2021.0,1.0
Senegal,2021.0,1.0
Seychelles,2021.0,1.0
Vietnam,2021.0,1.0
Slovenia,2021.0,1.0
South Africa,2021.0,1.0
Zimbabwe,2021.0,1.0
Small island developing States (SIDS),2021.0,11.0
Sub-Saharan Africa (inc. Sudan),2021.0,22.0
Northern Africa (exc. Sudan),2021.0,4.0
Northern Africa and Western Asia,2021.0,15.0
Eswatini,2021.0,1.0
Sweden,2021.0,1.0
Eastern and South-Eastern Asia,2021.0,11.0
Switzerland,2021.0,1.0
Syria,2021.0,1.0
Tajikistan,2021.0,1.0
Thailand,2021.0,1.0
United Arab Emirates,2021.0,1.0
Tunisia,2021.0,1.0
Turkey,2021.0,1.0
Egypt,2021.0,1.0
Burkina Faso,2021.0,1.0
Uruguay,2021.0,1.0
Uzbekistan,2021.0,1.0
Samoa,2021.0,1.0
