country,year,value
Afghanistan,2011.0,12.88914
Afghanistan,2015.0,26.37276
Albania,2009.0,0.0
Albania,2017.0,94.99794
Algeria,2013.0,67.58733
Angola,2015.0,34.67525
Azerbaijan,2006.0,87.60379
Bangladesh,2006.0,68.16719
Bangladesh,2011.0,75.98589
Bangladesh,2014.0,72.67853
Bangladesh,2019.0,80.48281
Armenia,2006.0,0.0
Armenia,2011.0,0.0
Armenia,2016.0,0.0
Barbados,2012.0,0.0
Bhutan,2010.0,48.94951
Bolivia,2000.0,41.47
Bolivia,2001.0,39.89
Bolivia,2002.0,55.18
Bolivia,2003.0,71.14188
Bolivia,2004.0,66.33
Bolivia,2005.0,77.13
Bolivia,2006.0,90.01
Bolivia,2007.0,68.49
Bolivia,2008.0,91.03767
Bolivia,2009.0,89.83
Bolivia,2011.0,73.25
Bolivia,2012.0,81.4
Bolivia,2013.0,78.8
Bolivia,2014.0,77.9
Bolivia,2015.0,79.96
Bolivia,2016.0,73.21
Bolivia,2017.0,87.84
Bolivia,2018.0,76.02
Bosnia and Herzegovina,2012.0,94.89287
Brazil,2001.0,55.97
Brazil,2002.0,57.1
Brazil,2003.0,64.69
Brazil,2004.0,69.49
Brazil,2005.0,69.98
Brazil,2006.0,71.32
Brazil,2007.0,81.32
Brazil,2008.0,83.45
Brazil,2009.0,83.31
Brazil,2011.0,82.62
Brazil,2012.0,87.44
Brazil,2013.0,93.34
Brazil,2014.0,89.02
Brazil,2015.0,85.58
Brazil,2016.0,85.41
Brazil,2017.0,87.08
Brazil,2018.0,89.31
Belize,2016.0,70.92391
Myanmar,2016.0,54.23644
Burundi,2000.0,1.86916
Burundi,2010.0,9.19176
Burundi,2017.0,32.7733
Belarus,2012.0,0.0
Cambodia,2005.0,25.15387
Cambodia,2010.0,41.87444
Cambodia,2014.0,48.69097
Cameroon,2004.0,21.12346
Cameroon,2006.0,13.66853
Cameroon,2011.0,38.19665
Cameroon,2014.0,50.15585
Cameroon,2018.0,61.38601
Central African Republic,2006.0,2.40297
Central African Republic,2010.0,2.69275
Sri Lanka,2006.0,95.20086
Chad,2004.0,0.0
Chad,2014.0,4.52753
Chile,2000.0,90.68
Chile,2003.0,94.3
Chile,2006.0,95.65
Chile,2009.0,96.49
Chile,2011.0,96.31
Chile,2013.0,95.79
Chile,2015.0,97.31
Chile,2017.0,99.84
Colombia,2002.0,39.13
Colombia,2003.0,43.74
Colombia,2004.0,42.41
Colombia,2005.0,77.5357
Colombia,2008.0,47.12
Colombia,2009.0,48.58
Colombia,2010.0,0.0
Colombia,2011.0,56.24
Colombia,2012.0,61.64
Colombia,2013.0,60.45
Colombia,2014.0,63.49
Colombia,2015.0,0.0
Colombia,2016.0,65.66
Colombia,2017.0,64.5
Colombia,2018.0,69.04
Comoros,2012.0,49.13894
Congo,2005.0,0.0
Congo,2012.0,23.1504
Congo,2015.0,0.0
Democratic Republic of Congo,2007.0,26.48302
Democratic Republic of Congo,2010.0,23.28217
Democratic Republic of Congo,2013.0,43.91975
Democratic Republic of Congo,2018.0,55.99885
Costa Rica,2000.0,34.65
Costa Rica,2001.0,37.03
Costa Rica,2002.0,34.42
Costa Rica,2003.0,45.38
Costa Rica,2004.0,47.67
Costa Rica,2005.0,39.55
Costa Rica,2006.0,47.89
Costa Rica,2007.0,47.26
Costa Rica,2008.0,63.26
Costa Rica,2009.0,57.58
Costa Rica,2010.0,68.84
Costa Rica,2011.0,90.51817
Costa Rica,2012.0,70.82
Costa Rica,2013.0,78.93
Costa Rica,2014.0,74.7
Costa Rica,2015.0,65.61
Costa Rica,2016.0,79.9
Costa Rica,2017.0,85.35
Costa Rica,2018.0,89.48409
Cuba,2014.0,0.0
Benin,2006.0,3.99352
Benin,2011.0,13.60325
Benin,2014.0,12.91057
Benin,2018.0,14.30963
Dominican Republic,2000.0,57.54
Dominican Republic,2001.0,53.23
Dominican Republic,2002.0,54.38
Dominican Republic,2003.0,74.51
Dominican Republic,2004.0,80.55
Dominican Republic,2005.0,71.06
Dominican Republic,2006.0,88.25
Dominican Republic,2007.0,91.2897
Dominican Republic,2008.0,79.1
Dominican Republic,2009.0,86.95
Dominican Republic,2010.0,86.77
Dominican Republic,2011.0,87.91
Dominican Republic,2012.0,84.67
Dominican Republic,2013.0,98.04179
Dominican Republic,2014.0,97.34974
Dominican Republic,2015.0,92.08
Dominican Republic,2016.0,97.44
Dominican Republic,2017.0,0.0
Dominican Republic,2018.0,93.56
Ecuador,2001.0,31.24
Ecuador,2003.0,41.17
Ecuador,2005.0,55.55
Ecuador,2006.0,60.44
Ecuador,2007.0,52.33
Ecuador,2008.0,67.45
Ecuador,2009.0,63.08
Ecuador,2010.0,66.39
Ecuador,2011.0,76.73
Ecuador,2012.0,78.36
Ecuador,2013.0,75.48
Ecuador,2014.0,82.81
Ecuador,2015.0,78.52
Ecuador,2016.0,84.98
Ecuador,2017.0,92.44
Ecuador,2018.0,89.75
El Salvador,2000.0,32.09
El Salvador,2001.0,37.64
El Salvador,2002.0,39.23
El Salvador,2003.0,42.02
El Salvador,2004.0,45.01
El Salvador,2005.0,48.52
El Salvador,2006.0,43.01
El Salvador,2009.0,57.9
El Salvador,2010.0,51.63
El Salvador,2012.0,59.45
El Salvador,2013.0,69.64
El Salvador,2014.0,62.42
El Salvador,2015.0,61.29
El Salvador,2016.0,68.8
El Salvador,2017.0,70.64
El Salvador,2018.0,69.65
Ethiopia,2000.0,0.0
Ethiopia,2005.0,0.83635
Ethiopia,2011.0,11.2057
Ethiopia,2016.0,15.30616
Djibouti,2006.0,0.0
Gabon,2012.0,0.0
Gambia,2006.0,23.37779
Gambia,2010.0,16.99927
Gambia,2013.0,21.02247
Gambia,2018.0,0.0
Palestine,2014.0,94.84589
Ghana,2009.0,45.70485
Ghana,2014.0,0.0
Ghana,2018.0,54.37998
Kiribati,2019.0,0.0
Guatemala,2000.0,5.95
Guatemala,2006.0,14.41
Guatemala,2014.0,35.19
Guatemala,2015.0,63.61717
Guinea,2005.0,4.29966
Guinea,2012.0,14.81476
Guinea,2016.0,9.85394
Guinea,2018.0,0.0
Guyana,2006.0,84.44117
Guyana,2009.0,88.82189
Guyana,2014.0,98.22604
Haiti,2005.0,28.06509
Haiti,2012.0,42.35772
Haiti,2017.0,40.96618
Honduras,2001.0,15.04
Honduras,2004.0,17.35
Honduras,2005.0,26.4
Honduras,2009.0,33.88
Honduras,2010.0,36.82
Honduras,2011.0,69.35198
Honduras,2012.0,46.22
Honduras,2013.0,51.11
Honduras,2014.0,45.62
Honduras,2015.0,45.49
Honduras,2016.0,50.3
Honduras,2018.0,43.27
India,2006.0,73.41843
India,2016.0,91.79922
Indonesia,2003.0,81.85999
Indonesia,2008.0,84.37872
Indonesia,2017.0,96.86762
Iraq,2011.0,38.83462
Iraq,2018.0,66.11911
Cote d'Ivoire,2006.0,21.06492
Cote d'Ivoire,2012.0,9.50698
Cote d'Ivoire,2016.0,25.98221
Jamaica,2011.0,100.0
Kazakhstan,2006.0,97.88744
Kazakhstan,2011.0,100.0
Kazakhstan,2015.0,0.0
Jordan,2007.0,98.2553
Jordan,2018.0,96.65766
Kenya,2003.0,47.79108
Kenya,2008.0,77.89349
Kenya,2014.0,87.04456
Kyrgyzstan,2006.0,97.29038
Kyrgyzstan,2012.0,96.25877
Kyrgyzstan,2014.0,99.50701
Kyrgyzstan,2018.0,100.0
Laos,2006.0,31.27433
Laos,2012.0,36.57357
Laos,2017.0,65.88509
Lesotho,2005.0,31.45581
Lesotho,2009.0,46.2262
Lesotho,2014.0,40.58363
Lesotho,2018.0,61.4096
Liberia,2007.0,10.14485
Liberia,2013.0,8.42247
Madagascar,2009.0,9.53027
Madagascar,2018.0,34.78771
Malawi,2004.0,20.39634
Malawi,2010.0,27.10916
Malawi,2016.0,24.51922
Maldives,2008.0,89.37287
Maldives,2017.0,96.86689
Mali,2006.0,4.30199
Mali,2013.0,8.64423
Mali,2015.0,23.87722
Mali,2018.0,26.83446
Mauritania,2007.0,33.21436
Mauritania,2011.0,22.19961
Mauritania,2015.0,47.00604
Mexico,2000.0,59.02
Mexico,2002.0,62.14
Mexico,2004.0,76.67
Mexico,2006.0,76.23
Mexico,2008.0,73.11
Mexico,2010.0,77.06
Mexico,2012.0,89.26
Mexico,2014.0,88.83
Mexico,2016.0,0.0
Mexico,2018.0,88.69
Mongolia,2006.0,0.0
Mongolia,2014.0,0.0
Mongolia,2018.0,0.0
Moldova,2005.0,100.0
Moldova,2012.0,100.0
Montenegro,2013.0,0.0
Montenegro,2018.0,0.0
Morocco,2004.0,0.0
Mozambique,2003.0,0.0
Mozambique,2008.0,3.14319
Mozambique,2011.0,7.28408
Namibia,2007.0,55.02927
Namibia,2013.0,70.90132
Nepal,2007.0,50.65564
Nepal,2011.0,69.28082
Nepal,2014.0,68.65011
Nepal,2016.0,56.14554
Vanuatu,2007.0,43.87643
Nicaragua,2001.0,23.71
Nicaragua,2005.0,28.29
Nicaragua,2009.0,20.02
Nicaragua,2014.0,49.33
Niger,2006.0,0.0
Niger,2012.0,0.54363
Nigeria,2003.0,52.83455
Nigeria,2007.0,66.61101
Nigeria,2008.0,69.62251
Nigeria,2011.0,75.93346
Nigeria,2013.0,73.36814
Nigeria,2016.0,76.59432
Nigeria,2018.0,77.42392
Pakistan,2007.0,51.77906
Pakistan,2012.0,61.78352
Pakistan,2018.0,60.93935
Panama,2000.0,70.77
Panama,2001.0,55.91
Panama,2002.0,65.61
Panama,2003.0,64.83
Panama,2004.0,68.47
Panama,2005.0,62.56
Panama,2006.0,71.4
Panama,2007.0,77.54
Panama,2008.0,72.72
Panama,2009.0,71.81
Panama,2011.0,73.95
Panama,2013.0,74.55
Panama,2014.0,88.31
Panama,2015.0,85.15
Panama,2016.0,87.29
Panama,2017.0,79.16
Panama,2018.0,85.02
Papua New Guinea,2018.0,58.85706
Paraguay,2001.0,39.52
Paraguay,2003.0,49.97
Paraguay,2004.0,58.81
Paraguay,2005.0,51.36
Paraguay,2006.0,51.55
Paraguay,2007.0,60.07
Paraguay,2008.0,57.81
Paraguay,2009.0,69.07
Paraguay,2010.0,75.57
Paraguay,2011.0,62.5
Paraguay,2012.0,72.08
Paraguay,2013.0,64.02
Paraguay,2014.0,72.24
Paraguay,2015.0,66.76
Paraguay,2016.0,0.0
Paraguay,2017.0,72.15
Paraguay,2018.0,71.85
Peru,2000.0,51.55
Peru,2001.0,53.13
Peru,2002.0,50.28
Peru,2003.0,46.1
Peru,2004.0,49.21
Peru,2005.0,57.21
Peru,2006.0,56.45
Peru,2007.0,52.82
Peru,2008.0,63.46
Peru,2009.0,70.4
Peru,2010.0,67.92
Peru,2011.0,72.63
Peru,2012.0,71.6
Peru,2013.0,77.39
Peru,2014.0,81.2
Peru,2015.0,83.41
Peru,2016.0,81.0
Peru,2017.0,85.73
Peru,2018.0,87.64
Philippines,2004.0,81.5355
Philippines,2018.0,96.21514
Guinea-Bissau,2014.0,9.49279
Timor,2009.0,50.38406
Timor,2016.0,79.56893
Qatar,2012.0,0.0
Rwanda,2005.0,1.37127
Rwanda,2010.0,12.94829
Rwanda,2015.0,42.28089
Saint Lucia,2012.0,0.0
Sao Tome and Principe,2009.0,30.87884
Sao Tome and Principe,2014.0,50.46033
Senegal,2005.0,2.47628
Senegal,2011.0,3.26913
Senegal,2016.0,7.77101
Senegal,2017.0,24.04011
Senegal,2018.0,24.98312
Senegal,2019.0,18.41352
Serbia,2011.0,0.0
Serbia,2014.0,0.0
Serbia,2019.0,0.0
Sierra Leone,2008.0,8.52111
Sierra Leone,2013.0,25.91536
Sierra Leone,2017.0,40.78225
Vietnam,2011.0,94.92648
Vietnam,2014.0,96.49084
South Africa,2016.0,0.0
Zimbabwe,2005.0,63.04272
Zimbabwe,2010.0,72.0888
Zimbabwe,2015.0,77.35822
Zimbabwe,2019.0,64.84903
South Sudan,2010.0,8.17066
Sudan,2014.0,53.64068
Suriname,2010.0,63.74683
Suriname,2018.0,0.0
Eswatini,2006.0,48.07346
Eswatini,2010.0,64.55936
Eswatini,2014.0,70.9238
Syria,2006.0,64.41718
Tajikistan,2006.0,84.13953
Tajikistan,2012.0,91.31918
Tajikistan,2017.0,94.86009
Thailand,2013.0,95.99843
Thailand,2016.0,96.53349
Thailand,2019.0,98.66562
Togo,2006.0,18.22062
Togo,2010.0,19.52281
Togo,2014.0,19.86106
Togo,2017.0,0.0
Tonga,2019.0,94.21557
Tunisia,2012.0,0.0
Tunisia,2018.0,0.0
Turkey,2004.0,51.30534
Turkey,2014.0,0.0
Turkmenistan,2016.0,100.0
Turkmenistan,2019.0,100.0
Uganda,2006.0,9.69821
Uganda,2011.0,21.72297
Uganda,2016.0,25.27388
Ukraine,2007.0,0.0
Ukraine,2013.0,0.0
North Macedonia,2011.0,0.0
North Macedonia,2019.0,0.0
Egypt,2005.0,88.3125
Egypt,2009.0,86.28526
Egypt,2014.0,93.80015
Tanzania,2004.0,4.66171
Tanzania,2010.0,17.85013
Tanzania,2015.0,33.82805
Burkina Faso,2003.0,1.74962
Burkina Faso,2006.0,0.0
Burkina Faso,2010.0,2.59823
Uruguay,2008.0,69.97
Uruguay,2009.0,73.1
Uruguay,2010.0,70.0
Uruguay,2011.0,81.09
Uruguay,2012.0,0.0
Uruguay,2013.0,0.0
Uruguay,2014.0,86.75
Uruguay,2015.0,0.0
Uruguay,2016.0,93.92
Uruguay,2017.0,0.0
Uruguay,2018.0,84.56
Uzbekistan,2006.0,100.0
Yemen,2006.0,30.87992
Yemen,2013.0,37.89166
Zambia,2001.0,39.50121
Zambia,2007.0,28.12481
Zambia,2013.0,61.54656
Zambia,2018.0,71.74137
