country,year,value
World,2000.0,21.3
World,2005.0,35.5
World,2010.0,45.2
World,2015.0,54.3
World,2016.0,57.3
World,2017.0,58.9
World,2018.0,59.898477157360411
World,2019.0,60.40609
Oceania,2000.0,8.333333
Oceania,2005.0,8.333333
Oceania,2010.0,0
Oceania,2015.0,0
Oceania,2016.0,8.333333
Oceania,2017.0,8.333333
Oceania,2018.0,8.3333333333333321
Oceania,2019.0,8.3333333333333321
Southern Asia,2000.0,33.3
Southern Asia,2005.0,44.4
Southern Asia,2010.0,66.7
Southern Asia,2015.0,77.8
Southern Asia,2016.0,77.8
Southern Asia,2017.0,77.8
Southern Asia,2018.0,77.777777777777786
Southern Asia,2019.0,77.777777777777786
South-Eastern Asia,2000.0,18.2
South-Eastern Asia,2005.0,36.4
South-Eastern Asia,2010.0,45.5
South-Eastern Asia,2015.0,54.5
South-Eastern Asia,2016.0,54.5
South-Eastern Asia,2017.0,54.5
South-Eastern Asia,2018.0,54.54545454545454
South-Eastern Asia,2019.0,54.54545454545454
Australia and New Zealand,2000.0,100
Australia and New Zealand,2005.0,100
Australia and New Zealand,2010.0,100
Australia and New Zealand,2015.0,100
Australia and New Zealand,2016.0,100
Australia and New Zealand,2017.0,100
Australia and New Zealand,2018.0,100
Australia and New Zealand,2019.0,100
Central and Southern Asia,2000.0,21.428571
Central and Southern Asia,2005.0,28.571429
Central and Southern Asia,2010.0,42.857143
Central and Southern Asia,2015.0,71.428571
Central and Southern Asia,2016.0,71.428571
Central and Southern Asia,2017.0,71.428571
Central and Southern Asia,2018.0,71.428571428571431
Central and Southern Asia,2019.0,71.428571428571431
Caucasus and Central Asia,2000.0,0
Caucasus and Central Asia,2005.0,0
Caucasus and Central Asia,2010.0,37.5
Caucasus and Central Asia,2015.0,75
Caucasus and Central Asia,2016.0,75
Caucasus and Central Asia,2017.0,75
Caucasus and Central Asia,2018.0,75
Caucasus and Central Asia,2019.0,75
Least Developed Countries (LDCs),2000.0,12.5
Least Developed Countries (LDCs),2005.0,27.1
Least Developed Countries (LDCs),2010.0,31.3
Least Developed Countries (LDCs),2015.0,43.8
Least Developed Countries (LDCs),2016.0,43.8
Least Developed Countries (LDCs),2017.0,47.9
Least Developed Countries (LDCs),2018.0,50
Least Developed Countries (LDCs),2019.0,50
Sub-Saharan Africa,2000.0,18.75
Sub-Saharan Africa,2005.0,39.583333
Sub-Saharan Africa,2010.0,41.666667
Sub-Saharan Africa,2015.0,47.916667
Sub-Saharan Africa,2016.0,50
Sub-Saharan Africa,2017.0,54
Sub-Saharan Africa,2018.0,57.142857142857139
Sub-Saharan Africa,2019.0,58.33333
Latin America and the Caribbean,2000.0,26.470588
Latin America and the Caribbean,2005.0,41.176471
Latin America and the Caribbean,2010.0,50
Latin America and the Caribbean,2015.0,52.941176
Latin America and the Caribbean,2016.0,52.941176
Latin America and the Caribbean,2017.0,52.941176
Latin America and the Caribbean,2018.0,55.882352941176471
Latin America and the Caribbean,2019.0,58.82353
Landlocked developing countries (LLDCs),2000.0,12.5
Landlocked developing countries (LLDCs),2005.0,34.4
Landlocked developing countries (LLDCs),2010.0,43.8
Landlocked developing countries (LLDCs),2015.0,59.4
Landlocked developing countries (LLDCs),2016.0,59.4
Landlocked developing countries (LLDCs),2017.0,62.5
Landlocked developing countries (LLDCs),2018.0,65.625
Landlocked developing countries (LLDCs),2019.0,68.75
"Western Asia (exc. Armenia, Azerbaijan, Cyprus, Israel and Georgia)",2000.0,0
"Western Asia (exc. Armenia, Azerbaijan, Cyprus, Israel and Georgia)",2005.0,7.7
"Western Asia (exc. Armenia, Azerbaijan, Cyprus, Israel and Georgia)",2010.0,23.1
"Western Asia (exc. Armenia, Azerbaijan, Cyprus, Israel and Georgia)",2015.0,38.5
"Western Asia (exc. Armenia, Azerbaijan, Cyprus, Israel and Georgia)",2016.0,46.2
"Western Asia (exc. Armenia, Azerbaijan, Cyprus, Israel and Georgia)",2017.0,46.2
"Western Asia (exc. Armenia, Azerbaijan, Cyprus, Israel and Georgia)",2018.0,46.153846153846153
"Western Asia (exc. Armenia, Azerbaijan, Cyprus, Israel and Georgia)",2019.0,46.153846153846153
Europe and North America,2000.0,28.26087
Europe and North America,2005.0,43.478261
Europe and North America,2010.0,56.521739
Europe and North America,2015.0,67.391304
Europe and North America,2016.0,69.565217
Europe and North America,2017.0,71.73913
Europe and North America,2018.0,73.91304347826086
Europe and North America,2019.0,73.91304347826086
"Developed regions (Europe, Cyprus, Israel, Northern America, Japan, Australia & New Zealand)",2000.0,30
"Developed regions (Europe, Cyprus, Israel, Northern America, Japan, Australia & New Zealand)",2005.0,44
"Developed regions (Europe, Cyprus, Israel, Northern America, Japan, Australia & New Zealand)",2010.0,56
"Developed regions (Europe, Cyprus, Israel, Northern America, Japan, Australia & New Zealand)",2015.0,68
"Developed regions (Europe, Cyprus, Israel, Northern America, Japan, Australia & New Zealand)",2016.0,70
"Developed regions (Europe, Cyprus, Israel, Northern America, Japan, Australia & New Zealand)",2017.0,72
"Developed regions (Europe, Cyprus, Israel, Northern America, Japan, Australia & New Zealand)",2018.0,74
"Developed regions (Europe, Cyprus, Israel, Northern America, Japan, Australia & New Zealand)",2019.0,74
Developing regions,2000.0,17.8
Developing regions,2005.0,32.2
Developing regions,2010.0,41.8
Developing regions,2015.0,50
Developing regions,2016.0,52
Developing regions,2017.0,52.7
Developing regions,2018.0,55.479452054794521
Developing regions,2019.0,56.16438
Eastern Asia (excluding Japan),2000.0,20
Eastern Asia (excluding Japan),2005.0,60
Eastern Asia (excluding Japan),2010.0,60
Eastern Asia (excluding Japan),2015.0,60
Eastern Asia (excluding Japan),2016.0,60
Eastern Asia (excluding Japan),2017.0,60
Eastern Asia (excluding Japan),2018.0,60
Eastern Asia (excluding Japan),2019.0,60
Oceania (exc. Australia and New Zealand),2000.0,8.3
Oceania (exc. Australia and New Zealand),2005.0,8.3
Oceania (exc. Australia and New Zealand),2010.0,0
Oceania (exc. Australia and New Zealand),2015.0,0
Oceania (exc. Australia and New Zealand),2016.0,8.3
Oceania (exc. Australia and New Zealand),2017.0,8.3
Oceania (exc. Australia and New Zealand),2018.0,8.3
Oceania (exc. Australia and New Zealand),2019.0,8.3
Small island developing States (SIDS),2000.0,2.6
Small island developing States (SIDS),2005.0,10.5
Small island developing States (SIDS),2010.0,15.8
Small island developing States (SIDS),2015.0,18.4
Small island developing States (SIDS),2016.0,21.1
Small island developing States (SIDS),2017.0,21.1
Small island developing States (SIDS),2018.0,21.052631578947366
Small island developing States (SIDS),2019.0,21.052631578947366
Sub-Saharan Africa (inc. Sudan),2000.0,18.4
Sub-Saharan Africa (inc. Sudan),2005.0,38.8
Sub-Saharan Africa (inc. Sudan),2010.0,40.8
Sub-Saharan Africa (inc. Sudan),2015.0,46.9
Sub-Saharan Africa (inc. Sudan),2016.0,48.9
Sub-Saharan Africa (inc. Sudan),2017.0,53.1
Sub-Saharan Africa (inc. Sudan),2018.0,57.142857142857139
Sub-Saharan Africa (inc. Sudan),2019.0,57.142857142857139
Northern Africa (exc. Sudan),2000.0,40
Northern Africa (exc. Sudan),2005.0,40
Northern Africa (exc. Sudan),2010.0,80
Northern Africa (exc. Sudan),2015.0,100
Northern Africa (exc. Sudan),2016.0,100
Northern Africa (exc. Sudan),2017.0,100
Northern Africa (exc. Sudan),2018.0,100
Northern Africa (exc. Sudan),2019.0,100
Northern Africa and Western Asia,2000.0,8.333333
Northern Africa and Western Asia,2005.0,12.5
Northern Africa and Western Asia,2010.0,41.666667
Northern Africa and Western Asia,2015.0,58.333333
Northern Africa and Western Asia,2016.0,62.5
Northern Africa and Western Asia,2017.0,62.5
Northern Africa and Western Asia,2018.0,62.5
Northern Africa and Western Asia,2019.0,62.5
Eastern and South-Eastern Asia,2000.0,17.647059
Eastern and South-Eastern Asia,2005.0,41.176471
Eastern and South-Eastern Asia,2010.0,47.058824
Eastern and South-Eastern Asia,2015.0,52.941176
Eastern and South-Eastern Asia,2016.0,52.941176
Eastern and South-Eastern Asia,2017.0,52.941176
Eastern and South-Eastern Asia,2018.0,52.941176470588239
Eastern and South-Eastern Asia,2019.0,52.941176470588239
