country,year,value
Argentina,2018.0,162.0
Bolivia,2012.0,21.0
Bolivia,2015.0,19.0
Bolivia,2016.0,33.0
Belize,2017.0,8.0
Belize,2018.0,3.2
Chad,2018.0,990.4
Chile,2015.0,4006.4
Chile,2017.0,3122.5
Costa Rica,2013.0,1607.7
Costa Rica,2014.0,1394.3
Costa Rica,2015.0,1394.5
Costa Rica,2016.0,1546.0
Costa Rica,2017.0,1912.5
Costa Rica,2018.0,1824.5
Costa Rica,2019.0,1275.2
Finland,2013.0,18.5
Finland,2014.0,18.1
Finland,2016.0,17.9
Finland,2017.0,17.3
Gambia,2012.0,8.4
Guatemala,2010.0,16.3
Guyana,2018.0,420.3
Honduras,2019.0,105.7
Israel,2014.0,31.0
Israel,2015.0,29.7
Israel,2016.0,36.0
Israel,2018.0,39.0
Korea,2009.0,20461.0
Korea,2010.0,21768.0
Korea,2011.0,22851.0
Laos,2017.0,6743.3
Lithuania,2018.0,0.0
Maldives,2016.0,86.0
Mauritius,2014.0,118.8
Mauritius,2018.0,66.2
Mexico,2016.0,55.9
Curacao,2018.0,81.2
Pakistan,2017.0,0.0
Pakistan,2018.0,0.0
Timor-Leste,2010.0,1.1
Timor-Leste,2013.0,0.8
Serbia,2014.0,175.9
Serbia,2015.0,168.9
Serbia,2016.0,182.2
Slovakia,2019.0,7.2
Vietnam,2011.0,12642.5
Vietnam,2012.0,20078.3
Vietnam,2013.0,19495.5
Vietnam,2014.0,29173.6
Vietnam,2015.0,26169.9
South Africa,2019.0,10.0
Sweden,2015.0,204.1
Sweden,2016.0,199.4
Sweden,2017.0,201.7
Sweden,2018.0,207.0
Togo,2011.0,256.3
Zambia,2017.0,25.0
