country,year,value
Canada,2016.0,10.2673
Canada,2017.0,8.75286
Canada,2018.0,9.74015
Canada,2019.0,9.5848
Rwanda,2016.0,7.04221
Rwanda,2017.0,6.22501
Rwanda,2018.0,6.74776
Rwanda,2019.0,5.37425
South Africa,2016.0,12.55398
South Africa,2017.0,13.74734
South Africa,2018.0,12.01426
South Africa,2019.0,12.61829
United Kingdom,2016.0,6.44315
United Kingdom,2017.0,5.21103
United Kingdom,2018.0,5.95321
United Kingdom,2019.0,5.96043
Tanzania,2016.0,12.942
Tanzania,2017.0,12.11505
Tanzania,2018.0,18.144
Tanzania,2019.0,10.43407
United States,2016.0,8.05061
United States,2017.0,6.83888
United States,2018.0,6.12283
United States,2019.0,5.85026
