country,year,value
Argentina,2000.0,2.17391
Argentina,2005.0,2.12766
Argentina,2010.0,2.08333
Argentina,2015.0,2.08333
Argentina,2016.0,2.08333
Argentina,2017.0,2.08333
Argentina,2018.0,2.08333
Argentina,2019.0,2.08333
Austria,2000.0,2.17391
Austria,2005.0,2.12766
Austria,2010.0,2.08333
Austria,2015.0,2.08333
Austria,2016.0,2.08333
Austria,2017.0,2.08333
Austria,2018.0,2.08333
Austria,2019.0,2.08333
Bahamas,2000.0,2.17391
Bahamas,2005.0,2.12766
Bahamas,2010.0,2.08333
Bahamas,2015.0,2.08333
Bahamas,2016.0,2.08333
Bahamas,2017.0,2.08333
Bahamas,2018.0,2.08333
Bahamas,2019.0,2.08333
Barbados,2000.0,2.17391
Barbados,2005.0,2.12766
Barbados,2010.0,2.08333
Barbados,2015.0,2.08333
Barbados,2016.0,2.08333
Barbados,2017.0,2.08333
Barbados,2018.0,2.08333
Barbados,2019.0,2.08333
Belgium,2000.0,2.17391
Belgium,2005.0,2.12766
Belgium,2010.0,2.08333
Belgium,2015.0,2.08333
Belgium,2016.0,2.08333
Belgium,2017.0,2.08333
Belgium,2018.0,2.08333
Belgium,2019.0,2.08333
Bolivia,2000.0,2.17391
Bolivia,2005.0,2.12766
Bolivia,2010.0,2.08333
Bolivia,2015.0,2.08333
Bolivia,2016.0,2.08333
Bolivia,2017.0,2.08333
Bolivia,2018.0,2.08333
Bolivia,2019.0,2.08333
Brazil,2000.0,2.17391
Brazil,2005.0,2.12766
Brazil,2010.0,2.08333
Brazil,2015.0,2.08333
Brazil,2016.0,2.08333
Brazil,2017.0,2.08333
Brazil,2018.0,2.08333
Brazil,2019.0,2.08333
Belize,2000.0,2.17391
Belize,2005.0,2.12766
Belize,2010.0,2.08333
Belize,2015.0,2.08333
Belize,2016.0,2.08333
Belize,2017.0,2.08333
Belize,2018.0,2.08333
Belize,2019.0,2.08333
Canada,2000.0,2.17391
Canada,2005.0,2.12766
Canada,2010.0,2.08333
Canada,2015.0,2.08333
Canada,2016.0,2.08333
Canada,2017.0,2.08333
Canada,2018.0,2.08333
Canada,2019.0,2.08333
Chile,2000.0,2.17391
Chile,2005.0,2.12766
Chile,2010.0,2.08333
Chile,2015.0,2.08333
Chile,2016.0,2.08333
Chile,2017.0,2.08333
Chile,2018.0,2.08333
Chile,2019.0,2.08333
China,2000.0,0.0
China,2005.0,0.0
China,2010.0,2.08333
China,2015.0,2.08333
China,2016.0,2.08333
China,2017.0,2.08333
China,2018.0,2.08333
China,2019.0,2.08333
Colombia,2000.0,2.17391
Colombia,2005.0,2.12766
Colombia,2010.0,2.08333
Colombia,2015.0,2.08333
Colombia,2016.0,2.08333
Colombia,2017.0,2.08333
Colombia,2018.0,2.08333
Colombia,2019.0,2.08333
Costa Rica,2000.0,2.17391
Costa Rica,2005.0,2.12766
Costa Rica,2010.0,2.08333
Costa Rica,2015.0,2.08333
Costa Rica,2016.0,2.08333
Costa Rica,2017.0,2.08333
Costa Rica,2018.0,2.08333
Costa Rica,2019.0,2.08333
Croatia,2000.0,2.17391
Croatia,2005.0,2.12766
Croatia,2010.0,2.08333
Croatia,2015.0,2.08333
Croatia,2016.0,2.08333
Croatia,2017.0,2.08333
Croatia,2018.0,2.08333
Croatia,2019.0,2.08333
Least Developed Countries (LDCs),2000.0,2.17391
Least Developed Countries (LDCs),2005.0,2.12766
Least Developed Countries (LDCs),2010.0,2.08333
Least Developed Countries (LDCs),2015.0,2.08333
Least Developed Countries (LDCs),2016.0,2.08333
Least Developed Countries (LDCs),2017.0,2.08333
Least Developed Countries (LDCs),2018.0,2.08333
Least Developed Countries (LDCs),2019.0,2.08333
Denmark,2000.0,2.17391
Denmark,2005.0,2.12766
Denmark,2010.0,2.08333
Denmark,2015.0,2.08333
Denmark,2016.0,2.08333
Denmark,2017.0,2.08333
Denmark,2018.0,2.08333
Denmark,2019.0,2.08333
Dominican Republic,2000.0,2.17391
Dominican Republic,2005.0,2.12766
Dominican Republic,2010.0,2.08333
Dominican Republic,2015.0,2.08333
Dominican Republic,2016.0,2.08333
Dominican Republic,2017.0,2.08333
Dominican Republic,2018.0,2.08333
Dominican Republic,2019.0,2.08333
Ecuador,2000.0,2.17391
Ecuador,2005.0,2.12766
Ecuador,2010.0,2.08333
Ecuador,2015.0,2.08333
Ecuador,2016.0,2.08333
Ecuador,2017.0,2.08333
Ecuador,2018.0,2.08333
Ecuador,2019.0,2.08333
El Salvador,2000.0,2.17391
El Salvador,2005.0,2.12766
El Salvador,2010.0,2.08333
El Salvador,2015.0,2.08333
El Salvador,2016.0,2.08333
El Salvador,2017.0,2.08333
El Salvador,2018.0,2.08333
El Salvador,2019.0,2.08333
Finland,2000.0,2.17391
Finland,2005.0,2.12766
Finland,2010.0,2.08333
Finland,2015.0,2.08333
Finland,2016.0,2.08333
Finland,2017.0,2.08333
Finland,2018.0,2.08333
Finland,2019.0,2.08333
France,2000.0,2.17391
France,2005.0,2.12766
France,2010.0,2.08333
France,2015.0,2.08333
France,2016.0,2.08333
France,2017.0,2.08333
France,2018.0,2.08333
France,2019.0,2.08333
Germany,2000.0,2.17391
Germany,2005.0,2.12766
Germany,2010.0,2.08333
Germany,2015.0,2.08333
Germany,2016.0,2.08333
Germany,2017.0,2.08333
Germany,2018.0,2.08333
Germany,2019.0,2.08333
Guatemala,2000.0,2.17391
Guatemala,2005.0,2.12766
Guatemala,2010.0,2.08333
Guatemala,2015.0,2.08333
Guatemala,2016.0,2.08333
Guatemala,2017.0,2.08333
Guatemala,2018.0,2.08333
Guatemala,2019.0,2.08333
Guyana,2000.0,2.17391
Guyana,2005.0,2.12766
Guyana,2010.0,2.08333
Guyana,2015.0,2.08333
Guyana,2016.0,2.08333
Guyana,2017.0,2.08333
Guyana,2018.0,2.08333
Guyana,2019.0,2.08333
Haiti,2000.0,2.17391
Haiti,2005.0,2.12766
Haiti,2010.0,2.08333
Haiti,2015.0,2.08333
Haiti,2016.0,2.08333
Haiti,2017.0,2.08333
Haiti,2018.0,2.08333
Haiti,2019.0,2.08333
Honduras,2000.0,2.17391
Honduras,2005.0,2.12766
Honduras,2010.0,2.08333
Honduras,2015.0,2.08333
Honduras,2016.0,2.08333
Honduras,2017.0,2.08333
Honduras,2018.0,2.08333
Honduras,2019.0,2.08333
Israel,2000.0,2.17391
Israel,2005.0,2.12766
Israel,2010.0,2.08333
Israel,2015.0,2.08333
Israel,2016.0,2.08333
Israel,2017.0,2.08333
Israel,2018.0,2.08333
Israel,2019.0,2.08333
Italy,2000.0,2.17391
Italy,2005.0,2.12766
Italy,2010.0,2.08333
Italy,2015.0,2.08333
Italy,2016.0,2.08333
Italy,2017.0,2.08333
Italy,2018.0,2.08333
Italy,2019.0,2.08333
Jamaica,2000.0,2.17391
Jamaica,2005.0,2.12766
Jamaica,2010.0,2.08333
Jamaica,2015.0,2.08333
Jamaica,2016.0,2.08333
Jamaica,2017.0,2.08333
Jamaica,2018.0,2.08333
Jamaica,2019.0,2.08333
Japan,2000.0,2.17391
Japan,2005.0,2.12766
Japan,2010.0,2.08333
Japan,2015.0,2.08333
Japan,2016.0,2.08333
Japan,2017.0,2.08333
Japan,2018.0,2.08333
Japan,2019.0,2.08333
South Korea,2000.0,0.0
South Korea,2005.0,2.12766
South Korea,2010.0,2.08333
South Korea,2015.0,2.08333
South Korea,2016.0,2.08333
South Korea,2017.0,2.08333
South Korea,2018.0,2.08333
South Korea,2019.0,2.08333
Landlocked developing countries (LLDCs),2000.0,4.34783
Landlocked developing countries (LLDCs),2005.0,4.25532
Landlocked developing countries (LLDCs),2010.0,4.16667
Landlocked developing countries (LLDCs),2015.0,4.16667
Landlocked developing countries (LLDCs),2016.0,4.16667
Landlocked developing countries (LLDCs),2017.0,4.16667
Landlocked developing countries (LLDCs),2018.0,4.16667
Landlocked developing countries (LLDCs),2019.0,4.16667
Mexico,2000.0,2.17391
Mexico,2005.0,2.12766
Mexico,2010.0,2.08333
Mexico,2015.0,2.08333
Mexico,2016.0,2.08333
Mexico,2017.0,2.08333
Mexico,2018.0,2.08333
Mexico,2019.0,2.08333
"Developed regions (Europe, Cyprus, Israel, Northern America, Japan, Australia & New Zealand)",2000.0,43.47826
"Developed regions (Europe, Cyprus, Israel, Northern America, Japan, Australia & New Zealand)",2005.0,42.55319
"Developed regions (Europe, Cyprus, Israel, Northern America, Japan, Australia & New Zealand)",2010.0,41.66667
"Developed regions (Europe, Cyprus, Israel, Northern America, Japan, Australia & New Zealand)",2015.0,41.66667
"Developed regions (Europe, Cyprus, Israel, Northern America, Japan, Australia & New Zealand)",2016.0,41.66667
"Developed regions (Europe, Cyprus, Israel, Northern America, Japan, Australia & New Zealand)",2017.0,41.66667
"Developed regions (Europe, Cyprus, Israel, Northern America, Japan, Australia & New Zealand)",2018.0,41.66667
"Developed regions (Europe, Cyprus, Israel, Northern America, Japan, Australia & New Zealand)",2019.0,41.66667
Developing regions,2000.0,56.52174
Developing regions,2005.0,57.44681
Developing regions,2010.0,58.33333
Developing regions,2015.0,58.33333
Developing regions,2016.0,58.33333
Developing regions,2017.0,58.33333
Developing regions,2018.0,58.33333
Developing regions,2019.0,58.33333
Netherlands,2000.0,2.17391
Netherlands,2005.0,2.12766
Netherlands,2010.0,2.08333
Netherlands,2015.0,2.08333
Netherlands,2016.0,2.08333
Netherlands,2017.0,2.08333
Netherlands,2018.0,2.08333
Netherlands,2019.0,2.08333
Nicaragua,2000.0,2.17391
Nicaragua,2005.0,2.12766
Nicaragua,2010.0,2.08333
Nicaragua,2015.0,2.08333
Nicaragua,2016.0,2.08333
Nicaragua,2017.0,2.08333
Nicaragua,2018.0,2.08333
Nicaragua,2019.0,2.08333
Norway,2000.0,2.17391
Norway,2005.0,2.12766
Norway,2010.0,2.08333
Norway,2015.0,2.08333
Norway,2016.0,2.08333
Norway,2017.0,2.08333
Norway,2018.0,2.08333
Norway,2019.0,2.08333
Panama,2000.0,2.17391
Panama,2005.0,2.12766
Panama,2010.0,2.08333
Panama,2015.0,2.08333
Panama,2016.0,2.08333
Panama,2017.0,2.08333
Panama,2018.0,2.08333
Panama,2019.0,2.08333
Paraguay,2000.0,2.17391
Paraguay,2005.0,2.12766
Paraguay,2010.0,2.08333
Paraguay,2015.0,2.08333
Paraguay,2016.0,2.08333
Paraguay,2017.0,2.08333
Paraguay,2018.0,2.08333
Paraguay,2019.0,2.08333
Peru,2000.0,2.17391
Peru,2005.0,2.12766
Peru,2010.0,2.08333
Peru,2015.0,2.08333
Peru,2016.0,2.08333
Peru,2017.0,2.08333
Peru,2018.0,2.08333
Peru,2019.0,2.08333
Portugal,2000.0,2.17391
Portugal,2005.0,2.12766
Portugal,2010.0,2.08333
Portugal,2015.0,2.08333
Portugal,2016.0,2.08333
Portugal,2017.0,2.08333
Portugal,2018.0,2.08333
Portugal,2019.0,2.08333
Slovenia,2000.0,2.17391
Slovenia,2005.0,2.12766
Slovenia,2010.0,2.08333
Slovenia,2015.0,2.08333
Slovenia,2016.0,2.08333
Slovenia,2017.0,2.08333
Slovenia,2018.0,2.08333
Slovenia,2019.0,2.08333
Small island developing States (SIDS),2000.0,19.56522
Small island developing States (SIDS),2005.0,19.14894
Small island developing States (SIDS),2010.0,18.75
Small island developing States (SIDS),2016.0,18.75
Small island developing States (SIDS),2017.0,18.75
Small island developing States (SIDS),2018.0,18.75
Small island developing States (SIDS),2019.0,18.75
Spain,2000.0,2.17391
Spain,2005.0,2.12766
Spain,2010.0,2.08333
Spain,2015.0,2.08333
Spain,2016.0,2.08333
Spain,2017.0,2.08333
Spain,2018.0,2.08333
Spain,2019.0,2.08333
Suriname,2000.0,2.17391
Suriname,2005.0,2.12766
Suriname,2010.0,2.08333
Suriname,2015.0,2.08333
Suriname,2016.0,2.08333
Suriname,2017.0,2.08333
Suriname,2018.0,2.08333
Suriname,2019.0,2.08333
Sweden,2000.0,2.17391
Sweden,2005.0,2.12766
Sweden,2010.0,2.08333
Sweden,2015.0,2.08333
Sweden,2016.0,2.08333
Sweden,2017.0,2.08333
Sweden,2018.0,2.08333
Sweden,2019.0,2.08333
Switzerland,2000.0,2.17391
Switzerland,2005.0,2.12766
Switzerland,2010.0,2.08333
Switzerland,2015.0,2.08333
Switzerland,2016.0,2.08333
Switzerland,2017.0,2.08333
Switzerland,2018.0,2.08333
Switzerland,2019.0,2.08333
Trinidad and Tobago,2000.0,2.17391
Trinidad and Tobago,2005.0,2.12766
Trinidad and Tobago,2010.0,2.08333
Trinidad and Tobago,2015.0,2.08333
Trinidad and Tobago,2016.0,2.08333
Trinidad and Tobago,2017.0,2.08333
Trinidad and Tobago,2018.0,2.08333
Trinidad and Tobago,2019.0,2.08333
United Kingdom,2000.0,2.17391
United Kingdom,2005.0,2.12766
United Kingdom,2010.0,2.08333
United Kingdom,2015.0,2.08333
United Kingdom,2016.0,2.08333
United Kingdom,2017.0,2.08333
United Kingdom,2018.0,2.08333
United Kingdom,2019.0,2.08333
United States,2000.0,2.17391
United States,2005.0,2.12766
United States,2010.0,2.08333
United States,2015.0,2.08333
United States,2016.0,2.08333
United States,2017.0,2.08333
United States,2018.0,2.08333
United States,2019.0,2.08333
Uruguay,2000.0,2.17391
Uruguay,2005.0,2.12766
Uruguay,2010.0,2.08333
Uruguay,2015.0,2.08333
Uruguay,2016.0,2.08333
Uruguay,2017.0,2.08333
Uruguay,2018.0,2.08333
Uruguay,2019.0,2.08333
Venezuela,2000.0,2.17391
Venezuela,2005.0,2.12766
Venezuela,2010.0,2.08333
Venezuela,2015.0,2.08333
Venezuela,2016.0,2.08333
Venezuela,2017.0,2.08333
Venezuela,2018.0,2.08333
Venezuela,2019.0,2.08333
