country,year,value
Afghanistan,2011.0,0.30115
Afghanistan,2015.0,0.51036
Albania,2009.0,0
Albania,2017.0,0.94998
Algeria,2013.0,1.10281
Angola,2015.0,0
Azerbaijan,2006.0,0
Bangladesh,2006.0,1.14333
Bangladesh,2011.0,1.13537
Bangladesh,2014.0,1.04024
Bangladesh,2019.0,1.13433
Armenia,2006.0,0
Armenia,2011.0,0
Armenia,2016.0,0
Barbados,2012.0,0
Bhutan,2010.0,0.91299
Bolivia,2000.0,0.63829
Bolivia,2001.0,0.70552
Bolivia,2002.0,0.84065
Bolivia,2003.0,0.85618
Bolivia,2004.0,0.98034
Bolivia,2005.0,1.07844
Bolivia,2006.0,1.16409
Bolivia,2007.0,0.98988
Bolivia,2008.0,1.00195
Bolivia,2009.0,1.10286
Bolivia,2011.0,0.87442
Bolivia,2012.0,1.00283
Bolivia,2013.0,0.99119
Bolivia,2014.0,0.93878
Bolivia,2015.0,1.03427
Bolivia,2016.0,0.87061
Bolivia,2017.0,0.94993
Bolivia,2018.0,0.95287
Bosnia and Herzegovina,2012.0,0.94893
Brazil,2001.0,1.21833
Brazil,2002.0,1.24939
Brazil,2003.0,1.14423
Brazil,2004.0,1.27486
Brazil,2005.0,1.24793
Brazil,2006.0,1.17344
Brazil,2007.0,1.26795
Brazil,2008.0,1.24194
Brazil,2009.0,1.25423
Brazil,2011.0,1.21339
Brazil,2012.0,1.16102
Brazil,2013.0,1.21438
Brazil,2014.0,1.21647
Brazil,2015.0,1.08273
Brazil,2016.0,1.1371
Brazil,2017.0,1.16353
Brazil,2018.0,1.12082
Belize,2016.0,1.04123
Myanmar,2016.0,1.03521
Burundi,2000.0,0.20561
Burundi,2010.0,0.64647
Burundi,2017.0,1.05828
Belarus,2012.0,0
Cambodia,2005.0,0.6733
Cambodia,2010.0,0.80865
Cambodia,2014.0,0.868
Cameroon,2004.0,0.8496
Cameroon,2006.0,0.4218
Cameroon,2011.0,0.93772
Cameroon,2014.0,0.95812
Cameroon,2018.0,1.1038
Central African Republic,2006.0,0.68409
Central African Republic,2010.0,0.22835
Sri Lanka,2006.0,1.02747
Chad,2004.0,0
Chad,2014.0,0.52599
Chile,2000.0,1.12494
Chile,2003.0,1.05504
Chile,2006.0,1.02373
Chile,2009.0,1.11659
Chile,2011.0,1.03426
Chile,2013.0,1.01608
Chile,2015.0,1.00462
Chile,2017.0,1.04798
Colombia,2002.0,1.3841
Colombia,2003.0,1.38272
Colombia,2004.0,1.17048
Colombia,2005.0,1.05815
Colombia,2008.0,1.11184
Colombia,2009.0,1.155
Colombia,2010.0,0
Colombia,2011.0,1.17176
Colombia,2012.0,1.28066
Colombia,2013.0,1.20314
Colombia,2014.0,1.212
Colombia,2015.0,0
Colombia,2016.0,1.10768
Colombia,2017.0,1.11767
Colombia,2018.0,1.07054
Comoros,2012.0,1.03684
Congo,2005.0,0
Congo,2012.0,0.90149
Congo,2015.0,0
Democratic Republic of Congo,2007.0,1.3393
Democratic Republic of Congo,2010.0,0.71057
Democratic Republic of Congo,2013.0,0.74284
Democratic Republic of Congo,2018.0,0.8131
Costa Rica,2000.0,1.02482
Costa Rica,2001.0,1.28679
Costa Rica,2002.0,1.29866
Costa Rica,2003.0,1.36933
Costa Rica,2004.0,1.29369
Costa Rica,2005.0,1.27358
Costa Rica,2006.0,1.15932
Costa Rica,2007.0,1.04909
Costa Rica,2008.0,1.28691
Costa Rica,2009.0,1.24123
Costa Rica,2010.0,1.28922
Costa Rica,2011.0,1.2442
Costa Rica,2012.0,1.19034
Costa Rica,2013.0,1.2525
Costa Rica,2014.0,1.31312
Costa Rica,2015.0,1.04816
Costa Rica,2016.0,1.31126
Costa Rica,2017.0,1.3017
Costa Rica,2018.0,1.07589
Cuba,2014.0,0
Benin,2006.0,0.11313
Benin,2011.0,0.27907
Benin,2014.0,0.30487
Benin,2018.0,0.57506
Dominican Republic,2000.0,1.03337
Dominican Republic,2001.0,1.19594
Dominican Republic,2002.0,1.21662
Dominican Republic,2003.0,1.39471
Dominican Republic,2004.0,1.41217
Dominican Republic,2005.0,1.22361
Dominican Republic,2006.0,1.32533
Dominican Republic,2007.0,1.17153
Dominican Republic,2008.0,1.38925
Dominican Republic,2009.0,1.24002
Dominican Republic,2010.0,1.26472
Dominican Republic,2011.0,1.11284
Dominican Republic,2012.0,1.13535
Dominican Republic,2013.0,1.15715
Dominican Republic,2014.0,1.18593
Dominican Republic,2015.0,1.20167
Dominican Republic,2016.0,1.31548
Dominican Republic,2017.0,0
Dominican Republic,2018.0,1.19944
Ecuador,2001.0,0.87263
Ecuador,2003.0,1.23609
Ecuador,2005.0,1.09127
Ecuador,2006.0,1.29021
Ecuador,2007.0,1.34206
Ecuador,2008.0,1.27279
Ecuador,2009.0,1.14949
Ecuador,2010.0,1.05001
Ecuador,2011.0,1.15405
Ecuador,2012.0,1.08538
Ecuador,2013.0,0.9467
Ecuador,2014.0,1.05084
Ecuador,2015.0,0.9707
Ecuador,2016.0,0.99753
Ecuador,2017.0,1.1085
Ecuador,2018.0,1.00156
El Salvador,2000.0,0.86636
El Salvador,2001.0,1.02152
El Salvador,2002.0,1.01861
El Salvador,2003.0,1.22228
El Salvador,2004.0,0.92881
El Salvador,2005.0,1.09955
El Salvador,2006.0,0.92614
El Salvador,2009.0,1.27185
El Salvador,2010.0,0.94405
El Salvador,2012.0,1.10967
El Salvador,2013.0,1.20017
El Salvador,2014.0,0.89542
El Salvador,2015.0,0.8911
El Salvador,2016.0,1.01265
El Salvador,2017.0,1.05592
El Salvador,2018.0,0.94839
Ethiopia,2000.0,0
Ethiopia,2005.0,0.21896
Ethiopia,2011.0,1.11447
Ethiopia,2016.0,0.79889
Djibouti,2006.0,0
Gabon,2012.0,0
Gambia,2006.0,0.7503
Gambia,2010.0,1.55409
Gambia,2013.0,0.61284
Gambia,2018.0,0
Palestine,2014.0,1.08707
Ghana,2009.0,0.82076
Ghana,2014.0,0
Ghana,2018.0,0.89222
Kiribati,2019.0,0
Guatemala,2000.0,0.33673
Guatemala,2006.0,0.58913
Guatemala,2014.0,0.96411
Guatemala,2015.0,0.93556
Guinea,2005.0,0.31943
Guinea,2012.0,0.52092
Guinea,2016.0,0.24843
Guinea,2018.0,0
Guyana,2006.0,1.0372
Guyana,2009.0,0.99885
Guyana,2014.0,1.08981
Haiti,2005.0,0.6652
Haiti,2012.0,1.09627
Haiti,2017.0,0.98205
Honduras,2001.0,1.42154
Honduras,2004.0,1.39308
Honduras,2005.0,1.50038
Honduras,2009.0,1.29339
Honduras,2010.0,1.07605
Honduras,2011.0,1.19416
Honduras,2012.0,1.43812
Honduras,2013.0,1.31207
Honduras,2014.0,1.48246
Honduras,2015.0,1.41701
Honduras,2016.0,1.14453
Honduras,2018.0,1.28981
India,2006.0,0.90029
India,2016.0,0.96833
Indonesia,2003.0,1.02687
Indonesia,2008.0,1.00334
Indonesia,2017.0,1.0434
Iraq,2011.0,0.79866
Iraq,2018.0,1.19897
Cote d'Ivoire,2006.0,0.72112
Cote d'Ivoire,2012.0,0.62663
Cote d'Ivoire,2016.0,1.06252
Jamaica,2011.0,1.07558
Kazakhstan,2006.0,0
Kazakhstan,2011.0,1
Kazakhstan,2015.0,0
Jordan,2007.0,0.9986
Jordan,2018.0,1.01597
Kenya,2003.0,1.03538
Kenya,2008.0,1.12315
Kenya,2014.0,1.08446
Kyrgyzstan,2006.0,1.04928
Kyrgyzstan,2012.0,1.11701
Kyrgyzstan,2014.0,0.99507
Kyrgyzstan,2018.0,1.01244
Laos,2006.0,0.65302
Laos,2012.0,0.65664
Laos,2017.0,0.9362
Lesotho,2005.0,1.42284
Lesotho,2009.0,1.33673
Lesotho,2014.0,1.36937
Lesotho,2018.0,0
Liberia,2007.0,0.79699
Liberia,2013.0,0.49634
Madagascar,2009.0,1.24305
Madagascar,2018.0,1.04775
Malawi,2004.0,1.01356
Malawi,2010.0,1.08987
Malawi,2016.0,1.0915
Maldives,2008.0,1.21473
Maldives,2017.0,1.18448
Mali,2006.0,0.51227
Mali,2013.0,0.44629
Mali,2015.0,0.63518
Mali,2018.0,0.60674
Mauritania,2007.0,0.73606
Mauritania,2011.0,0.46335
Mauritania,2015.0,0.58912
Mexico,2000.0,1.0654
Mexico,2002.0,0.99044
Mexico,2004.0,1.09482
Mexico,2006.0,0.99297
Mexico,2008.0,1.07181
Mexico,2010.0,1.07553
Mexico,2012.0,1.12122
Mexico,2014.0,1.18811
Mexico,2016.0,0
Mexico,2018.0,1.0186
Mongolia,2006.0,0
Mongolia,2014.0,0
Mongolia,2018.0,0
Moldova,2005.0,1.05719
Moldova,2012.0,1
Montenegro,2013.0,0
Montenegro,2018.0,0
Morocco,2004.0,0
Mozambique,2003.0,0
Mozambique,2008.0,0.48244
Mozambique,2011.0,0.40452
Namibia,2007.0,1.26885
Namibia,2013.0,1.47589
Nepal,2007.0,0.89946
Nepal,2011.0,0.92363
Nepal,2014.0,0.89312
Nepal,2016.0,0.83704
Vanuatu,2007.0,1.05486
Nicaragua,2001.0,1.38633
Nicaragua,2005.0,1.61753
Nicaragua,2009.0,0.93508
Nicaragua,2014.0,1.46179
Niger,2006.0,0
Niger,2012.0,0.14999
Nigeria,2003.0,0.89704
Nigeria,2007.0,0.96843
Nigeria,2008.0,0.93331
Nigeria,2011.0,0.97282
Nigeria,2013.0,0.87518
Nigeria,2016.0,0.87692
Nigeria,2018.0,0.8945
Pakistan,2007.0,0.8421
Pakistan,2012.0,0.86769
Pakistan,2018.0,0.83184
Panama,2000.0,1.33545
Panama,2001.0,1.14953
Panama,2002.0,1.385
Panama,2003.0,1.26932
Panama,2004.0,1.22623
Panama,2005.0,1.09655
Panama,2006.0,1.1381
Panama,2007.0,1.21318
Panama,2008.0,1.1613
Panama,2009.0,1.17978
Panama,2011.0,1.05477
Panama,2013.0,0.96906
Panama,2014.0,1.15944
Panama,2015.0,1.16078
Panama,2016.0,1.09348
Panama,2017.0,1.00215
Panama,2018.0,1.07681
Papua New Guinea,2018.0,1.08499
Paraguay,2001.0,1.37576
Paraguay,2003.0,1.03482
Paraguay,2004.0,1.10372
Paraguay,2005.0,1.02823
Paraguay,2006.0,1.02056
Paraguay,2007.0,1.15415
Paraguay,2008.0,1.03875
Paraguay,2009.0,1.17359
Paraguay,2010.0,1.21688
Paraguay,2011.0,1.06768
Paraguay,2012.0,1.16787
Paraguay,2013.0,0.87519
Paraguay,2014.0,1.0778
Paraguay,2015.0,0.9358
Paraguay,2016.0,0
Paraguay,2017.0,1.09854
Paraguay,2018.0,1.16354
Peru,2000.0,0.94866
Peru,2001.0,0.95472
Peru,2002.0,0.86466
Peru,2003.0,0.79661
Peru,2004.0,0.7513
Peru,2005.0,0.88342
Peru,2006.0,0.95242
Peru,2007.0,0.93636
Peru,2008.0,0.95457
Peru,2009.0,1.00384
Peru,2010.0,0.93929
Peru,2011.0,1.01515
Peru,2012.0,0.97681
Peru,2013.0,0.98914
Peru,2014.0,1.03732
Peru,2015.0,1.02961
Peru,2016.0,1.03123
Peru,2017.0,1.02286
Peru,2018.0,1.01118
Philippines,2004.0,1.07941
Philippines,2018.0,1.04982
Guinea-Bissau,2014.0,0.77164
Timor-Leste,2009.0,1.10439
Timor-Leste,2016.0,1.11906
Qatar,2012.0,0
Rwanda,2005.0,0.44639
Rwanda,2010.0,0.68914
Rwanda,2015.0,1.38168
Saint Lucia,2012.0,0
Sao Tome and Principe,2009.0,0.70528
Sao Tome and Principe,2014.0,0
Senegal,2005.0,1.16483
Senegal,2011.0,0.22573
Senegal,2016.0,0
Senegal,2017.0,1.2032
Senegal,2018.0,0.88001
Senegal,2019.0,1.06333
Serbia,2011.0,0
Serbia,2014.0,0
Serbia,2019.0,0
Sierra Leone,2008.0,0.52918
Sierra Leone,2013.0,0.54537
Sierra Leone,2017.0,0.86165
Vietnam,2011.0,1.0786
Vietnam,2014.0,1.03374
South Africa,2016.0,0
Zimbabwe,2005.0,1.02201
Zimbabwe,2010.0,0.97811
Zimbabwe,2015.0,1.0362
Zimbabwe,2019.0,1.29295
South Sudan,2010.0,0.41021
Sudan,2014.0,0.94192
Suriname,2010.0,1.32671
Suriname,2018.0,0
Eswatini,2006.0,1.06134
Eswatini,2010.0,1.27329
Eswatini,2014.0,1.2356
Syria,2006.0,1.10167
Tajikistan,2006.0,0.91842
Tajikistan,2012.0,0.98938
Tajikistan,2017.0,0.96047
Thailand,2013.0,1.10029
Thailand,2016.0,1.12706
Thailand,2019.0,1.14883
Togo,2006.0,0.80147
Togo,2010.0,0.41333
Togo,2014.0,0.45069
Togo,2017.0,0
Tonga,2019.0,1.00997
Tunisia,2012.0,0
Tunisia,2018.0,0
Turkey,2004.0,0.62704
Turkey,2014.0,0
Turkmenistan,2016.0,0
Turkmenistan,2019.0,1
Uganda,2006.0,0.62047
Uganda,2011.0,1.0501
Uganda,2016.0,0.75939
Ukraine,2007.0,0
Ukraine,2013.0,0
North Macedonia,2011.0,0
North Macedonia,2019.0,0
Egypt,2005.0,1.02705
Egypt,2009.0,0.98445
Egypt,2014.0,0.97717
Tanzania,2004.0,0.52238
Tanzania,2010.0,1.2358
Tanzania,2015.0,1.22589
Burkina Faso,2003.0,0.45883
Burkina Faso,2006.0,0
Burkina Faso,2010.0,0.36389
Uruguay,2008.0,1.2594
Uruguay,2009.0,1.31984
Uruguay,2010.0,1.13386
Uruguay,2011.0,1.18399
Uruguay,2012.0,0
Uruguay,2013.0,0
Uruguay,2014.0,1.21014
Uruguay,2015.0,0
Uruguay,2016.0,0
Uruguay,2017.0,0
Uruguay,2018.0,1.12358
Uzbekistan,2006.0,1.0251
Yemen,2006.0,0.47519
Yemen,2013.0,0.6086
Zambia,2001.0,0.88045
Zambia,2007.0,0.88003
Zambia,2013.0,1.0781
Zambia,2018.0,1.26578
