country,year,value
Australia,2018.0,100.0
Austria,2018.0,100.0
Belgium,2018.0,100.0
Cape Verde,2020.0,35.6
Other non-specified areas in Eastern Asia,2020.0,16.6
Cook Islands,2020.0,100.0
Denmark,2018.0,100.0
Ethiopia,2020.0,3.9
Estonia,2018.0,100.0
Finland,2018.0,100.0
France,2018.0,100.0
Germany,2018.0,100.0
Greenland,2020.0,100.0
Guadeloupe,2020.0,100.0
Guatemala,2017.0,6.2
Guatemala,2020.0,5.2
Hungary,2018.0,100.0
Ireland,2018.0,100.0
Latvia,2018.0,100.0
Liberia,2020.0,6.3
Liechtenstein,2020.0,100.0
Luxembourg,2018.0,100.0
Martinique,2020.0,100.0
Mauritania,2020.0,5.1
Netherlands,2018.0,100.0
Norway,2018.0,100.0
Poland,2018.0,100.0
Romania,2018.0,100.0
Russia,2020.0,100.0
Saint Martin (French part),2020.0,100.0
Saint Pierre and Miquelon,2020.0,100.0
Slovakia,2018.0,100.0
Spain,2018.0,100.0
South Sudan,2020.0,27.8
Sweden,2018.0,100.0
Switzerland,2018.0,100.0
Ukraine,2020.0,100.0
United Kingdom,2018.0,100.0
United States,2018.0,100.0
Yemen,2020.0,0.0
