country,year,value
Afghanistan,2011.0,0
Afghanistan,2015.0,0.63679
Albania,2009.0,0
Albania,2017.0,1.1779
Algeria,2013.0,0.89609
Angola,2015.0,0
Azerbaijan,2006.0,0
Bangladesh,2006.0,1.32681
Bangladesh,2011.0,0.51284
Bangladesh,2014.0,0.76499
Bangladesh,2019.0,0.92447
Armenia,2006.0,1.22611
Armenia,2011.0,0
Armenia,2016.0,0
Barbados,2012.0,0
Bhutan,2010.0,0
Bolivia,2000.0,0.23266
Bolivia,2001.0,0.25079
Bolivia,2002.0,0.34292
Bolivia,2003.0,0
Bolivia,2004.0,0
Bolivia,2005.0,0.55227
Bolivia,2006.0,0
Bolivia,2007.0,0.728
Bolivia,2008.0,0
Bolivia,2009.0,0.79409
Bolivia,2011.0,0.63956
Bolivia,2012.0,0.81797
Bolivia,2013.0,0.74158
Bolivia,2014.0,0.68451
Bolivia,2015.0,0.79288
Bolivia,2016.0,0.72801
Bolivia,2017.0,0.8194
Bolivia,2018.0,0.83691
Bosnia and Herzegovina,2012.0,0
Brazil,2001.0,0.62779
Brazil,2002.0,0.60787
Brazil,2003.0,0.60104
Brazil,2004.0,0.63901
Brazil,2005.0,0.71298
Brazil,2006.0,0.69156
Brazil,2007.0,0.79556
Brazil,2008.0,0.77704
Brazil,2009.0,0.8312
Brazil,2011.0,0.88352
Brazil,2012.0,0.90022
Brazil,2013.0,0.9091
Brazil,2014.0,0.88792
Brazil,2015.0,0.86198
Brazil,2016.0,0.8862
Brazil,2017.0,0.96578
Brazil,2018.0,0.9135
Belize,2016.0,0
Myanmar,2016.0,0
Burundi,2000.0,0
Burundi,2010.0,0
Burundi,2017.0,0
Belarus,2012.0,0
Cambodia,2005.0,1.3053
Cambodia,2010.0,0
Cambodia,2014.0,0
Cameroon,2004.0,0
Cameroon,2006.0,0
Cameroon,2011.0,0
Cameroon,2014.0,0
Cameroon,2018.0,0
Central African Republic,2006.0,0.15878
Central African Republic,2010.0,2
Sri Lanka,2006.0,0
Chad,2004.0,0
Chad,2014.0,1.92541
Chile,2000.0,0.84602
Chile,2003.0,0.93174
Chile,2006.0,1.00669
Chile,2009.0,1.02542
Chile,2011.0,0.96295
Chile,2013.0,1.01548
Chile,2015.0,1.03586
Chile,2017.0,1.01463
Colombia,2002.0,0.45952
Colombia,2003.0,0.66186
Colombia,2004.0,0.54816
Colombia,2005.0,0.7062
Colombia,2008.0,0.61404
Colombia,2009.0,0.64319
Colombia,2010.0,0.95546
Colombia,2011.0,0.6466
Colombia,2012.0,0.6561
Colombia,2013.0,0.70051
Colombia,2014.0,0.77007
Colombia,2015.0,0.91637
Colombia,2016.0,0.75842
Colombia,2017.0,0.82409
Colombia,2018.0,0.76248
Comoros,2012.0,0.32784
Congo,2005.0,0
Congo,2012.0,0
Congo,2015.0,0
Democratic Republic of Congo,2007.0,0
Democratic Republic of Congo,2010.0,0
Democratic Republic of Congo,2013.0,0.43292
Democratic Republic of Congo,2018.0,0.85394
Costa Rica,2000.0,0.53195
Costa Rica,2001.0,0.38466
Costa Rica,2002.0,0.60184
Costa Rica,2003.0,0.94345
Costa Rica,2004.0,0.75292
Costa Rica,2005.0,0.96611
Costa Rica,2006.0,0.75727
Costa Rica,2007.0,0.71029
Costa Rica,2008.0,0.7238
Costa Rica,2009.0,0.79005
Costa Rica,2010.0,0.71104
Costa Rica,2011.0,0.45248
Costa Rica,2012.0,0.8698
Costa Rica,2013.0,0.89271
Costa Rica,2014.0,0.66171
Costa Rica,2015.0,0.8032
Costa Rica,2016.0,0.87829
Costa Rica,2017.0,1.19091
Costa Rica,2018.0,1.09692
Cuba,2014.0,0
Benin,2006.0,1
Benin,2011.0,0.44706
Benin,2014.0,1.18654
Benin,2018.0,0.43231
Dominican Republic,2000.0,0.36761
Dominican Republic,2001.0,0.60472
Dominican Republic,2002.0,0.81444
Dominican Republic,2003.0,0.87789
Dominican Republic,2004.0,0.75964
Dominican Republic,2005.0,0.83378
Dominican Republic,2006.0,0.96805
Dominican Republic,2007.0,1.03643
Dominican Republic,2008.0,0.84809
Dominican Republic,2009.0,0.9687
Dominican Republic,2010.0,0.94532
Dominican Republic,2011.0,0.99273
Dominican Republic,2012.0,0.81564
Dominican Republic,2013.0,0.98441
Dominican Republic,2014.0,1.08776
Dominican Republic,2015.0,0.95136
Dominican Republic,2016.0,0.8801
Dominican Republic,2017.0,0.96453
Dominican Republic,2018.0,0.98933
Ecuador,2001.0,0.42713
Ecuador,2003.0,0.52109
Ecuador,2005.0,0.64438
Ecuador,2006.0,0.50182
Ecuador,2007.0,0.65295
Ecuador,2008.0,0.71797
Ecuador,2009.0,0.66736
Ecuador,2010.0,0.82838
Ecuador,2011.0,0.96636
Ecuador,2012.0,0.71148
Ecuador,2013.0,0.79525
Ecuador,2014.0,0.89931
Ecuador,2015.0,0.90441
Ecuador,2016.0,0.89204
Ecuador,2017.0,0.83925
Ecuador,2018.0,0.8684
El Salvador,2000.0,0.25502
El Salvador,2001.0,0.4135
El Salvador,2002.0,0.44324
El Salvador,2003.0,0.28917
El Salvador,2004.0,0.52882
El Salvador,2005.0,0.38223
El Salvador,2006.0,0.51025
El Salvador,2009.0,0.57451
El Salvador,2010.0,0.67513
El Salvador,2012.0,0.76932
El Salvador,2013.0,0.68637
El Salvador,2014.0,0.64374
El Salvador,2015.0,0.68848
El Salvador,2016.0,0.59868
El Salvador,2017.0,0.69039
El Salvador,2018.0,0.66275
Ethiopia,2000.0,0
Ethiopia,2005.0,0
Ethiopia,2011.0,0
Ethiopia,2016.0,0
Djibouti,2006.0,0
Gabon,2012.0,0.18413
Georgia,2018.0,0
Gambia,2006.0,0
Gambia,2010.0,0
Gambia,2013.0,0.77229
Gambia,2018.0,0
Palestine,2014.0,0
Ghana,2009.0,0
Ghana,2014.0,0
Ghana,2018.0,0
Guatemala,2000.0,0.16368
Guatemala,2006.0,0.17053
Guatemala,2014.0,0.63321
Guatemala,2015.0,0.25899
Guinea,2005.0,0
Guinea,2012.0,0
Guinea,2016.0,0
Guyana,2006.0,0
Guyana,2009.0,0
Guyana,2014.0,0
Haiti,2005.0,0
Haiti,2012.0,0
Haiti,2017.0,0
Honduras,2001.0,0.22131
Honduras,2004.0,0.16552
Honduras,2005.0,0.28852
Honduras,2009.0,0.2298
Honduras,2010.0,0.26002
Honduras,2011.0,0.73602
Honduras,2012.0,0.43039
Honduras,2013.0,0.4403
Honduras,2014.0,0.35169
Honduras,2015.0,0.34297
Honduras,2016.0,0.43644
Honduras,2018.0,0.33679
India,2006.0,1.06756
India,2016.0,1.16187
Indonesia,2003.0,0.69751
Indonesia,2008.0,0.76466
Indonesia,2017.0,0.88938
Iraq,2011.0,0.40074
Iraq,2018.0,0.73494
Cote d'Ivoire,2006.0,0
Cote d'Ivoire,2012.0,0
Cote d'Ivoire,2016.0,0
Jamaica,2011.0,0.9592
Kazakhstan,2006.0,1.01905
Kazakhstan,2011.0,1.03055
Kazakhstan,2015.0,0.98628
Jordan,2007.0,1.00126
Jordan,2018.0,1.10837
Kenya,2003.0,0
Kenya,2008.0,0
Kenya,2014.0,0.82153
Kyrgyzstan,2006.0,0.98851
Kyrgyzstan,2012.0,0
Kyrgyzstan,2014.0,0
Kyrgyzstan,2018.0,0
Laos,2006.0,0
Laos,2012.0,0
Laos,2017.0,0
Lesotho,2005.0,0
Lesotho,2009.0,0
Lesotho,2014.0,0
Lesotho,2018.0,0
Liberia,2007.0,0
Liberia,2013.0,0.31347
Madagascar,2009.0,0
Madagascar,2018.0,0
Malawi,2004.0,0
Malawi,2010.0,0
Malawi,2016.0,0
Maldives,2008.0,0
Maldives,2017.0,0
Mali,2006.0,0
Mali,2013.0,0
Mali,2015.0,1.79858
Mali,2018.0,0
Mauritania,2007.0,0
Mauritania,2011.0,0
Mauritania,2015.0,0
Mexico,2000.0,0.328
Mexico,2002.0,0.56983
Mexico,2004.0,0.69269
Mexico,2006.0,0.71504
Mexico,2008.0,0.6673
Mexico,2010.0,0.651
Mexico,2012.0,0.75235
Mexico,2014.0,0.68496
Mexico,2016.0,1.13006
Mexico,2018.0,0.83511
Mongolia,2006.0,0
Mongolia,2014.0,0
Mongolia,2018.0,0
Moldova,2005.0,0
Moldova,2012.0,0
Montenegro,2013.0,0
Montenegro,2018.0,0
Morocco,2004.0,0
Mozambique,2003.0,0
Mozambique,2008.0,1
Mozambique,2011.0,0
Namibia,2007.0,0
Namibia,2013.0,0
Nepal,2007.0,1.65765
Nepal,2011.0,0
Nepal,2014.0,0
Nepal,2016.0,1.04351
Vanuatu,2007.0,0
Nicaragua,2001.0,0.12717
Nicaragua,2005.0,0.11423
Nicaragua,2009.0,0.45931
Nicaragua,2014.0,0.62911
Niger,2006.0,0
Niger,2012.0,0
Nigeria,2003.0,0
Nigeria,2007.0,0
Nigeria,2008.0,0.50846
Nigeria,2011.0,0.43074
Nigeria,2013.0,0.18042
Nigeria,2016.0,0
Nigeria,2018.0,0.25304
Pakistan,2007.0,0.57324
Pakistan,2012.0,0.25867
Pakistan,2018.0,0.25482
Panama,2000.0,0.52999
Panama,2001.0,0.28812
Panama,2002.0,0.21233
Panama,2003.0,0.25192
Panama,2004.0,0.44392
Panama,2005.0,0.32204
Panama,2006.0,0.25328
Panama,2007.0,0.32308
Panama,2008.0,0.272
Panama,2009.0,0.56972
Panama,2011.0,0.45247
Panama,2013.0,0.48213
Panama,2014.0,0.40486
Panama,2015.0,0.5665
Panama,2016.0,0.63044
Panama,2017.0,0.76222
Panama,2018.0,0.72864
Paraguay,2001.0,0.42275
Paraguay,2003.0,0.76543
Paraguay,2004.0,0.38263
Paraguay,2005.0,0.83179
Paraguay,2006.0,0.7225
Paraguay,2007.0,0.60519
Paraguay,2008.0,0.37798
Paraguay,2009.0,0.66858
Paraguay,2010.0,1.03117
Paraguay,2011.0,0.68983
Paraguay,2012.0,0.47204
Paraguay,2013.0,0.58277
Paraguay,2014.0,0.74073
Paraguay,2015.0,0.79955
Paraguay,2016.0,0.81124
Paraguay,2017.0,0.79241
Paraguay,2018.0,0.66758
Peru,2000.0,0
Peru,2001.0,0.43486
Peru,2002.0,0.34256
Peru,2003.0,0.24006
Peru,2004.0,0.3209
Peru,2005.0,0.43403
Peru,2006.0,0.50497
Peru,2007.0,0.63899
Peru,2008.0,0.47466
Peru,2009.0,0.57327
Peru,2010.0,0.6161
Peru,2011.0,0.64883
Peru,2012.0,0.6473
Peru,2013.0,0.67266
Peru,2014.0,0.66049
Peru,2015.0,0.68231
Peru,2016.0,0.66027
Peru,2017.0,0.74827
Peru,2018.0,0.79331
Philippines,2004.0,0.99128
Philippines,2018.0,1.16276
Guinea-Bissau,2014.0,0
Timor-Leste,2009.0,0.58124
Timor-Leste,2016.0,0
Qatar,2012.0,0
Rwanda,2005.0,0
Rwanda,2010.0,0.25168
Rwanda,2015.0,0.43589
Saint Lucia,2012.0,0
Sao Tome and Principe,2009.0,0
Sao Tome and Principe,2014.0,1.88166
Senegal,2005.0,0
Senegal,2011.0,0.0224
Senegal,2016.0,0
Senegal,2017.0,0.49244
Senegal,2019.0,0
Serbia,2011.0,0
Serbia,2014.0,0
Serbia,2019.0,0
Sierra Leone,2008.0,0
Sierra Leone,2013.0,0.78871
Sierra Leone,2017.0,0
Vietnam,2011.0,1.15736
Vietnam,2014.0,0.95304
South Africa,2016.0,1.23605
Zimbabwe,2005.0,0
Zimbabwe,2010.0,0
Zimbabwe,2015.0,0
South Sudan,2010.0,0.46445
Sudan,2014.0,0
Suriname,2010.0,0.68656
Suriname,2018.0,0
Eswatini,2006.0,0
Eswatini,2010.0,0
Eswatini,2014.0,0
Syria,2006.0,0.67588
Tajikistan,2006.0,0
Tajikistan,2012.0,0
Tajikistan,2017.0,0
Thailand,2013.0,1.10937
Thailand,2016.0,1.1551
Thailand,2019.0,1.16768
Togo,2006.0,0
Togo,2010.0,0
Togo,2014.0,0
Tonga,2019.0,0
Tunisia,2012.0,0.98576
Tunisia,2018.0,0.8045
Turkey,2004.0,0.97931
Turkey,2014.0,1.00334
Turkmenistan,2016.0,0
Turkmenistan,2019.0,0
Uganda,2006.0,0
Uganda,2011.0,0
Uganda,2016.0,0.39108
Ukraine,2007.0,0
Ukraine,2013.0,0
North Macedonia,2011.0,0
North Macedonia,2019.0,0
Egypt,2005.0,0.98837
Egypt,2009.0,1.08898
Egypt,2014.0,0.93496
Tanzania,2004.0,0
Tanzania,2010.0,0
Tanzania,2015.0,0.57881
Burkina Faso,2003.0,0
Burkina Faso,2006.0,0
Burkina Faso,2010.0,0
Uruguay,2008.0,1.07708
Uruguay,2009.0,1.0834
Uruguay,2010.0,1.19884
Uruguay,2011.0,1.06567
Uruguay,2012.0,0.99316
Uruguay,2013.0,0
Uruguay,2014.0,0.84147
Uruguay,2015.0,0.91667
Uruguay,2016.0,0.99724
Uruguay,2017.0,0.8736
Uruguay,2018.0,1.11176
Uzbekistan,2006.0,0
Yemen,2006.0,0
Yemen,2013.0,0
Zambia,2001.0,0
Zambia,2007.0,0
Zambia,2013.0,0
Zambia,2018.0,0
