country,year,value
World,2021.0,3.0
Africa,2021.0,1.0
Central America,2021.0,1.0
Eastern Africa,2021.0,1.0
Americas,2021.0,1.0
Southern Asia,2021.0,1.0
Central and Southern Asia,2021.0,1.0
Asia,2021.0,1.0
Least Developed Countries (LDCs),2021.0,2.0
Sub-Saharan Africa,2021.0,1.0
Latin America and the Caribbean,2021.0,1.0
Landlocked developing countries (LLDCs),2021.0,1.0
Mexico,2021.0,1.0
Developing regions,2021.0,3.0
Nepal,2021.0,1.0
Sub-Saharan Africa (inc. Sudan),2021.0,1.0
Tanzania,2021.0,1.0
