country,year,value
World,2012.0,33691
World,2013.0,40645
World,2014.0,47755
World,2015.0,55352
World,2016.0,62436
World,2017.0,68177
World,2018.0,73136
World,2019.0,77271
World,2020.0,78094
World,2021.0,78108
Afghanistan,2012.0,218
Afghanistan,2013.0,258
Afghanistan,2014.0,299
Afghanistan,2015.0,353
Afghanistan,2016.0,383
Afghanistan,2017.0,406
Afghanistan,2018.0,418
Afghanistan,2019.0,424
Afghanistan,2020.0,424
Afghanistan,2021.0,424
South America,2012.0,2895
South America,2013.0,3390
South America,2014.0,3791
South America,2015.0,4056
South America,2016.0,4307
South America,2017.0,4456
South America,2018.0,4641
South America,2019.0,4777
South America,2020.0,4785
South America,2021.0,4785
Albania,2012.0,0
Albania,2013.0,0
Albania,2014.0,0
Albania,2015.0,0
Albania,2016.0,1
Albania,2017.0,1
Albania,2018.0,1
Albania,2019.0,1
Albania,2020.0,1
Albania,2021.0,1
Oceania,2012.0,325
Oceania,2013.0,397
Oceania,2014.0,454
Oceania,2015.0,533
Oceania,2016.0,611
Oceania,2017.0,688
Oceania,2018.0,758
Oceania,2019.0,790
Oceania,2020.0,790
Oceania,2021.0,790
Western Africa,2012.0,642
Western Africa,2013.0,793
Western Africa,2014.0,1012
Western Africa,2015.0,1258
Western Africa,2016.0,1490
Western Africa,2017.0,1670
Western Africa,2018.0,1860
Western Africa,2019.0,2039
Western Africa,2020.0,2049
Western Africa,2021.0,2049
Algeria,2012.0,365
Algeria,2013.0,425
Algeria,2014.0,472
Algeria,2015.0,516
Algeria,2016.0,532
Algeria,2017.0,543
Algeria,2018.0,547
Algeria,2019.0,553
Algeria,2020.0,553
Algeria,2021.0,553
Central America,2012.0,1501
Central America,2013.0,1850
Central America,2014.0,2268
Central America,2015.0,2648
Central America,2016.0,3132
Central America,2017.0,3520
Central America,2018.0,3939
Central America,2019.0,4363
Central America,2020.0,4365
Central America,2021.0,4365
Eastern Africa,2012.0,2018
Eastern Africa,2013.0,2425
Eastern Africa,2014.0,2876
Eastern Africa,2015.0,3278
Eastern Africa,2016.0,3896
Eastern Africa,2017.0,4620
Eastern Africa,2018.0,5264
Eastern Africa,2019.0,5685
Eastern Africa,2020.0,5717
Eastern Africa,2021.0,5717
Northern Africa,2012.0,2564
Northern Africa,2013.0,2963
Northern Africa,2014.0,3343
Northern Africa,2015.0,3658
Northern Africa,2016.0,3824
Northern Africa,2017.0,3955
Northern Africa,2018.0,4022
Northern Africa,2019.0,4106
Northern Africa,2020.0,4106
Northern Africa,2021.0,4106
American Samoa,2012.0,0
American Samoa,2013.0,0
American Samoa,2014.0,0
American Samoa,2015.0,0
American Samoa,2016.0,0
American Samoa,2017.0,0
American Samoa,2018.0,0
American Samoa,2019.0,0
American Samoa,2020.0,0
American Samoa,2021.0,0
Middle Africa,2012.0,108
Middle Africa,2013.0,134
Middle Africa,2014.0,169
Middle Africa,2015.0,184
Middle Africa,2016.0,199
Middle Africa,2017.0,207
Middle Africa,2018.0,217
Middle Africa,2019.0,239
Middle Africa,2020.0,239
Middle Africa,2021.0,239
Southern Africa,2012.0,409
Southern Africa,2013.0,461
Southern Africa,2014.0,518
Southern Africa,2015.0,567
Southern Africa,2016.0,613
Southern Africa,2017.0,655
Southern Africa,2018.0,687
Southern Africa,2019.0,718
Southern Africa,2020.0,718
Southern Africa,2021.0,718
Andorra,2012.0,0
Andorra,2013.0,0
Andorra,2014.0,0
Andorra,2015.0,0
Andorra,2016.0,0
Andorra,2017.0,0
Andorra,2018.0,0
Andorra,2019.0,0
Andorra,2020.0,0
Andorra,2021.0,0
Northern America,2012.0,1980
Northern America,2013.0,2340
Northern America,2014.0,2678
Northern America,2015.0,3102
Northern America,2016.0,3522
Northern America,2017.0,3817
Northern America,2018.0,4121
Northern America,2019.0,4251
Northern America,2020.0,4272
Northern America,2021.0,4272
Angola,2012.0,7
Angola,2013.0,9
Angola,2014.0,13
Angola,2015.0,14
Angola,2016.0,16
Angola,2017.0,18
Angola,2018.0,20
Angola,2019.0,27
Angola,2020.0,27
Angola,2021.0,27
Antigua and Barbuda,2012.0,0
Antigua and Barbuda,2013.0,0
Antigua and Barbuda,2014.0,0
Antigua and Barbuda,2015.0,0
Antigua and Barbuda,2016.0,0
Antigua and Barbuda,2017.0,0
Antigua and Barbuda,2018.0,0
Antigua and Barbuda,2019.0,0
Antigua and Barbuda,2020.0,0
Antigua and Barbuda,2021.0,0
Caribbean,2012.0,132
Caribbean,2013.0,151
Caribbean,2014.0,171
Caribbean,2015.0,187
Caribbean,2016.0,206
Caribbean,2017.0,219
Caribbean,2018.0,227
Caribbean,2019.0,231
Caribbean,2020.0,231
Caribbean,2021.0,231
Eastern Asia,2012.0,1492
Eastern Asia,2013.0,1790
Eastern Asia,2014.0,2097
Eastern Asia,2015.0,2510
Eastern Asia,2016.0,2784
Eastern Asia,2017.0,3059
Eastern Asia,2018.0,3286
Eastern Asia,2019.0,3459
Eastern Asia,2020.0,3498
Eastern Asia,2021.0,3498
Azerbaijan,2012.0,217
Azerbaijan,2013.0,252
Azerbaijan,2014.0,293
Azerbaijan,2015.0,322
Azerbaijan,2016.0,343
Azerbaijan,2017.0,359
Azerbaijan,2018.0,363
Azerbaijan,2019.0,368
Azerbaijan,2020.0,368
Azerbaijan,2021.0,368
Argentina,2012.0,604
Argentina,2013.0,726
Argentina,2014.0,808
Argentina,2015.0,864
Argentina,2016.0,903
Argentina,2017.0,938
Argentina,2018.0,961
Argentina,2019.0,977
Argentina,2020.0,978
Argentina,2021.0,978
Southern Asia,2012.0,6400
Southern Asia,2013.0,7769
Southern Asia,2014.0,9092
Southern Asia,2015.0,10746
Southern Asia,2016.0,12347
Southern Asia,2017.0,13631
Southern Asia,2018.0,14650
Southern Asia,2019.0,15560
Southern Asia,2020.0,15596
Southern Asia,2021.0,15596
South-Eastern Asia,2012.0,1341
South-Eastern Asia,2013.0,1608
South-Eastern Asia,2014.0,1991
South-Eastern Asia,2015.0,2235
South-Eastern Asia,2016.0,2488
South-Eastern Asia,2017.0,2759
South-Eastern Asia,2018.0,2979
South-Eastern Asia,2019.0,3015
South-Eastern Asia,2020.0,3030
South-Eastern Asia,2021.0,3030
Australia,2012.0,265
Australia,2013.0,301
Australia,2014.0,337
Australia,2015.0,408
Australia,2016.0,476
Australia,2017.0,548
Australia,2018.0,612
Australia,2019.0,641
Australia,2020.0,643
Australia,2021.0,643
Southern Europe,2012.0,904
Southern Europe,2013.0,1078
Southern Europe,2014.0,1233
Southern Europe,2015.0,1421
Southern Europe,2016.0,1566
Southern Europe,2017.0,1700
Southern Europe,2018.0,1821
Southern Europe,2019.0,1933
Southern Europe,2020.0,1982
Southern Europe,2021.0,1995
Austria,2012.0,212
Austria,2013.0,266
Austria,2014.0,355
Austria,2015.0,442
Austria,2016.0,520
Austria,2017.0,553
Austria,2018.0,576
Austria,2019.0,606
Austria,2020.0,613
Austria,2021.0,613
Bahamas,2012.0,0
Bahamas,2013.0,0
Bahamas,2014.0,0
Bahamas,2015.0,1
Bahamas,2016.0,1
Bahamas,2017.0,1
Bahamas,2018.0,1
Bahamas,2019.0,1
Bahamas,2020.0,1
Bahamas,2021.0,1
Bahrain,2012.0,0
Bahrain,2013.0,0
Bahrain,2014.0,0
Bahrain,2015.0,0
Bahrain,2016.0,0
Bahrain,2017.0,0
Bahrain,2018.0,0
Bahrain,2019.0,0
Bahrain,2020.0,0
Bahrain,2021.0,0
Bangladesh,2012.0,361
Bangladesh,2013.0,439
Bangladesh,2014.0,509
Bangladesh,2015.0,597
Bangladesh,2016.0,664
Bangladesh,2017.0,724
Bangladesh,2018.0,781
Bangladesh,2019.0,798
Bangladesh,2020.0,799
Bangladesh,2021.0,799
Armenia,2012.0,66
Armenia,2013.0,87
Armenia,2014.0,105
Armenia,2015.0,138
Armenia,2016.0,153
Armenia,2017.0,161
Armenia,2018.0,165
Armenia,2019.0,165
Armenia,2020.0,165
Armenia,2021.0,165
Barbados,2012.0,1
Barbados,2013.0,1
Barbados,2014.0,1
Barbados,2015.0,1
Barbados,2016.0,1
Barbados,2017.0,1
Barbados,2018.0,1
Barbados,2019.0,1
Barbados,2020.0,1
Barbados,2021.0,1
Australia and New Zealand,2012.0,293
Australia and New Zealand,2013.0,336
Australia and New Zealand,2014.0,384
Australia and New Zealand,2015.0,458
Australia and New Zealand,2016.0,532
Australia and New Zealand,2017.0,609
Australia and New Zealand,2018.0,679
Australia and New Zealand,2019.0,709
Australia and New Zealand,2020.0,711
Australia and New Zealand,2021.0,711
Melanesia,2012.0,32
Melanesia,2013.0,47
Melanesia,2014.0,55
Melanesia,2015.0,59
Melanesia,2016.0,63
Melanesia,2017.0,63
Melanesia,2018.0,63
Melanesia,2019.0,65
Melanesia,2020.0,65
Melanesia,2021.0,65
Belgium,2012.0,135
Belgium,2013.0,181
Belgium,2014.0,211
Belgium,2015.0,261
Belgium,2016.0,312
Belgium,2017.0,463
Belgium,2018.0,495
Belgium,2019.0,533
Belgium,2020.0,546
Belgium,2021.0,546
Micronesia (country),2012.0,0
Micronesia (country),2013.0,8
Micronesia (country),2014.0,8
Micronesia (country),2015.0,9
Micronesia (country),2016.0,9
Micronesia (country),2017.0,9
Micronesia (country),2018.0,9
Micronesia (country),2019.0,9
Micronesia (country),2020.0,9
Micronesia (country),2021.0,9
Bermuda,2012.0,0
Bermuda,2013.0,0
Bermuda,2014.0,0
Bermuda,2015.0,0
Bermuda,2016.0,0
Bermuda,2017.0,0
Bermuda,2018.0,0
Bermuda,2019.0,0
Bermuda,2020.0,0
Bermuda,2021.0,0
Polynesia,2012.0,0
Polynesia,2013.0,6
Polynesia,2014.0,7
Polynesia,2015.0,7
Polynesia,2016.0,7
Polynesia,2017.0,7
Polynesia,2018.0,7
Polynesia,2019.0,7
Polynesia,2020.0,7
Polynesia,2021.0,7
Central and Southern Asia,2012.0,7257
Central and Southern Asia,2013.0,8774
Central and Southern Asia,2014.0,10206
Central and Southern Asia,2015.0,12001
Central and Southern Asia,2016.0,13662
Central and Southern Asia,2017.0,15007
Central and Southern Asia,2018.0,16068
Central and Southern Asia,2019.0,17017
Central and Southern Asia,2020.0,17056
Central and Southern Asia,2021.0,17056
Bhutan,2012.0,34
Bhutan,2013.0,45
Bhutan,2014.0,49
Bhutan,2015.0,50
Bhutan,2016.0,56
Bhutan,2017.0,60
Bhutan,2018.0,61
Bhutan,2019.0,63
Bhutan,2020.0,64
Bhutan,2021.0,64
Bolivia,2012.0,222
Bolivia,2013.0,250
Bolivia,2014.0,282
Bolivia,2015.0,294
Bolivia,2016.0,305
Bolivia,2017.0,312
Bolivia,2018.0,323
Bolivia,2019.0,340
Bolivia,2020.0,340
Bolivia,2021.0,340
Bosnia and Herzegovina,2012.0,2
Bosnia and Herzegovina,2013.0,2
Bosnia and Herzegovina,2014.0,2
Bosnia and Herzegovina,2015.0,2
Bosnia and Herzegovina,2016.0,2
Bosnia and Herzegovina,2017.0,2
Bosnia and Herzegovina,2018.0,2
Bosnia and Herzegovina,2019.0,2
Bosnia and Herzegovina,2020.0,2
Bosnia and Herzegovina,2021.0,2
Botswana,2012.0,14
Botswana,2013.0,14
Botswana,2014.0,16
Botswana,2015.0,19
Botswana,2016.0,20
Botswana,2017.0,20
Botswana,2018.0,21
Botswana,2019.0,22
Botswana,2020.0,22
Botswana,2021.0,22
Brazil,2012.0,353
Brazil,2013.0,435
Brazil,2014.0,481
Brazil,2015.0,484
Brazil,2016.0,499
Brazil,2017.0,513
Brazil,2018.0,520
Brazil,2019.0,530
Brazil,2020.0,530
Brazil,2021.0,530
Belize,2012.0,7
Belize,2013.0,7
Belize,2014.0,8
Belize,2015.0,8
Belize,2016.0,9
Belize,2017.0,9
Belize,2018.0,12
Belize,2019.0,14
Belize,2020.0,14
Belize,2021.0,14
British Indian Ocean Territory,2012.0,0
British Indian Ocean Territory,2013.0,0
British Indian Ocean Territory,2014.0,0
British Indian Ocean Territory,2015.0,0
British Indian Ocean Territory,2016.0,0
British Indian Ocean Territory,2017.0,0
British Indian Ocean Territory,2018.0,0
British Indian Ocean Territory,2019.0,0
British Indian Ocean Territory,2020.0,0
British Indian Ocean Territory,2021.0,0
Solomon Islands,2012.0,3
Solomon Islands,2013.0,4
Solomon Islands,2014.0,5
Solomon Islands,2015.0,5
Solomon Islands,2016.0,5
Solomon Islands,2017.0,5
Solomon Islands,2018.0,5
Solomon Islands,2019.0,5
Solomon Islands,2020.0,5
Solomon Islands,2021.0,5
British Virgin Islands,2012.0,0
British Virgin Islands,2013.0,0
British Virgin Islands,2014.0,0
British Virgin Islands,2015.0,0
British Virgin Islands,2016.0,0
British Virgin Islands,2017.0,0
British Virgin Islands,2018.0,0
British Virgin Islands,2019.0,0
British Virgin Islands,2020.0,0
British Virgin Islands,2021.0,0
Brunei,2012.0,1
Brunei,2013.0,3
Brunei,2014.0,3
Brunei,2015.0,3
Brunei,2016.0,3
Brunei,2017.0,3
Brunei,2018.0,3
Brunei,2019.0,3
Brunei,2020.0,3
Brunei,2021.0,3
Bulgaria,2012.0,129
Bulgaria,2013.0,148
Bulgaria,2014.0,169
Bulgaria,2015.0,193
Bulgaria,2016.0,206
Bulgaria,2017.0,222
Bulgaria,2018.0,236
Bulgaria,2019.0,243
Bulgaria,2020.0,244
Bulgaria,2021.0,244
Myanmar,2012.0,81
Myanmar,2013.0,113
Myanmar,2014.0,141
Myanmar,2015.0,170
Myanmar,2016.0,209
Myanmar,2017.0,231
Myanmar,2018.0,265
Myanmar,2019.0,269
Myanmar,2020.0,270
Myanmar,2021.0,270
Burundi,2012.0,57
Burundi,2013.0,66
Burundi,2014.0,72
Burundi,2015.0,75
Burundi,2016.0,90
Burundi,2017.0,96
Burundi,2018.0,98
Burundi,2019.0,100
Burundi,2020.0,100
Burundi,2021.0,100
Belarus,2012.0,13
Belarus,2013.0,15
Belarus,2014.0,16
Belarus,2015.0,21
Belarus,2016.0,22
Belarus,2017.0,26
Belarus,2018.0,26
Belarus,2020.0,26
Belarus,2021.0,26
Cambodia,2012.0,20
Cambodia,2013.0,22
Cambodia,2014.0,36
Cambodia,2015.0,41
Cambodia,2016.0,46
Cambodia,2017.0,52
Cambodia,2018.0,55
Cambodia,2019.0,57
Cambodia,2020.0,57
Cambodia,2021.0,57
Cameroon,2012.0,34
Cameroon,2013.0,47
Cameroon,2014.0,56
Cameroon,2015.0,65
Cameroon,2016.0,71
Cameroon,2017.0,73
Cameroon,2018.0,78
Cameroon,2019.0,82
Cameroon,2020.0,82
Cameroon,2021.0,82
Canada,2012.0,945
Canada,2013.0,1104
Canada,2014.0,1258
Canada,2015.0,1452
Canada,2016.0,1625
Canada,2017.0,1745
Canada,2018.0,1890
Canada,2019.0,1925
Canada,2020.0,1931
Canada,2021.0,1931
Cape Verde,2012.0,0
Cape Verde,2013.0,0
Cape Verde,2014.0,0
Cape Verde,2015.0,0
Cape Verde,2016.0,0
Cape Verde,2017.0,0
Cape Verde,2018.0,0
Cape Verde,2019.0,0
Cape Verde,2020.0,0
Cape Verde,2021.0,0
Caucasus and Central Asia,2012.0,1221
Caucasus and Central Asia,2013.0,1454
Caucasus and Central Asia,2014.0,1630
Caucasus and Central Asia,2015.0,1859
Caucasus and Central Asia,2016.0,1968
Caucasus and Central Asia,2017.0,2063
Caucasus and Central Asia,2018.0,2119
Caucasus and Central Asia,2019.0,2169
Caucasus and Central Asia,2020.0,2172
Caucasus and Central Asia,2021.0,2172
Cayman Islands,2012.0,0
Cayman Islands,2013.0,0
Cayman Islands,2014.0,0
Cayman Islands,2015.0,0
Cayman Islands,2016.0,0
Cayman Islands,2017.0,0
Cayman Islands,2018.0,0
Cayman Islands,2019.0,0
Cayman Islands,2020.0,0
Cayman Islands,2021.0,0
Central African Republic,2012.0,0
Central African Republic,2013.0,0
Central African Republic,2014.0,0
Central African Republic,2015.0,1
Central African Republic,2016.0,1
Central African Republic,2017.0,1
Central African Republic,2018.0,1
Central African Republic,2019.0,1
Central African Republic,2020.0,1
Central African Republic,2021.0,1
Central Asia,2012.0,857
Central Asia,2013.0,1005
Central Asia,2014.0,1114
Central Asia,2015.0,1255
Central Asia,2016.0,1315
Central Asia,2017.0,1376
Central Asia,2018.0,1418
Central Asia,2019.0,1457
Central Asia,2020.0,1460
Central Asia,2021.0,1460
Sri Lanka,2012.0,39
Sri Lanka,2013.0,51
Sri Lanka,2014.0,69
Sri Lanka,2015.0,85
Sri Lanka,2016.0,91
Sri Lanka,2017.0,98
Sri Lanka,2018.0,110
Sri Lanka,2019.0,112
Sri Lanka,2020.0,113
Sri Lanka,2021.0,113
Western Asia,2012.0,2287
Western Asia,2013.0,2670
Western Asia,2014.0,3087
Western Asia,2015.0,3540
Western Asia,2016.0,3723
Western Asia,2017.0,3919
Western Asia,2018.0,4051
Western Asia,2019.0,4190
Western Asia,2020.0,4193
Western Asia,2021.0,4193
Chad,2012.0,2
Chad,2013.0,3
Chad,2014.0,4
Chad,2015.0,4
Chad,2016.0,5
Chad,2017.0,5
Chad,2018.0,6
Chad,2019.0,8
Chad,2020.0,8
Chad,2021.0,8
Europe,2012.0,8204
Europe,2013.0,10256
Europe,2014.0,12360
Europe,2015.0,14751
Europe,2016.0,17056
Europe,2017.0,18647
Europe,2018.0,20012
Europe,2019.0,21360
Europe,2020.0,22008
Europe,2021.0,22022
Eastern Europe,2012.0,825
Eastern Europe,2013.0,949
Eastern Europe,2014.0,1082
Eastern Europe,2015.0,1241
Eastern Europe,2016.0,1398
Eastern Europe,2017.0,1564
Eastern Europe,2018.0,1684
Eastern Europe,2019.0,1814
Eastern Europe,2020.0,1874
Eastern Europe,2021.0,1874
Chile,2012.0,118
Chile,2013.0,129
Chile,2014.0,149
Chile,2015.0,164
Chile,2016.0,177
Chile,2017.0,186
Chile,2018.0,192
Chile,2019.0,198
Chile,2020.0,198
Chile,2021.0,198
Northern Europe,2012.0,925
Northern Europe,2013.0,1159
Northern Europe,2014.0,1442
Northern Europe,2015.0,1723
Northern Europe,2016.0,2045
Northern Europe,2017.0,2390
Northern Europe,2018.0,2721
Northern Europe,2019.0,3049
Northern Europe,2020.0,3204
Northern Europe,2021.0,3204
Western Europe,2012.0,5550
Western Europe,2013.0,7070
Western Europe,2014.0,8603
Western Europe,2015.0,10366
Western Europe,2016.0,12047
Western Europe,2017.0,12993
Western Europe,2018.0,13786
Western Europe,2019.0,14564
Western Europe,2020.0,14948
Western Europe,2021.0,14949
China,2012.0,1011
China,2013.0,1200
China,2014.0,1362
China,2015.0,1583
China,2016.0,1676
China,2017.0,1771
China,2018.0,1856
China,2019.0,1915
China,2020.0,1949
China,2021.0,1949
Christmas Island,2012.0,0
Christmas Island,2013.0,0
Christmas Island,2014.0,0
Christmas Island,2015.0,0
Christmas Island,2016.0,0
Christmas Island,2017.0,0
Christmas Island,2018.0,0
Christmas Island,2019.0,0
Christmas Island,2020.0,0
Christmas Island,2021.0,0
Cocos Islands,2012.0,0
Cocos Islands,2013.0,0
Cocos Islands,2014.0,0
Cocos Islands,2015.0,0
Cocos Islands,2016.0,0
Cocos Islands,2017.0,0
Cocos Islands,2018.0,0
Cocos Islands,2019.0,0
Cocos Islands,2020.0,0
Cocos Islands,2021.0,0
Colombia,2012.0,0
Colombia,2013.0,1
Colombia,2014.0,1
Colombia,2015.0,1
Colombia,2016.0,1
Colombia,2017.0,1
Colombia,2018.0,1
Colombia,2019.0,1
Colombia,2020.0,1
Colombia,2021.0,1
Comoros,2012.0,2
Comoros,2013.0,2
Comoros,2014.0,3
Comoros,2015.0,3
Comoros,2016.0,3
Comoros,2017.0,3
Comoros,2018.0,5
Comoros,2019.0,5
Comoros,2020.0,5
Comoros,2021.0,5
Mayotte,2012.0,0
Mayotte,2013.0,0
Mayotte,2014.0,0
Mayotte,2015.0,0
Mayotte,2016.0,0
Mayotte,2017.0,0
Mayotte,2018.0,0
Mayotte,2019.0,0
Mayotte,2020.0,0
Mayotte,2021.0,0
Congo,2012.0,8
Congo,2013.0,14
Congo,2014.0,16
Congo,2015.0,16
Congo,2016.0,20
Congo,2017.0,20
Congo,2018.0,20
Congo,2019.0,22
Congo,2020.0,22
Congo,2021.0,22
Democratic Republic of Congo,2012.0,57
Democratic Republic of Congo,2013.0,59
Democratic Republic of Congo,2014.0,77
Democratic Republic of Congo,2015.0,81
Democratic Republic of Congo,2016.0,83
Democratic Republic of Congo,2017.0,86
Democratic Republic of Congo,2018.0,87
Democratic Republic of Congo,2019.0,93
Democratic Republic of Congo,2020.0,93
Democratic Republic of Congo,2021.0,93
Cook Islands,2012.0,0
Cook Islands,2013.0,1
Cook Islands,2014.0,1
Cook Islands,2015.0,1
Cook Islands,2016.0,1
Cook Islands,2017.0,1
Cook Islands,2018.0,1
Cook Islands,2019.0,1
Cook Islands,2020.0,1
Cook Islands,2021.0,1
Costa Rica,2012.0,66
Costa Rica,2013.0,76
Costa Rica,2014.0,108
Costa Rica,2015.0,133
Costa Rica,2016.0,164
Costa Rica,2017.0,167
Costa Rica,2018.0,175
Costa Rica,2019.0,178
Costa Rica,2020.0,179
Costa Rica,2021.0,179
Croatia,2012.0,15
Croatia,2013.0,20
Croatia,2014.0,22
Croatia,2015.0,27
Croatia,2016.0,28
Croatia,2017.0,37
Croatia,2018.0,42
Croatia,2019.0,44
Croatia,2020.0,45
Croatia,2021.0,45
Cuba,2012.0,45
Cuba,2013.0,56
Cuba,2014.0,59
Cuba,2015.0,60
Cuba,2016.0,61
Cuba,2017.0,66
Cuba,2018.0,67
Cuba,2019.0,68
Cuba,2020.0,68
Cuba,2021.0,68
Cyprus,2012.0,63
Cyprus,2013.0,67
Cyprus,2014.0,67
Cyprus,2015.0,77
Cyprus,2016.0,86
Cyprus,2017.0,95
Cyprus,2018.0,96
Cyprus,2019.0,97
Cyprus,2020.0,97
Cyprus,2021.0,97
Least Developed Countries (LDCs),2012.0,3089
Least Developed Countries (LDCs),2013.0,3775
Least Developed Countries (LDCs),2014.0,4490
Least Developed Countries (LDCs),2015.0,5116
Least Developed Countries (LDCs),2016.0,5732
Least Developed Countries (LDCs),2017.0,6247
Least Developed Countries (LDCs),2018.0,6736
Least Developed Countries (LDCs),2019.0,7029
Least Developed Countries (LDCs),2020.0,7045
Least Developed Countries (LDCs),2021.0,7045
Sub-Saharan Africa,2012.0,3177
Sub-Saharan Africa,2013.0,3813
Sub-Saharan Africa,2014.0,4575
Sub-Saharan Africa,2015.0,5287
Sub-Saharan Africa,2016.0,6198
Sub-Saharan Africa,2017.0,7152
Sub-Saharan Africa,2018.0,8028
Sub-Saharan Africa,2019.0,8681
Sub-Saharan Africa,2020.0,8723
Sub-Saharan Africa,2021.0,8723
Czechia,2012.0,81
Czechia,2013.0,113
Czechia,2014.0,143
Czechia,2015.0,169
Czechia,2016.0,220
Czechia,2017.0,258
Czechia,2018.0,297
Czechia,2019.0,334
Czechia,2020.0,367
Czechia,2021.0,367
Benin,2012.0,55
Benin,2013.0,71
Benin,2014.0,77
Benin,2015.0,81
Benin,2016.0,93
Benin,2017.0,97
Benin,2018.0,109
Benin,2019.0,122
Benin,2020.0,126
Benin,2021.0,130
Denmark,2012.0,187
Denmark,2013.0,237
Denmark,2014.0,301
Denmark,2015.0,360
Denmark,2016.0,407
Denmark,2017.0,457
Denmark,2018.0,517
Denmark,2019.0,553
Denmark,2020.0,571
Denmark,2021.0,571
Dominica,2012.0,1
Dominica,2013.0,1
Dominica,2014.0,2
Dominica,2015.0,3
Dominica,2016.0,3
Dominica,2017.0,3
Dominica,2018.0,3
Dominica,2019.0,3
Dominica,2020.0,3
Dominica,2021.0,3
Dominican Republic,2012.0,26
Dominican Republic,2013.0,27
Dominican Republic,2014.0,35
Dominican Republic,2015.0,36
Dominican Republic,2016.0,41
Dominican Republic,2017.0,41
Dominican Republic,2018.0,42
Dominican Republic,2019.0,42
Dominican Republic,2020.0,42
Dominican Republic,2021.0,42
Ecuador,2012.0,61
Ecuador,2013.0,68
Ecuador,2014.0,88
Ecuador,2015.0,100
Ecuador,2016.0,109
Ecuador,2017.0,111
Ecuador,2018.0,112
Ecuador,2019.0,113
Ecuador,2020.0,113
Ecuador,2021.0,113
El Salvador,2012.0,32
El Salvador,2013.0,38
El Salvador,2014.0,41
El Salvador,2015.0,44
El Salvador,2016.0,53
El Salvador,2017.0,58
El Salvador,2018.0,64
El Salvador,2019.0,67
El Salvador,2020.0,67
El Salvador,2021.0,67
Equatorial Guinea,2012.0,0
Equatorial Guinea,2013.0,0
Equatorial Guinea,2014.0,0
Equatorial Guinea,2015.0,0
Equatorial Guinea,2016.0,0
Equatorial Guinea,2017.0,0
Equatorial Guinea,2018.0,0
Equatorial Guinea,2019.0,0
Equatorial Guinea,2020.0,0
Equatorial Guinea,2021.0,0
Ethiopia,2012.0,738
Ethiopia,2013.0,900
Ethiopia,2014.0,1072
Ethiopia,2015.0,1215
Ethiopia,2016.0,1327
Ethiopia,2017.0,1414
Ethiopia,2018.0,1471
Ethiopia,2019.0,1494
Ethiopia,2020.0,1494
Ethiopia,2021.0,1494
Eritrea,2012.0,33
Eritrea,2013.0,45
Eritrea,2014.0,51
Eritrea,2015.0,53
Eritrea,2016.0,57
Eritrea,2017.0,60
Eritrea,2018.0,61
Eritrea,2019.0,61
Eritrea,2020.0,61
Eritrea,2021.0,61
Estonia,2012.0,14
Estonia,2013.0,23
Estonia,2014.0,27
Estonia,2015.0,30
Estonia,2016.0,38
Estonia,2017.0,46
Estonia,2018.0,49
Estonia,2019.0,51
Estonia,2020.0,54
Estonia,2021.0,54
Faeroe Islands,2012.0,0
Faeroe Islands,2013.0,0
Faeroe Islands,2014.0,0
Faeroe Islands,2015.0,0
Faeroe Islands,2016.0,0
Faeroe Islands,2017.0,0
Faeroe Islands,2018.0,0
Faeroe Islands,2019.0,0
Faeroe Islands,2020.0,0
Faeroe Islands,2021.0,0
Falkland Islands,2012.0,0
Falkland Islands,2013.0,0
Falkland Islands,2014.0,0
Falkland Islands,2015.0,0
Falkland Islands,2016.0,0
Falkland Islands,2017.0,0
Falkland Islands,2018.0,0
Falkland Islands,2019.0,0
Falkland Islands,2020.0,0
Falkland Islands,2021.0,0
South Georgia and the South Sandwich Islands,2012.0,0
South Georgia and the South Sandwich Islands,2013.0,0
South Georgia and the South Sandwich Islands,2014.0,0
South Georgia and the South Sandwich Islands,2015.0,0
South Georgia and the South Sandwich Islands,2016.0,0
South Georgia and the South Sandwich Islands,2017.0,0
South Georgia and the South Sandwich Islands,2018.0,0
South Georgia and the South Sandwich Islands,2019.0,0
South Georgia and the South Sandwich Islands,2020.0,0
South Georgia and the South Sandwich Islands,2021.0,0
Fiji,2012.0,25
Fiji,2013.0,34
Fiji,2014.0,37
Fiji,2015.0,39
Fiji,2016.0,41
Fiji,2017.0,41
Fiji,2018.0,41
Fiji,2019.0,41
Fiji,2020.0,41
Fiji,2021.0,41
Finland,2012.0,51
Finland,2013.0,57
Finland,2014.0,70
Finland,2015.0,86
Finland,2016.0,96
Finland,2017.0,107
Finland,2018.0,117
Finland,2019.0,126
Finland,2020.0,130
Finland,2021.0,130
Aland Islands,2012.0,0
Aland Islands,2013.0,0
Aland Islands,2014.0,0
Aland Islands,2015.0,0
Aland Islands,2016.0,0
Aland Islands,2017.0,0
Aland Islands,2018.0,0
Aland Islands,2019.0,0
Aland Islands,2020.0,0
Aland Islands,2021.0,0
France,2012.0,483
France,2013.0,607
France,2014.0,747
France,2015.0,888
France,2016.0,991
France,2017.0,1117
France,2018.0,1243
France,2019.0,1365
France,2020.0,1416
France,2021.0,1416
French Guiana,2012.0,0
French Guiana,2013.0,0
French Guiana,2014.0,0
French Guiana,2015.0,0
French Guiana,2016.0,0
French Guiana,2017.0,0
French Guiana,2018.0,0
French Guiana,2019.0,0
French Guiana,2020.0,0
French Guiana,2021.0,0
French Polynesia,2012.0,0
French Polynesia,2013.0,0
French Polynesia,2014.0,0
French Polynesia,2015.0,0
French Polynesia,2016.0,0
French Polynesia,2017.0,0
French Polynesia,2018.0,0
French Polynesia,2019.0,0
French Polynesia,2020.0,0
French Polynesia,2021.0,0
French Southern Territories,2012.0,0
French Southern Territories,2013.0,0
French Southern Territories,2014.0,0
French Southern Territories,2015.0,0
French Southern Territories,2016.0,0
French Southern Territories,2017.0,0
French Southern Territories,2018.0,0
French Southern Territories,2019.0,0
French Southern Territories,2020.0,0
French Southern Territories,2021.0,0
Djibouti,2012.0,1
Djibouti,2013.0,1
Djibouti,2014.0,1
Djibouti,2015.0,1
Djibouti,2016.0,1
Djibouti,2017.0,1
Djibouti,2018.0,1
Djibouti,2019.0,1
Djibouti,2020.0,1
Djibouti,2021.0,1
Gabon,2012.0,0
Gabon,2013.0,2
Gabon,2014.0,3
Gabon,2015.0,3
Gabon,2016.0,3
Gabon,2017.0,4
Gabon,2018.0,5
Gabon,2019.0,6
Gabon,2020.0,6
Gabon,2021.0,6
Georgia,2012.0,81
Georgia,2013.0,110
Georgia,2014.0,118
Georgia,2015.0,144
Georgia,2016.0,157
Georgia,2017.0,167
Georgia,2018.0,173
Georgia,2019.0,179
Georgia,2020.0,179
Georgia,2021.0,179
Gambia,2012.0,11
Gambia,2013.0,17
Gambia,2014.0,20
Gambia,2015.0,21
Gambia,2016.0,22
Gambia,2017.0,24
Gambia,2018.0,24
Gambia,2019.0,24
Gambia,2020.0,24
Gambia,2021.0,24
Palestine,2012.0,0
Palestine,2013.0,0
Palestine,2014.0,0
Palestine,2015.0,11
Palestine,2016.0,12
Palestine,2017.0,13
Palestine,2018.0,13
Palestine,2019.0,13
Palestine,2020.0,13
Palestine,2021.0,13
Germany,2012.0,3898
Germany,2013.0,5012
Germany,2014.0,6068
Germany,2015.0,7292
Germany,2016.0,8347
Germany,2017.0,8728
Germany,2018.0,9120
Germany,2019.0,9476
Germany,2020.0,9673
Germany,2021.0,9673
Ghana,2012.0,52
Ghana,2013.0,56
Ghana,2014.0,69
Ghana,2015.0,80
Ghana,2016.0,87
Ghana,2017.0,102
Ghana,2018.0,117
Ghana,2019.0,126
Ghana,2020.0,128
Ghana,2021.0,128
Gibraltar,2012.0,0
Gibraltar,2013.0,0
Gibraltar,2014.0,0
Gibraltar,2015.0,0
Gibraltar,2016.0,0
Gibraltar,2017.0,0
Gibraltar,2018.0,0
Gibraltar,2019.0,0
Gibraltar,2020.0,0
Gibraltar,2021.0,0
Kiribati,2012.0,0
Kiribati,2013.0,3
Kiribati,2014.0,3
Kiribati,2015.0,3
Kiribati,2016.0,3
Kiribati,2017.0,3
Kiribati,2018.0,3
Kiribati,2019.0,3
Kiribati,2020.0,3
Kiribati,2021.0,3
Greece,2012.0,32
Greece,2013.0,40
Greece,2014.0,45
Greece,2015.0,55
Greece,2016.0,62
Greece,2017.0,73
Greece,2018.0,77
Greece,2019.0,80
Greece,2020.0,80
Greece,2021.0,80
Greenland,2012.0,0
Greenland,2013.0,0
Greenland,2014.0,0
Greenland,2015.0,0
Greenland,2016.0,0
Greenland,2017.0,0
Greenland,2018.0,0
Greenland,2019.0,0
Greenland,2020.0,0
Greenland,2021.0,0
Grenada,2012.0,0
Grenada,2013.0,1
Grenada,2014.0,1
Grenada,2015.0,2
Grenada,2016.0,2
Grenada,2017.0,2
Grenada,2018.0,2
Grenada,2019.0,2
Grenada,2020.0,2
Grenada,2021.0,2
Guadeloupe,2012.0,0
Guadeloupe,2013.0,0
Guadeloupe,2014.0,0
Guadeloupe,2015.0,0
Guadeloupe,2016.0,0
Guadeloupe,2017.0,0
Guadeloupe,2018.0,0
Guadeloupe,2019.0,0
Guadeloupe,2020.0,0
Guadeloupe,2021.0,0
Guam,2012.0,0
Guam,2013.0,0
Guam,2014.0,0
Guam,2015.0,0
Guam,2016.0,0
Guam,2017.0,0
Guam,2018.0,0
Guam,2019.0,0
Guam,2020.0,0
Guam,2021.0,0
Guatemala,2012.0,46
Guatemala,2013.0,57
Guatemala,2014.0,63
Guatemala,2015.0,67
Guatemala,2016.0,84
Guatemala,2017.0,94
Guatemala,2018.0,103
Guatemala,2019.0,121
Guatemala,2020.0,121
Guatemala,2021.0,121
Guinea,2012.0,9
Guinea,2013.0,9
Guinea,2014.0,16
Guinea,2015.0,17
Guinea,2016.0,20
Guinea,2017.0,20
Guinea,2018.0,20
Guinea,2019.0,21
Guinea,2020.0,21
Guinea,2021.0,21
Guyana,2012.0,19
Guyana,2013.0,27
Guyana,2014.0,39
Guyana,2015.0,41
Guyana,2016.0,44
Guyana,2017.0,44
Guyana,2018.0,45
Guyana,2019.0,45
Guyana,2020.0,45
Guyana,2021.0,45
Haiti,2012.0,16
Haiti,2013.0,19
Haiti,2014.0,22
Haiti,2015.0,29
Haiti,2016.0,40
Haiti,2017.0,48
Haiti,2018.0,53
Haiti,2019.0,55
Haiti,2020.0,55
Haiti,2021.0,55
Heard Island and McDonald Islands,2012.0,0
Heard Island and McDonald Islands,2013.0,0
Heard Island and McDonald Islands,2014.0,0
Heard Island and McDonald Islands,2015.0,0
Heard Island and McDonald Islands,2016.0,0
Heard Island and McDonald Islands,2017.0,0
Heard Island and McDonald Islands,2018.0,0
Heard Island and McDonald Islands,2019.0,0
Heard Island and McDonald Islands,2020.0,0
Heard Island and McDonald Islands,2021.0,0
Vatican,2012.0,0
Vatican,2013.0,0
Vatican,2014.0,0
Vatican,2015.0,0
Vatican,2016.0,0
Vatican,2017.0,11
Vatican,2018.0,11
Vatican,2019.0,11
Vatican,2020.0,11
Vatican,2021.0,11
Honduras,2012.0,43
Honduras,2013.0,53
Honduras,2014.0,62
Honduras,2015.0,70
Honduras,2016.0,79
Honduras,2017.0,83
Honduras,2018.0,88
Honduras,2019.0,94
Honduras,2020.0,94
Honduras,2021.0,94
Hong Kong,2012.0,0
Hong Kong,2013.0,0
Hong Kong,2014.0,0
Hong Kong,2015.0,0
Hong Kong,2016.0,0
Hong Kong,2017.0,0
Hong Kong,2018.0,0
Hong Kong,2019.0,0
Hong Kong,2020.0,0
Hong Kong,2021.0,0
Hungary,2012.0,83
Hungary,2013.0,88
Hungary,2014.0,100
Hungary,2015.0,115
Hungary,2016.0,134
Hungary,2017.0,151
Hungary,2018.0,165
Hungary,2019.0,195
Hungary,2020.0,198
Hungary,2021.0,198
Iceland,2012.0,6
Iceland,2013.0,10
Iceland,2014.0,18
Iceland,2015.0,22
Iceland,2016.0,22
Iceland,2017.0,22
Iceland,2018.0,23
Iceland,2019.0,23
Iceland,2020.0,23
Iceland,2021.0,23
India,2012.0,3555
India,2013.0,4357
India,2014.0,5152
India,2015.0,6283
India,2016.0,7545
India,2017.0,8574
India,2018.0,9411
India,2019.0,10187
India,2020.0,10206
India,2021.0,10206
Indonesia,2012.0,91
Indonesia,2013.0,112
Indonesia,2014.0,145
Indonesia,2015.0,166
Indonesia,2016.0,183
Indonesia,2017.0,208
Indonesia,2018.0,220
Indonesia,2019.0,223
Indonesia,2020.0,226
Indonesia,2021.0,226
Iran,2012.0,1124
Iran,2013.0,1269
Iran,2014.0,1425
Iran,2015.0,1546
Iran,2016.0,1628
Iran,2017.0,1706
Iran,2018.0,1766
Iran,2019.0,1834
Iran,2020.0,1845
Iran,2021.0,1845
Iraq,2012.0,258
Iraq,2013.0,305
Iraq,2014.0,375
Iraq,2015.0,443
Iraq,2016.0,459
Iraq,2017.0,476
Iraq,2018.0,485
Iraq,2019.0,490
Iraq,2020.0,490
Iraq,2021.0,490
Ireland,2012.0,12
Ireland,2013.0,16
Ireland,2014.0,21
Ireland,2015.0,26
Ireland,2016.0,37
Ireland,2017.0,47
Ireland,2018.0,60
Ireland,2019.0,66
Ireland,2020.0,72
Ireland,2021.0,72
Israel,2012.0,109
Israel,2013.0,127
Israel,2014.0,151
Israel,2015.0,163
Israel,2016.0,184
Israel,2017.0,197
Israel,2018.0,198
Israel,2019.0,199
Israel,2020.0,199
Israel,2021.0,199
Italy,2012.0,306
Italy,2013.0,375
Italy,2014.0,425
Italy,2015.0,497
Italy,2016.0,542
Italy,2017.0,584
Italy,2018.0,619
Italy,2019.0,666
Italy,2020.0,683
Italy,2021.0,696
Cote d'Ivoire,2012.0,11
Cote d'Ivoire,2013.0,17
Cote d'Ivoire,2014.0,23
Cote d'Ivoire,2015.0,24
Cote d'Ivoire,2016.0,29
Cote d'Ivoire,2017.0,34
Cote d'Ivoire,2018.0,47
Cote d'Ivoire,2019.0,47
Cote d'Ivoire,2020.0,47
Cote d'Ivoire,2021.0,47
Jamaica,2012.0,40
Jamaica,2013.0,41
Jamaica,2014.0,45
Jamaica,2015.0,47
Jamaica,2016.0,49
Jamaica,2017.0,49
Jamaica,2018.0,49
Jamaica,2019.0,50
Jamaica,2020.0,50
Jamaica,2021.0,50
Japan,2012.0,263
Japan,2013.0,332
Japan,2014.0,430
Japan,2015.0,574
Japan,2016.0,717
Japan,2017.0,851
Japan,2018.0,975
Japan,2019.0,1076
Japan,2020.0,1080
Japan,2021.0,1080
Kazakhstan,2012.0,198
Kazakhstan,2013.0,237
Kazakhstan,2014.0,269
Kazakhstan,2015.0,314
Kazakhstan,2016.0,336
Kazakhstan,2017.0,357
Kazakhstan,2018.0,375
Kazakhstan,2019.0,393
Kazakhstan,2020.0,395
Kazakhstan,2021.0,395
Jordan,2012.0,148
Jordan,2013.0,157
Jordan,2014.0,174
Jordan,2015.0,202
Jordan,2016.0,215
Jordan,2017.0,223
Jordan,2018.0,224
Jordan,2019.0,225
Jordan,2020.0,225
Jordan,2021.0,225
Kenya,2012.0,345
Kenya,2013.0,406
Kenya,2014.0,491
Kenya,2015.0,586
Kenya,2016.0,737
Kenya,2017.0,1075
Kenya,2018.0,1368
Kenya,2019.0,1606
Kenya,2020.0,1631
Kenya,2021.0,1631
North Korea,2012.0,0
North Korea,2013.0,11
North Korea,2014.0,26
North Korea,2015.0,35
North Korea,2016.0,37
North Korea,2017.0,50
North Korea,2018.0,54
North Korea,2019.0,56
North Korea,2020.0,56
North Korea,2021.0,56
Korea,2012.0,106
Korea,2013.0,132
Korea,2014.0,158
Korea,2015.0,191
Korea,2016.0,223
Korea,2017.0,254
Korea,2018.0,267
Korea,2019.0,276
Korea,2020.0,277
Korea,2021.0,277
Kuwait,2012.0,0
Kuwait,2013.0,0
Kuwait,2014.0,0
Kuwait,2015.0,0
Kuwait,2016.0,1
Kuwait,2017.0,1
Kuwait,2018.0,1
Kuwait,2019.0,1
Kuwait,2020.0,1
Kuwait,2021.0,1
Kyrgyzstan,2012.0,113
Kyrgyzstan,2013.0,123
Kyrgyzstan,2014.0,129
Kyrgyzstan,2015.0,135
Kyrgyzstan,2016.0,142
Kyrgyzstan,2017.0,142
Kyrgyzstan,2018.0,143
Kyrgyzstan,2019.0,143
Kyrgyzstan,2020.0,143
Kyrgyzstan,2021.0,143
Laos,2012.0,34
Laos,2013.0,36
Laos,2014.0,47
Laos,2015.0,48
Laos,2016.0,51
Laos,2017.0,54
Laos,2018.0,59
Laos,2019.0,59
Laos,2020.0,60
Laos,2021.0,60
Latin America and the Caribbean,2012.0,4528
Latin America and the Caribbean,2013.0,5391
Latin America and the Caribbean,2014.0,6230
Latin America and the Caribbean,2015.0,6891
Latin America and the Caribbean,2016.0,7645
Latin America and the Caribbean,2017.0,8195
Latin America and the Caribbean,2018.0,8807
Latin America and the Caribbean,2019.0,9371
Latin America and the Caribbean,2020.0,9381
Latin America and the Caribbean,2021.0,9381
Lebanon,2012.0,49
Lebanon,2013.0,86
Lebanon,2014.0,128
Lebanon,2015.0,143
Lebanon,2016.0,148
Lebanon,2017.0,164
Lebanon,2018.0,173
Lebanon,2019.0,180
Lebanon,2020.0,180
Lebanon,2021.0,180
Lesotho,2012.0,13
Lesotho,2013.0,14
Lesotho,2014.0,23
Lesotho,2015.0,24
Lesotho,2016.0,25
Lesotho,2017.0,28
Lesotho,2018.0,28
Lesotho,2019.0,29
Lesotho,2020.0,29
Lesotho,2021.0,29
Latvia,2012.0,5
Latvia,2013.0,5
Latvia,2014.0,11
Latvia,2015.0,12
Latvia,2016.0,14
Latvia,2017.0,16
Latvia,2018.0,17
Latvia,2019.0,19
Latvia,2020.0,21
Latvia,2021.0,21
Liberia,2012.0,8
Liberia,2013.0,9
Liberia,2014.0,10
Liberia,2015.0,13
Liberia,2016.0,14
Liberia,2017.0,14
Liberia,2018.0,15
Liberia,2019.0,16
Liberia,2020.0,16
Liberia,2021.0,16
Landlocked developing countries (LLDCs),2012.0,5921
Landlocked developing countries (LLDCs),2013.0,7183
Landlocked developing countries (LLDCs),2014.0,8457
Landlocked developing countries (LLDCs),2015.0,9626
Landlocked developing countries (LLDCs),2016.0,10754
Landlocked developing countries (LLDCs),2017.0,11684
Landlocked developing countries (LLDCs),2018.0,12534
Landlocked developing countries (LLDCs),2019.0,13040
Landlocked developing countries (LLDCs),2020.0,13060
Landlocked developing countries (LLDCs),2021.0,13060
Libya,2012.0,84
Libya,2013.0,99
Libya,2014.0,99
Libya,2015.0,131
Libya,2016.0,141
Libya,2017.0,142
Libya,2018.0,143
Libya,2019.0,144
Libya,2020.0,144
Libya,2021.0,144
Liechtenstein,2012.0,0
Liechtenstein,2013.0,0
Liechtenstein,2014.0,0
Liechtenstein,2015.0,0
Liechtenstein,2016.0,0
Liechtenstein,2017.0,0
Liechtenstein,2018.0,0
Liechtenstein,2019.0,0
Liechtenstein,2020.0,0
Liechtenstein,2021.0,0
Lithuania,2012.0,9
Lithuania,2013.0,12
Lithuania,2014.0,14
Lithuania,2015.0,16
Lithuania,2016.0,20
Lithuania,2017.0,24
Lithuania,2018.0,29
Lithuania,2019.0,31
Lithuania,2020.0,31
Lithuania,2021.0,31
Luxembourg,2012.0,9
Luxembourg,2013.0,11
Luxembourg,2014.0,16
Luxembourg,2015.0,16
Luxembourg,2016.0,17
Luxembourg,2017.0,17
Luxembourg,2018.0,17
Luxembourg,2019.0,18
Luxembourg,2020.0,20
Luxembourg,2021.0,20
Macao,2012.0,0
Macao,2013.0,0
Macao,2014.0,0
Macao,2015.0,0
Macao,2016.0,0
Macao,2017.0,0
Macao,2018.0,0
Macao,2019.0,0
Macao,2020.0,0
Macao,2021.0,0
Madagascar,2012.0,39
Madagascar,2013.0,43
Madagascar,2014.0,48
Madagascar,2015.0,53
Madagascar,2016.0,59
Madagascar,2017.0,60
Madagascar,2018.0,73
Madagascar,2019.0,76
Madagascar,2020.0,76
Madagascar,2021.0,76
Malawi,2012.0,54
Malawi,2013.0,66
Malawi,2014.0,75
Malawi,2015.0,78
Malawi,2016.0,94
Malawi,2017.0,105
Malawi,2018.0,112
Malawi,2019.0,123
Malawi,2020.0,123
Malawi,2021.0,123
Malaysia,2012.0,54
Malaysia,2013.0,59
Malaysia,2014.0,67
Malaysia,2015.0,70
Malaysia,2016.0,79
Malaysia,2017.0,84
Malaysia,2018.0,87
Malaysia,2019.0,88
Malaysia,2020.0,89
Malaysia,2021.0,89
Maldives,2012.0,0
Maldives,2013.0,0
Maldives,2014.0,0
Maldives,2015.0,0
Maldives,2016.0,0
Maldives,2017.0,0
Maldives,2018.0,0
Maldives,2019.0,0
Maldives,2020.0,0
Maldives,2021.0,0
Mali,2012.0,35
Mali,2013.0,42
Mali,2014.0,56
Mali,2015.0,68
Mali,2016.0,85
Mali,2017.0,88
Mali,2018.0,108
Mali,2019.0,120
Mali,2020.0,122
Mali,2021.0,122
Malta,2012.0,0
Malta,2013.0,0
Malta,2014.0,0
Malta,2015.0,0
Malta,2016.0,0
Malta,2017.0,0
Malta,2018.0,0
Malta,2019.0,0
Malta,2020.0,0
Malta,2021.0,0
Martinique,2012.0,0
Martinique,2013.0,0
Martinique,2014.0,0
Martinique,2015.0,0
Martinique,2016.0,0
Martinique,2017.0,0
Martinique,2018.0,0
Martinique,2019.0,0
Martinique,2020.0,0
Martinique,2021.0,0
Mauritania,2012.0,0
Mauritania,2013.0,2
Mauritania,2014.0,8
Mauritania,2015.0,11
Mauritania,2016.0,13
Mauritania,2017.0,14
Mauritania,2018.0,14
Mauritania,2019.0,14
Mauritania,2020.0,14
Mauritania,2021.0,14
Mauritius,2012.0,13
Mauritius,2013.0,14
Mauritius,2014.0,16
Mauritius,2015.0,16
Mauritius,2016.0,17
Mauritius,2017.0,19
Mauritius,2018.0,20
Mauritius,2019.0,22
Mauritius,2020.0,22
Mauritius,2021.0,22
Mexico,2012.0,1218
Mexico,2013.0,1520
Mexico,2014.0,1864
Mexico,2015.0,2192
Mexico,2016.0,2594
Mexico,2017.0,2953
Mexico,2018.0,3335
Mexico,2019.0,3723
Mexico,2020.0,3723
Mexico,2021.0,3723
"Western Asia (exc. Armenia, Azerbaijan, Cyprus, Israel and Georgia)",2012.0,2287
"Western Asia (exc. Armenia, Azerbaijan, Cyprus, Israel and Georgia)",2013.0,2670
"Western Asia (exc. Armenia, Azerbaijan, Cyprus, Israel and Georgia)",2014.0,3087
"Western Asia (exc. Armenia, Azerbaijan, Cyprus, Israel and Georgia)",2015.0,3540
"Western Asia (exc. Armenia, Azerbaijan, Cyprus, Israel and Georgia)",2016.0,3723
"Western Asia (exc. Armenia, Azerbaijan, Cyprus, Israel and Georgia)",2017.0,3919
"Western Asia (exc. Armenia, Azerbaijan, Cyprus, Israel and Georgia)",2018.0,4051
"Western Asia (exc. Armenia, Azerbaijan, Cyprus, Israel and Georgia)",2019.0,4190
"Western Asia (exc. Armenia, Azerbaijan, Cyprus, Israel and Georgia)",2020.0,4193
"Western Asia (exc. Armenia, Azerbaijan, Cyprus, Israel and Georgia)",2021.0,4193
Monaco,2012.0,0
Monaco,2013.0,0
Monaco,2014.0,0
Monaco,2015.0,0
Monaco,2016.0,0
Monaco,2017.0,0
Monaco,2018.0,0
Monaco,2019.0,0
Monaco,2020.0,0
Monaco,2021.0,1
Mongolia,2012.0,38
Mongolia,2013.0,41
Mongolia,2014.0,47
Mongolia,2015.0,53
Mongolia,2016.0,57
Mongolia,2017.0,59
Mongolia,2018.0,60
Mongolia,2019.0,62
Mongolia,2020.0,62
Mongolia,2021.0,62
Moldova,2012.0,22
Moldova,2013.0,24
Moldova,2014.0,25
Moldova,2015.0,26
Moldova,2016.0,27
Moldova,2017.0,29
Moldova,2018.0,29
Moldova,2019.0,30
Moldova,2020.0,30
Moldova,2021.0,30
Montenegro,2012.0,0
Montenegro,2013.0,0
Montenegro,2014.0,0
Montenegro,2015.0,0
Montenegro,2016.0,0
Montenegro,2017.0,0
Montenegro,2018.0,0
Montenegro,2019.0,0
Montenegro,2020.0,0
Montenegro,2021.0,0
Montserrat,2012.0,0
Montserrat,2013.0,0
Montserrat,2014.0,0
Montserrat,2015.0,0
Montserrat,2016.0,0
Montserrat,2017.0,0
Montserrat,2018.0,0
Montserrat,2019.0,0
Montserrat,2020.0,0
Montserrat,2021.0,0
Morocco,2012.0,648
Morocco,2013.0,735
Morocco,2014.0,804
Morocco,2015.0,866
Morocco,2016.0,905
Morocco,2017.0,944
Morocco,2018.0,964
Morocco,2019.0,982
Morocco,2020.0,985
Morocco,2021.0,985
Mozambique,2012.0,155
Mozambique,2013.0,165
Mozambique,2014.0,174
Mozambique,2015.0,177
Mozambique,2016.0,196
Mozambique,2017.0,210
Mozambique,2018.0,222
Mozambique,2019.0,225
Mozambique,2020.0,225
Mozambique,2021.0,225
Oman,2012.0,1
Oman,2013.0,1
Oman,2014.0,1
Oman,2015.0,2
Oman,2016.0,3
Oman,2017.0,5
Oman,2018.0,5
Oman,2019.0,7
Oman,2020.0,7
Oman,2021.0,7
Europe and North America,2012.0,10196
Europe and North America,2013.0,12608
Europe and North America,2014.0,15051
Europe and North America,2015.0,17866
Europe and North America,2016.0,20596
Europe and North America,2017.0,22486
Europe and North America,2018.0,24156
Europe and North America,2019.0,25636
Europe and North America,2020.0,26305
Europe and North America,2021.0,26319
"Developed regions (Europe, Cyprus, Israel, Northern America, Japan, Australia & New Zealand)",2012.0,10912
"Developed regions (Europe, Cyprus, Israel, Northern America, Japan, Australia & New Zealand)",2013.0,13458
"Developed regions (Europe, Cyprus, Israel, Northern America, Japan, Australia & New Zealand)",2014.0,16070
"Developed regions (Europe, Cyprus, Israel, Northern America, Japan, Australia & New Zealand)",2015.0,19125
"Developed regions (Europe, Cyprus, Israel, Northern America, Japan, Australia & New Zealand)",2016.0,22097
"Developed regions (Europe, Cyprus, Israel, Northern America, Japan, Australia & New Zealand)",2017.0,24216
"Developed regions (Europe, Cyprus, Israel, Northern America, Japan, Australia & New Zealand)",2018.0,26090
"Developed regions (Europe, Cyprus, Israel, Northern America, Japan, Australia & New Zealand)",2019.0,27715
"Developed regions (Europe, Cyprus, Israel, Northern America, Japan, Australia & New Zealand)",2020.0,28390
"Developed regions (Europe, Cyprus, Israel, Northern America, Japan, Australia & New Zealand)",2021.0,28404
Developing regions,2012.0,22779
Developing regions,2013.0,27187
Developing regions,2014.0,31685
Developing regions,2015.0,36227
Developing regions,2016.0,40339
Developing regions,2017.0,43961
Developing regions,2018.0,47046
Developing regions,2019.0,49556
Developing regions,2020.0,49704
Developing regions,2021.0,49704
Namibia,2012.0,0
Namibia,2013.0,0
Namibia,2014.0,0
Namibia,2015.0,3
Namibia,2016.0,5
Namibia,2017.0,5
Namibia,2018.0,7
Namibia,2019.0,10
Namibia,2020.0,10
Namibia,2021.0,10
Eastern Asia (excluding Japan),2012.0,1229
Eastern Asia (excluding Japan),2013.0,1458
Eastern Asia (excluding Japan),2014.0,1667
Eastern Asia (excluding Japan),2015.0,1936
Eastern Asia (excluding Japan),2016.0,2067
Eastern Asia (excluding Japan),2017.0,2208
Eastern Asia (excluding Japan),2018.0,2311
Eastern Asia (excluding Japan),2019.0,2383
Eastern Asia (excluding Japan),2020.0,2418
Eastern Asia (excluding Japan),2021.0,2418
Nauru,2012.0,0
Nauru,2013.0,1
Nauru,2014.0,1
Nauru,2015.0,1
Nauru,2016.0,1
Nauru,2017.0,1
Nauru,2018.0,1
Nauru,2019.0,1
Nauru,2020.0,1
Nauru,2021.0,1
Nepal,2012.0,248
Nepal,2013.0,314
Nepal,2014.0,361
Nepal,2015.0,409
Nepal,2016.0,441
Nepal,2017.0,473
Nepal,2018.0,492
Nepal,2019.0,504
Nepal,2020.0,504
Nepal,2021.0,504
Netherlands,2012.0,678
Netherlands,2013.0,825
Netherlands,2014.0,999
Netherlands,2015.0,1162
Netherlands,2016.0,1341
Netherlands,2017.0,1474
Netherlands,2018.0,1599
Netherlands,2019.0,1729
Netherlands,2020.0,1744
Netherlands,2021.0,1745
Curacao,2012.0,0
Curacao,2013.0,0
Curacao,2014.0,0
Curacao,2015.0,0
Curacao,2016.0,0
Curacao,2017.0,0
Curacao,2018.0,0
Curacao,2019.0,0
Curacao,2020.0,0
Curacao,2021.0,0
Aruba,2012.0,0
Aruba,2013.0,0
Aruba,2014.0,0
Aruba,2015.0,0
Aruba,2016.0,0
Aruba,2017.0,0
Aruba,2018.0,0
Aruba,2019.0,0
Aruba,2020.0,0
Aruba,2021.0,0
Sint Maarten (Dutch part),2012.0,0
Sint Maarten (Dutch part),2013.0,0
Sint Maarten (Dutch part),2014.0,0
Sint Maarten (Dutch part),2015.0,0
Sint Maarten (Dutch part),2016.0,0
Sint Maarten (Dutch part),2017.0,0
Sint Maarten (Dutch part),2018.0,0
Sint Maarten (Dutch part),2019.0,0
Sint Maarten (Dutch part),2020.0,0
Sint Maarten (Dutch part),2021.0,0
Bonaire Sint Eustatius and Saba,2012.0,0
Bonaire Sint Eustatius and Saba,2013.0,0
Bonaire Sint Eustatius and Saba,2014.0,0
Bonaire Sint Eustatius and Saba,2015.0,0
Bonaire Sint Eustatius and Saba,2016.0,0
Bonaire Sint Eustatius and Saba,2017.0,0
Bonaire Sint Eustatius and Saba,2018.0,0
Bonaire Sint Eustatius and Saba,2019.0,0
Bonaire Sint Eustatius and Saba,2020.0,0
Bonaire Sint Eustatius and Saba,2021.0,0
New Caledonia,2012.0,0
New Caledonia,2013.0,0
New Caledonia,2014.0,0
New Caledonia,2015.0,0
New Caledonia,2016.0,0
New Caledonia,2017.0,0
New Caledonia,2018.0,0
New Caledonia,2019.0,0
New Caledonia,2020.0,0
New Caledonia,2021.0,0
Oceania (exc. Australia and New Zealand),2012.0,32
Oceania (exc. Australia and New Zealand),2013.0,61
Oceania (exc. Australia and New Zealand),2014.0,70
Oceania (exc. Australia and New Zealand),2015.0,75
Oceania (exc. Australia and New Zealand),2016.0,79
Oceania (exc. Australia and New Zealand),2017.0,79
Oceania (exc. Australia and New Zealand),2018.0,79
Oceania (exc. Australia and New Zealand),2019.0,81
Oceania (exc. Australia and New Zealand),2020.0,81
Oceania (exc. Australia and New Zealand),2021.0,81
Vanuatu,2012.0,0
Vanuatu,2013.0,1
Vanuatu,2014.0,1
Vanuatu,2015.0,3
Vanuatu,2016.0,3
Vanuatu,2017.0,3
Vanuatu,2018.0,3
Vanuatu,2019.0,3
Vanuatu,2020.0,3
Vanuatu,2021.0,3
New Zealand,2012.0,28
New Zealand,2013.0,35
New Zealand,2014.0,47
New Zealand,2015.0,50
New Zealand,2016.0,56
New Zealand,2017.0,61
New Zealand,2018.0,67
New Zealand,2019.0,68
New Zealand,2020.0,70
New Zealand,2021.0,96
Nicaragua,2012.0,39
Nicaragua,2013.0,44
Nicaragua,2014.0,53
Nicaragua,2015.0,61
Nicaragua,2016.0,71
Nicaragua,2017.0,76
Nicaragua,2018.0,80
Nicaragua,2019.0,82
Nicaragua,2020.0,83
Nicaragua,2021.0,83
Niger,2012.0,20
Niger,2013.0,28
Niger,2014.0,41
Niger,2015.0,111
Niger,2016.0,132
Niger,2017.0,151
Niger,2018.0,191
Niger,2019.0,217
Niger,2020.0,218
Niger,2021.0,218
Nigeria,2012.0,0
Nigeria,2013.0,71
Nigeria,2014.0,194
Nigeria,2015.0,312
Nigeria,2016.0,426
Nigeria,2017.0,537
Nigeria,2018.0,606
Nigeria,2019.0,696
Nigeria,2020.0,697
Nigeria,2021.0,697
Niue,2012.0,0
Niue,2013.0,1
Niue,2014.0,1
Niue,2015.0,1
Niue,2016.0,1
Niue,2017.0,1
Niue,2018.0,1
Niue,2019.0,1
Niue,2020.0,1
Niue,2021.0,1
Norfolk Island,2012.0,0
Norfolk Island,2013.0,0
Norfolk Island,2014.0,0
Norfolk Island,2015.0,0
Norfolk Island,2016.0,0
Norfolk Island,2017.0,0
Norfolk Island,2018.0,0
Norfolk Island,2019.0,0
Norfolk Island,2020.0,0
Norfolk Island,2021.0,0
Norway,2012.0,81
Norway,2013.0,109
Norway,2014.0,140
Norway,2015.0,158
Norway,2016.0,174
Norway,2017.0,191
Norway,2018.0,207
Norway,2019.0,222
Norway,2020.0,227
Norway,2021.0,227
Northern Mariana Islands,2012.0,0
Northern Mariana Islands,2013.0,0
Northern Mariana Islands,2014.0,0
Northern Mariana Islands,2015.0,0
Northern Mariana Islands,2016.0,0
Northern Mariana Islands,2017.0,0
Northern Mariana Islands,2018.0,0
Northern Mariana Islands,2019.0,0
Northern Mariana Islands,2020.0,0
Northern Mariana Islands,2021.0,0
United States Minor Outlying Islands,2012.0,0
United States Minor Outlying Islands,2013.0,0
United States Minor Outlying Islands,2014.0,0
United States Minor Outlying Islands,2015.0,0
United States Minor Outlying Islands,2016.0,0
United States Minor Outlying Islands,2017.0,0
United States Minor Outlying Islands,2018.0,0
United States Minor Outlying Islands,2019.0,0
United States Minor Outlying Islands,2020.0,0
United States Minor Outlying Islands,2021.0,0
Micronesia (region),2012.0,0
Micronesia (region),2013.0,0
Micronesia (region),2014.0,0
Micronesia (region),2015.0,1
Micronesia (region),2016.0,1
Micronesia (region),2017.0,1
Micronesia (region),2018.0,1
Micronesia (region),2019.0,1
Micronesia (region),2020.0,1
Micronesia (region),2021.0,1
Marshall Islands,2012.0,0
Marshall Islands,2013.0,3
Marshall Islands,2014.0,3
Marshall Islands,2015.0,3
Marshall Islands,2016.0,3
Marshall Islands,2017.0,3
Marshall Islands,2018.0,3
Marshall Islands,2019.0,3
Marshall Islands,2020.0,3
Marshall Islands,2021.0,3
Palau,2012.0,0
Palau,2013.0,1
Palau,2014.0,1
Palau,2015.0,1
Palau,2016.0,1
Palau,2017.0,1
Palau,2018.0,1
Palau,2019.0,1
Palau,2020.0,1
Palau,2021.0,1
Pakistan,2012.0,821
Pakistan,2013.0,1036
Pakistan,2014.0,1228
Pakistan,2015.0,1423
Pakistan,2016.0,1539
Pakistan,2017.0,1590
Pakistan,2018.0,1611
Pakistan,2019.0,1638
Pakistan,2020.0,1641
Pakistan,2021.0,1641
Panama,2012.0,50
Panama,2013.0,55
Panama,2014.0,69
Panama,2015.0,73
Panama,2016.0,78
Panama,2017.0,80
Panama,2018.0,82
Panama,2019.0,84
Panama,2020.0,84
Panama,2021.0,84
Papua New Guinea,2012.0,4
Papua New Guinea,2013.0,8
Papua New Guinea,2014.0,12
Papua New Guinea,2015.0,12
Papua New Guinea,2016.0,14
Papua New Guinea,2017.0,14
Papua New Guinea,2018.0,14
Papua New Guinea,2019.0,16
Papua New Guinea,2020.0,16
Papua New Guinea,2021.0,16
Paraguay,2012.0,119
Paraguay,2013.0,143
Paraguay,2014.0,162
Paraguay,2015.0,168
Paraguay,2016.0,171
Paraguay,2017.0,177
Paraguay,2018.0,180
Paraguay,2019.0,185
Paraguay,2020.0,185
Paraguay,2021.0,185
Peru,2012.0,290
Peru,2013.0,334
Peru,2014.0,362
Peru,2015.0,391
Peru,2016.0,421
Peru,2017.0,453
Peru,2018.0,488
Peru,2019.0,534
Peru,2020.0,541
Peru,2021.0,541
Philippines,2012.0,762
Philippines,2013.0,905
Philippines,2014.0,1077
Philippines,2015.0,1226
Philippines,2016.0,1364
Philippines,2017.0,1528
Philippines,2018.0,1639
Philippines,2019.0,1648
Philippines,2020.0,1650
Philippines,2021.0,1650
Pitcairn,2012.0,0
Pitcairn,2013.0,0
Pitcairn,2014.0,0
Pitcairn,2015.0,0
Pitcairn,2016.0,0
Pitcairn,2017.0,0
Pitcairn,2018.0,0
Pitcairn,2019.0,0
Pitcairn,2020.0,0
Pitcairn,2021.0,0
Poland,2012.0,95
Poland,2013.0,108
Poland,2014.0,127
Poland,2015.0,154
Poland,2016.0,176
Poland,2017.0,209
Poland,2018.0,237
Poland,2019.0,252
Poland,2020.0,266
Poland,2021.0,266
Portugal,2012.0,157
Portugal,2013.0,189
Portugal,2014.0,221
Portugal,2015.0,255
Portugal,2016.0,277
Portugal,2017.0,294
Portugal,2018.0,305
Portugal,2019.0,311
Portugal,2020.0,313
Portugal,2021.0,313
Guinea-Bissau,2012.0,1
Guinea-Bissau,2013.0,3
Guinea-Bissau,2014.0,3
Guinea-Bissau,2015.0,3
Guinea-Bissau,2016.0,3
Guinea-Bissau,2017.0,3
Guinea-Bissau,2018.0,3
Guinea-Bissau,2019.0,3
Guinea-Bissau,2020.0,3
Guinea-Bissau,2021.0,3
Timor-Leste,2012.0,8
Timor-Leste,2013.0,8
Timor-Leste,2014.0,8
Timor-Leste,2015.0,8
Timor-Leste,2016.0,9
Timor-Leste,2017.0,9
Timor-Leste,2018.0,12
Timor-Leste,2019.0,12
Timor-Leste,2020.0,12
Timor-Leste,2021.0,12
Puerto Rico,2012.0,0
Puerto Rico,2013.0,0
Puerto Rico,2014.0,0
Puerto Rico,2015.0,0
Puerto Rico,2016.0,0
Puerto Rico,2017.0,0
Puerto Rico,2018.0,0
Puerto Rico,2019.0,0
Puerto Rico,2020.0,0
Puerto Rico,2021.0,0
Qatar,2012.0,2
Qatar,2013.0,2
Qatar,2014.0,2
Qatar,2015.0,2
Qatar,2016.0,2
Qatar,2017.0,3
Qatar,2018.0,3
Qatar,2019.0,3
Qatar,2020.0,3
Qatar,2021.0,3
Reunion,2012.0,0
Reunion,2013.0,0
Reunion,2014.0,0
Reunion,2015.0,0
Reunion,2016.0,0
Reunion,2017.0,0
Reunion,2018.0,0
Reunion,2019.0,0
Reunion,2020.0,0
Reunion,2021.0,0
Romania,2012.0,75
Romania,2013.0,90
Romania,2014.0,100
Romania,2015.0,123
Romania,2016.0,132
Romania,2017.0,138
Romania,2018.0,142
Romania,2019.0,146
Romania,2020.0,149
Romania,2021.0,149
Russia,2012.0,124
Russia,2013.0,136
Russia,2014.0,154
Russia,2015.0,168
Russia,2016.0,179
Russia,2017.0,192
Russia,2018.0,198
Russia,2019.0,219
Russia,2020.0,220
Russia,2021.0,220
Rwanda,2012.0,62
Rwanda,2013.0,73
Rwanda,2014.0,87
Rwanda,2015.0,92
Rwanda,2016.0,99
Rwanda,2017.0,108
Rwanda,2018.0,112
Rwanda,2019.0,116
Rwanda,2020.0,116
Rwanda,2021.0,116
Saint Barthlemy,2012.0,0
Saint Barthlemy,2013.0,0
Saint Barthlemy,2014.0,0
Saint Barthlemy,2015.0,0
Saint Barthlemy,2016.0,0
Saint Barthlemy,2017.0,0
Saint Barthlemy,2018.0,0
Saint Barthlemy,2019.0,0
Saint Barthlemy,2020.0,0
Saint Barthlemy,2021.0,0
Saint Helena,2012.0,0
Saint Helena,2013.0,0
Saint Helena,2014.0,0
Saint Helena,2015.0,0
Saint Helena,2016.0,0
Saint Helena,2017.0,0
Saint Helena,2018.0,0
Saint Helena,2019.0,0
Saint Helena,2020.0,0
Saint Helena,2021.0,0
Saint Kitts and Nevis,2012.0,0
Saint Kitts and Nevis,2013.0,0
Saint Kitts and Nevis,2014.0,0
Saint Kitts and Nevis,2015.0,0
Saint Kitts and Nevis,2016.0,0
Saint Kitts and Nevis,2017.0,0
Saint Kitts and Nevis,2018.0,0
Saint Kitts and Nevis,2019.0,0
Saint Kitts and Nevis,2020.0,0
Saint Kitts and Nevis,2021.0,0
Anguilla,2012.0,0
Anguilla,2013.0,0
Anguilla,2014.0,0
Anguilla,2015.0,0
Anguilla,2016.0,0
Anguilla,2017.0,0
Anguilla,2018.0,0
Anguilla,2019.0,0
Anguilla,2020.0,0
Anguilla,2021.0,0
Saint Lucia,2012.0,1
Saint Lucia,2013.0,1
Saint Lucia,2014.0,1
Saint Lucia,2015.0,1
Saint Lucia,2016.0,1
Saint Lucia,2017.0,1
Saint Lucia,2018.0,1
Saint Lucia,2019.0,1
Saint Lucia,2020.0,1
Saint Lucia,2021.0,1
Saint Martin (French part),2012.0,0
Saint Martin (French part),2013.0,0
Saint Martin (French part),2014.0,0
Saint Martin (French part),2015.0,0
Saint Martin (French part),2016.0,0
Saint Martin (French part),2017.0,0
Saint Martin (French part),2018.0,0
Saint Martin (French part),2019.0,0
Saint Martin (French part),2020.0,0
Saint Pierre and Miquelon,2012.0,0
Saint Pierre and Miquelon,2013.0,0
Saint Pierre and Miquelon,2014.0,0
Saint Pierre and Miquelon,2015.0,0
Saint Pierre and Miquelon,2016.0,0
Saint Pierre and Miquelon,2017.0,0
Saint Pierre and Miquelon,2018.0,0
Saint Pierre and Miquelon,2019.0,0
Saint Pierre and Miquelon,2020.0,0
Saint Pierre and Miquelon,2021.0,0
Saint Vincent and the Grenadines,2012.0,2
Saint Vincent and the Grenadines,2013.0,2
Saint Vincent and the Grenadines,2014.0,3
Saint Vincent and the Grenadines,2015.0,3
Saint Vincent and the Grenadines,2016.0,3
Saint Vincent and the Grenadines,2017.0,3
Saint Vincent and the Grenadines,2018.0,3
Saint Vincent and the Grenadines,2019.0,3
Saint Vincent and the Grenadines,2020.0,3
Saint Vincent and the Grenadines,2021.0,3
San Marino,2012.0,0
San Marino,2013.0,0
San Marino,2014.0,0
San Marino,2015.0,0
San Marino,2016.0,0
San Marino,2017.0,0
San Marino,2018.0,0
San Marino,2019.0,0
San Marino,2020.0,0
San Marino,2021.0,0
Sao Tome and Principe,2012.0,0
Sao Tome and Principe,2013.0,0
Sao Tome and Principe,2014.0,0
Sao Tome and Principe,2015.0,0
Sao Tome and Principe,2016.0,0
Sao Tome and Principe,2017.0,0
Sao Tome and Principe,2018.0,0
Sao Tome and Principe,2019.0,0
Sao Tome and Principe,2020.0,0
Sao Tome and Principe,2021.0,0
Saudi Arabia,2012.0,85
Saudi Arabia,2013.0,85
Saudi Arabia,2014.0,87
Saudi Arabia,2015.0,107
Saudi Arabia,2016.0,113
Saudi Arabia,2017.0,117
Saudi Arabia,2018.0,120
Saudi Arabia,2019.0,121
Saudi Arabia,2020.0,121
Saudi Arabia,2021.0,121
Senegal,2012.0,41
Senegal,2013.0,53
Senegal,2014.0,64
Senegal,2015.0,77
Senegal,2016.0,107
Senegal,2017.0,117
Senegal,2018.0,126
Senegal,2019.0,135
Senegal,2020.0,135
Senegal,2021.0,135
Serbia,2012.0,65
Serbia,2013.0,73
Serbia,2014.0,74
Serbia,2015.0,84
Serbia,2016.0,95
Serbia,2017.0,101
Serbia,2018.0,105
Serbia,2019.0,106
Serbia,2020.0,106
Serbia,2021.0,106
Seychelles,2012.0,0
Seychelles,2013.0,0
Seychelles,2014.0,0
Seychelles,2015.0,0
Seychelles,2016.0,0
Seychelles,2017.0,0
Seychelles,2018.0,0
Seychelles,2019.0,0
Seychelles,2020.0,0
Seychelles,2021.0,0
Sierra Leone,2012.0,9
Sierra Leone,2013.0,13
Sierra Leone,2014.0,16
Sierra Leone,2015.0,19
Sierra Leone,2016.0,21
Sierra Leone,2017.0,23
Sierra Leone,2018.0,24
Sierra Leone,2019.0,26
Sierra Leone,2020.0,26
Sierra Leone,2021.0,26
Singapore,2012.0,19
Singapore,2013.0,23
Singapore,2014.0,29
Singapore,2015.0,29
Singapore,2016.0,33
Singapore,2017.0,38
Singapore,2018.0,40
Singapore,2019.0,40
Singapore,2020.0,40
Singapore,2021.0,40
Slovakia,2012.0,17
Slovakia,2013.0,24
Slovakia,2014.0,28
Slovakia,2015.0,35
Slovakia,2016.0,38
Slovakia,2017.0,49
Slovakia,2018.0,55
Slovakia,2019.0,63
Slovakia,2020.0,66
Slovakia,2021.0,66
Vietnam,2012.0,105
Vietnam,2013.0,145
Vietnam,2014.0,202
Vietnam,2015.0,222
Vietnam,2016.0,247
Vietnam,2017.0,276
Vietnam,2018.0,304
Vietnam,2019.0,308
Vietnam,2020.0,311
Vietnam,2021.0,311
Slovenia,2012.0,11
Slovenia,2013.0,14
Slovenia,2014.0,16
Slovenia,2015.0,18
Slovenia,2016.0,20
Slovenia,2017.0,24
Slovenia,2018.0,25
Slovenia,2019.0,29
Slovenia,2020.0,30
Slovenia,2021.0,30
Somalia,2012.0,7
Somalia,2013.0,9
Somalia,2014.0,10
Somalia,2015.0,12
Somalia,2016.0,12
Somalia,2017.0,13
Somalia,2018.0,15
Somalia,2019.0,18
Somalia,2020.0,18
Somalia,2021.0,18
South Africa,2012.0,370
South Africa,2013.0,421
South Africa,2014.0,466
South Africa,2015.0,508
South Africa,2016.0,545
South Africa,2017.0,580
South Africa,2018.0,608
South Africa,2019.0,632
South Africa,2020.0,632
South Africa,2021.0,632
Zimbabwe,2012.0,180
Zimbabwe,2013.0,219
Zimbabwe,2014.0,279
Zimbabwe,2015.0,348
Zimbabwe,2016.0,540
Zimbabwe,2017.0,647
Zimbabwe,2018.0,757
Zimbabwe,2019.0,796
Zimbabwe,2020.0,798
Zimbabwe,2021.0,798
Small island developing States (SIDS),2012.0,243
Small island developing States (SIDS),2013.0,308
Small island developing States (SIDS),2014.0,363
Small island developing States (SIDS),2015.0,389
Small island developing States (SIDS),2016.0,424
Small island developing States (SIDS),2017.0,448
Small island developing States (SIDS),2018.0,471
Small island developing States (SIDS),2019.0,481
Small island developing States (SIDS),2020.0,481
Small island developing States (SIDS),2021.0,481
Spain,2012.0,314
Spain,2013.0,363
Spain,2014.0,426
Spain,2015.0,481
Spain,2016.0,537
Spain,2017.0,581
Spain,2018.0,642
Spain,2019.0,691
Spain,2020.0,719
Spain,2021.0,719
South Sudan,2012.0,0
South Sudan,2013.0,0
South Sudan,2014.0,0
South Sudan,2015.0,4
South Sudan,2016.0,4
South Sudan,2017.0,4
South Sudan,2018.0,4
South Sudan,2019.0,4
South Sudan,2020.0,4
South Sudan,2021.0,4
Sudan,2012.0,225
Sudan,2013.0,285
Sudan,2014.0,362
Sudan,2015.0,386
Sudan,2016.0,416
Sudan,2017.0,435
Sudan,2018.0,446
Sudan,2019.0,454
Sudan,2020.0,454
Sudan,2021.0,454
Western Sahara,2012.0,0
Western Sahara,2013.0,0
Western Sahara,2014.0,0
Western Sahara,2015.0,0
Western Sahara,2016.0,0
Western Sahara,2017.0,0
Western Sahara,2018.0,0
Western Sahara,2019.0,0
Western Sahara,2020.0,0
Western Sahara,2021.0,0
Sub-Saharan Africa (inc. Sudan),2012.0,3402
Sub-Saharan Africa (inc. Sudan),2013.0,4098
Sub-Saharan Africa (inc. Sudan),2014.0,4937
Sub-Saharan Africa (inc. Sudan),2015.0,5673
Sub-Saharan Africa (inc. Sudan),2016.0,6612
Sub-Saharan Africa (inc. Sudan),2017.0,7585
Sub-Saharan Africa (inc. Sudan),2018.0,8472
Sub-Saharan Africa (inc. Sudan),2019.0,9133
Sub-Saharan Africa (inc. Sudan),2020.0,9175
Sub-Saharan Africa (inc. Sudan),2021.0,9175
Suriname,2012.0,10
Suriname,2013.0,12
Suriname,2014.0,16
Suriname,2015.0,19
Suriname,2016.0,21
Suriname,2017.0,25
Suriname,2018.0,28
Suriname,2019.0,28
Suriname,2020.0,28
Suriname,2021.0,28
Svalbard and Jan Mayen,2012.0,0
Svalbard and Jan Mayen,2013.0,0
Svalbard and Jan Mayen,2014.0,0
Svalbard and Jan Mayen,2015.0,0
Svalbard and Jan Mayen,2016.0,0
Svalbard and Jan Mayen,2017.0,0
Svalbard and Jan Mayen,2018.0,0
Svalbard and Jan Mayen,2019.0,0
Svalbard and Jan Mayen,2020.0,0
Svalbard and Jan Mayen,2021.0,0
Northern Africa (exc. Sudan),2012.0,2339
Northern Africa (exc. Sudan),2013.0,2678
Northern Africa (exc. Sudan),2014.0,2981
Northern Africa (exc. Sudan),2015.0,3272
Northern Africa (exc. Sudan),2016.0,3408
Northern Africa (exc. Sudan),2017.0,3520
Northern Africa (exc. Sudan),2018.0,3576
Northern Africa (exc. Sudan),2019.0,3652
Northern Africa (exc. Sudan),2020.0,3656
Northern Africa (exc. Sudan),2021.0,3656
Eswatini,2012.0,12
Eswatini,2013.0,12
Eswatini,2014.0,13
Eswatini,2015.0,13
Eswatini,2016.0,18
Eswatini,2017.0,22
Eswatini,2018.0,23
Eswatini,2019.0,25
Eswatini,2020.0,25
Eswatini,2021.0,25
Sweden,2012.0,170
Sweden,2013.0,214
Sweden,2014.0,278
Sweden,2015.0,321
Sweden,2016.0,379
Sweden,2017.0,438
Sweden,2018.0,489
Sweden,2019.0,557
Sweden,2020.0,607
Sweden,2021.0,607
Eastern and South-Eastern Asia,2012.0,2833
Eastern and South-Eastern Asia,2013.0,3398
Eastern and South-Eastern Asia,2014.0,4088
Eastern and South-Eastern Asia,2015.0,4745
Eastern and South-Eastern Asia,2016.0,5272
Eastern and South-Eastern Asia,2017.0,5818
Eastern and South-Eastern Asia,2018.0,6265
Eastern and South-Eastern Asia,2019.0,6474
Eastern and South-Eastern Asia,2020.0,6528
Eastern and South-Eastern Asia,2021.0,6528
Switzerland,2012.0,135
Switzerland,2013.0,168
Switzerland,2014.0,207
Switzerland,2015.0,305
Switzerland,2016.0,519
Switzerland,2017.0,641
Switzerland,2018.0,736
Switzerland,2019.0,837
Switzerland,2020.0,936
Switzerland,2021.0,936
Syria,2012.0,671
Syria,2013.0,720
Syria,2014.0,761
Syria,2015.0,809
Syria,2016.0,839
Syria,2017.0,861
Syria,2018.0,863
Syria,2019.0,869
Syria,2020.0,869
Syria,2021.0,869
Tajikistan,2012.0,139
Tajikistan,2013.0,173
Tajikistan,2014.0,199
Tajikistan,2015.0,229
Tajikistan,2016.0,232
Tajikistan,2017.0,243
Tajikistan,2018.0,253
Tajikistan,2019.0,260
Tajikistan,2020.0,260
Tajikistan,2021.0,260
Thailand,2012.0,166
Thailand,2013.0,182
Thailand,2014.0,236
Thailand,2015.0,252
Thailand,2016.0,264
Thailand,2017.0,276
Thailand,2018.0,295
Thailand,2019.0,308
Thailand,2020.0,312
Thailand,2021.0,312
Togo,2012.0,4
Togo,2013.0,10
Togo,2014.0,15
Togo,2015.0,17
Togo,2016.0,19
Togo,2017.0,20
Togo,2018.0,23
Togo,2019.0,23
Togo,2020.0,24
Togo,2021.0,24
Tokelau,2012.0,0
Tokelau,2013.0,0
Tokelau,2014.0,0
Tokelau,2015.0,0
Tokelau,2016.0,0
Tokelau,2017.0,0
Tokelau,2018.0,0
Tokelau,2019.0,0
Tokelau,2020.0,0
Tokelau,2021.0,0
Tonga,2012.0,0
Tonga,2013.0,0
Tonga,2014.0,0
Tonga,2015.0,0
Tonga,2016.0,0
Tonga,2017.0,0
Tonga,2018.0,0
Tonga,2019.0,0
Tonga,2020.0,0
Tonga,2021.0,0
Trinidad and Tobago,2012.0,0
Trinidad and Tobago,2013.0,2
Trinidad and Tobago,2014.0,2
Trinidad and Tobago,2015.0,4
Trinidad and Tobago,2016.0,4
Trinidad and Tobago,2017.0,4
Trinidad and Tobago,2018.0,5
Trinidad and Tobago,2019.0,5
Trinidad and Tobago,2020.0,5
Trinidad and Tobago,2021.0,5
United Arab Emirates,2012.0,7
United Arab Emirates,2013.0,7
United Arab Emirates,2014.0,8
United Arab Emirates,2015.0,9
United Arab Emirates,2016.0,11
United Arab Emirates,2017.0,12
United Arab Emirates,2018.0,14
United Arab Emirates,2019.0,14
United Arab Emirates,2020.0,16
United Arab Emirates,2021.0,18
Tunisia,2012.0,405
Tunisia,2013.0,465
Tunisia,2014.0,541
Tunisia,2015.0,622
Tunisia,2016.0,649
Tunisia,2017.0,674
Tunisia,2018.0,683
Tunisia,2019.0,704
Tunisia,2020.0,705
Tunisia,2021.0,705
Turkey,2012.0,1009
Turkey,2013.0,1247
Turkey,2014.0,1486
Turkey,2015.0,1741
Turkey,2016.0,1848
Turkey,2017.0,1972
Turkey,2018.0,2077
Turkey,2019.0,2194
Turkey,2020.0,2195
Turkey,2021.0,2195
Turkmenistan,2012.0,76
Turkmenistan,2013.0,82
Turkmenistan,2014.0,90
Turkmenistan,2015.0,94
Turkmenistan,2016.0,98
Turkmenistan,2017.0,105
Turkmenistan,2018.0,110
Turkmenistan,2019.0,114
Turkmenistan,2020.0,114
Turkmenistan,2021.0,114
Turks and Caicos Islands,2012.0,0
Turks and Caicos Islands,2013.0,0
Turks and Caicos Islands,2014.0,0
Turks and Caicos Islands,2015.0,0
Turks and Caicos Islands,2016.0,0
Turks and Caicos Islands,2017.0,0
Turks and Caicos Islands,2018.0,0
Turks and Caicos Islands,2019.0,0
Turks and Caicos Islands,2020.0,0
Turks and Caicos Islands,2021.0,0
Tuvalu,2012.0,0
Tuvalu,2013.0,2
Tuvalu,2014.0,2
Tuvalu,2015.0,2
Tuvalu,2016.0,2
Tuvalu,2017.0,2
Tuvalu,2018.0,2
Tuvalu,2019.0,2
Tuvalu,2020.0,2
Tuvalu,2021.0,2
Uganda,2012.0,91
Uganda,2013.0,123
Uganda,2014.0,162
Uganda,2015.0,190
Uganda,2016.0,214
Uganda,2017.0,276
Uganda,2018.0,337
Uganda,2019.0,366
Uganda,2020.0,367
Uganda,2021.0,367
Ukraine,2012.0,186
Ukraine,2013.0,203
Ukraine,2014.0,220
Ukraine,2015.0,237
Ukraine,2016.0,264
Ukraine,2017.0,290
Ukraine,2018.0,299
Ukraine,2019.0,305
Ukraine,2020.0,307
Ukraine,2021.0,307
North Macedonia,2012.0,2
North Macedonia,2013.0,2
North Macedonia,2014.0,2
North Macedonia,2015.0,2
North Macedonia,2016.0,2
North Macedonia,2017.0,3
North Macedonia,2018.0,8
North Macedonia,2019.0,10
North Macedonia,2020.0,10
North Macedonia,2021.0,10
Egypt,2012.0,837
Egypt,2013.0,954
Egypt,2014.0,1065
Egypt,2015.0,1137
Egypt,2016.0,1181
Egypt,2017.0,1217
Egypt,2018.0,1239
Egypt,2019.0,1269
Egypt,2020.0,1269
Egypt,2021.0,1269
United Kingdom,2012.0,390
United Kingdom,2013.0,476
United Kingdom,2014.0,562
United Kingdom,2015.0,692
United Kingdom,2016.0,858
United Kingdom,2017.0,1042
United Kingdom,2018.0,1213
United Kingdom,2019.0,1401
United Kingdom,2020.0,1468
United Kingdom,2021.0,1468
Channel Islands,2012.0,0
Channel Islands,2013.0,0
Channel Islands,2014.0,0
Channel Islands,2015.0,0
Channel Islands,2016.0,0
Channel Islands,2017.0,0
Channel Islands,2018.0,0
Channel Islands,2019.0,0
Channel Islands,2020.0,0
Channel Islands,2021.0,0
Guernsey,2012.0,0
Guernsey,2013.0,0
Guernsey,2014.0,0
Guernsey,2015.0,0
Guernsey,2016.0,0
Guernsey,2017.0,0
Guernsey,2018.0,0
Guernsey,2019.0,0
Guernsey,2020.0,0
Guernsey,2021.0,0
Jersey,2012.0,0
Jersey,2013.0,0
Jersey,2014.0,0
Jersey,2015.0,0
Jersey,2016.0,0
Jersey,2017.0,0
Jersey,2018.0,0
Jersey,2019.0,0
Jersey,2020.0,0
Jersey,2021.0,0
Isle of Man,2012.0,0
Isle of Man,2013.0,0
Isle of Man,2014.0,0
Isle of Man,2015.0,0
Isle of Man,2016.0,0
Isle of Man,2017.0,0
Isle of Man,2018.0,0
Isle of Man,2019.0,0
Isle of Man,2020.0,0
Isle of Man,2021.0,0
Tanzania,2012.0,148
Tanzania,2013.0,178
Tanzania,2014.0,213
Tanzania,2015.0,247
Tanzania,2016.0,290
Tanzania,2017.0,343
Tanzania,2018.0,395
Tanzania,2019.0,438
Tanzania,2020.0,442
Tanzania,2021.0,442
United States,2012.0,1035
United States,2013.0,1236
United States,2014.0,1420
United States,2015.0,1650
United States,2016.0,1897
United States,2017.0,2072
United States,2018.0,2231
United States,2019.0,2326
United States,2020.0,2341
United States,2021.0,2341
United States Virgin Islands,2012.0,0
United States Virgin Islands,2013.0,0
United States Virgin Islands,2014.0,0
United States Virgin Islands,2015.0,0
United States Virgin Islands,2016.0,0
United States Virgin Islands,2017.0,0
United States Virgin Islands,2018.0,0
United States Virgin Islands,2019.0,0
Burkina Faso,2012.0,20
Burkina Faso,2013.0,26
Burkina Faso,2014.0,34
Burkina Faso,2015.0,38
Burkina Faso,2016.0,53
Burkina Faso,2017.0,60
Burkina Faso,2018.0,67
Burkina Faso,2019.0,83
Uruguay,2012.0,137
Uruguay,2013.0,155
Uruguay,2014.0,166
Uruguay,2015.0,175
Uruguay,2016.0,183
Uruguay,2017.0,189
Uruguay,2018.0,194
Uruguay,2019.0,196
Uruguay,2020.0,196
Uruguay,2021.0,196
Uzbekistan,2012.0,331
Uzbekistan,2013.0,390
Uzbekistan,2014.0,427
Uzbekistan,2015.0,483
Uzbekistan,2016.0,507
Uzbekistan,2017.0,529
Uzbekistan,2018.0,537
Uzbekistan,2019.0,547
Uzbekistan,2020.0,548
Uzbekistan,2021.0,548
Venezuela,2012.0,64
Venezuela,2013.0,73
Venezuela,2014.0,76
Venezuela,2015.0,82
Venezuela,2016.0,93
Venezuela,2017.0,99
Venezuela,2018.0,101
Venezuela,2019.0,102
Venezuela,2020.0,102
Venezuela,2021.0,102
Wallis and Futuna,2012.0,0
Wallis and Futuna,2013.0,0
Wallis and Futuna,2014.0,0
Wallis and Futuna,2015.0,0
Wallis and Futuna,2016.0,0
Wallis and Futuna,2017.0,0
Wallis and Futuna,2018.0,0
Wallis and Futuna,2019.0,0
Wallis and Futuna,2020.0,0
Wallis and Futuna,2021.0,0
Samoa,2012.0,0
Samoa,2013.0,2
Samoa,2014.0,3
Samoa,2015.0,3
Samoa,2016.0,3
Samoa,2017.0,3
Samoa,2018.0,3
Samoa,2019.0,3
Samoa,2020.0,3
Samoa,2021.0,3
Yemen,2012.0,57
Yemen,2013.0,60
Yemen,2014.0,65
Yemen,2015.0,71
Yemen,2016.0,72
Yemen,2017.0,72
Yemen,2018.0,73
Yemen,2019.0,73
Yemen,2020.0,73
Yemen,2021.0,73
Zambia,2012.0,93
Zambia,2013.0,115
Zambia,2014.0,122
Zambia,2015.0,128
Zambia,2016.0,156
Zambia,2017.0,186
Zambia,2018.0,213
Zambia,2019.0,234
Zambia,2020.0,234
Zambia,2021.0,234
