country,year,value
World,2015.0,138
World,2016.0,143
World,2017.0,143
World,2018.0,147
World,2019.0,146
Albania,2015.0,1
Albania,2016.0,1
Albania,2017.0,1
Albania,2018.0,1
Albania,2019.0,1
Oceania,2015.0,14
Oceania,2016.0,14
Oceania,2017.0,14
Oceania,2018.0,14
Oceania,2019.0,14
Algeria,2015.0,1
Algeria,2016.0,1
Algeria,2017.0,1
Algeria,2018.0,1
Algeria,2019.0,1
Northern Africa,2015.0,3
Northern Africa,2016.0,3
Northern Africa,2017.0,3
Northern Africa,2018.0,3
Northern Africa,2019.0,3
American Samoa,2015.0,1
American Samoa,2016.0,1
American Samoa,2017.0,1
American Samoa,2018.0,1
American Samoa,2019.0,1
Andorra,2015.0,1
Andorra,2016.0,1
Andorra,2017.0,1
Andorra,2018.0,1
Andorra,2019.0,1
Northern America,2015.0,4
Northern America,2016.0,4
Northern America,2017.0,4
Northern America,2018.0,5
Northern America,2019.0,5
Antigua and Barbuda,2015.0,1
Antigua and Barbuda,2016.0,1
Antigua and Barbuda,2018.0,1
Antigua and Barbuda,2019.0,1
Eastern Asia,2015.0,5
Eastern Asia,2016.0,5
Eastern Asia,2017.0,5
Eastern Asia,2018.0,5
Eastern Asia,2019.0,5
Azerbaijan,2015.0,1
Azerbaijan,2016.0,1
Azerbaijan,2017.0,1
Azerbaijan,2018.0,1
Azerbaijan,2019.0,1
Argentina,2015.0,1
Argentina,2016.0,1
Argentina,2017.0,1
Argentina,2018.0,1
Argentina,2019.0,1
Southern Asia,2015.0,3
Southern Asia,2016.0,3
Southern Asia,2017.0,3
Southern Asia,2018.0,3
Southern Asia,2019.0,3
South-Eastern Asia,2015.0,4
South-Eastern Asia,2016.0,4
South-Eastern Asia,2017.0,4
South-Eastern Asia,2018.0,4
South-Eastern Asia,2019.0,3
Australia,2015.0,1
Australia,2016.0,1
Australia,2017.0,1
Australia,2018.0,1
Australia,2019.0,1
Austria,2015.0,1
Austria,2016.0,1
Austria,2017.0,1
Austria,2018.0,1
Austria,2019.0,1
Bahamas,2015.0,0
Bahamas,2016.0,0
Bahamas,2017.0,0
Bahamas,2018.0,0
Bahamas,2019.0,0
Bahrain,2015.0,1
Bahrain,2016.0,1
Bahrain,2017.0,1
Bahrain,2018.0,1
Bahrain,2019.0,1
Bangladesh,2015.0,0
Bangladesh,2016.0,0
Bangladesh,2017.0,0
Bangladesh,2018.0,0
Bangladesh,2019.0,0
Armenia,2015.0,1
Armenia,2016.0,1
Armenia,2017.0,1
Armenia,2018.0,1
Armenia,2019.0,1
Barbados,2015.0,1
Barbados,2016.0,1
Barbados,2017.0,1
Barbados,2018.0,1
Barbados,2019.0,1
Australia and New Zealand,2015.0,3
Australia and New Zealand,2016.0,3
Australia and New Zealand,2017.0,3
Australia and New Zealand,2018.0,3
Australia and New Zealand,2019.0,3
Belgium,2015.0,1
Belgium,2016.0,1
Belgium,2017.0,1
Belgium,2018.0,1
Belgium,2019.0,1
Bermuda,2015.0,1
Bermuda,2016.0,1
Bermuda,2017.0,1
Bermuda,2018.0,1
Bermuda,2019.0,1
Central and Southern Asia,2015.0,6
Central and Southern Asia,2016.0,6
Central and Southern Asia,2017.0,6
Central and Southern Asia,2018.0,6
Central and Southern Asia,2019.0,6
Bolivia,2015.0,0
Bolivia,2016.0,1
Bolivia,2017.0,1
Bolivia,2018.0,1
Bolivia,2019.0,1
Bosnia and Herzegovina,2015.0,1
Bosnia and Herzegovina,2016.0,1
Bosnia and Herzegovina,2017.0,1
Bosnia and Herzegovina,2018.0,1
Bosnia and Herzegovina,2019.0,1
Botswana,2015.0,0
Botswana,2016.0,0
Botswana,2017.0,1
Botswana,2018.0,1
Botswana,2019.0,1
Brazil,2015.0,1
Brazil,2016.0,1
Brazil,2017.0,1
Brazil,2018.0,1
Brazil,2019.0,1
Belize,2015.0,0
Belize,2016.0,1
Belize,2017.0,1
Belize,2018.0,1
Belize,2019.0,1
British Virgin Islands,2015.0,1
British Virgin Islands,2016.0,1
British Virgin Islands,2017.0,1
British Virgin Islands,2018.0,1
British Virgin Islands,2019.0,1
Brunei,2015.0,1
Brunei,2016.0,1
Brunei,2017.0,1
Brunei,2018.0,1
Brunei,2019.0,1
Bulgaria,2015.0,1
Bulgaria,2016.0,1
Bulgaria,2017.0,1
Bulgaria,2018.0,1
Bulgaria,2019.0,1
Myanmar,2015.0,0
Myanmar,2016.0,0
Myanmar,2017.0,0
Myanmar,2018.0,0
Myanmar,2019.0,0
Burundi,2015.0,0
Burundi,2016.0,0
Burundi,2017.0,0
Burundi,2018.0,0
Burundi,2019.0,0
Belarus,2015.0,1
Belarus,2016.0,1
Belarus,2017.0,1
Belarus,2018.0,1
Belarus,2019.0,1
Cambodia,2015.0,0
Canada,2015.0,1
Canada,2016.0,1
Canada,2017.0,1
Canada,2018.0,1
Canada,2019.0,1
Cape Verde,2015.0,1
Cape Verde,2016.0,1
Cape Verde,2017.0,1
Cape Verde,2018.0,1
Cape Verde,2019.0,1
Cayman Islands,2015.0,1
Cayman Islands,2016.0,1
Cayman Islands,2017.0,1
Cayman Islands,2018.0,1
Cayman Islands,2019.0,1
Central Asia,2015.0,3
Central Asia,2016.0,3
Central Asia,2017.0,3
Central Asia,2018.0,3
Central Asia,2019.0,3
Sri Lanka,2015.0,1
Sri Lanka,2016.0,1
Sri Lanka,2017.0,1
Sri Lanka,2018.0,1
Sri Lanka,2019.0,1
Western Asia,2015.0,12
Western Asia,2016.0,14
Western Asia,2017.0,15
Western Asia,2018.0,15
Western Asia,2019.0,15
Europe,2015.0,50
Europe,2016.0,50
Europe,2017.0,49
Europe,2018.0,49
Europe,2019.0,49
Chile,2015.0,1
Chile,2016.0,1
Chile,2017.0,1
Chile,2018.0,1
Chile,2019.0,1
Colombia,2015.0,0
Colombia,2016.0,0
Colombia,2017.0,0
Colombia,2018.0,0
Colombia,2019.0,0
Mayotte,2015.0,1
Mayotte,2016.0,1
Mayotte,2017.0,1
Mayotte,2018.0,1
Mayotte,2019.0,1
Congo,2016.0,0
Congo,2017.0,0
Congo,2018.0,0
Congo,2019.0,0
Cook Islands,2016.0,1
Cook Islands,2017.0,1
Cook Islands,2018.0,1
Cook Islands,2019.0,1
Costa Rica,2016.0,1
Costa Rica,2017.0,1
Costa Rica,2018.0,1
Costa Rica,2019.0,1
Croatia,2016.0,1
Croatia,2017.0,1
Croatia,2018.0,1
Croatia,2019.0,1
Cuba,2016.0,1
Cuba,2017.0,1
Cuba,2018.0,1
Cuba,2019.0,1
Cyprus,2016.0,1
Cyprus,2017.0,1
Cyprus,2018.0,1
Cyprus,2019.0,1
Least Developed Countries (LDCs),2017.0,1
Least Developed Countries (LDCs),2018.0,1
Least Developed Countries (LDCs),2019.0,1
Sub-Saharan Africa,2016.0,8
Sub-Saharan Africa,2017.0,9
Sub-Saharan Africa,2018.0,9
Sub-Saharan Africa,2019.0,9
Czechia,2016.0,1
Czechia,2017.0,1
Czechia,2018.0,1
Czechia,2019.0,1
Denmark,2016.0,1
Denmark,2017.0,1
Denmark,2018.0,1
Denmark,2019.0,1
Dominica,2016.0,1
Dominica,2017.0,1
Dominica,2018.0,1
Dominica,2019.0,1
Dominican Republic,2016.0,0
Dominican Republic,2017.0,0
Dominican Republic,2018.0,0
Dominican Republic,2019.0,0
Ecuador,2016.0,0
Ecuador,2017.0,0
Ecuador,2018.0,0
Ecuador,2019.0,0
El Salvador,2016.0,1
El Salvador,2017.0,1
El Salvador,2018.0,1
El Salvador,2019.0,1
Estonia,2015.0,1
Estonia,2016.0,1
Estonia,2017.0,1
Estonia,2018.0,1
Estonia,2019.0,1
Faeroe Islands,2016.0,1
Faeroe Islands,2017.0,1
Faeroe Islands,2018.0,1
Faeroe Islands,2019.0,1
Fiji,2016.0,1
Fiji,2017.0,1
Fiji,2018.0,1
Fiji,2019.0,1
Finland,2016.0,1
Finland,2017.0,1
Finland,2018.0,1
Finland,2019.0,1
Aland Islands,2016.0,1
Aland Islands,2017.0,1
Aland Islands,2018.0,1
Aland Islands,2019.0,1
France,2016.0,1
France,2017.0,1
France,2018.0,1
France,2019.0,1
French Guiana,2016.0,1
French Guiana,2017.0,1
French Guiana,2018.0,1
French Guiana,2019.0,1
French Polynesia,2016.0,1
French Polynesia,2017.0,1
French Polynesia,2018.0,1
French Polynesia,2019.0,1
Djibouti,2016.0,0
Djibouti,2017.0,0
Djibouti,2018.0,0
Georgia,2015.0,1
Georgia,2016.0,1
Georgia,2017.0,1
Georgia,2018.0,1
Georgia,2019.0,1
Gambia,2016.0,0
Gambia,2017.0,0
Gambia,2018.0,0
Gambia,2019.0,0
Palestine,2016.0,1
Palestine,2017.0,1
Palestine,2018.0,1
Palestine,2019.0,1
Germany,2016.0,1
Germany,2017.0,1
Germany,2018.0,1
Germany,2019.0,1
Ghana,2016.0,0
Ghana,2017.0,0
Ghana,2018.0,0
Ghana,2019.0,0
Gibraltar,2016.0,1
Gibraltar,2017.0,1
Gibraltar,2018.0,1
Gibraltar,2019.0,1
Kiribati,2016.0,0
Kiribati,2017.0,0
Kiribati,2018.0,0
Kiribati,2019.0,0
Greece,2016.0,1
Greece,2017.0,1
Greece,2018.0,1
Greece,2019.0,1
Greenland,2016.0,1
Greenland,2017.0,1
Greenland,2018.0,1
Greenland,2019.0,1
Grenada,2016.0,1
Grenada,2017.0,1
Grenada,2018.0,1
Grenada,2019.0,1
Guadeloupe,2016.0,1
Guadeloupe,2017.0,1
Guadeloupe,2018.0,1
Guadeloupe,2019.0,1
Guam,2016.0,1
Guam,2017.0,1
Guam,2018.0,1
Guam,2019.0,1
Guatemala,2016.0,1
Guatemala,2017.0,1
Guatemala,2018.0,1
Guatemala,2019.0,1
Guinea,2016.0,0
Guinea,2017.0,0
Guinea,2018.0,0
Guinea,2019.0,0
Guyana,2019.0,0
Vatican,2016.0,1
Vatican,2017.0,1
Vatican,2018.0,1
Vatican,2019.0,1
Honduras,2016.0,0
Honduras,2017.0,0
Honduras,2018.0,0
Honduras,2019.0,0
Hong Kong,2016.0,1
Hong Kong,2017.0,1
Hong Kong,2018.0,1
Hong Kong,2019.0,1
Hungary,2016.0,1
Hungary,2017.0,1
Hungary,2018.0,1
Hungary,2019.0,1
Iceland,2016.0,1
Iceland,2017.0,1
Iceland,2018.0,1
Iceland,2019.0,1
India,2016.0,0
India,2017.0,0
India,2018.0,0
India,2019.0,0
Iran,2016.0,1
Iran,2017.0,1
Iran,2018.0,1
Iran,2019.0,1
Iraq,2016.0,0
Iraq,2017.0,0
Iraq,2018.0,0
Iraq,2019.0,1
Ireland,2016.0,1
Ireland,2017.0,1
Ireland,2018.0,1
Ireland,2019.0,1
Israel,2015.0,1
Israel,2016.0,1
Israel,2017.0,1
Israel,2018.0,1
Israel,2019.0,1
Italy,2015.0,1
Italy,2016.0,1
Italy,2017.0,1
Italy,2018.0,1
Italy,2019.0,1
Cote d'Ivoire,2018.0,0
Cote d'Ivoire,2019.0,0
Jamaica,2015.0,1
Jamaica,2016.0,1
Jamaica,2017.0,1
Jamaica,2018.0,1
Jamaica,2019.0,1
Japan,2015.0,1
Japan,2016.0,1
Japan,2017.0,1
Japan,2018.0,1
Japan,2019.0,1
Kazakhstan,2015.0,1
Kazakhstan,2016.0,1
Kazakhstan,2017.0,1
Kazakhstan,2018.0,1
Kazakhstan,2019.0,1
Jordan,2015.0,1
Jordan,2016.0,1
Jordan,2017.0,1
Jordan,2018.0,1
Jordan,2019.0,1
Kenya,2015.0,0
Kenya,2016.0,0
Kenya,2017.0,0
Kenya,2018.0,0
Kenya,2019.0,0
Korea,2015.0,1
Korea,2016.0,1
Korea,2017.0,1
Korea,2018.0,1
Korea,2019.0,1
Kuwait,2015.0,1
Kuwait,2016.0,1
Kuwait,2017.0,1
Kuwait,2018.0,1
Kuwait,2019.0,1
Kyrgyzstan,2015.0,1
Kyrgyzstan,2016.0,1
Kyrgyzstan,2017.0,1
Kyrgyzstan,2018.0,1
Kyrgyzstan,2019.0,1
Latin America and the Caribbean,2015.0,32
Latin America and the Caribbean,2016.0,35
Latin America and the Caribbean,2017.0,34
Latin America and the Caribbean,2018.0,37
Latin America and the Caribbean,2019.0,37
Lebanon,2015.0,1
Lebanon,2016.0,1
Lebanon,2017.0,1
Lebanon,2018.0,1
Lesotho,2015.0,0
Lesotho,2016.0,0
Lesotho,2017.0,0
Lesotho,2018.0,0
Lesotho,2019.0,0
Latvia,2015.0,1
Latvia,2016.0,1
Latvia,2017.0,1
Latvia,2018.0,1
Latvia,2019.0,1
Landlocked developing countries (LLDCs),2016.0,9
Landlocked developing countries (LLDCs),2017.0,10
Landlocked developing countries (LLDCs),2018.0,10
Landlocked developing countries (LLDCs),2019.0,10
Liechtenstein,2015.0,1
Liechtenstein,2016.0,1
Liechtenstein,2017.0,1
Liechtenstein,2018.0,1
Liechtenstein,2019.0,1
Lithuania,2015.0,1
Lithuania,2016.0,1
Lithuania,2017.0,1
Lithuania,2018.0,1
Lithuania,2019.0,1
Luxembourg,2015.0,1
Luxembourg,2016.0,1
Luxembourg,2017.0,1
Luxembourg,2018.0,1
Luxembourg,2019.0,1
Macao,2015.0,1
Macao,2016.0,1
Macao,2017.0,1
Macao,2018.0,1
Macao,2019.0,1
Malawi,2016.0,0
Malawi,2017.0,0
Malawi,2018.0,0
Malawi,2019.0,0
Malaysia,2015.0,1
Malaysia,2016.0,1
Malaysia,2017.0,1
Malaysia,2018.0,1
Malaysia,2019.0,1
Maldives,2015.0,1
Maldives,2016.0,1
Maldives,2017.0,1
Maldives,2018.0,1
Maldives,2019.0,1
Malta,2015.0,1
Malta,2016.0,1
Malta,2017.0,1
Malta,2018.0,1
Malta,2019.0,1
Martinique,2015.0,1
Martinique,2016.0,1
Martinique,2017.0,1
Martinique,2018.0,1
Martinique,2019.0,1
Mauritius,2015.0,1
Mauritius,2016.0,1
Mauritius,2017.0,1
Mauritius,2018.0,1
Mauritius,2019.0,1
Mexico,2015.0,1
Mexico,2016.0,1
Mexico,2017.0,1
Mexico,2018.0,1
Mexico,2019.0,1
Monaco,2015.0,1
Monaco,2016.0,1
Monaco,2017.0,1
Monaco,2018.0,1
Monaco,2019.0,1
Mongolia,2015.0,1
Mongolia,2016.0,1
Mongolia,2017.0,1
Mongolia,2018.0,1
Mongolia,2019.0,1
Moldova,2015.0,1
Moldova,2016.0,1
Moldova,2017.0,1
Moldova,2018.0,1
Moldova,2019.0,1
Montenegro,2015.0,1
Montenegro,2016.0,1
Montenegro,2017.0,1
Montenegro,2018.0,1
Montenegro,2019.0,1
Montserrat,2015.0,1
Montserrat,2016.0,1
Montserrat,2017.0,1
Montserrat,2018.0,1
Montserrat,2019.0,1
Morocco,2015.0,0
Morocco,2016.0,0
Morocco,2017.0,0
Morocco,2018.0,0
Morocco,2019.0,0
Mozambique,2015.0,0
Mozambique,2016.0,0
Mozambique,2017.0,0
Mozambique,2018.0,0
Mozambique,2019.0,0
Oman,2015.0,0
Oman,2016.0,0
Oman,2017.0,1
Oman,2018.0,1
Oman,2019.0,1
Europe and North America,2015.0,54
Europe and North America,2016.0,54
Europe and North America,2017.0,53
Europe and North America,2018.0,54
Europe and North America,2019.0,54
Namibia,2015.0,0
Namibia,2016.0,0
Namibia,2017.0,0
Namibia,2018.0,0
Namibia,2019.0,0
Nauru,2015.0,1
Nauru,2016.0,1
Nauru,2017.0,1
Nauru,2018.0,1
Nauru,2019.0,1
Nepal,2015.0,0
Nepal,2016.0,0
Nepal,2017.0,0
Nepal,2018.0,0
Nepal,2019.0,0
Netherlands,2015.0,1
Netherlands,2016.0,1
Netherlands,2017.0,1
Netherlands,2018.0,1
Netherlands,2019.0,1
Curacao,2015.0,1
Curacao,2016.0,1
Curacao,2017.0,1
Curacao,2018.0,1
Curacao,2019.0,1
Aruba,2015.0,1
Aruba,2016.0,1
Aruba,2017.0,1
Aruba,2018.0,1
Aruba,2019.0,1
Sint Maarten (Dutch part),2015.0,1
Sint Maarten (Dutch part),2016.0,1
Sint Maarten (Dutch part),2017.0,1
Sint Maarten (Dutch part),2018.0,1
Sint Maarten (Dutch part),2019.0,1
New Caledonia,2015.0,1
New Caledonia,2016.0,1
New Caledonia,2017.0,1
New Caledonia,2018.0,1
New Caledonia,2019.0,1
Oceania (exc. Australia and New Zealand),2015.0,11
Oceania (exc. Australia and New Zealand),2016.0,11
Oceania (exc. Australia and New Zealand),2017.0,11
Oceania (exc. Australia and New Zealand),2018.0,11
Oceania (exc. Australia and New Zealand),2019.0,11
Vanuatu,2018.0,0
Vanuatu,2019.0,0
New Zealand,2015.0,1
New Zealand,2016.0,1
New Zealand,2017.0,1
New Zealand,2018.0,1
New Zealand,2019.0,1
Nicaragua,2015.0,0
Nicaragua,2016.0,0
Nicaragua,2017.0,0
Nicaragua,2018.0,0
Nicaragua,2019.0,0
Niger,2015.0,0
Niger,2016.0,0
Niger,2017.0,0
Niger,2018.0,0
Niger,2019.0,0
Niue,2015.0,1
Niue,2016.0,1
Niue,2017.0,1
Niue,2018.0,1
Niue,2019.0,1
Norfolk Island,2015.0,1
Norfolk Island,2016.0,1
Norfolk Island,2017.0,1
Norfolk Island,2018.0,1
Norfolk Island,2019.0,1
Norway,2015.0,1
Norway,2016.0,1
Norway,2017.0,1
Norway,2018.0,1
Norway,2019.0,1
Northern Mariana Islands,2015.0,1
Northern Mariana Islands,2016.0,1
Northern Mariana Islands,2017.0,1
Northern Mariana Islands,2018.0,1
Northern Mariana Islands,2019.0,1
Palau,2015.0,1
Palau,2016.0,1
Palau,2017.0,1
Palau,2018.0,1
Palau,2019.0,1
Panama,2015.0,1
Panama,2016.0,1
Panama,2017.0,1
Panama,2018.0,1
Panama,2019.0,1
Paraguay,2015.0,0
Paraguay,2016.0,0
Paraguay,2017.0,0
Paraguay,2018.0,0
Paraguay,2019.0,0
Peru,2015.0,0
Peru,2016.0,0
Peru,2017.0,0
Peru,2018.0,0
Peru,2019.0,0
Philippines,2015.0,1
Philippines,2016.0,1
Philippines,2017.0,1
Philippines,2018.0,1
Pitcairn,2015.0,1
Pitcairn,2016.0,1
Pitcairn,2017.0,1
Pitcairn,2018.0,1
Pitcairn,2019.0,1
Poland,2015.0,1
Poland,2016.0,1
Poland,2017.0,1
Poland,2018.0,1
Poland,2019.0,1
Portugal,2015.0,1
Portugal,2016.0,1
Portugal,2017.0,1
Portugal,2018.0,1
Portugal,2019.0,1
Puerto Rico,2015.0,1
Puerto Rico,2016.0,1
Puerto Rico,2017.0,1
Puerto Rico,2018.0,1
Puerto Rico,2019.0,1
Qatar,2015.0,1
Qatar,2016.0,1
Qatar,2017.0,1
Qatar,2018.0,1
Qatar,2019.0,1
Reunion,2015.0,1
Reunion,2016.0,1
Reunion,2017.0,1
Reunion,2018.0,1
Reunion,2019.0,1
Romania,2015.0,1
Romania,2016.0,1
Romania,2017.0,1
Romania,2018.0,1
Romania,2019.0,1
Russia,2015.0,1
Russia,2016.0,1
Rwanda,2015.0,0
Rwanda,2016.0,0
Rwanda,2017.0,0
Rwanda,2018.0,0
Rwanda,2019.0,0
Saint Barthlemy,2018.0,1
Saint Barthlemy,2019.0,1
Saint Helena,2015.0,1
Saint Helena,2016.0,1
Saint Helena,2017.0,1
Saint Helena,2018.0,1
Saint Helena,2019.0,1
Saint Kitts and Nevis,2015.0,1
Saint Kitts and Nevis,2016.0,1
Saint Kitts and Nevis,2017.0,1
Saint Kitts and Nevis,2018.0,1
Saint Kitts and Nevis,2019.0,1
Anguilla,2015.0,1
Anguilla,2016.0,1
Anguilla,2017.0,1
Anguilla,2018.0,1
Anguilla,2019.0,1
Saint Lucia,2015.0,1
Saint Lucia,2016.0,1
Saint Lucia,2017.0,1
Saint Lucia,2018.0,1
Saint Lucia,2019.0,1
Saint Martin (French part),2018.0,1
Saint Martin (French part),2019.0,1
Saint Pierre and Miquelon,2018.0,1
Saint Pierre and Miquelon,2019.0,1
Saint Vincent and the Grenadines,2015.0,1
Saint Vincent and the Grenadines,2016.0,1
Saint Vincent and the Grenadines,2017.0,1
Saint Vincent and the Grenadines,2018.0,1
Saint Vincent and the Grenadines,2019.0,1
San Marino,2015.0,1
San Marino,2016.0,1
San Marino,2017.0,1
San Marino,2018.0,1
San Marino,2019.0,1
Sao Tome and Principe,2015.0,1
Sao Tome and Principe,2016.0,1
Sao Tome and Principe,2017.0,1
Sao Tome and Principe,2018.0,1
Sao Tome and Principe,2019.0,1
Saudi Arabia,2016.0,1
Saudi Arabia,2017.0,1
Saudi Arabia,2018.0,1
Saudi Arabia,2019.0,1
Senegal,2016.0,0
Senegal,2017.0,0
Senegal,2018.0,0
Senegal,2019.0,0
Serbia,2015.0,1
Serbia,2016.0,1
Serbia,2017.0,1
Serbia,2018.0,1
Serbia,2019.0,1
Seychelles,2015.0,1
Seychelles,2016.0,1
Seychelles,2017.0,1
Seychelles,2018.0,1
Seychelles,2019.0,1
Sierra Leone,2015.0,0
Sierra Leone,2016.0,0
Sierra Leone,2017.0,0
Sierra Leone,2018.0,0
Sierra Leone,2019.0,0
Singapore,2015.0,1
Singapore,2016.0,1
Singapore,2017.0,1
Singapore,2018.0,1
Singapore,2019.0,1
Slovakia,2015.0,1
Slovakia,2016.0,1
Slovakia,2017.0,1
Slovakia,2018.0,1
Slovakia,2019.0,1
Slovenia,2015.0,1
Slovenia,2016.0,1
Slovenia,2017.0,1
Slovenia,2018.0,1
Slovenia,2019.0,1
South Africa,2015.0,1
South Africa,2016.0,1
South Africa,2017.0,1
South Africa,2018.0,1
South Africa,2019.0,1
Zimbabwe,2015.0,0
Zimbabwe,2019.0,0
Small island developing States (SIDS),2016.0,36
Small island developing States (SIDS),2017.0,35
Small island developing States (SIDS),2018.0,36
Small island developing States (SIDS),2019.0,36
Spain,2015.0,1
Spain,2016.0,1
Spain,2017.0,1
Spain,2018.0,1
Spain,2019.0,1
Suriname,2015.0,1
Suriname,2016.0,1
Suriname,2017.0,1
Suriname,2018.0,1
Suriname,2019.0,1
Northern Africa and Western Asia,2015.0,15
Northern Africa and Western Asia,2016.0,17
Northern Africa and Western Asia,2017.0,18
Northern Africa and Western Asia,2018.0,18
Northern Africa and Western Asia,2019.0,18
Eswatini,2016.0,0
Eswatini,2017.0,0
Eswatini,2018.0,0
Eswatini,2019.0,0
Sweden,2015.0,1
Sweden,2016.0,1
Sweden,2017.0,1
Sweden,2018.0,1
Sweden,2019.0,1
Eastern and South-Eastern Asia,2015.0,9
Eastern and South-Eastern Asia,2016.0,9
Eastern and South-Eastern Asia,2017.0,9
Eastern and South-Eastern Asia,2018.0,9
Eastern and South-Eastern Asia,2019.0,8
Switzerland,2015.0,1
Switzerland,2016.0,1
Switzerland,2017.0,1
Switzerland,2018.0,1
Switzerland,2019.0,1
Syria,2015.0,0
Tajikistan,2015.0,0
Tajikistan,2016.0,0
Tajikistan,2017.0,0
Tajikistan,2018.0,0
Tajikistan,2019.0,0
Thailand,2015.0,0
Thailand,2016.0,0
Thailand,2017.0,0
Thailand,2018.0,0
Thailand,2019.0,0
Tokelau,2016.0,0
Tokelau,2017.0,0
Tokelau,2018.0,0
Tokelau,2019.0,0
Trinidad and Tobago,2015.0,1
Trinidad and Tobago,2016.0,1
Trinidad and Tobago,2017.0,1
Trinidad and Tobago,2018.0,1
Trinidad and Tobago,2019.0,1
United Arab Emirates,2015.0,1
United Arab Emirates,2016.0,1
United Arab Emirates,2017.0,1
United Arab Emirates,2018.0,1
United Arab Emirates,2019.0,1
Tunisia,2015.0,1
Tunisia,2016.0,1
Tunisia,2017.0,1
Tunisia,2018.0,1
Tunisia,2019.0,1
Turkey,2015.0,1
Turkey,2016.0,1
Turkey,2017.0,1
Turkey,2018.0,1
Turkey,2019.0,1
Turks and Caicos Islands,2015.0,0
Turks and Caicos Islands,2016.0,1
Turks and Caicos Islands,2017.0,1
Turks and Caicos Islands,2018.0,1
Turks and Caicos Islands,2019.0,1
Tuvalu,2018.0,0
Tuvalu,2019.0,0
Uganda,2015.0,0
Uganda,2016.0,0
Uganda,2017.0,0
Uganda,2018.0,0
Uganda,2019.0,0
Ukraine,2015.0,1
Ukraine,2016.0,1
Ukraine,2017.0,1
Ukraine,2018.0,1
Ukraine,2019.0,1
North Macedonia,2015.0,1
North Macedonia,2016.0,1
North Macedonia,2017.0,1
North Macedonia,2018.0,1
North Macedonia,2019.0,1
Egypt,2015.0,1
Egypt,2016.0,1
Egypt,2017.0,1
Egypt,2018.0,1
Egypt,2019.0,1
United Kingdom,2015.0,1
United Kingdom,2016.0,1
United Kingdom,2017.0,1
United Kingdom,2018.0,1
United Kingdom,2019.0,1
Guernsey,2015.0,1
Guernsey,2016.0,1
Guernsey,2017.0,1
Guernsey,2018.0,1
Guernsey,2019.0,1
Jersey,2015.0,1
Jersey,2016.0,1
Jersey,2017.0,1
Jersey,2018.0,1
Jersey,2019.0,1
Isle of Man,2015.0,1
Isle of Man,2016.0,1
Isle of Man,2017.0,1
Isle of Man,2018.0,1
Isle of Man,2019.0,1
Tanzania,2015.0,0
Tanzania,2016.0,0
Tanzania,2017.0,0
Tanzania,2018.0,0
Tanzania,2019.0,0
United States,2015.0,1
United States,2016.0,1
United States,2017.0,1
United States,2018.0,1
United States,2019.0,1
United States Virgin Islands,2015.0,1
United States Virgin Islands,2016.0,1
United States Virgin Islands,2017.0,1
United States Virgin Islands,2018.0,1
United States Virgin Islands,2019.0,1
Uruguay,2015.0,1
Uruguay,2016.0,1
Uruguay,2017.0,1
Uruguay,2018.0,1
Uruguay,2019.0,1
Uzbekistan,2015.0,1
Uzbekistan,2016.0,1
Uzbekistan,2017.0,1
Uzbekistan,2018.0,1
Uzbekistan,2019.0,1
Venezuela,2015.0,0
Venezuela,2016.0,0
Venezuela,2017.0,0
Venezuela,2018.0,0
Venezuela,2019.0,0
Samoa,2015.0,0
Samoa,2016.0,0
Samoa,2017.0,0
Samoa,2018.0,0
Samoa,2019.0,0
Yemen,2015.0,0
Yemen,2016.0,0
Yemen,2017.0,0
Yemen,2018.0,0
Yemen,2019.0,0
Zambia,2015.0,0
Zambia,2019.0,0
