country,year,value
World,2000.0,9.2
World,2005.0,8.0
World,2010.0,7.0
World,2015.0,5.9
World,2019.0,5.7
Afghanistan,2000.0,4.8
Afghanistan,2005.0,4.5
Afghanistan,2010.0,3.9
Afghanistan,2015.0,3.6
Afghanistan,2019.0,3.6
Albania,2000.0,2.8
Albania,2005.0,5.2
Albania,2010.0,6.1
Albania,2015.0,3.2
Albania,2019.0,2.7
Oceania,2000.0,4.6
Oceania,2005.0,4.6
Oceania,2010.0,5.0
Oceania,2015.0,5.6
Oceania,2019.0,5.3
Algeria,2000.0,3.4
Algeria,2005.0,2.8
Algeria,2010.0,2.2
Algeria,2015.0,2.0
Algeria,2019.0,1.8
Northern Africa,2000.0,3.6
Northern Africa,2005.0,3.3
Northern Africa,2010.0,3.1
Northern Africa,2015.0,2.8
Northern Africa,2019.0,2.5
Northern America,2000.0,4.6
Northern America,2005.0,5.3
Northern America,2010.0,5.9
Northern America,2015.0,6.8
Northern America,2019.0,7.3
Angola,2000.0,3.3
Angola,2005.0,3.4
Angola,2010.0,2.9
Angola,2015.0,2.6
Angola,2019.0,2.3
Antigua and Barbuda,2000.0,0.0
Antigua and Barbuda,2005.0,0.0
Antigua and Barbuda,2010.0,0.0
Antigua and Barbuda,2015.0,0.8
Antigua and Barbuda,2019.0,0.8
Eastern Asia,2000.0,14.4
Eastern Asia,2005.0,12.2
Eastern Asia,2010.0,9.6
Eastern Asia,2015.0,7.1
Eastern Asia,2019.0,6.8
Azerbaijan,2000.0,1.2
Azerbaijan,2005.0,1.9
Azerbaijan,2010.0,1.9
Azerbaijan,2015.0,1.6
Azerbaijan,2019.0,1.6
Argentina,2000.0,3.4
Argentina,2005.0,3.6
Argentina,2010.0,3.2
Argentina,2015.0,3.3
Argentina,2019.0,3.3
Southern Asia,2000.0,13.2
Southern Asia,2005.0,11.1
Southern Asia,2010.0,10.3
Southern Asia,2015.0,8.6
Southern Asia,2019.0,8.8
South-Eastern Asia,2000.0,3.0
South-Eastern Asia,2005.0,2.4
South-Eastern Asia,2010.0,2.2
South-Eastern Asia,2015.0,2.0
South-Eastern Asia,2019.0,2.0
Australia,2000.0,5.6
Australia,2005.0,5.1
Australia,2010.0,5.7
Australia,2015.0,6.8
Australia,2019.0,6.4
Austria,2000.0,10.6
Austria,2005.0,8.6
Austria,2010.0,7.6
Austria,2015.0,7.6
Austria,2019.0,6.7
Bahamas,2000.0,1.1
Bahamas,2005.0,1.3
Bahamas,2010.0,1.3
Bahamas,2015.0,1.1
Bahamas,2019.0,1.3
Bahrain,2000.0,2.3
Bahrain,2005.0,3.8
Bahrain,2010.0,3.1
Bahrain,2015.0,2.5
Bahrain,2019.0,2.4
Bangladesh,2000.0,3.3
Bangladesh,2005.0,2.8
Bangladesh,2010.0,2.4
Bangladesh,2015.0,1.8
Bangladesh,2019.0,1.7
Armenia,2000.0,1.9
Armenia,2005.0,2.1
Armenia,2010.0,3.5
Armenia,2015.0,3.7
Armenia,2019.0,1.3
Barbados,2000.0,0.5
Barbados,2005.0,1.8
Barbados,2010.0,0.7
Barbados,2015.0,0.3
Barbados,2019.0,0.3
Australia and New Zealand,2000.0,5.4
Australia and New Zealand,2005.0,5.4
Australia and New Zealand,2010.0,5.9
Australia and New Zealand,2015.0,6.7
Australia and New Zealand,2019.0,6.3
Belgium,2000.0,12.9
Belgium,2005.0,11.4
Belgium,2010.0,12.2
Belgium,2015.0,11.7
Belgium,2019.0,11.8
Central and Southern Asia,2000.0,12.9
Central and Southern Asia,2005.0,11.0
Central and Southern Asia,2010.0,10.2
Central and Southern Asia,2015.0,8.5
Central and Southern Asia,2019.0,8.6
Bhutan,2000.0,3.5
Bhutan,2005.0,2.9
Bhutan,2010.0,2.4
Bhutan,2015.0,2.6
Bhutan,2019.0,2.7
Bolivia,2000.0,4.7
Bolivia,2005.0,4.5
Bolivia,2010.0,4.4
Bolivia,2015.0,4.4
Bolivia,2019.0,4.0
Bosnia and Herzegovina,2000.0,4.0
Bosnia and Herzegovina,2005.0,4.4
Bosnia and Herzegovina,2010.0,4.5
Bosnia and Herzegovina,2015.0,4.6
Bosnia and Herzegovina,2019.0,4.5
Botswana,2000.0,18.3
Botswana,2005.0,17.7
Botswana,2010.0,8.5
Botswana,2015.0,8.3
Botswana,2019.0,6.4
Brazil,2000.0,1.7
Brazil,2005.0,2.1
Brazil,2010.0,2.5
Brazil,2015.0,2.8
Brazil,2019.0,3.0
Belize,2000.0,2.2
Belize,2005.0,1.6
Belize,2010.0,1.8
Belize,2015.0,1.4
Belize,2019.0,1.7
Solomon Islands,2000.0,1.5
Solomon Islands,2005.0,1.6
Solomon Islands,2010.0,2.0
Solomon Islands,2015.0,1.9
Solomon Islands,2019.0,1.9
Brunei,2000.0,0.6
Brunei,2005.0,1.1
Brunei,2010.0,0.7
Brunei,2015.0,0.7
Brunei,2019.0,0.8
Bulgaria,2000.0,10.1
Bulgaria,2005.0,6.7
Bulgaria,2010.0,5.9
Bulgaria,2015.0,4.5
Bulgaria,2019.0,4.4
Myanmar,2000.0,2.4
Myanmar,2005.0,2.1
Myanmar,2010.0,1.5
Myanmar,2015.0,1.2
Myanmar,2019.0,1.1
Burundi,2000.0,6.9
Burundi,2005.0,5.8
Burundi,2010.0,4.7
Burundi,2015.0,3.8
Burundi,2019.0,3.4
Belarus,2000.0,11.9
Belarus,2005.0,12.9
Belarus,2010.0,11.2
Belarus,2015.0,8.3
Belarus,2019.0,7.7
Cambodia,2000.0,3.9
Cambodia,2005.0,3.8
Cambodia,2010.0,3.2
Cambodia,2015.0,2.9
Cambodia,2019.0,2.8
Cameroon,2000.0,5.8
Cameroon,2005.0,6.1
Cameroon,2010.0,5.5
Cameroon,2015.0,4.8
Cameroon,2019.0,4.4
Canada,2000.0,5.7
Canada,2005.0,6.2
Canada,2010.0,6.4
Canada,2015.0,6.8
Canada,2019.0,6.1
Cape Verde,2000.0,4.8
Cape Verde,2005.0,4.5
Cape Verde,2010.0,4.9
Cape Verde,2015.0,4.8
Cape Verde,2019.0,4.4
Central African Republic,2000.0,9.4
Central African Republic,2005.0,7.2
Central African Republic,2010.0,7.4
Central African Republic,2015.0,5.9
Central African Republic,2019.0,5.2
Central Asia,2000.0,6.1
Central Asia,2005.0,6.4
Central Asia,2010.0,5.8
Central Asia,2015.0,5.6
Central Asia,2019.0,4.7
Sri Lanka,2000.0,14.4
Sri Lanka,2005.0,18.8
Sri Lanka,2010.0,11.4
Sri Lanka,2015.0,6.7
Sri Lanka,2019.0,6.2
Western Asia,2000.0,2.1
Western Asia,2005.0,2.0
Western Asia,2010.0,2.0
Western Asia,2015.0,2.0
Western Asia,2019.0,1.9
Chad,2000.0,3.9
Chad,2005.0,3.7
Chad,2010.0,3.8
Chad,2015.0,3.5
Chad,2019.0,3.3
Europe,2000.0,9.3
Europe,2005.0,8.6
Europe,2010.0,7.5
Europe,2015.0,7.1
Europe,2019.0,6.3
Chile,2000.0,2.9
Chile,2005.0,3.2
Chile,2010.0,4.4
Chile,2015.0,4.1
Chile,2019.0,3.2
China,2000.0,14.7
China,2005.0,11.9
China,2010.0,8.7
China,2015.0,6.4
China,2019.0,6.2
Colombia,2000.0,2.6
Colombia,2005.0,2.0
Colombia,2010.0,1.5
Colombia,2015.0,1.9
Colombia,2019.0,1.8
Comoros,2000.0,4.6
Comoros,2005.0,4.1
Comoros,2010.0,4.1
Comoros,2015.0,3.9
Comoros,2019.0,3.8
Congo,2000.0,8.9
Congo,2005.0,6.8
Congo,2010.0,6.4
Congo,2015.0,4.2
Congo,2019.0,3.4
Democratic Republic of Congo,2000.0,3.3
Democratic Republic of Congo,2005.0,3.4
Democratic Republic of Congo,2010.0,3.2
Democratic Republic of Congo,2015.0,2.8
Democratic Republic of Congo,2019.0,2.8
Costa Rica,2000.0,1.5
Costa Rica,2005.0,2.0
Costa Rica,2010.0,2.0
Costa Rica,2015.0,2.3
Costa Rica,2019.0,2.0
Croatia,2000.0,10.3
Croatia,2005.0,9.9
Croatia,2010.0,9.0
Croatia,2015.0,9.2
Croatia,2019.0,8.1
Cuba,2000.0,9.8
Cuba,2005.0,6.5
Cuba,2010.0,6.1
Cuba,2015.0,5.6
Cuba,2019.0,6.0
Cyprus,2000.0,1.3
Cyprus,2005.0,1.3
Cyprus,2010.0,2.1
Cyprus,2015.0,2.1
Cyprus,2019.0,1.3
Least Developed Countries (LDCs),2000.0,4.3
Least Developed Countries (LDCs),2005.0,3.9
Least Developed Countries (LDCs),2010.0,3.5
Least Developed Countries (LDCs),2015.0,3.0
Least Developed Countries (LDCs),2019.0,2.9
Sub-Saharan Africa,2000.0,5.0
Sub-Saharan Africa,2005.0,4.6
Sub-Saharan Africa,2010.0,4.4
Sub-Saharan Africa,2015.0,3.6
Sub-Saharan Africa,2019.0,3.3
Czechia,2000.0,6.8
Czechia,2005.0,5.8
Czechia,2010.0,5.1
Czechia,2015.0,5.0
Czechia,2019.0,4.8
Benin,2000.0,4.7
Benin,2005.0,4.5
Benin,2010.0,4.2
Benin,2015.0,4.0
Benin,2019.0,3.8
Denmark,2000.0,8.8
Denmark,2005.0,9.5
Denmark,2010.0,7.2
Denmark,2015.0,7.2
Denmark,2019.0,6.5
Dominican Republic,2000.0,1.3
Dominican Republic,2005.0,1.8
Dominican Republic,2010.0,1.7
Dominican Republic,2015.0,2.3
Dominican Republic,2019.0,1.8
Ecuador,2000.0,4.2
Ecuador,2005.0,5.7
Ecuador,2010.0,5.5
Ecuador,2015.0,4.3
Ecuador,2019.0,3.6
El Salvador,2000.0,3.4
El Salvador,2005.0,2.8
El Salvador,2010.0,2.2
El Salvador,2015.0,2.2
El Salvador,2019.0,2.1
Equatorial Guinea,2000.0,5.3
Equatorial Guinea,2005.0,5.0
Equatorial Guinea,2010.0,6.9
Equatorial Guinea,2015.0,7.1
Equatorial Guinea,2019.0,6.0
Ethiopia,2000.0,6.1
Ethiopia,2005.0,5.4
Ethiopia,2010.0,4.4
Ethiopia,2015.0,3.2
Ethiopia,2019.0,3.1
Eritrea,2000.0,6.0
Eritrea,2005.0,5.7
Eritrea,2010.0,5.9
Eritrea,2015.0,5.5
Eritrea,2019.0,5.2
Estonia,2000.0,12.6
Estonia,2005.0,8.2
Estonia,2010.0,6.6
Estonia,2015.0,5.4
Estonia,2019.0,6.5
Fiji,2000.0,7.8
Fiji,2005.0,6.6
Fiji,2010.0,6.2
Fiji,2015.0,5.7
Fiji,2019.0,5.7
Finland,2000.0,12.2
Finland,2005.0,10.7
Finland,2010.0,9.3
Finland,2015.0,6.6
Finland,2019.0,7.6
France,2000.0,11.7
France,2005.0,11.1
France,2010.0,10.4
France,2015.0,8.4
France,2019.0,7.6
Djibouti,2000.0,4.7
Djibouti,2005.0,5.1
Djibouti,2010.0,5.6
Djibouti,2015.0,6.1
Djibouti,2019.0,6.3
Gabon,2000.0,5.3
Gabon,2005.0,4.1
Gabon,2010.0,3.6
Gabon,2015.0,3.1
Gabon,2019.0,2.4
Georgia,2000.0,2.8
Georgia,2005.0,2.5
Georgia,2010.0,2.9
Georgia,2015.0,3.6
Georgia,2019.0,3.0
Gambia,2000.0,3.6
Gambia,2005.0,3.7
Gambia,2010.0,3.4
Gambia,2015.0,3.3
Gambia,2019.0,3.0
Germany,2000.0,7.6
Germany,2005.0,7.0
Germany,2010.0,6.8
Germany,2015.0,7.3
Germany,2019.0,6.2
Ghana,2000.0,1.8
Ghana,2005.0,2.0
Ghana,2010.0,2.0
Ghana,2015.0,1.5
Ghana,2019.0,1.2
Kiribati,2000.0,9.9
Kiribati,2005.0,9.6
Kiribati,2010.0,9.7
Kiribati,2015.0,9.4
Kiribati,2019.0,8.6
Greece,2000.0,1.5
Greece,2005.0,1.4
Greece,2010.0,0.7
Greece,2015.0,2.0
Greece,2019.0,1.9
Grenada,2000.0,0.5
Grenada,2005.0,0.6
Grenada,2010.0,0.0
Grenada,2015.0,0.5
Grenada,2019.0,0.7
Guatemala,2000.0,3.5
Guatemala,2005.0,4.0
Guatemala,2010.0,3.2
Guatemala,2015.0,2.9
Guatemala,2019.0,2.6
Guinea,2000.0,4.0
Guinea,2005.0,4.0
Guinea,2010.0,4.8
Guinea,2015.0,5.1
Guinea,2019.0,4.9
Guyana,2000.0,13.8
Guyana,2005.0,14.0
Guyana,2010.0,15.2
Guyana,2015.0,16.2
Guyana,2019.0,17.4
Haiti,2000.0,9.7
Haiti,2005.0,9.4
Haiti,2010.0,10.1
Haiti,2015.0,8.5
Haiti,2019.0,7.5
Honduras,2000.0,0.8
Honduras,2005.0,0.9
Honduras,2010.0,0.8
Honduras,2015.0,0.8
Honduras,2019.0,0.8
Hungary,2000.0,15.9
Hungary,2005.0,11.6
Hungary,2010.0,11.0
Hungary,2015.0,9.9
Hungary,2019.0,8.3
Iceland,2000.0,6.3
Iceland,2005.0,8.3
Iceland,2010.0,5.7
Iceland,2015.0,5.9
Iceland,2019.0,3.9
India,2000.0,16.4
India,2005.0,13.7
India,2010.0,12.9
India,2015.0,10.8
India,2019.0,11.1
Indonesia,2000.0,1.9
Indonesia,2005.0,1.5
Indonesia,2010.0,1.3
Indonesia,2015.0,1.1
Indonesia,2019.0,1.1
Iran,2000.0,6.2
Iran,2005.0,4.9
Iran,2010.0,4.3
Iran,2015.0,3.3
Iran,2019.0,2.7
Iraq,2000.0,2.7
Iraq,2005.0,2.5
Iraq,2010.0,2.5
Iraq,2015.0,2.4
Iraq,2019.0,1.9
Ireland,2000.0,4.8
Ireland,2005.0,5.1
Ireland,2010.0,5.4
Ireland,2015.0,4.0
Ireland,2019.0,3.9
Israel,2000.0,2.9
Israel,2005.0,3.8
Israel,2010.0,2.5
Israel,2015.0,2.1
Israel,2019.0,2.3
Italy,2000.0,3.9
Italy,2005.0,3.5
Italy,2010.0,3.2
Italy,2015.0,3.6
Italy,2019.0,3.5
Cote d'Ivoire,2000.0,5.2
Cote d'Ivoire,2005.0,3.8
Cote d'Ivoire,2010.0,4.5
Cote d'Ivoire,2015.0,3.3
Cote d'Ivoire,2019.0,2.8
Jamaica,2000.0,0.9
Jamaica,2005.0,0.7
Jamaica,2010.0,0.9
Jamaica,2015.0,1.0
Jamaica,2019.0,1.1
Japan,2000.0,13.6
Japan,2005.0,13.2
Japan,2010.0,13.8
Japan,2015.0,11.4
Japan,2019.0,9.2
Kazakhstan,2000.0,11.5
Kazakhstan,2005.0,12.3
Kazakhstan,2010.0,10.5
Kazakhstan,2015.0,8.2
Kazakhstan,2019.0,6.8
Jordan,2000.0,1.8
Jordan,2005.0,1.3
Jordan,2010.0,0.8
Jordan,2015.0,0.7
Jordan,2019.0,0.7
Kenya,2000.0,4.4
Kenya,2005.0,3.0
Kenya,2010.0,3.4
Kenya,2015.0,2.9
Kenya,2019.0,3.2
North Korea,2000.0,9.0
North Korea,2005.0,8.0
North Korea,2010.0,8.3
North Korea,2015.0,8.6
North Korea,2019.0,7.6
Korea,2000.0,9.0
Korea,2005.0,17.9
Korea,2010.0,23.0
Korea,2015.0,16.5
Korea,2019.0,16.9
Kuwait,2000.0,1.5
Kuwait,2005.0,1.3
Kuwait,2010.0,1.0
Kuwait,2015.0,0.7
Kuwait,2019.0,0.7
Kyrgyzstan,2000.0,4.8
Kyrgyzstan,2005.0,4.8
Kyrgyzstan,2010.0,4.6
Kyrgyzstan,2015.0,3.9
Kyrgyzstan,2019.0,3.2
Laos,2000.0,5.6
Laos,2005.0,5.0
Laos,2010.0,4.2
Laos,2015.0,3.5
Laos,2019.0,3.2
Latin America and the Caribbean,2000.0,2.4
Latin America and the Caribbean,2005.0,2.5
Latin America and the Caribbean,2010.0,2.6
Latin America and the Caribbean,2015.0,2.7
Latin America and the Caribbean,2019.0,2.7
Lebanon,2000.0,2.3
Lebanon,2005.0,1.9
Lebanon,2010.0,1.9
Lebanon,2015.0,1.7
Lebanon,2019.0,1.7
Lesotho,2000.0,12.7
Lesotho,2005.0,14.4
Lesotho,2010.0,25.9
Lesotho,2015.0,39.3
Lesotho,2019.0,30.1
Latvia,2000.0,12.8
Latvia,2005.0,10.2
Latvia,2010.0,5.9
Latvia,2015.0,8.4
Latvia,2019.0,7.0
Liberia,2000.0,3.9
Liberia,2005.0,3.9
Liberia,2010.0,3.9
Liberia,2015.0,3.7
Liberia,2019.0,3.3
Landlocked developing countries (LLDCs),2000.0,5.6
Landlocked developing countries (LLDCs),2005.0,5.2
Landlocked developing countries (LLDCs),2010.0,4.7
Landlocked developing countries (LLDCs),2015.0,4.0
Landlocked developing countries (LLDCs),2019.0,3.5
Libya,2000.0,3.0
Libya,2005.0,2.5
Libya,2010.0,3.7
Libya,2015.0,3.1
Libya,2019.0,2.9
Lithuania,2000.0,18.4
Lithuania,2005.0,14.4
Lithuania,2010.0,12.9
Lithuania,2015.0,11.9
Lithuania,2019.0,9.6
Luxembourg,2000.0,9.2
Luxembourg,2005.0,6.7
Luxembourg,2010.0,6.8
Luxembourg,2015.0,7.7
Luxembourg,2019.0,7.1
Madagascar,2000.0,3.4
Madagascar,2005.0,3.5
Madagascar,2010.0,3.5
Madagascar,2015.0,3.4
Madagascar,2019.0,3.4
Malawi,2000.0,5.3
Malawi,2005.0,3.1
Malawi,2010.0,4.0
Malawi,2015.0,2.2
Malawi,2019.0,1.7
Malaysia,2000.0,2.2
Malaysia,2005.0,2.1
Malaysia,2010.0,2.1
Malaysia,2015.0,2.2
Malaysia,2019.0,2.3
Maldives,2000.0,1.6
Maldives,2005.0,1.0
Maldives,2010.0,0.9
Maldives,2015.0,0.8
Maldives,2019.0,0.8
Mali,2000.0,4.1
Mali,2005.0,3.7
Mali,2010.0,3.4
Mali,2015.0,3.2
Mali,2019.0,2.9
Malta,2000.0,2.9
Malta,2005.0,2.9
Malta,2010.0,1.6
Malta,2015.0,2.7
Malta,2019.0,2.3
Mauritania,2000.0,2.7
Mauritania,2005.0,2.5
Mauritania,2010.0,2.3
Mauritania,2015.0,2.2
Mauritania,2019.0,2.2
Mauritius,2000.0,5.1
Mauritius,2005.0,4.1
Mauritius,2010.0,3.1
Mauritius,2015.0,3.8
Mauritius,2019.0,2.8
Mexico,2000.0,1.1
Mexico,2005.0,1.4
Mexico,2010.0,1.7
Mexico,2015.0,2.3
Mexico,2019.0,2.2
Mongolia,2000.0,10.0
Mongolia,2005.0,9.0
Mongolia,2010.0,8.2
Mongolia,2015.0,6.4
Mongolia,2019.0,5.4
Moldova,2000.0,4.6
Moldova,2005.0,5.9
Moldova,2010.0,5.8
Moldova,2015.0,5.4
Moldova,2019.0,4.1
Montenegro,2000.0,11.2
Montenegro,2005.0,11.1
Montenegro,2010.0,10.5
Montenegro,2015.0,10.9
Montenegro,2019.0,10.4
Morocco,2000.0,7.6
Morocco,2005.0,7.1
Morocco,2010.0,6.4
Morocco,2015.0,5.3
Morocco,2019.0,4.7
Mozambique,2000.0,5.8
Mozambique,2005.0,5.5
Mozambique,2010.0,6.9
Mozambique,2015.0,5.9
Mozambique,2019.0,5.7
Oman,2000.0,1.6
Oman,2005.0,1.5
Oman,2010.0,1.5
Oman,2015.0,1.2
Oman,2019.0,1.0
Europe and North America,2000.0,7.9
Europe and North America,2005.0,7.6
Europe and North America,2010.0,7.0
Europe and North America,2015.0,7.0
Europe and North America,2019.0,6.6
Namibia,2000.0,8.8
Namibia,2005.0,7.5
Namibia,2010.0,5.0
Namibia,2015.0,5.3
Namibia,2019.0,3.2
Nepal,2000.0,2.3
Nepal,2005.0,2.4
Nepal,2010.0,2.5
Nepal,2015.0,2.6
Nepal,2019.0,2.7
Netherlands,2000.0,6.4
Netherlands,2005.0,6.3
Netherlands,2010.0,5.8
Netherlands,2015.0,7.9
Netherlands,2019.0,8.3
Oceania (exc. Australia and New Zealand),2000.0,2.3
Oceania (exc. Australia and New Zealand),2005.0,2.3
Oceania (exc. Australia and New Zealand),2010.0,2.3
Oceania (exc. Australia and New Zealand),2015.0,2.4
Oceania (exc. Australia and New Zealand),2019.0,2.4
Vanuatu,2000.0,8.3
Vanuatu,2005.0,7.5
Vanuatu,2010.0,8.3
Vanuatu,2015.0,7.7
Vanuatu,2019.0,7.6
New Zealand,2000.0,4.6
New Zealand,2005.0,6.7
New Zealand,2010.0,7.2
New Zealand,2015.0,6.5
New Zealand,2019.0,5.8
Nicaragua,2000.0,3.6
Nicaragua,2005.0,2.3
Nicaragua,2010.0,2.3
Nicaragua,2015.0,2.2
Nicaragua,2019.0,1.9
Niger,2000.0,3.5
Niger,2005.0,3.4
Niger,2010.0,3.4
Niger,2015.0,3.3
Niger,2019.0,3.3
Nigeria,2000.0,2.8
Nigeria,2005.0,2.8
Nigeria,2010.0,2.4
Nigeria,2015.0,2.0
Nigeria,2019.0,1.9
Norway,2000.0,6.8
Norway,2005.0,8.3
Norway,2010.0,8.0
Norway,2015.0,8.7
Norway,2019.0,7.7
Micronesia (region),2000.0,11.4
Micronesia (region),2005.0,11.1
Micronesia (region),2010.0,11.0
Micronesia (region),2015.0,12.2
Micronesia (region),2019.0,12.7
Pakistan,2000.0,4.6
Pakistan,2005.0,4.8
Pakistan,2010.0,4.6
Pakistan,2015.0,4.5
Pakistan,2019.0,4.3
Panama,2000.0,1.5
Panama,2005.0,1.5
Panama,2010.0,1.1
Panama,2015.0,1.1
Panama,2019.0,1.0
Papua New Guinea,2000.0,1.0
Papua New Guinea,2005.0,1.3
Papua New Guinea,2010.0,1.4
Papua New Guinea,2015.0,1.6
Papua New Guinea,2019.0,1.6
Paraguay,2000.0,2.3
Paraguay,2005.0,3.5
Paraguay,2010.0,2.2
Paraguay,2015.0,3.2
Paraguay,2019.0,3.2
Peru,2000.0,2.3
Peru,2005.0,1.8
Peru,2010.0,1.9
Peru,2015.0,1.5
Peru,2019.0,1.4
Philippines,2000.0,0.9
Philippines,2005.0,1.0
Philippines,2010.0,1.3
Philippines,2015.0,1.1
Philippines,2019.0,1.2
Poland,2000.0,5.4
Poland,2005.0,5.1
Poland,2010.0,4.8
Poland,2015.0,4.1
Poland,2019.0,3.1
Portugal,2000.0,3.1
Portugal,2005.0,5.3
Portugal,2010.0,6.6
Portugal,2015.0,7.8
Portugal,2019.0,5.7
Guinea-Bissau,2000.0,5.0
Guinea-Bissau,2005.0,4.6
Guinea-Bissau,2010.0,4.5
Guinea-Bissau,2015.0,4.1
Guinea-Bissau,2019.0,3.9
Timor-Leste,2000.0,2.5
Timor-Leste,2005.0,2.1
Timor-Leste,2010.0,1.9
Timor-Leste,2015.0,2.0
Timor-Leste,2019.0,2.0
Qatar,2000.0,2.2
Qatar,2005.0,1.7
Qatar,2010.0,2.2
Qatar,2015.0,1.9
Qatar,2019.0,1.7
Romania,2000.0,4.6
Romania,2005.0,4.4
Romania,2010.0,4.5
Romania,2015.0,3.5
Romania,2019.0,3.3
Russia,2000.0,16.1
Russia,2005.0,15.4
Russia,2010.0,12.6
Russia,2015.0,11.0
Russia,2019.0,9.1
Rwanda,2000.0,9.0
Rwanda,2005.0,5.5
Rwanda,2010.0,4.1
Rwanda,2015.0,3.3
Rwanda,2019.0,3.0
Saint Lucia,2000.0,1.8
Saint Lucia,2005.0,1.6
Saint Lucia,2010.0,1.7
Saint Lucia,2015.0,1.8
Saint Lucia,2019.0,1.7
Saint Vincent and the Grenadines,2000.0,0.5
Saint Vincent and the Grenadines,2005.0,2.2
Saint Vincent and the Grenadines,2010.0,0.6
Saint Vincent and the Grenadines,2015.0,0.8
Saint Vincent and the Grenadines,2019.0,0.6
Sao Tome and Principe,2000.0,0.9
Sao Tome and Principe,2005.0,0.8
Sao Tome and Principe,2010.0,0.8
Sao Tome and Principe,2015.0,0.8
Sao Tome and Principe,2019.0,0.8
Saudi Arabia,2000.0,1.1
Saudi Arabia,2005.0,1.1
Saudi Arabia,2010.0,1.9
Saudi Arabia,2015.0,2.3
Saudi Arabia,2019.0,1.9
Senegal,2000.0,4.0
Senegal,2005.0,3.8
Senegal,2010.0,3.4
Senegal,2015.0,3.3
Senegal,2019.0,3.0
Serbia,2000.0,13.5
Serbia,2005.0,11.8
Serbia,2010.0,8.6
Serbia,2015.0,8.5
Serbia,2019.0,6.3
Seychelles,2000.0,1.7
Seychelles,2005.0,1.8
Seychelles,2010.0,1.6
Seychelles,2015.0,1.5
Seychelles,2019.0,1.4
Sierra Leone,2000.0,3.7
Sierra Leone,2005.0,4.1
Sierra Leone,2010.0,4.8
Sierra Leone,2015.0,4.2
Sierra Leone,2019.0,5.0
Singapore,2000.0,8.5
Singapore,2005.0,7.4
Singapore,2010.0,6.7
Singapore,2015.0,5.8
Singapore,2019.0,7.1
Slovakia,2000.0,5.1
Slovakia,2005.0,3.8
Slovakia,2010.0,3.9
Slovakia,2015.0,3.4
Slovakia,2019.0,3.4
Vietnam,2000.0,4.6
Vietnam,2005.0,4.3
Vietnam,2010.0,4.2
Vietnam,2015.0,4.5
Vietnam,2019.0,4.7
Slovenia,2000.0,16.7
Slovenia,2005.0,11.9
Slovenia,2010.0,7.6
Slovenia,2015.0,8.9
Slovenia,2019.0,8.3
Somalia,2000.0,4.2
Somalia,2005.0,4.2
Somalia,2010.0,3.9
Somalia,2015.0,3.9
Somalia,2019.0,3.8
South Africa,2000.0,9.7
South Africa,2005.0,11.5
South Africa,2010.0,12.3
South Africa,2015.0,9.9
South Africa,2019.0,9.8
Zimbabwe,2000.0,12.4
Zimbabwe,2005.0,11.9
Zimbabwe,2010.0,17.2
Zimbabwe,2015.0,12.6
Zimbabwe,2019.0,8.8
Small island developing States (SIDS),2000.0,5.9
Small island developing States (SIDS),2005.0,5.0
Small island developing States (SIDS),2010.0,5.0
Small island developing States (SIDS),2015.0,4.7
Small island developing States (SIDS),2019.0,4.5
Spain,2000.0,4.1
Spain,2005.0,4.0
Spain,2010.0,3.1
Spain,2015.0,4.1
Spain,2019.0,4.1
South Sudan,2000.0,2.2
South Sudan,2005.0,2.1
South Sudan,2010.0,2.0
South Sudan,2015.0,2.0
South Sudan,2019.0,2.0
Sudan,2000.0,3.4
Sudan,2005.0,3.2
Sudan,2010.0,2.9
Sudan,2015.0,2.8
Sudan,2019.0,2.8
Suriname,2000.0,10.5
Suriname,2005.0,10.9
Suriname,2010.0,11.7
Suriname,2015.0,11.6
Suriname,2019.0,11.8
Northern Africa and Western Asia,2000.0,2.9
Northern Africa and Western Asia,2005.0,2.7
Northern Africa and Western Asia,2010.0,2.5
Northern Africa and Western Asia,2015.0,2.4
Northern Africa and Western Asia,2019.0,2.2
Eswatini,2000.0,17.9
Eswatini,2005.0,28.0
Eswatini,2010.0,25.1
Eswatini,2015.0,9.5
Eswatini,2019.0,4.7
Sweden,2000.0,9.7
Sweden,2005.0,10.4
Sweden,2010.0,8.7
Sweden,2015.0,9.7
Sweden,2019.0,9.5
Eastern and South-Eastern Asia,2000.0,11.4
Eastern and South-Eastern Asia,2005.0,9.5
Eastern and South-Eastern Asia,2010.0,7.5
Eastern and South-Eastern Asia,2015.0,5.7
Eastern and South-Eastern Asia,2019.0,5.4
Switzerland,2000.0,12.4
Switzerland,2005.0,12.6
Switzerland,2010.0,9.2
Switzerland,2015.0,9.5
Switzerland,2019.0,9.0
Syria,2000.0,0.7
Syria,2005.0,0.5
Syria,2010.0,0.6
Syria,2015.0,0.7
Syria,2019.0,0.7
Tajikistan,2000.0,2.2
Tajikistan,2005.0,2.2
Tajikistan,2010.0,2.5
Tajikistan,2015.0,2.9
Tajikistan,2019.0,2.8
Thailand,2000.0,7.4
Thailand,2005.0,4.2
Thailand,2010.0,3.6
Thailand,2015.0,3.0
Thailand,2019.0,2.9
Togo,2000.0,5.3
Togo,2005.0,5.6
Togo,2010.0,5.1
Togo,2015.0,4.6
Togo,2019.0,3.9
Tonga,2000.0,3.1
Tonga,2005.0,2.8
Tonga,2010.0,3.0
Tonga,2015.0,3.1
Tonga,2019.0,2.6
Trinidad and Tobago,2000.0,6.7
Trinidad and Tobago,2005.0,4.9
Trinidad and Tobago,2010.0,4.8
Trinidad and Tobago,2015.0,4.3
Trinidad and Tobago,2019.0,3.6
United Arab Emirates,2000.0,3.9
United Arab Emirates,2005.0,3.4
United Arab Emirates,2010.0,3.2
United Arab Emirates,2015.0,3.0
United Arab Emirates,2019.0,3.0
Tunisia,2000.0,2.6
Tunisia,2005.0,2.5
Tunisia,2010.0,2.2
Tunisia,2015.0,2.0
Tunisia,2019.0,1.9
Turkey,2000.0,1.8
Turkey,2005.0,1.5
Turkey,2010.0,1.3
Turkey,2015.0,1.3
Turkey,2019.0,1.2
Turkmenistan,2000.0,4.2
Turkmenistan,2005.0,5.5
Turkmenistan,2010.0,4.0
Turkmenistan,2015.0,3.2
Turkmenistan,2019.0,2.6
Uganda,2000.0,4.5
Uganda,2005.0,4.3
Uganda,2010.0,2.6
Uganda,2015.0,1.7
Uganda,2019.0,1.7
Ukraine,2000.0,11.4
Ukraine,2005.0,9.5
Ukraine,2010.0,7.7
Ukraine,2015.0,6.7
Ukraine,2019.0,6.5
North Macedonia,2000.0,5.5
North Macedonia,2005.0,4.8
North Macedonia,2010.0,4.0
North Macedonia,2015.0,4.7
North Macedonia,2019.0,4.8
Egypt,2000.0,2.3
Egypt,2005.0,2.3
Egypt,2010.0,2.3
Egypt,2015.0,2.2
Egypt,2019.0,2.0
United Kingdom,2000.0,4.3
United Kingdom,2005.0,4.1
United Kingdom,2010.0,3.7
United Kingdom,2015.0,4.4
United Kingdom,2019.0,4.0
Tanzania,2000.0,5.1
Tanzania,2005.0,3.1
Tanzania,2010.0,2.8
Tanzania,2015.0,2.0
Tanzania,2019.0,2.0
United States,2000.0,4.5
United States,2005.0,5.2
United States,2010.0,5.8
United States,2015.0,6.8
United States,2019.0,7.5
Burkina Faso,2000.0,5.3
Burkina Faso,2005.0,4.7
Burkina Faso,2010.0,4.3
Burkina Faso,2015.0,4.0
Burkina Faso,2019.0,3.7
Uruguay,2000.0,5.6
Uruguay,2005.0,6.7
Uruguay,2010.0,7.1
Uruguay,2015.0,7.7
Uruguay,2019.0,8.9
Uzbekistan,2000.0,4.3
Uzbekistan,2005.0,4.3
Uzbekistan,2010.0,4.5
Uzbekistan,2015.0,5.7
Uzbekistan,2019.0,4.8
Venezuela,2000.0,1.5
Venezuela,2005.0,1.4
Venezuela,2010.0,1.0
Venezuela,2015.0,0.8
Venezuela,2019.0,0.7
Samoa,2000.0,6.5
Samoa,2005.0,6.3
Samoa,2010.0,6.8
Samoa,2015.0,6.7
Samoa,2019.0,6.7
Yemen,2000.0,5.0
Yemen,2005.0,4.8
Yemen,2010.0,4.6
Yemen,2015.0,4.3
Yemen,2019.0,4.6
Zambia,2000.0,9.4
Zambia,2005.0,7.3
Zambia,2010.0,5.4
Zambia,2015.0,3.8
Zambia,2019.0,2.7
