country,year,value
Afghanistan,2014.0,19.9
Angola,2016.0,19.9
Bangladesh,2019.0,4.6
Armenia,2015.0,3.0
Bolivia,2019.0,13.2
Brazil,2015.0,5.3
Belize,2013.0,2.6
Myanmar,2015.0,9.7
Burundi,2017.0,32.2
Cambodia,2012.0,13.8
Cameroon,2014.0,37.7
Sri Lanka,2016.0,0.62
Chad,2015.0,41.0
Chile,2012.0,5.2
Colombia,2017.0,2.9
Congo,2015.0,14.8
Democratic Republic of Congo,2018.0,16.7
Costa Rica,2018.0,3.2
Benin,2018.0,26.0
Dominican Republic,2014.0,6.0
El Salvador,2019.0,7.3
Georgia,2015.0,1.0
Gambia,2018.0,17.18
Kiribati,2019.0,14.5
Guinea,2016.0,24.5
Guyana,2014.0,11.6
Iraq,2018.0,4.1
Cote d'Ivoire,2016.0,22.6
Jamaica,2016.0,2.4
Jordan,2016.0,1.0
North Korea,2017.0,4.1
Kyrgyzstan,2018.0,19.1
Laos,2017.0,29.0
Lesotho,2018.0,12.7
Liberia,2010.0,12.9
Madagascar,2018.0,35.1
Malawi,2014.0,19.2
Mauritania,2015.0,12.6
Mexico,2017.0,3.9
Mongolia,2018.0,13.2
Montenegro,2018.0,7
Nepal,2014.0,23.1
Nigeria,2017.0,30.7
Panama,2016.0,1.37842
Paraguay,2016.0,13.1
Peru,2015.0,14.7
Guinea-Bissau,2019.0,16.3
Timor-Leste,2016.0,9.51
Sao Tome and Principe,2014.0,18.9
Senegal,2016.0,18.6
Serbia,2019.0,7.5
Sierra Leone,2017.0,24.8
Vietnam,2014.0,13.6
Zimbabwe,2019.0,22.4
Sudan,2014.0,16.3
Suriname,2018.0,3.5
Togo,2017.0,38.5
Tonga,2019.0,18.6
Turkmenistan,2016.0,0.1
Uganda,2017.0,19.0
Egypt,2014.0,3.7
Tanzania,2014.0,23.9
Uruguay,2010.0,3.0
Zambia,2012.0,23.0
