country,year,value
Albania,2003.0,571218.0176
Albania,2004.0,622400.0244
Albania,2005.0,633598.999
Albania,2006.0,722729.0039
Albania,2007.0,722731.0181
Albania,2008.0,762353.0273
Albania,2009.0,857223.0225
Albania,2010.0,1069093.994
Albania,2011.0,1077996.948
Albania,2012.0,1136802.002
Albania,2014.0,1228884.033
Albania,2015.0,1413233.032
Algeria,2002.0,5200000
Algeria,2005.0,8500000
Algeria,2009.0,9600000
Algeria,2014.0,11000000
Algeria,2015.0,11325000
Algeria,2016.0,12000000
Algeria,2017.0,13000000
Andorra,2003.0,48500
Andorra,2004.0,48299.99924
Andorra,2005.0,48610.00061
Andorra,2006.0,49750
Andorra,2007.0,43939.99863
Andorra,2008.0,45500
Andorra,2009.0,45529.99878
Andorra,2010.0,48959.99908
Andorra,2011.0,44110.00061
Andorra,2012.0,41959.99908
Andorra,2013.0,40314.888
Andorra,2014.0,39759.09042
Andorra,2015.0,41163.90991
Andorra,2016.0,42173.66409
Andorra,2017.0,42443.85147
Andorra,2018.0,42441.39862
Andorra,2019.0,40782.19986
Antigua and Barbuda,2005.0,21250
Antigua and Barbuda,2006.0,20500
Antigua and Barbuda,2007.0,20799.99924
Antigua and Barbuda,2008.0,23000
Antigua and Barbuda,2009.0,22700.00076
Antigua and Barbuda,2010.0,24299.99924
Antigua and Barbuda,2011.0,22299.99924
Antigua and Barbuda,2012.0,20899.99962
Antigua and Barbuda,2013.0,20899.99962
Antigua and Barbuda,2014.0,20899.99962
Antigua and Barbuda,2015.0,21399.99962
Azerbaijan,2000.0,1104000
Azerbaijan,2001.0,1267800.049
Azerbaijan,2002.0,1853800.049
Azerbaijan,2003.0,1888500
Azerbaijan,2004.0,1783599.976
Azerbaijan,2005.0,1753099.976
Azerbaijan,2006.0,1573099.976
Azerbaijan,2007.0,1631400.024
Azerbaijan,2008.0,1478400.024
Azerbaijan,2009.0,1602599.976
Azerbaijan,2010.0,1609300.049
Azerbaijan,2011.0,1780500
Azerbaijan,2012.0,1647099.976
Azerbaijan,2013.0,1670900.024
Azerbaijan,2014.0,1354900.024
Azerbaijan,2015.0,1534699.951
Azerbaijan,2016.0,1590099.976
Azerbaijan,2017.0,1576199.951
Azerbaijan,2018.0,1756099.976
Azerbaijan,2019.0,2021599.976
Bahamas,2004.0,65400.00153
Bahamas,2005.0,90481.00281
Bahamas,2006.0,89401.00098
Bahrain,1997.0,231600.0061
Bahrain,1998.0,240199.9969
Bahrain,1999.0,233899.9939
Bangladesh,2005.0,2919600.098
Bangladesh,2009.0,4053600.098
Bangladesh,2014.0,5187600.098
Armenia,1990.0,394700.0122
Armenia,1995.0,400399.9939
Armenia,1996.0,322200.0122
Armenia,1997.0,300700.0122
Armenia,1998.0,286600.0061
Armenia,1999.0,241600.0061
Armenia,2000.0,381600.0061
Armenia,2001.0,375500
Armenia,2002.0,377899.9939
Armenia,2003.0,344100.0061
Armenia,2004.0,351399.9939
Armenia,2005.0,346299.9878
Armenia,2006.0,352299.9878
Armenia,2007.0,362299.9878
Armenia,2008.0,385799.9878
Armenia,2009.0,393399.9939
Armenia,2010.0,387100.0061
Armenia,2011.0,395500
Armenia,2012.0,408100.0061
Armenia,2013.0,517690.0024
Armenia,2014.0,517700.0122
Armenia,2015.0,492799.9878
Armenia,2016.0,499700.0122
Armenia,2017.0,493899.9939
Armenia,2018.0,469899.9939
Armenia,2019.0,472799.9878
Bermuda,2010.0,29909.99985
Bermuda,2011.0,27000
Bermuda,2012.0,27350.00038
Bermuda,2013.0,28209.99908
Bermuda,2014.0,28399.99962
Bermuda,2015.0,27860.00061
Bermuda,2016.0,29899.99962
Bermuda,2017.0,31899.99962
Bermuda,2018.0,31299.99924
Bermuda,2019.0,28799.99924
Bhutan,2017.0,41345.27969
Bhutan,2019.0,29739.99977
Bosnia and Herzegovina,2000.0,837669.4336
Bosnia and Herzegovina,2001.0,863226.7456
Bosnia and Herzegovina,2002.0,892008.3618
Bosnia and Herzegovina,2003.0,915165.2832
Bosnia and Herzegovina,2004.0,894664.4287
Bosnia and Herzegovina,2005.0,948811.8896
Bosnia and Herzegovina,2006.0,1002959.412
Bosnia and Herzegovina,2007.0,1057106.934
Bosnia and Herzegovina,2008.0,1065105.225
Bosnia and Herzegovina,2009.0,996164.978
Bosnia and Herzegovina,2010.0,839164.978
Bosnia and Herzegovina,2011.0,836145.0195
Bosnia and Herzegovina,2012.0,773823.9746
Bosnia and Herzegovina,2013.0,705317.0166
Bosnia and Herzegovina,2014.0,761536.9873
Bosnia and Herzegovina,2015.0,715000
Botswana,1991.0,324468.9026
Botswana,2001.0,396691.5894
Botswana,2002.0,403424.1028
Botswana,2003.0,409177.0935
Botswana,2004.0,413957.3975
Botswana,2005.0,417771.3928
Botswana,2006.0,420625
Botswana,2007.0,424635.5896
Botswana,2008.0,429245.3918
Botswana,2009.0,434441.5894
Brazil,2000.0,41984000
Brazil,2004.0,26319455.08
Brazil,2005.0,22986078.13
Brazil,2006.0,13767522.46
Brazil,2007.0,16417675.78
Brazil,2008.0,20356042.97
Brazil,2009.0,19509107.42
Brazil,2010.0,22603373.05
Brazil,2011.0,22582658.2
Brazil,2012.0,24495621.09
Brazil,2013.0,25874677.73
Brazil,2014.0,26893261.72
Brazil,2015.0,26099886.72
Burundi,2001.0,13100.00038
Burundi,2002.0,22899.99962
Burundi,2003.0,18200.00076
Burundi,2004.0,18200.00076
Burundi,2005.0,13199.99981
Burundi,2006.0,13800.00019
Burundi,2007.0,10800.00019
Burundi,2008.0,15600.00038
Burundi,2009.0,13800.00019
Burundi,2010.0,7199.99981
Burundi,2011.0,39000
Burundi,2012.0,8309.2804
Burundi,2013.0,29607.40089
Burundi,2014.0,24622.40028
Burundi,2015.0,59356.80008
Burundi,2016.0,44736.00006
Burundi,2017.0,39098.4993
Cape Verde,2003.0,101000
Cape Verde,2011.0,141421.6766
Cape Verde,2015.0,170636.0016
Chile,2000.0,5065004.883
Chile,2001.0,5181391.602
Chile,2002.0,5301110.84
Chile,2003.0,5424260.254
Chile,2004.0,5550932.129
Chile,2005.0,5681225.586
Chile,2006.0,5818250.488
Chile,2007.0,5810856.934
Chile,2008.0,6207777.344
Chile,2009.0,6297019.043
Colombia,2012.0,8863484.375
Colombia,2013.0,8362534.18
Colombia,2014.0,9021157.227
Colombia,2015.0,9574085.938
Colombia,2016.0,10419014.65
Croatia,2011.0,1263060.059
Croatia,2012.0,1191550.049
Cuba,2004.0,3955199.951
Cuba,2005.0,4001199.951
Cuba,2006.0,3854100.098
Cuba,2007.0,4069899.902
Cuba,2008.0,4918500
Cuba,2009.0,4279799.805
Cuba,2010.0,3980899.902
Cuba,2011.0,3898399.902
Cuba,2012.0,4636200.195
Cuba,2013.0,4420200.195
Cuba,2014.0,4601600.098
Cuba,2015.0,4603299.805
Cuba,2016.0,4674200.195
Cuba,2017.0,4762000
Ecuador,2014.0,3970234.619
Ecuador,2015.0,4039033.447
Ecuador,2016.0,4157716.797
Ecuador,2017.0,4819850.586
Ecuador,2018.0,4880950.684
El Salvador,2011.0,1019974.67
El Salvador,2012.0,1178143.433
El Salvador,2013.0,1081067.017
El Salvador,2014.0,1111187.988
El Salvador,2015.0,1137244.995
El Salvador,2016.0,1059390.015
El Salvador,2017.0,1141130.005
El Salvador,2018.0,1169910.034
El Salvador,2019.0,1238989.99
Fiji,2006.0,150626484.4
Fiji,2007.0,153595234.4
Fiji,2008.0,163259796.9
Fiji,2009.0,162363453.1
Fiji,2010.0,161512156.3
Fiji,2011.0,161857453.1
Fiji,2012.0,164739734.4
Fiji,2013.0,162051562.5
Fiji,2014.0,166372750
Fiji,2015.0,171227750
Fiji,2016.0,176977000
Fiji,2017.0,178903828.1
French Guiana,1999.0,48000
French Guiana,2001.0,57000
French Guiana,2003.0,64000
Georgia,2014.0,742700.0122
Georgia,2015.0,777599.9756
Georgia,2016.0,840099.9756
Georgia,2017.0,917200.0122
Georgia,2018.0,963599.9756
Georgia,2019.0,1013000
Palestine,1999.0,125301.8875
Palestine,2003.0,860200.0122
Palestine,2004.0,970049.9878
Palestine,2005.0,982190.0024
Palestine,2006.0,1023900.024
Palestine,2008.0,1030140.015
Palestine,2009.0,847239.9902
Palestine,2011.0,785440.0024
Palestine,2013.0,736789.978
Palestine,2015.0,931119.9951
Ghana,1990.0,603109.5581
Ghana,1995.0,876169.9829
Ghana,1996.0,957577.5757
Ghana,1997.0,1042626.099
Ghana,1998.0,1110878.052
Ghana,1999.0,1203080.933
Ghana,2000.0,1325358.521
Ghana,2001.0,1383828.857
Ghana,2002.0,1444490.479
Ghana,2003.0,1483491.699
Ghana,2004.0,1548119.385
Ghana,2005.0,1817049.805
Ghana,2006.0,1895268.066
Ghana,2007.0,2066221.191
Ghana,2008.0,2245024.414
Ghana,2009.0,2400392.334
Ghana,2010.0,2650458.496
Ghana,2011.0,2716719.971
Ghana,2012.0,2784637.939
Ghana,2013.0,2854253.906
Ghana,2014.0,2925610.352
Ghana,2015.0,3132028.32
Ghana,2016.0,3210329.102
Ghana,2017.0,3290587.158
Grenada,2012.0,18878.29971
Guadeloupe,1999.0,161000
Guatemala,2001.0,1321016.357
Guatemala,2002.0,1350052.979
Guatemala,2003.0,1383066.65
Guatemala,2004.0,1416754.15
Guatemala,2005.0,1444908.569
Guatemala,2006.0,1485972.656
Guatemala,2008.0,1879000
Guatemala,2009.0,1924000
Guatemala,2010.0,1970000
Guatemala,2011.0,2017000
Guatemala,2012.0,2065000
Hong Kong,1990.0,1991000
Hong Kong,1995.0,2267000
Hong Kong,1996.0,2291000
Hong Kong,1997.0,2467000
Hong Kong,1998.0,2489000
Hong Kong,1999.0,2710000
Hong Kong,2000.0,2760000
Hong Kong,2001.0,2756000
Hong Kong,2002.0,2744000
Hong Kong,2003.0,2702000
Hong Kong,2004.0,2567000
Hong Kong,2005.0,2492000
Hong Kong,2006.0,2422000
Hong Kong,2007.0,2326000
Hong Kong,2008.0,2226000
Hong Kong,2009.0,2195000
Hong Kong,2010.0,2239000
Hong Kong,2011.0,2180000
Hong Kong,2012.0,2301000
Hong Kong,2013.0,2321000
Hong Kong,2014.0,2342000
Hong Kong,2015.0,2360000
Iraq,2010.0,7476000
Iraq,2011.0,8155000
Iraq,2012.0,8445000
Iraq,2013.0,8305000
Iraq,2014.0,8215000
Iraq,2015.0,11631000
Iraq,2016.0,9516000
Iraq,2017.0,8987000
Iraq,2018.0,9625000
Iraq,2019.0,10594000
Israel,2000.0,3967580.078
Israel,2001.0,3590480.957
Israel,2002.0,3855364.258
Israel,2003.0,3846938.721
Israel,2004.0,3978303.223
Israel,2005.0,4085927.979
Israel,2006.0,4226500.488
Israel,2007.0,4304024.414
Israel,2008.0,4399715.332
Israel,2009.0,4556308.594
Jamaica,1995.0,358000
Jamaica,1996.0,385000
Jamaica,1999.0,945000
Jamaica,2000.0,947000
Jamaica,2001.0,718000
Jamaica,2002.0,697000
Jamaica,2003.0,703000
Jamaica,2004.0,709000
Jamaica,2006.0,1120000
Jamaica,2007.0,1125000
Jamaica,2008.0,1130000
Jamaica,2010.0,785289.978
Jamaica,2011.0,698026.001
Jamaica,2012.0,730434.9976
Jamaica,2013.0,733601.9897
Jamaica,2014.0,672046.9971
Jamaica,2015.0,777875.9766
Jamaica,2016.0,797120.9717
Jamaica,2017.0,872044.0063
Kazakhstan,2004.0,0
Kazakhstan,2005.0,0
Kazakhstan,2006.0,0
Kazakhstan,2007.0,0
Kazakhstan,2008.0,0
Kazakhstan,2009.0,0
Kazakhstan,2010.0,0
Kazakhstan,2011.0,0
Kazakhstan,2012.0,2429899.902
Kazakhstan,2013.0,2495500
Kazakhstan,2014.0,2421000
Kazakhstan,2015.0,2318000
Kazakhstan,2016.0,1988546.021
Kazakhstan,2017.0,2073410.889
Kazakhstan,2018.0,2091006.104
Kazakhstan,2019.0,2060541.992
Jordan,2000.0,1387000
Jordan,2002.0,2226500
Jordan,2005.0,2358860.107
Jordan,2006.0,2309570.068
Jordan,2007.0,2207298.096
Jordan,2008.0,2111250.977
Jordan,2009.0,1921857.056
Jordan,2010.0,2069111.084
Jordan,2011.0,2024833.008
Jordan,2012.0,2242966.064
Jordan,2013.0,2566314.941
Jordan,2014.0,2785133.057
Jordan,2015.0,3365260.01
Jordan,2017.0,3408899.902
Jordan,2018.0,3466010.01
Kuwait,1999.0,910000
Kuwait,2000.0,853000
Kuwait,2001.0,1006000
Kuwait,2002.0,1060000
Kuwait,2003.0,976000
Kuwait,2004.0,840000
Kuwait,2005.0,852000
Kuwait,2006.0,987000
Kuwait,2007.0,1001000
Kuwait,2008.0,1310000
Kuwait,2009.0,1153000
Kuwait,2010.0,1408000
Kuwait,2011.0,1357000
Kuwait,2012.0,1425000
Kuwait,2013.0,1487000
Kuwait,2014.0,1490000
Kuwait,2015.0,1527000
Kuwait,2016.0,1567000
Kuwait,2017.0,1697000
Kyrgyzstan,2010.0,22373.48366
Kyrgyzstan,2011.0,22071.44737
Kyrgyzstan,2012.0,28816.92696
Kyrgyzstan,2013.0,45586.63559
Macao,1996.0,128419.9982
Macao,1997.0,134220.0012
Macao,1998.0,142529.9988
Macao,1999.0,143940.0024
Macao,2000.0,138289.9933
Macao,2001.0,138110.0006
Macao,2002.0,146639.9994
Macao,2003.0,154070.0073
Macao,2004.0,154529.9988
Macao,2005.0,162130.0049
Macao,2006.0,167360.0006
Macao,2007.0,174050.0031
Macao,2008.0,179020.0043
Macao,2009.0,159289.9933
Macao,2010.0,164320.0073
Macao,2011.0,165139.9994
Macao,2012.0,182289.9933
Macao,2013.0,207380.0049
Macao,2014.0,218500
Macao,2015.0,228529.9988
Madagascar,2007.0,2849554.932
Malaysia,2000.0,6377238.77
Malaysia,2001.0,6726504.883
Malaysia,2002.0,7094899.902
Malaysia,2003.0,7483470.703
Malaysia,2004.0,7893323.242
Malaysia,2005.0,8325622.07
Malaysia,2006.0,8781596.68
Malaysia,2007.0,9262543.945
Malaysia,2008.0,9769832.031
Malaysia,2009.0,10304902.34
Malaysia,2010.0,10869278.32
Malaysia,2011.0,11464562.5
Malaysia,2012.0,12602250
Malaysia,2013.0,12902759.77
Malaysia,2014.0,13114059.57
Malaysia,2015.0,13318019.53
Malaysia,2016.0,13509089.84
Malaysia,2017.0,13672250
Malaysia,2018.0,13686824.22
Malaysia,2019.0,13830014.65
Maldives,2002.0,66558.99811
Maldives,2003.0,64911.00311
Maldives,2004.0,75762.00104
Maldives,2005.0,81408.99658
Maldives,2006.0,80932.99866
Maldives,2007.0,82100.99793
Maldives,2008.0,92095.00122
Maldives,2009.0,85258.00324
Maldives,2010.0,82263.00049
Maldives,2011.0,78591.00342
Maldives,2012.0,93458.00018
Maldives,2013.0,88523.00263
Maldives,2014.0,211695.0073
Martinique,1999.0,161000
Martinique,2001.0,161600.0061
Mauritius,1998.0,42889.99939
Mauritius,1999.0,140149.9939
Mauritius,2000.0,251300.0031
Mauritius,2001.0,292899.9939
Mauritius,2002.0,325010.0098
Mauritius,2003.0,352899.9939
Mauritius,2004.0,365500
Mauritius,2005.0,363799.9878
Mauritius,2006.0,387751.0071
Mauritius,2007.0,367580.9937
Mauritius,2008.0,382859.9854
Mauritius,2009.0,401989.9902
Mauritius,2010.0,402816.0095
Mauritius,2011.0,394897.0032
Mauritius,2012.0,400652.0081
Mauritius,2013.0,428114.9902
Mauritius,2014.0,442819.0002
Mauritius,2015.0,469973.999
Mauritius,2016.0,428032.0129
Mauritius,2017.0,462430.9998
Monaco,1990.0,0
Monaco,1995.0,47597.00012
Monaco,1996.0,49360.00061
Monaco,1997.0,44709.99908
Monaco,1998.0,41029.99878
Monaco,1999.0,36700.00076
Monaco,2000.0,38919.99817
Monaco,2001.0,39560.00137
Monaco,2002.0,40220.00122
Monaco,2003.0,40040.00092
Monaco,2004.0,39939.99863
Monaco,2005.0,39860.00061
Monaco,2006.0,39540.00092
Monaco,2007.0,41099.99847
Monaco,2008.0,40729.99954
Monaco,2009.0,36689.99863
Monaco,2010.0,32209.99908
Monaco,2011.0,41349.99847
Monaco,2012.0,43050.99869
Monaco,2013.0,30811.00082
Monaco,2014.0,30715.00015
Monaco,2015.0,30832.00073
Mongolia,2017.0,2403777.588
Morocco,2000.0,3980000
Morocco,2003.0,4152000
Morocco,2004.0,4709000
Morocco,2013.0,6850000
Morocco,2014.0,7283895.02
Morocco,2015.0,7433044.922
Niger,2001.0,2588000
Niger,2002.0,2673000
Niger,2003.0,2762000
Niger,2004.0,2853000
Niger,2005.0,2947000
Niger,2018.0,14510.00023
Niger,2019.0,14960.00004
Marshall Islands,2007.0,20799.99924
Panama,2000.0,294701.2939
Panama,2001.0,313014.8621
Panama,2002.0,305973.5413
Panama,2003.0,304919.9219
Panama,2004.0,314663.2385
Panama,2005.0,308207.8552
Panama,2006.0,312635.8032
Panama,2007.0,349794.7998
Panama,2008.0,348020.2942
Panama,2009.0,370212.7075
Panama,2010.0,414160.614
Panama,2011.0,414772.1863
Panama,2012.0,404867.8894
Panama,2013.0,451610.9924
Panama,2014.0,458005.0049
Panama,2015.0,467748.9929
Panama,2016.0,832601.0132
Panama,2017.0,781658.02
Panama,2018.0,788484.9854
Panama,2019.0,791875
Saint Kitts and Nevis,2007.0,12210.00004
Saint Kitts and Nevis,2008.0,11130.00011
Saint Kitts and Nevis,2009.0,11560.00042
Saint Kitts and Nevis,2010.0,11630.00011
Saint Kitts and Nevis,2011.0,11270.00046
Saint Kitts and Nevis,2012.0,10109.99966
Saint Kitts and Nevis,2013.0,10500
Saint Kitts and Nevis,2014.0,10270.00046
Saint Kitts and Nevis,2015.0,11229.99954
Anguilla,2001.0,3093.1499
Anguilla,2002.0,2979.0678
Anguilla,2003.0,2786.09991
Anguilla,2004.0,3429.97503
Anguilla,2005.0,4018.03112
Anguilla,2006.0,4797.98079
Anguilla,2007.0,5287.65011
Anguilla,2008.0,5037.97483
Saudi Arabia,2010.0,11544700.2
Saudi Arabia,2011.0,12048099.61
Saudi Arabia,2012.0,12560500
Saudi Arabia,2013.0,13092799.8
Saudi Arabia,2014.0,13645700.2
Saudi Arabia,2015.0,14816299.8
Saudi Arabia,2016.0,15752200.2
Saudi Arabia,2017.0,16435570.31
Saudi Arabia,2018.0,20811000
Serbia,2014.0,1637000
Serbia,2015.0,1573000
South Africa,2004.0,202929.9927
South Africa,2005.0,974630.0049
South Africa,2006.0,1364079.956
South Africa,2007.0,1371819.946
South Africa,2011.0,8062899.902
South Africa,2017.0,4821000
Zimbabwe,2016.0,483341.9495
Zimbabwe,2017.0,407835.9375
Sudan,2005.0,602250
Sudan,2007.0,731830.0171
Sudan,2008.0,821250
Sudan,2009.0,912500
Sudan,2010.0,985500
Suriname,2008.0,33099.99847
Suriname,2009.0,30469.99931
Suriname,2010.0,36130.00107
Suriname,2011.0,41130.00107
Suriname,2012.0,37930.00031
Suriname,2013.0,179339.9963
Suriname,2014.0,157529.9988
Suriname,2015.0,176580.0018
Suriname,2016.0,177660.0037
Suriname,2017.0,178850.0061
Suriname,2018.0,179309.9976
Suriname,2019.0,183039.9933
Syria,2003.0,4100000
Thailand,2008.0,23930000
Thailand,2009.0,24110000
Thailand,2010.0,24220000
Thailand,2011.0,25350000
Thailand,2012.0,24730000
Thailand,2013.0,26770000
Thailand,2014.0,26190000
Thailand,2015.0,26850000
Thailand,2016.0,27070000
Thailand,2017.0,27370000
Togo,2006.0,246000
Togo,2007.0,250000
Togo,2008.0,255000
Togo,2009.0,259000
Togo,2010.0,264000
Togo,2011.0,269000
Togo,2012.0,274000
Trinidad and Tobago,1996.0,709000
Trinidad and Tobago,1997.0,808000
Trinidad and Tobago,1998.0,886000
Trinidad and Tobago,1999.0,921000
Trinidad and Tobago,2000.0,1158000
Trinidad and Tobago,2001.0,1038000
Trinidad and Tobago,2002.0,1164000
Trinidad and Tobago,2003.0,1332000
Trinidad and Tobago,2004.0,1448000
Trinidad and Tobago,2005.0,1548000
Trinidad and Tobago,2006.0,1537000
Trinidad and Tobago,2007.0,1629000
Tunisia,2000.0,1512000
Tunisia,2001.0,1529000
Tunisia,2002.0,1546000
Tunisia,2003.0,1554000
Tunisia,2004.0,1701000
Tunisia,2007.0,2200000
Tunisia,2012.0,2400000
Ukraine,2010.0,6722399.902
Ukraine,2011.0,5176799.805
Ukraine,2012.0,7969399.902
Ukraine,2013.0,9026200.195
Ukraine,2014.0,6314299.805
Ukraine,2015.0,6053299.805
Ukraine,2016.0,6346500
Ukraine,2017.0,5858000
Ukraine,2018.0,5543500
Ukraine,2019.0,5896700.195
Egypt,2000.0,15000000
Tanzania,1990.0,226000
Tanzania,2004.0,325600.0061
Tanzania,2005.0,333299.9878
Tanzania,2006.0,341600.0061
Tanzania,2007.0,348720.0012
Tanzania,2008.0,356299.9878
Tanzania,2009.0,333299.9878
Tanzania,2010.0,341600.0061
Tanzania,2011.0,348720.0012
Tanzania,2012.0,356299.9878
Tanzania,2013.0,363799.9878
Tanzania,2014.0,415299.9878
Tanzania,2015.0,417799.9878
Burkina Faso,2000.0,424500
Burkina Faso,2001.0,452399.9939
Burkina Faso,2002.0,482299.9878
Burkina Faso,2003.0,514299.9878
Burkina Faso,2004.0,548500
Burkina Faso,2005.0,585000
Burkina Faso,2006.0,624000
Burkina Faso,2007.0,665700.0122
Burkina Faso,2008.0,710400.0244
Burkina Faso,2009.0,758099.9756
Venezuela,2010.0,16579.99992
Venezuela,2011.0,16579.99992
Venezuela,2012.0,17479.99954
Venezuela,2013.0,16889.99939
Venezuela,2014.0,16479.99954
Samoa,2011.0,970.00003
Samoa,2017.0,27889.99939
Yemen,1999.0,841000
Yemen,2000.0,1267000
Yemen,2001.0,822000
Yemen,2002.0,1310000
Yemen,2003.0,1105000
Yemen,2004.0,1167000
Yemen,2005.0,1273000
Yemen,2006.0,1382000
Yemen,2007.0,1447000
Yemen,2008.0,3422000
Yemen,2009.0,3525000
Yemen,2010.0,3631000
Yemen,2011.0,3683000
Yemen,2012.0,3837000
Yemen,2013.0,3952000
Zambia,2000.0,1215000
Zambia,2005.0,1458000
