country,year,value
Afghanistan,2003.0,0.0
Afghanistan,2004.0,0.0
Afghanistan,2005.0,0.0
Afghanistan,2006.0,0.0
Afghanistan,2007.0,0.0
Afghanistan,2008.0,0.0
Albania,2008.0,0.0
Albania,2009.0,0.0
Algeria,2010.0,4.0
Algeria,2011.0,1.0
Algeria,2015.0,0.0
Algeria,2016.0,17.0
Algeria,2017.0,0.0
Andorra,2003.0,0.0
Andorra,2004.0,0.0
Andorra,2005.0,0.0
Andorra,2006.0,0.0
Andorra,2007.0,0.0
Andorra,2008.0,0.0
Andorra,2009.0,0.0
Andorra,2010.0,0.0
Andorra,2011.0,0.0
Andorra,2012.0,0.0
Andorra,2013.0,0.0
Andorra,2014.0,0.0
Andorra,2015.0,0.0
Andorra,2016.0,0.0
Andorra,2017.0,0.0
Azerbaijan,2006.0,0.0
Azerbaijan,2012.0,0.0
Azerbaijan,2013.0,0.0
Azerbaijan,2014.0,0.0
Azerbaijan,2015.0,0.0
Argentina,2005.0,0.0
Argentina,2006.0,0.0
Argentina,2007.0,0.0
Argentina,2008.0,0.0
Argentina,2009.0,0.0
Argentina,2010.0,0.0
Argentina,2011.0,0.0
Argentina,2012.0,0.0
Argentina,2013.0,0.0
Argentina,2014.0,0.0
Argentina,2015.0,0.0
Argentina,2016.0,0.0
Argentina,2017.0,1.0
Australia,2014.0,0.0
Australia,2015.0,0.0
Bahrain,2010.0,0.0
Bahrain,2012.0,0.0
Armenia,2006.0,0.0
Armenia,2007.0,0.0
Armenia,2010.0,0.0
Armenia,2011.0,0.0
Armenia,2012.0,0.0
Armenia,2013.0,0.0
Armenia,2014.0,0.0
Armenia,2015.0,0.0
Armenia,2016.0,0.0
Armenia,2017.0,0.0
Belgium,2012.0,4.0
Belgium,2013.0,0.0
Belgium,2014.0,5.0
Belgium,2015.0,10.0
Belgium,2016.0,8.0
Bolivia,2005.0,0.0
Bolivia,2006.0,0.0
Bolivia,2014.0,34.0
Bolivia,2015.0,39.0
Bolivia,2016.0,59.0
Bolivia,2017.0,56.0
Bosnia and Herzegovina,2005.0,0.0
Bosnia and Herzegovina,2006.0,0.0
Bosnia and Herzegovina,2007.0,0.0
Bosnia and Herzegovina,2008.0,0.0
Bosnia and Herzegovina,2009.0,0.0
Bosnia and Herzegovina,2010.0,0.0
Bosnia and Herzegovina,2011.0,0.0
Bosnia and Herzegovina,2012.0,0.0
Bosnia and Herzegovina,2014.0,14.0
Bosnia and Herzegovina,2015.0,8.0
Bulgaria,2010.0,10.0
Bulgaria,2011.0,1.0
Bulgaria,2012.0,8.0
Bulgaria,2013.0,12.0
Bulgaria,2014.0,5.0
Bulgaria,2015.0,0.0
Bulgaria,2016.0,2.0
Bulgaria,2017.0,4.0
Myanmar,2012.0,2.0
Myanmar,2013.0,2.0
Myanmar,2014.0,0.0
Myanmar,2015.0,2.0
Belarus,2003.0,0.0
Belarus,2004.0,0.0
Belarus,2005.0,0.0
Belarus,2006.0,0.0
Belarus,2007.0,0.0
Belarus,2008.0,0.0
Belarus,2009.0,0.0
Belarus,2010.0,0.0
Belarus,2011.0,0.0
Belarus,2012.0,0.0
Belarus,2013.0,0.0
Belarus,2014.0,0.0
Belarus,2015.0,0.0
Belarus,2016.0,0.0
Belarus,2017.0,0.0
Colombia,2013.0,0.0
Colombia,2014.0,0.0
Colombia,2015.0,0.0
Colombia,2016.0,14.0
Colombia,2017.0,1.0
Costa Rica,2012.0,9.0
Costa Rica,2014.0,0.0
Costa Rica,2017.0,4.0
Croatia,2011.0,0.0
Croatia,2017.0,14.0
Cyprus,2015.0,0.0
Cyprus,2016.0,1.0
Cyprus,2017.0,0.0
Czechia,2011.0,2.0
Czechia,2012.0,0.0
Denmark,2010.0,1.0
Denmark,2011.0,0.0
Denmark,2012.0,3.0
Denmark,2013.0,7.0
Denmark,2014.0,7.0
Denmark,2015.0,41.0
Denmark,2016.0,4.0
Denmark,2017.0,2.0
Dominican Republic,2013.0,19.0
Ecuador,2010.0,0.0
Ecuador,2012.0,19.0
Ecuador,2013.0,31.0
Ecuador,2014.0,0.0
Ecuador,2015.0,1.0
Ecuador,2016.0,4.0
Ecuador,2017.0,2.0
Estonia,2012.0,0.0
Finland,2011.0,1.0
Finland,2013.0,3.0
Finland,2014.0,4.0
Finland,2015.0,1.0
Finland,2016.0,6.0
Finland,2017.0,4.0
France,2016.0,253.0
Germany,2015.0,387.0
Greece,2015.0,11.0
Greece,2016.0,16.0
Greece,2017.0,4.0
Guatemala,2016.0,2.0
Guatemala,2017.0,0.0
Guinea,2014.0,0.0
Honduras,2016.0,0.0
Honduras,2017.0,1.0
Hungary,2010.0,0.0
Hungary,2011.0,0.0
Hungary,2012.0,0.0
Ireland,2011.0,1.0
Ireland,2013.0,0.0
Ireland,2014.0,4.0
Ireland,2015.0,4.0
Ireland,2016.0,4.0
Israel,2016.0,5.0
Japan,2010.0,4.0
Japan,2011.0,0.0
Japan,2014.0,0.0
Kuwait,2015.0,0.0
Lebanon,2015.0,0.0
Lesotho,2010.0,1.0
Lesotho,2015.0,0.0
Latvia,2010.0,0.0
Latvia,2011.0,0.0
Latvia,2012.0,0.0
Latvia,2013.0,0.0
Latvia,2014.0,0.0
Latvia,2015.0,1.0
Lithuania,2010.0,0.0
Lithuania,2011.0,0.0
Lithuania,2012.0,0.0
Lithuania,2014.0,22.0
Lithuania,2015.0,22.0
Lithuania,2016.0,16.0
Malta,2010.0,0.0
Malta,2011.0,0.0
Malta,2012.0,0.0
Mauritius,2015.0,2.0
Mauritius,2016.0,0.0
Mauritius,2017.0,2.0
Mexico,2015.0,3.0
Mexico,2017.0,1.0
Moldova,2012.0,7.0
Moldova,2013.0,7.0
Moldova,2014.0,24.0
Moldova,2015.0,5.0
Moldova,2016.0,38.0
Moldova,2017.0,2.0
Montenegro,2011.0,0.0
Morocco,2017.0,1.0
Netherlands,2010.0,13.0
Netherlands,2011.0,17.0
Netherlands,2012.0,17.0
Netherlands,2013.0,33.0
Nigeria,2010.0,46.0
Nigeria,2012.0,16.0
Nigeria,2013.0,19.0
Norway,2011.0,1.0
Norway,2012.0,8.0
Norway,2014.0,1.0
Norway,2016.0,2.0
Peru,2012.0,1.0
Peru,2014.0,8.0
Peru,2015.0,8.0
Peru,2016.0,1.0
Peru,2017.0,1.0
Portugal,2010.0,0.0
Portugal,2011.0,1.0
Portugal,2013.0,1.0
Portugal,2014.0,7.0
Romania,2010.0,90.0
Romania,2011.0,61.0
Senegal,2011.0,2.0
Serbia,2012.0,8.0
Serbia,2014.0,3.0
Serbia,2015.0,1.0
Slovakia,2010.0,2.0
Slovakia,2011.0,4.0
Slovakia,2012.0,5.0
Slovakia,2013.0,2.0
Slovakia,2014.0,4.0
Slovakia,2015.0,5.0
Slovakia,2016.0,8.0
Slovakia,2017.0,12.0
Slovenia,2014.0,0.0
Spain,2013.0,6.0
Spain,2014.0,10.0
Spain,2016.0,4.0
Sweden,2010.0,1.0
Sweden,2011.0,0.0
Sweden,2012.0,3.0
Sweden,2016.0,4.0
Tajikistan,2014.0,0.0
Thailand,2016.0,7.0
Thailand,2017.0,15.0
Tunisia,2016.0,72.0
Tunisia,2017.0,111.0
Ukraine,2010.0,0.0
Ukraine,2012.0,0.0
Ukraine,2014.0,3.0
Ukraine,2015.0,3.0
Ukraine,2016.0,3.0
Ukraine,2017.0,11.0
North Macedonia,2012.0,0.0
North Macedonia,2013.0,0.0
North Macedonia,2014.0,0.0
Egypt,2012.0,4.0
Egypt,2013.0,21.0
Egypt,2014.0,47.0
Egypt,2015.0,37.0
Egypt,2016.0,3.0
United Kingdom,2010.0,10.0
United Kingdom,2011.0,17.0
United Kingdom,2012.0,14.0
United Kingdom,2013.0,10.0
United Kingdom,2016.0,18.0
United States,2010.0,0.0
United States,2011.0,0.0
United States,2012.0,3.0
United States,2013.0,17.0
United States,2014.0,29.0
United States,2015.0,22.0
United States,2016.0,15.0
Uzbekistan,2012.0,2.0
Uzbekistan,2013.0,16.0
Uzbekistan,2014.0,28.0
Uzbekistan,2015.0,13.0
Venezuela,2013.0,4.0
Venezuela,2014.0,1.0
Venezuela,2015.0,1.0
Venezuela,2016.0,1.0
Venezuela,2017.0,0.0
