country,year,value
World,2020.0,0.92629
Oceania,2020.0,0.93334
Australia,2012.0,0.93052
Austria,2012.0,0.95141
Belgium,2012.0,0.94306
Central and Southern Asia,2020.0,1.00826
Canada,2012.0,0.92378
Chile,2015.0,0.70061
Cyprus,2012.0,0.94667
Czechia,2012.0,0.95616
Denmark,2012.0,0.97466
Ecuador,2017.0,0.7724
Estonia,2012.0,0.97865
Finland,2012.0,0.97785
France,2012.0,0.9406
Palestine,2011.0,0.72973
Germany,2012.0,0.90869
Greece,2015.0,0.94359
Hungary,2017.0,1.01075
Ireland,2012.0,0.91522
Israel,2015.0,0.91569
Italy,2012.0,0.91755
Japan,2012.0,0.97914
Kazakhstan,2017.0,1.00826
South Korea,2012.0,0.93635
Latin America and the Caribbean,2020.0,0.77798
Lithuania,2015.0,0.99428
Mexico,2017.0,0.80013
Europe and Northern America,2020.0,0.96311
Netherlands,2012.0,0.94549
New Zealand,2014.0,0.94777
Norway,2012.0,0.95103
Peru,2017.0,0.73882
Poland,2012.0,1.00958
Russia,2012.0,1.0412
Singapore,2015.0,0.9274
Slovakia,2012.0,1.00077
Slovenia,2015.0,0.97625
South Africa,2017.0,0.99288
Spain,2012.0,0.90183
Northern Africa and Western Asia,2020.0,0.70537
Sweden,2012.0,0.9487
Eastern and South-Eastern Asia,2020.0,0.96439
Turkey,2015.0,0.68105
United Kingdom,2012.0,0.92303
United States,2014.0,0.90907
United States,2017.0,0.96847
