country,year,value
Afghanistan,2011.0,0
Afghanistan,2015.0,0.43127
Albania,2009.0,0
Albania,2017.0,1.01815
Algeria,2013.0,0.989
Angola,2015.0,0.68999
Azerbaijan,2006.0,0.96469
Bangladesh,2006.0,1.04524
Bangladesh,2011.0,1.07209
Bangladesh,2014.0,1.15308
Bangladesh,2019.0,1.19957
Armenia,2006.0,1
Armenia,2011.0,1
Armenia,2016.0,0
Barbados,2012.0,0
Bhutan,2010.0,0
Bolivia,2000.0,0.50934
Bolivia,2001.0,0.73227
Bolivia,2002.0,0.60643
Bolivia,2003.0,0.95027
Bolivia,2004.0,0.90481
Bolivia,2005.0,0.92569
Bolivia,2006.0,0.68383
Bolivia,2007.0,0.81525
Bolivia,2008.0,1.01533
Bolivia,2009.0,0.8124
Bolivia,2011.0,0.95796
Bolivia,2012.0,0.93194
Bolivia,2013.0,0.98118
Bolivia,2014.0,0.91321
Bolivia,2015.0,1.02608
Bolivia,2016.0,0.97773
Bolivia,2017.0,0.98651
Bolivia,2018.0,1.0129
Bosnia and Herzegovina,2012.0,0
Brazil,2001.0,0.84929
Brazil,2002.0,0.87797
Brazil,2003.0,0.91532
Brazil,2004.0,0.93977
Brazil,2005.0,0.90978
Brazil,2006.0,0.95196
Brazil,2007.0,0.92753
Brazil,2008.0,0.96061
Brazil,2009.0,0.94477
Brazil,2011.0,0.95324
Brazil,2012.0,0.98135
Brazil,2013.0,0.97232
Brazil,2014.0,0.98203
Brazil,2015.0,0.97909
Brazil,2016.0,0.96456
Brazil,2017.0,0.98499
Brazil,2018.0,0.95768
Belize,2016.0,0.98525
Myanmar,2016.0,1.06182
Burundi,2000.0,0
Burundi,2010.0,0
Burundi,2017.0,0
Belarus,2012.0,1.05358
Cambodia,2005.0,0.99485
Cambodia,2010.0,0
Cambodia,2014.0,0
Cameroon,2004.0,0.59592
Cameroon,2006.0,1.41512
Cameroon,2011.0,1.36918
Cameroon,2014.0,1.08148
Cameroon,2018.0,1.04319
Central African Republic,2006.0,0.70964
Central African Republic,2010.0,0.47464
Sri Lanka,2006.0,0.99249
Chad,2004.0,0
Chad,2014.0,0
Chile,2000.0,0.94261
Chile,2003.0,0.98568
Chile,2006.0,0.99484
Chile,2009.0,0.99317
Chile,2011.0,1.0378
Chile,2013.0,1.03367
Chile,2015.0,0.98675
Chile,2017.0,1.01303
Colombia,2002.0,0.71593
Colombia,2003.0,0.82068
Colombia,2004.0,0.78329
Colombia,2005.0,1.04775
Colombia,2008.0,0.8944
Colombia,2009.0,0.84378
Colombia,2010.0,1.02864
Colombia,2011.0,0.88745
Colombia,2012.0,0.90773
Colombia,2013.0,0.93498
Colombia,2014.0,0.93305
Colombia,2015.0,1.05018
Colombia,2016.0,0.92532
Colombia,2017.0,0.9182
Colombia,2018.0,0.93664
Comoros,2012.0,0.82585
Congo,2005.0,0.85171
Congo,2012.0,0.83159
Congo,2015.0,0.93502
Democratic Republic of Congo,2007.0,0.45101
Democratic Republic of Congo,2010.0,0.55148
Democratic Republic of Congo,2013.0,0.71261
Democratic Republic of Congo,2018.0,0.79321
Costa Rica,2000.0,0.85137
Costa Rica,2001.0,0.8452
Costa Rica,2002.0,0.95578
Costa Rica,2003.0,0.97073
Costa Rica,2004.0,0.95303
Costa Rica,2005.0,0.86524
Costa Rica,2006.0,0.90917
Costa Rica,2007.0,0.95586
Costa Rica,2008.0,0.95597
Costa Rica,2009.0,0.9736
Costa Rica,2010.0,1.00872
Costa Rica,2011.0,1.09164
Costa Rica,2012.0,0.93384
Costa Rica,2013.0,1.07584
Costa Rica,2014.0,0.96993
Costa Rica,2015.0,0.98092
Costa Rica,2016.0,0.97694
Costa Rica,2017.0,0.97591
Costa Rica,2018.0,0.99605
Cuba,2014.0,0
Benin,2006.0,0.66944
Benin,2011.0,1.24688
Benin,2014.0,1.00795
Benin,2018.0,0.59052
Dominican Republic,2000.0,0.81909
Dominican Republic,2001.0,0.68655
Dominican Republic,2002.0,0.89121
Dominican Republic,2003.0,0.82821
Dominican Republic,2004.0,0.87191
Dominican Republic,2005.0,0.94777
Dominican Republic,2006.0,0.84134
Dominican Republic,2007.0,0.97417
Dominican Republic,2008.0,0.95186
Dominican Republic,2009.0,1.04032
Dominican Republic,2010.0,0.92459
Dominican Republic,2011.0,0.98593
Dominican Republic,2012.0,0.92727
Dominican Republic,2013.0,0.95351
Dominican Republic,2014.0,1.04391
Dominican Republic,2015.0,0.83849
Dominican Republic,2016.0,0.98774
Dominican Republic,2017.0,0.98723
Dominican Republic,2018.0,0.94494
Ecuador,2001.0,0.86423
Ecuador,2003.0,0.89558
Ecuador,2005.0,0.91563
Ecuador,2006.0,0.92797
Ecuador,2007.0,0.98429
Ecuador,2008.0,0.92085
Ecuador,2009.0,0.98976
Ecuador,2010.0,0.99655
Ecuador,2011.0,0.99979
Ecuador,2012.0,0.96182
Ecuador,2013.0,0.97353
Ecuador,2014.0,0.96163
Ecuador,2015.0,0.98299
Ecuador,2016.0,0.95619
Ecuador,2017.0,0.9957
Ecuador,2018.0,0.9833
El Salvador,2000.0,0.48078
El Salvador,2001.0,0.65338
El Salvador,2002.0,0.62281
El Salvador,2003.0,0.71136
El Salvador,2004.0,0.73684
El Salvador,2005.0,0.79208
El Salvador,2006.0,0.76822
El Salvador,2009.0,0.75905
El Salvador,2010.0,0.78858
El Salvador,2012.0,0.87156
El Salvador,2013.0,0.89597
El Salvador,2014.0,0.94099
El Salvador,2015.0,0.91263
El Salvador,2016.0,0.88479
El Salvador,2017.0,0.86169
El Salvador,2018.0,0.87139
Ethiopia,2000.0,0
Ethiopia,2005.0,0
Ethiopia,2011.0,0
Ethiopia,2016.0,0
Djibouti,2006.0,0
Gabon,2012.0,1.03327
Georgia,2018.0,1
Gambia,2006.0,0.78469
Gambia,2010.0,0.82831
Gambia,2013.0,0.71504
Gambia,2018.0,0.68943
Palestine,2014.0,0.98275
Ghana,2009.0,1.23038
Ghana,2014.0,1.03739
Ghana,2018.0,0.94296
Kiribati,2019.0,0
Guatemala,2000.0,0.40389
Guatemala,2006.0,0.55411
Guatemala,2014.0,0.78042
Guatemala,2015.0,0.98989
Guinea,2005.0,0
Guinea,2012.0,0
Guinea,2016.0,0
Guinea,2018.0,0
Guyana,2006.0,0
Guyana,2009.0,0.9799
Guyana,2014.0,0.99274
Haiti,2005.0,1.00227
Haiti,2012.0,0
Haiti,2017.0,1.29311
Honduras,2001.0,0.76775
Honduras,2004.0,0.64969
Honduras,2005.0,0.75284
Honduras,2009.0,0.80475
Honduras,2010.0,0.76446
Honduras,2011.0,1.11866
Honduras,2012.0,0.82194
Honduras,2013.0,0.78118
Honduras,2014.0,0.84374
Honduras,2015.0,0.81017
Honduras,2016.0,0.81671
Honduras,2018.0,0.85651
India,2006.0,1.06841
India,2016.0,1.06119
Indonesia,2003.0,0.9675
Indonesia,2008.0,0.98858
Indonesia,2017.0,0.98948
Iraq,2011.0,0.805
Iraq,2018.0,0.88053
Cote d'Ivoire,2006.0,1.05056
Cote d'Ivoire,2012.0,0
Cote d'Ivoire,2016.0,0.55322
Jamaica,2011.0,0.99426
Kazakhstan,2006.0,1.01565
Kazakhstan,2011.0,1
Kazakhstan,2015.0,1
Jordan,2007.0,1.00043
Jordan,2018.0,1.02454
Kenya,2003.0,0
Kenya,2008.0,0
Kenya,2014.0,0.93011
Kyrgyzstan,2006.0,0.99529
Kyrgyzstan,2012.0,0
Kyrgyzstan,2014.0,0
Kyrgyzstan,2018.0,1
Laos,2006.0,0
Laos,2012.0,0.86312
Laos,2017.0,0.90513
Lesotho,2005.0,0
Lesotho,2009.0,0
Lesotho,2014.0,0
Lesotho,2018.0,0.94243
Liberia,2007.0,1.03147
Liberia,2013.0,1.41123
Madagascar,2009.0,0
Madagascar,2018.0,0.72631
Malawi,2004.0,0
Malawi,2010.0,0
Malawi,2016.0,0
Maldives,2008.0,0
Maldives,2017.0,0
Mali,2006.0,0.85879
Mali,2013.0,0
Mali,2015.0,0
Mauritania,2007.0,0
Mauritania,2011.0,0.62712
Mauritania,2015.0,1.17594
Mexico,2000.0,0.84873
Mexico,2002.0,0.9156
Mexico,2004.0,0.89572
Mexico,2006.0,0.94244
Mexico,2008.0,0.94709
Mexico,2010.0,0.94002
Mexico,2012.0,0.93973
Mexico,2014.0,0.96658
Mexico,2016.0,1.11501
Mexico,2018.0,0.99919
Mongolia,2006.0,0.98803
Mongolia,2014.0,1.0034
Mongolia,2018.0,1
Moldova,2005.0,1.04402
Moldova,2012.0,0
Montenegro,2013.0,1
Montenegro,2018.0,0
Morocco,2004.0,0.61483
Mozambique,2003.0,2
Mozambique,2008.0,0.49885
Mozambique,2011.0,0
Namibia,2007.0,1.21553
Namibia,2013.0,0.98348
Nepal,2007.0,0.88728
Nepal,2011.0,1.11191
Nepal,2014.0,0.89337
Nepal,2016.0,0.87515
Vanuatu,2007.0,0
Nicaragua,2001.0,0.58927
Nicaragua,2005.0,0.6495
Nicaragua,2009.0,0.70411
Nicaragua,2014.0,0.69982
Niger,2006.0,0
Niger,2012.0,0
Nigeria,2003.0,1.57749
Nigeria,2007.0,0.88076
Nigeria,2008.0,1.06349
Nigeria,2011.0,0.74587
Nigeria,2013.0,0.56338
Nigeria,2016.0,0.66835
Nigeria,2018.0,0.73299
Pakistan,2007.0,0.96384
Pakistan,2012.0,1.28931
Pakistan,2018.0,1.04082
Panama,2000.0,0.94641
Panama,2001.0,0.80925
Panama,2002.0,0.75264
Panama,2003.0,0.79544
Panama,2004.0,0.8647
Panama,2005.0,0.9101
Panama,2006.0,0.87018
Panama,2007.0,0.79724
Panama,2008.0,0.90605
Panama,2009.0,0.85971
Panama,2011.0,0.92347
Panama,2013.0,0.9179
Panama,2014.0,0.93479
Panama,2015.0,0.90012
Panama,2016.0,0.91249
Panama,2017.0,0.89591
Panama,2018.0,0.95127
Papua New Guinea,2018.0,0
Paraguay,2001.0,0.90524
Paraguay,2003.0,0.94207
Paraguay,2004.0,0.85745
Paraguay,2005.0,0.85517
Paraguay,2006.0,0.98362
Paraguay,2007.0,0.88708
Paraguay,2008.0,0.92598
Paraguay,2009.0,0.85969
Paraguay,2010.0,0.93515
Paraguay,2011.0,0.87518
Paraguay,2012.0,0.98659
Paraguay,2013.0,1.06389
Paraguay,2014.0,0.89852
Paraguay,2015.0,0.84116
Paraguay,2016.0,1.00618
Paraguay,2017.0,0.98901
Paraguay,2018.0,1.09095
Peru,2000.0,0.7792
Peru,2001.0,0.74626
Peru,2002.0,0.75019
Peru,2003.0,0.77244
Peru,2004.0,0.80535
Peru,2005.0,0.77774
Peru,2006.0,0.81098
Peru,2007.0,0.87781
Peru,2008.0,0.86491
Peru,2009.0,0.87191
Peru,2010.0,0.87527
Peru,2011.0,0.88882
Peru,2012.0,0.90949
Peru,2013.0,0.92997
Peru,2014.0,0.93424
Peru,2015.0,0.95231
Peru,2016.0,0.95868
Peru,2017.0,0.94011
Peru,2018.0,0.9716
Philippines,2004.0,1.07029
Philippines,2018.0,1.04279
Guinea-Bissau,2014.0,0.18916
Timor-Leste,2009.0,0.94164
Timor-Leste,2016.0,0.88883
Qatar,2012.0,0
Rwanda,2005.0,0.75936
Rwanda,2010.0,0
Rwanda,2015.0,0
Saint Lucia,2012.0,0
Sao Tome and Principe,2009.0,0
Sao Tome and Principe,2014.0,0.92454
Senegal,2005.0,0.24473
Senegal,2011.0,0.54455
Senegal,2016.0,0.71108
Senegal,2017.0,0.9342
Senegal,2018.0,0.59988
Senegal,2019.0,0.67428
Serbia,2011.0,0
Serbia,2014.0,0
Serbia,2019.0,0
Sierra Leone,2008.0,0
Sierra Leone,2013.0,0
Sierra Leone,2017.0,0.5471
Vietnam,2011.0,0.97111
Vietnam,2014.0,1.02174
South Africa,2016.0,1.01992
Zimbabwe,2005.0,0
Zimbabwe,2010.0,0
Zimbabwe,2015.0,0
South Sudan,2010.0,0.64529
Sudan,2014.0,0.85536
Suriname,2010.0,0.9764
Suriname,2018.0,1.08528
Eswatini,2006.0,0
Eswatini,2010.0,0
Eswatini,2014.0,0
Syria,2006.0,1.01525
Tajikistan,2006.0,0
Tajikistan,2012.0,0
Tajikistan,2017.0,0
Thailand,2013.0,0.9899
Thailand,2016.0,1.05193
Thailand,2019.0,0.93891
Togo,2006.0,0
Togo,2010.0,0
Togo,2014.0,0
Togo,2017.0,0
Tonga,2019.0,0
Tunisia,2012.0,0.98229
Tunisia,2018.0,0.96439
Turkey,2004.0,1.1084
Turkey,2014.0,0.98815
Turkmenistan,2016.0,0
Turkmenistan,2019.0,0
Uganda,2006.0,0
Uganda,2011.0,0
Uganda,2016.0,0.60811
Ukraine,2007.0,0.99445
Ukraine,2013.0,1.06807
North Macedonia,2011.0,0
North Macedonia,2019.0,0
Egypt,2005.0,1.11415
Egypt,2009.0,1.06447
Egypt,2014.0,0.98867
Tanzania,2004.0,0
Tanzania,2010.0,0
Tanzania,2015.0,0
Burkina Faso,2003.0,0
Burkina Faso,2006.0,0
Burkina Faso,2010.0,0.21178
Uruguay,2008.0,1.02092
Uruguay,2009.0,1.0174
Uruguay,2010.0,1.0248
Uruguay,2011.0,1.0222
Uruguay,2012.0,1.0213
Uruguay,2013.0,0
Uruguay,2014.0,1.0139
Uruguay,2015.0,0.91424
Uruguay,2016.0,1.0149
Uruguay,2017.0,1.021
Uruguay,2018.0,0.9801
Uzbekistan,2006.0,1
Yemen,2006.0,0
Yemen,2013.0,0.71096
Zambia,2001.0,0
Zambia,2007.0,0
Zambia,2013.0,1.01507
Zambia,2018.0,0
