country,year,value
Cameroon,2016.0,6.91756
Cameroon,2018.0,14.55119
Cameroon,2019.0,9.68821
Cameroon,2020.0,15.97728
Cameroon,2021.0,14.705
Canada,2016.0,6.33445
Canada,2017.0,6.06246
Canada,2018.0,5.83812
Canada,2019.0,6.14113
Canada,2020.0,3.37207
Canada,2021.0,3.89667
Germany,2016.0,12.70233
Germany,2017.0,8.40371
Germany,2018.0,8.34382
Germany,2019.0,7.51063
Germany,2020.0,6.91884
Germany,2021.0,3.09333
Italy,2016.0,9.65027
Italy,2017.0,7.52497
Italy,2018.0,6.59119
Italy,2019.0,9.95894
Italy,2020.0,11.38869
Italy,2021.0,8.225
Netherlands,2016.0,7.49331
Netherlands,2017.0,16.15572
Netherlands,2018.0,7.80984
Netherlands,2019.0,5.64386
Netherlands,2020.0,7.83249
Netherlands,2021.0,3.55667
South Africa,2016.0,10.47014
South Africa,2018.0,11.5523
South Africa,2019.0,16.46463
South Africa,2020.0,6.97523
South Africa,2021.0,10.83333
Spain,2016.0,5.27517
Spain,2018.0,5.81161
Spain,2019.0,5.61851
Spain,2020.0,4.42474
Spain,2021.0,3.49
United Kingdom,2016.0,7.16573
United Kingdom,2017.0,4.83867
United Kingdom,2018.0,2.75769
United Kingdom,2019.0,4.75291
United Kingdom,2020.0,2.84974
United Kingdom,2021.0,-7.18
United States,2016.0,7.74174
United States,2017.0,5.4457
United States,2018.0,3.2563
United States,2019.0,5.90681
United States,2020.0,3.56872
United States,2021.0,2.4
