country,year,value
Afghanistan,2011.0,0.0
Afghanistan,2015.0,26.09874
Albania,2009.0,0.0
Albania,2017.0,86.62154
Algeria,2013.0,60.10228
Angola,2015.0,6.9118
Azerbaijan,2006.0,79.19128
Argentina,2000.0,65.14
Argentina,2001.0,68.71
Argentina,2002.0,75.09
Argentina,2003.0,70.58
Argentina,2004.0,75.43
Argentina,2005.0,76.65
Argentina,2006.0,84.03
Argentina,2007.0,83.53
Argentina,2008.0,71.84
Argentina,2009.0,74.54
Argentina,2011.0,82.8
Argentina,2012.0,76.3
Argentina,2013.0,76.75
Argentina,2014.0,75.33
Argentina,2016.0,82.17
Argentina,2017.0,82.62
Argentina,2018.0,77.93
Bangladesh,2006.0,30.14711
Bangladesh,2011.0,30.54446
Bangladesh,2014.0,43.12016
Bangladesh,2019.0,57.89547
Armenia,2006.0,60.5892
Armenia,2011.0,100.0
Armenia,2016.0,0.0
Barbados,2012.0,0.0
Bhutan,2010.0,0.0
Bolivia,2000.0,71.51
Bolivia,2001.0,80.98
Bolivia,2002.0,78.92
Bolivia,2003.0,73.04272
Bolivia,2004.0,82.15
Bolivia,2005.0,85.86
Bolivia,2006.0,88.81
Bolivia,2007.0,88.33
Bolivia,2008.0,78.90703
Bolivia,2009.0,92.36
Bolivia,2011.0,86.26
Bolivia,2012.0,89.53
Bolivia,2013.0,90.4
Bolivia,2014.0,94.88
Bolivia,2015.0,91.4
Bolivia,2016.0,90.49
Bolivia,2017.0,89.74
Bolivia,2018.0,94.67
Bosnia and Herzegovina,2012.0,0.0
Brazil,2001.0,67.76
Brazil,2002.0,71.89
Brazil,2003.0,75.14
Brazil,2004.0,79.47
Brazil,2005.0,81.65
Brazil,2006.0,83.48
Brazil,2007.0,83.15
Brazil,2008.0,85.64
Brazil,2009.0,85.5
Brazil,2011.0,87.4
Brazil,2012.0,88.55
Brazil,2013.0,89.69
Brazil,2014.0,89.84
Brazil,2015.0,91.98
Brazil,2016.0,88.57
Brazil,2017.0,90.19
Brazil,2018.0,90.06
Belize,2016.0,61.543
Myanmar,2016.0,0.0
Burundi,2000.0,0.0
Burundi,2010.0,0.0
Burundi,2017.0,0.0
Belarus,2012.0,100.0
Cambodia,2005.0,3.90692
Cambodia,2010.0,11.85165
Cambodia,2014.0,0.0
Cameroon,2004.0,2.44024
Cameroon,2006.0,6.64938
Cameroon,2011.0,0.0
Cameroon,2014.0,0.0
Cameroon,2018.0,23.89623
Central African Republic,2006.0,3.84773
Central African Republic,2010.0,1.52084
Sri Lanka,2006.0,0.0
Chad,2004.0,0.0
Chad,2014.0,0.0
Chile,2000.0,93.73
Chile,2003.0,97.2
Chile,2006.0,95.39
Chile,2009.0,98.11
Chile,2011.0,93.79
Chile,2013.0,95.59
Chile,2015.0,95.78
Chile,2017.0,97.17
Colombia,2002.0,64.02
Colombia,2003.0,66.38
Colombia,2004.0,68.84
Colombia,2005.0,59.72134
Colombia,2008.0,75.73
Colombia,2009.0,75.89
Colombia,2010.0,67.36044
Colombia,2011.0,81.22
Colombia,2012.0,78.31
Colombia,2013.0,79.1
Colombia,2014.0,80.55
Colombia,2015.0,74.10487
Colombia,2016.0,82.17
Colombia,2017.0,83.86
Colombia,2018.0,81.05
Comoros,2012.0,49.38771
Congo,2005.0,22.55298
Congo,2012.0,14.06066
Congo,2015.0,26.48695
Democratic Republic of Congo,2007.0,0.0
Democratic Republic of Congo,2010.0,21.07461
Democratic Republic of Congo,2013.0,46.83043
Democratic Republic of Congo,2018.0,27.82468
Costa Rica,2000.0,50.93
Costa Rica,2001.0,47.64
Costa Rica,2002.0,50.7
Costa Rica,2003.0,49.92
Costa Rica,2004.0,61.02
Costa Rica,2005.0,53.52
Costa Rica,2006.0,50.72
Costa Rica,2007.0,54.05
Costa Rica,2008.0,56.97
Costa Rica,2009.0,53.24
Costa Rica,2010.0,53.6
Costa Rica,2011.0,69.34894
Costa Rica,2012.0,71.68
Costa Rica,2013.0,69.06
Costa Rica,2014.0,64.23
Costa Rica,2015.0,69.84
Costa Rica,2016.0,72.8
Costa Rica,2017.0,72.64
Costa Rica,2018.0,69.24506
Cuba,2014.0,0.0
Benin,2006.0,3.85616
Benin,2011.0,4.66517
Benin,2014.0,8.04193
Benin,2018.0,8.37858
Dominican Republic,2000.0,70.16
Dominican Republic,2001.0,79.1
Dominican Republic,2002.0,69.55
Dominican Republic,2003.0,78.36
Dominican Republic,2004.0,78.46
Dominican Republic,2005.0,76.96
Dominican Republic,2006.0,79.04
Dominican Republic,2007.0,64.29936
Dominican Republic,2008.0,85.31
Dominican Republic,2009.0,83.95
Dominican Republic,2010.0,82.77
Dominican Republic,2011.0,91.73
Dominican Republic,2012.0,93.39
Dominican Republic,2013.0,82.05836
Dominican Republic,2014.0,87.14448
Dominican Republic,2015.0,88.84
Dominican Republic,2016.0,90.98
Dominican Republic,2017.0,91.07
Dominican Republic,2018.0,91.78
Ecuador,2001.0,63.51
Ecuador,2003.0,66.52
Ecuador,2005.0,79.47
Ecuador,2006.0,73.65
Ecuador,2007.0,82.41
Ecuador,2008.0,79.95
Ecuador,2009.0,81.72
Ecuador,2010.0,82.19
Ecuador,2011.0,85.28
Ecuador,2012.0,89.34
Ecuador,2013.0,90.04
Ecuador,2014.0,90.52
Ecuador,2015.0,89.78
Ecuador,2016.0,94.75
Ecuador,2017.0,93.55
Ecuador,2018.0,91.63
El Salvador,2000.0,56.09
El Salvador,2001.0,62.84
El Salvador,2002.0,64.37
El Salvador,2003.0,63.66
El Salvador,2004.0,62.43
El Salvador,2005.0,65.33
El Salvador,2006.0,73.05
El Salvador,2009.0,64.63
El Salvador,2010.0,69.06
El Salvador,2012.0,74.5
El Salvador,2013.0,76.58
El Salvador,2014.0,79.92
El Salvador,2015.0,77.33
El Salvador,2016.0,78.9
El Salvador,2017.0,77.28
El Salvador,2018.0,78.56
Ethiopia,2000.0,0.0
Ethiopia,2005.0,0.0
Ethiopia,2011.0,0.0
Ethiopia,2016.0,0.0
Djibouti,2006.0,0.0
Gabon,2012.0,24.94518
Georgia,2018.0,100.0
Gambia,2006.0,33.97105
Gambia,2010.0,27.38141
Gambia,2013.0,61.19542
Gambia,2018.0,40.12488
Palestine,2014.0,93.51989
Ghana,2009.0,20.35414
Ghana,2014.0,0.0
Ghana,2018.0,37.62086
Kiribati,2019.0,0.0
Guatemala,2000.0,26.61
Guatemala,2006.0,28.32
Guatemala,2014.0,49.96
Guatemala,2015.0,32.76799
Guinea,2005.0,0.0
Guinea,2012.0,0.0
Guinea,2016.0,0.0
Guyana,2006.0,0.0
Guyana,2009.0,0.0
Guyana,2014.0,96.97678
Haiti,2005.0,15.65412
Haiti,2012.0,0.0
Haiti,2017.0,14.61875
Honduras,2001.0,35.64
Honduras,2004.0,43.96
Honduras,2005.0,46.7
Honduras,2009.0,58.73
Honduras,2010.0,61.02
Honduras,2011.0,38.57015
Honduras,2012.0,70.76
Honduras,2013.0,69.29
Honduras,2014.0,60.82
Honduras,2015.0,58.82
Honduras,2016.0,53.62
Honduras,2018.0,73.31
India,2006.0,32.88267
India,2016.0,63.46538
Indonesia,2003.0,64.61716
Indonesia,2008.0,57.19375
Indonesia,2017.0,86.74141
Iraq,2011.0,32.08417
Iraq,2018.0,41.18876
Cote d'Ivoire,2006.0,1.24159
Cote d'Ivoire,2012.0,0.0
Cote d'Ivoire,2016.0,18.60679
Jamaica,2011.0,97.70964
Kazakhstan,2006.0,100.0
Kazakhstan,2011.0,100.0
Kazakhstan,2015.0,100.0
Jordan,2007.0,87.55778
Jordan,2018.0,84.20442
Kenya,2003.0,0.0
Kenya,2008.0,0.0
Kenya,2014.0,76.50084
Kyrgyzstan,2006.0,98.34488
Kyrgyzstan,2012.0,0.0
Kyrgyzstan,2014.0,0.0
Kyrgyzstan,2018.0,0.0
Laos,2006.0,0.0
Laos,2012.0,29.74166
Laos,2017.0,46.63235
Lesotho,2005.0,0.0
Lesotho,2009.0,0.0
Lesotho,2014.0,0.0
Lesotho,2018.0,0.0
Liberia,2007.0,5.29236
Liberia,2013.0,2.54828
Madagascar,2009.0,0.0
Madagascar,2018.0,0.0
Malawi,2004.0,0.0
Malawi,2010.0,0.0
Malawi,2016.0,0.0
Maldives,2008.0,0.0
Maldives,2017.0,0.0
Mali,2006.0,0.0
Mali,2013.0,0.0
Mali,2015.0,0.0
Mauritania,2007.0,0.0
Mauritania,2011.0,0.0
Mauritania,2015.0,38.10955
Mexico,2000.0,69.64
Mexico,2002.0,75.03
Mexico,2004.0,74.02
Mexico,2006.0,77.62
Mexico,2008.0,81.33
Mexico,2010.0,85.54
Mexico,2012.0,84.93
Mexico,2014.0,86.69
Mexico,2016.0,83.55108
Mexico,2018.0,90.76
Mongolia,2006.0,82.05914
Mongolia,2014.0,89.09953
Mongolia,2018.0,92.71404
Moldova,2005.0,82.14775
Moldova,2012.0,0.0
Montenegro,2013.0,100.0
Montenegro,2018.0,0.0
Morocco,2004.0,17.684
Mozambique,2003.0,0.0
Mozambique,2008.0,0.0
Mozambique,2011.0,0.0
Namibia,2007.0,13.22949
Namibia,2013.0,56.23706
Nepal,2007.0,20.96828
Nepal,2011.0,37.811
Nepal,2014.0,60.78862
Nepal,2016.0,66.32334
Vanuatu,2007.0,0.0
Nicaragua,2001.0,42.03
Nicaragua,2005.0,53.47
Nicaragua,2009.0,42.89
Nicaragua,2014.0,64.63
Niger,2006.0,0.0
Niger,2012.0,0.0
Nigeria,2003.0,12.74562
Nigeria,2007.0,26.91313
Nigeria,2008.0,15.66569
Nigeria,2011.0,50.33942
Nigeria,2013.0,47.73986
Nigeria,2016.0,75.32131
Nigeria,2018.0,53.29922
Pakistan,2007.0,19.11352
Pakistan,2012.0,26.57367
Pakistan,2018.0,24.97375
Panama,2000.0,78.59
Panama,2001.0,74.28
Panama,2002.0,72.3
Panama,2003.0,83.23
Panama,2004.0,85.13
Panama,2005.0,82.26
Panama,2006.0,82.87
Panama,2007.0,85.35
Panama,2008.0,81.69
Panama,2009.0,83.99
Panama,2011.0,83.8
Panama,2013.0,91.03
Panama,2014.0,84.59
Panama,2015.0,90.66
Panama,2016.0,92.39
Panama,2017.0,94.33
Panama,2018.0,91.97
Papua New Guinea,2018.0,0.0
Paraguay,2001.0,72.41
Paraguay,2003.0,70.02
Paraguay,2004.0,79.26
Paraguay,2005.0,75.94
Paraguay,2006.0,62.43
Paraguay,2007.0,83.45
Paraguay,2008.0,80.13
Paraguay,2009.0,83.45
Paraguay,2010.0,74.37
Paraguay,2011.0,67.27
Paraguay,2012.0,85.54
Paraguay,2013.0,86.92
Paraguay,2014.0,81.24
Paraguay,2015.0,78.17
Paraguay,2016.0,79.02806
Paraguay,2017.0,87.83
Paraguay,2018.0,78.01
Peru,2000.0,85.28
Peru,2001.0,73.88
Peru,2002.0,81.87
Peru,2003.0,78.82
Peru,2004.0,84.31
Peru,2005.0,85.02
Peru,2006.0,87.14
Peru,2007.0,86.48
Peru,2008.0,85.8
Peru,2009.0,87.51
Peru,2010.0,84.28
Peru,2011.0,87.96
Peru,2012.0,89.98
Peru,2013.0,91.13
Peru,2014.0,88.52
Peru,2015.0,91.42
Peru,2016.0,93.41
Peru,2017.0,94.02
Peru,2018.0,91.98
Philippines,2004.0,65.40842
Philippines,2018.0,76.85134
Guinea-Bissau,2014.0,19.59483
Timor,2009.0,37.96288
Timor,2016.0,81.15601
Qatar,2012.0,0.0
Rwanda,2005.0,3.13644
Rwanda,2010.0,0.0
Rwanda,2015.0,0.0
Saint Lucia,2012.0,0.0
Sao Tome and Principe,2009.0,0.0
Sao Tome and Principe,2014.0,20.07176
Senegal,2005.0,3.71995
Senegal,2011.0,15.84905
Senegal,2016.0,29.20739
Senegal,2017.0,27.73611
Senegal,2018.0,35.7685
Senegal,2019.0,14.37819
Serbia,2011.0,0.0
Serbia,2014.0,0.0
Serbia,2019.0,0.0
Sierra Leone,2008.0,0.0
Sierra Leone,2013.0,0.0
Sierra Leone,2017.0,31.40402
Vietnam,2011.0,81.423
Vietnam,2014.0,84.62772
South Africa,2016.0,91.08565
Zimbabwe,2005.0,0.0
Zimbabwe,2010.0,0.0
Zimbabwe,2015.0,0.0
South Sudan,2010.0,2.37645
Sudan,2014.0,48.66159
Suriname,2010.0,43.48694
Suriname,2018.0,45.12555
Eswatini,2006.0,0.0
Eswatini,2010.0,0.0
Eswatini,2014.0,0.0
Syria,2006.0,35.34884
Tajikistan,2006.0,0.0
Tajikistan,2012.0,0.0
Tajikistan,2017.0,0.0
Thailand,2013.0,82.92715
Thailand,2016.0,89.79066
Thailand,2019.0,93.19618
Togo,2006.0,0.0
Togo,2010.0,0.0
Togo,2014.0,0.0
Tonga,2019.0,0.0
Tunisia,2012.0,61.2278
Tunisia,2018.0,74.12928
Turkey,2004.0,51.06152
Turkey,2014.0,88.09532
Turkmenistan,2016.0,0.0
Turkmenistan,2019.0,0.0
Uganda,2006.0,0.0
Uganda,2011.0,0.0
Uganda,2016.0,14.68867
Ukraine,2007.0,98.10497
Ukraine,2013.0,95.36227
North Macedonia,2011.0,0.0
North Macedonia,2019.0,0.0
Egypt,2005.0,55.60745
Egypt,2009.0,59.76476
Egypt,2014.0,62.88908
Tanzania,2004.0,0.0
Tanzania,2010.0,0.0
Tanzania,2015.0,0.0
Burkina Faso,2003.0,0.0
Burkina Faso,2006.0,0.0
Burkina Faso,2010.0,0.0
Uruguay,2000.0,61.33
Uruguay,2001.0,55.87
Uruguay,2002.0,65.58
Uruguay,2003.0,65.92
Uruguay,2004.0,61.46
Uruguay,2005.0,71.54
Uruguay,2008.0,63.9
Uruguay,2009.0,65.82
Uruguay,2010.0,67.03
Uruguay,2011.0,66.75
Uruguay,2012.0,67.37
Uruguay,2013.0,78.95415
Uruguay,2014.0,71.23
Uruguay,2015.0,73.74
Uruguay,2016.0,70.58
Uruguay,2017.0,77.66
Uruguay,2018.0,78.45
Uzbekistan,2006.0,94.09464
Yemen,2006.0,0.0
Yemen,2013.0,16.09786
Zambia,2001.0,0.0
Zambia,2007.0,0.0
Zambia,2013.0,22.50356
Zambia,2018.0,0.0
