country,year,value
Afghanistan,2011.0,18.44479
Afghanistan,2015.0,30.7106
Albania,2000.0,91.42
Albania,2005.0,97.94
Albania,2009.0,53.08401
Albania,2017.0,93.02137
Algeria,2013.0,47.02446
Angola,2015.0,9.3044
Azerbaijan,2000.0,83.38
Azerbaijan,2006.0,88.39754
Austria,2005.0,99.67
Austria,2011.0,100
Austria,2013.0,98.5
Austria,2014.0,100
Bangladesh,2000.0,35.59
Bangladesh,2004.0,37.37
Bangladesh,2006.0,44.37694
Bangladesh,2007.0,39.61
Bangladesh,2011.0,48.00884
Bangladesh,2013.0,52.81
Bangladesh,2014.0,53.85737
Bangladesh,2019.0,64.04077
Armenia,2000.0,97.4
Armenia,2006.0,67.90614
Armenia,2011.0,98.28149
Armenia,2016.0,94.6302
Barbados,2012.0,98.9101
Belgium,2005.0,0
Belgium,2011.0,95.66
Belgium,2013.0,84.22
Belgium,2014.0,94.94
Bhutan,2010.0,28.42691
Bolivia,2000.0,43.29
Bolivia,2001.0,48.94
Bolivia,2002.0,50.44
Bolivia,2003.0,56.42556
Bolivia,2004.0,66.23
Bolivia,2005.0,69.54
Bolivia,2006.0,74.69
Bolivia,2007.0,76.31
Bolivia,2008.0,70.85811
Bolivia,2009.0,80.16
Bolivia,2011.0,75.74
Bolivia,2012.0,78.16
Bolivia,2013.0,76.71
Bolivia,2014.0,75.35
Bolivia,2015.0,81.68
Bolivia,2016.0,79.96
Bolivia,2017.0,85.76
Bolivia,2018.0,83.51
Bosnia and Herzegovina,2000.0,96.61
Bosnia and Herzegovina,2006.0,98.67
Bosnia and Herzegovina,2012.0,96.3604
Brazil,2001.0,40.17
Brazil,2002.0,41.44
Brazil,2003.0,48.73
Brazil,2004.0,49.17
Brazil,2005.0,53.41
Brazil,2006.0,56.77
Brazil,2007.0,60.53
Brazil,2008.0,63.87
Brazil,2009.0,65.73
Brazil,2011.0,69.77
Brazil,2012.0,72.73
Brazil,2013.0,75.44
Brazil,2014.0,76.77
Brazil,2015.0,77.7
Brazil,2016.0,72.58
Brazil,2017.0,73.26
Brazil,2018.0,75.78
Belize,2006.0,22.66
Belize,2011.0,32.83
Belize,2016.0,50.34412
Bulgaria,2011.0,94.24
Bulgaria,2013.0,92.94
Bulgaria,2014.0,88.49
Myanmar,2000.0,18.62
Myanmar,2016.0,32.61775
Burundi,2000.0,4.42765
Burundi,2005.0,2.39
Burundi,2010.0,8.47818
Burundi,2017.0,23.45077
Belarus,2005.0,99.14
Belarus,2012.0,100
Cambodia,2000.0,12.16
Cambodia,2005.0,22.95275
Cambodia,2008.0,26.53795
Cambodia,2010.0,31.59287
Cambodia,2014.0,34.93184
Cameroon,2000.0,9.83
Cameroon,2004.0,7.62545
Cameroon,2005.0,19.09233
Cameroon,2006.0,9.81851
Cameroon,2011.0,13.31596
Cameroon,2014.0,21.75847
Cameroon,2018.0,26.78985
Canada,2010.0,97.24
Central African Republic,2000.0,1.77
Central African Republic,2006.0,2.30873
Central African Republic,2010.0,2.48253
Sri Lanka,2006.0,89.68256
Chad,2000.0,1.18
Chad,2004.0,2.48542
Chad,2010.0,5.02
Chad,2014.0,5.40739
Chile,2000.0,79.13
Chile,2002.0,82.47379
Chile,2003.0,86.9
Chile,2006.0,91.74
Chile,2009.0,92.68
Chile,2011.0,93.05
Chile,2013.0,93.33
Chile,2015.0,94.96
Chile,2017.0,94.95
China,2010.0,77.78
China,2012.0,77.16
China,2014.0,76.62
Colombia,2000.0,27.2
Colombia,2002.0,33.26
Colombia,2003.0,34.52
Colombia,2004.0,36.63
Colombia,2005.0,34.50657
Colombia,2008.0,44.84
Colombia,2009.0,43.24
Colombia,2010.0,51.75582
Colombia,2011.0,49.16
Colombia,2012.0,51.26
Colombia,2013.0,52.48
Colombia,2014.0,55.45
Colombia,2015.0,56.23686
Colombia,2016.0,60.03
Colombia,2017.0,59.63
Colombia,2018.0,59.74
Comoros,2000.0,14.55
Comoros,2012.0,39.91964
Congo,2005.0,9.21698
Congo,2012.0,12.77085
Congo,2015.0,17.92373
Democratic Republic of Congo,2001.0,14.66
Democratic Republic of Congo,2007.0,16.37621
Democratic Republic of Congo,2010.0,20.42303
Democratic Republic of Congo,2013.0,38.01428
Democratic Republic of Congo,2018.0,38.79502
Costa Rica,2000.0,29.01
Costa Rica,2001.0,31.22
Costa Rica,2002.0,33.82
Costa Rica,2003.0,37.3
Costa Rica,2004.0,38.52
Costa Rica,2005.0,39.09
Costa Rica,2006.0,42.69
Costa Rica,2007.0,43.82
Costa Rica,2008.0,47.71
Costa Rica,2009.0,49.6
Costa Rica,2010.0,53.63
Costa Rica,2011.0,50.96336
Costa Rica,2012.0,56.53
Costa Rica,2013.0,59.45
Costa Rica,2014.0,56.6
Costa Rica,2015.0,62.71
Costa Rica,2016.0,63.4
Costa Rica,2017.0,66.1
Costa Rica,2018.0,68.92495
Croatia,2011.0,99.02
Croatia,2013.0,99.25
Croatia,2014.0,100
Cuba,2006.0,88.85
Cuba,2010.0,98.48
Cuba,2014.0,97.82471
Cyprus,2005.0,95.18
Cyprus,2011.0,98.99
Cyprus,2013.0,98.48
Cyprus,2014.0,100
Czechia,2005.0,98.93
Czechia,2011.0,99.37
Czechia,2013.0,99.05
Czechia,2014.0,99.15
Benin,2001.0,3.65
Benin,2006.0,11.487
Benin,2011.0,18.29624
Benin,2014.0,17.33343
Benin,2018.0,11.95122
Denmark,2005.0,100
Denmark,2011.0,100
Denmark,2013.0,100
Denmark,2014.0,98.78
Dominican Republic,2000.0,46.49
Dominican Republic,2001.0,46.2
Dominican Republic,2002.0,50.4
Dominican Republic,2003.0,58.99
Dominican Republic,2004.0,61.2
Dominican Republic,2005.0,64.09
Dominican Republic,2006.0,67.54
Dominican Republic,2007.0,64.23154
Dominican Republic,2008.0,66.07
Dominican Republic,2009.0,68.72
Dominican Republic,2010.0,73.92
Dominican Republic,2011.0,74.81
Dominican Republic,2012.0,73.57
Dominican Republic,2013.0,77.47247
Dominican Republic,2014.0,76.04403
Dominican Republic,2015.0,76.03
Dominican Republic,2016.0,79.03
Dominican Republic,2017.0,79.47
Dominican Republic,2018.0,81.43
Ecuador,2000.0,33.47
Ecuador,2001.0,32.71
Ecuador,2003.0,35.36
Ecuador,2005.0,47.2
Ecuador,2006.0,47.41
Ecuador,2007.0,49.09
Ecuador,2008.0,55.32
Ecuador,2009.0,58.95
Ecuador,2010.0,64.12
Ecuador,2011.0,70.42
Ecuador,2012.0,72.04
Ecuador,2013.0,77.38
Ecuador,2014.0,81.05
Ecuador,2015.0,80.12
Ecuador,2016.0,83.97
Ecuador,2017.0,83.88
Ecuador,2018.0,86.33
El Salvador,2000.0,33.43
El Salvador,2001.0,34.29
El Salvador,2002.0,36.73
El Salvador,2003.0,34.57
El Salvador,2004.0,39.09
El Salvador,2005.0,40.57
El Salvador,2006.0,44.59
El Salvador,2007.0,41.1843
El Salvador,2009.0,46.32
El Salvador,2010.0,49.11
El Salvador,2012.0,53.84
El Salvador,2013.0,56.35
El Salvador,2014.0,59.95
El Salvador,2015.0,57.99
El Salvador,2016.0,58.25
El Salvador,2017.0,61.12
El Salvador,2018.0,63.07
Equatorial Guinea,2000.0,5.48
Ethiopia,2000.0,1.61363
Ethiopia,2005.0,2.46284
Ethiopia,2007.0,3.23937
Ethiopia,2011.0,6.80727
Ethiopia,2016.0,11.87852
Estonia,2005.0,96.59
Estonia,2011.0,96
Estonia,2013.0,97.99
Estonia,2014.0,98.12
Fiji,2007.0,76.11057
Finland,2005.0,100
Finland,2011.0,100
Finland,2013.0,100
Finland,2014.0,100
Djibouti,2006.0,21.97474
Gabon,2000.0,5.37
Gabon,2012.0,13.34505
Georgia,2005.0,92.59
Georgia,2013.0,98.27
Georgia,2018.0,95.13823
Gambia,2000.0,18.52
Gambia,2006.0,22.46983
Gambia,2010.0,21.08828
Gambia,2013.0,26.87354
Gambia,2018.0,21.27412
Palestine,2010.0,82.77
Palestine,2014.0,88.09634
Germany,2005.0,93.97
Germany,2011.0,96.45
Germany,2013.0,91.44
Germany,2014.0,92.3
Ghana,2003.0,36.37
Ghana,2006.0,38.74
Ghana,2009.0,35.24992
Ghana,2010.0,37.56146
Ghana,2011.0,33.02
Ghana,2014.0,37.5478
Ghana,2018.0,36.31095
Kiribati,2019.0,70.84298
Greece,2005.0,92.13
Greece,2011.0,97.14
Greece,2013.0,96.96
Greece,2014.0,98.94
Guatemala,2000.0,11.08
Guatemala,2006.0,17.13
Guatemala,2011.0,26.7
Guatemala,2014.0,34.94
Guatemala,2015.0,35.42586
Guinea,2005.0,4.01057
Guinea,2012.0,8.86626
Guinea,2016.0,12.98535
Guinea,2018.0,7.76336
Guyana,2000.0,72
Guyana,2006.0,69.31646
Guyana,2009.0,73.09972
Guyana,2014.0,81.70856
Haiti,2000.0,6.77
Haiti,2003.0,11.79781
Haiti,2005.0,14.48125
Haiti,2012.0,18.75965
Haiti,2017.0,22.93429
Honduras,2001.0,10.99
Honduras,2004.0,12.34
Honduras,2005.0,16.72
Honduras,2006.0,15.82
Honduras,2009.0,26.76
Honduras,2010.0,29.4
Honduras,2011.0,33.29061
Honduras,2012.0,30.88
Honduras,2013.0,38.41
Honduras,2014.0,30.29
Honduras,2015.0,32.21
Honduras,2016.0,37.89
Honduras,2018.0,32.3
Hungary,2005.0,96.14
Hungary,2011.0,96.02
Hungary,2013.0,96.73
Hungary,2014.0,97.93
Iceland,2005.0,98.81
Iceland,2011.0,99.26
Iceland,2013.0,100
Iceland,2014.0,100
India,2005.0,51.98
India,2006.0,52.49707
India,2011.0,72.83
India,2016.0,78.58403
Indonesia,2000.0,48.5
Indonesia,2003.0,52.23248
Indonesia,2008.0,60.20604
Indonesia,2012.0,66.13
Indonesia,2017.0,80.64792
Iraq,2000.0,11.13
Iraq,2006.0,17.4
Iraq,2011.0,23.83957
Iraq,2018.0,38.37489
Ireland,2005.0,92.14
Ireland,2011.0,90.21
Ireland,2013.0,91.74
Ireland,2014.0,95.29
Israel,2012.0,100
Italy,2005.0,99.72
Italy,2011.0,98.82
Italy,2013.0,98.55
Italy,2014.0,99
Cote d'Ivoire,2000.0,4.71
Cote d'Ivoire,2006.0,9.25415
Cote d'Ivoire,2012.0,7.02864
Cote d'Ivoire,2016.0,11.15153
Jamaica,2001.0,90.60308
Jamaica,2005.0,95.11
Jamaica,2011.0,95.6181
Kazakhstan,2006.0,98.7909
Kazakhstan,2011.0,99.05316
Kazakhstan,2015.0,99.68906
Jordan,2002.0,87.45
Jordan,2007.0,89.80957
Jordan,2012.0,92.49
Jordan,2018.0,88.8455
Kenya,2000.0,36.97
Kenya,2003.0,32.05386
Kenya,2008.0,57.68194
Kenya,2009.0,39.66648
Kenya,2014.0,64.69672
Kyrgyzstan,2006.0,95.80608
Kyrgyzstan,2012.0,95.70812
Kyrgyzstan,2014.0,94.00185
Kyrgyzstan,2018.0,98.55985
Laos,2000.0,15.01
Laos,2006.0,26.02431
Laos,2012.0,28.3003
Laos,2017.0,42.58151
Lesotho,2005.0,18.02788
Lesotho,2009.0,22.77819
Lesotho,2014.0,20.68484
Lesotho,2018.0,30.9939
Latvia,2005.0,52.05
Latvia,2011.0,95.88
Latvia,2013.0,97.42
Latvia,2014.0,98.14
Liberia,2007.0,4.55698
Liberia,2008.0,7.10741
Liberia,2013.0,6.57178
Lithuania,2005.0,98.63
Lithuania,2011.0,98.24
Lithuania,2013.0,96.69
Lithuania,2014.0,98.22
Luxembourg,2005.0,90.49
Luxembourg,2011.0,95.06
Luxembourg,2013.0,93.85
Luxembourg,2014.0,92.87
Madagascar,2004.0,9.07
Madagascar,2009.0,7.31292
Madagascar,2018.0,19.12188
Malawi,2000.0,10.01
Malawi,2004.0,14.48237
Malawi,2006.0,18.8
Malawi,2008.0,18.2085
Malawi,2010.0,17.72266
Malawi,2014.0,15.88
Malawi,2016.0,15.9884
Maldives,2008.0,71.78798
Maldives,2017.0,86.91871
Mali,2001.0,1.1
Mali,2006.0,4.83482
Mali,2009.0,6.44094
Mali,2010.0,7.05
Mali,2013.0,9.13275
Mali,2015.0,19.91817
Mali,2018.0,16.56629
Mauritania,2007.0,13.0245
Mauritania,2011.0,16.80092
Mauritania,2015.0,31.94104
Mexico,2000.0,45.74
Mexico,2002.0,52.81
Mexico,2004.0,65.29
Mexico,2006.0,70.1
Mexico,2008.0,65.02
Mexico,2010.0,69.44
Mexico,2012.0,75.91
Mexico,2014.0,77.1
Mexico,2015.0,76.30957
Mexico,2016.0,81.79276
Mexico,2018.0,81.51
Mongolia,2000.0,37.59
Mongolia,2006.0,65.48499
Mongolia,2010.0,52.15
Mongolia,2014.0,73.11864
Mongolia,2018.0,86.47915
Moldova,2000.0,86.33
Moldova,2005.0,90.4089
Moldova,2012.0,95.67886
Montenegro,2005.0,98.24
Montenegro,2013.0,99.34467
Montenegro,2018.0,96.44374
Morocco,2004.0,10.8485
Mozambique,2003.0,0.79441
Mozambique,2008.0,3.36905
Mozambique,2011.0,5.23911
Namibia,2000.0,18.16
Namibia,2007.0,25.81235
Namibia,2013.0,32.97574
Nepal,2001.0,26.72
Nepal,2007.0,37.89636
Nepal,2011.0,56.52626
Nepal,2014.0,62.08112
Nepal,2016.0,60.05049
Vanuatu,2007.0,28.64336
Nicaragua,2001.0,13.65
Nicaragua,2005.0,17.81
Nicaragua,2009.0,20.42
Nicaragua,2014.0,32.75
Niger,2000.0,0.65
Niger,2006.0,0.54594
Niger,2012.0,1.11667
Nigeria,2003.0,31.63974
Nigeria,2007.0,41.60013
Nigeria,2008.0,39.69056
Nigeria,2010.0,57.51886
Nigeria,2011.0,53.13857
Nigeria,2013.0,36.80186
Nigeria,2016.0,54.41807
Nigeria,2018.0,47.01068
Norway,2005.0,100
Norway,2011.0,100
Norway,2013.0,100
Norway,2014.0,99.32
Pakistan,2007.0,31.58412
Pakistan,2012.0,37.66701
Pakistan,2018.0,39.77889
Panama,2000.0,51.66
Panama,2001.0,41.17
Panama,2002.0,42.47
Panama,2003.0,44.09
Panama,2004.0,51.16
Panama,2005.0,51.75
Panama,2006.0,52.99
Panama,2007.0,56.48
Panama,2008.0,51.78
Panama,2009.0,58.6
Panama,2010.0,56.04326
Panama,2011.0,57.71
Panama,2013.0,60.98
Panama,2014.0,64.61
Panama,2015.0,68.97
Panama,2016.0,67.06
Panama,2017.0,72.63
Panama,2018.0,74.66
Papua New Guinea,2018.0,47.93162
Paraguay,2001.0,33.05
Paraguay,2002.0,26.74507
Paraguay,2003.0,46.29
Paraguay,2004.0,46.71
Paraguay,2005.0,49.51
Paraguay,2006.0,51.55
Paraguay,2007.0,49.19
Paraguay,2008.0,47.78
Paraguay,2009.0,57
Paraguay,2010.0,58.34
Paraguay,2011.0,59.18
Paraguay,2012.0,59.22
Paraguay,2013.0,64.87
Paraguay,2014.0,64.37
Paraguay,2015.0,69.03
Paraguay,2016.0,64.55959
Paraguay,2017.0,65.76
Paraguay,2018.0,69.22
Peru,2000.0,43.06
Peru,2001.0,45.95
Peru,2002.0,48.99
Peru,2003.0,45.62
Peru,2004.0,52.63
Peru,2005.0,56.32
Peru,2006.0,56.02
Peru,2007.0,58.97
Peru,2008.0,61.62
Peru,2009.0,64.06
Peru,2010.0,66.53
Peru,2011.0,69.63
Peru,2012.0,72.2
Peru,2013.0,72.95
Peru,2014.0,74.57
Peru,2015.0,76.68
Peru,2016.0,76.4
Peru,2017.0,79.78
Peru,2018.0,83.28
Philippines,2004.0,54.84922
Philippines,2008.0,57.9
Philippines,2013.0,65.84
Philippines,2018.0,77.86145
Poland,2005.0,89.34
Poland,2011.0,97.13
Poland,2013.0,98.43
Poland,2014.0,97.59
Portugal,2005.0,81.43
Portugal,2011.0,93.11
Portugal,2013.0,89.91
Portugal,2014.0,94.02
Guinea-Bissau,2000.0,0.73
Guinea-Bissau,2006.0,3.29
Guinea-Bissau,2014.0,5.92932
Timor-Leste,2009.0,35.80677
Timor-Leste,2016.0,53.98967
Qatar,2012.0,0
Romania,2011.0,97.6
Romania,2013.0,95.25
Romania,2014.0,93.84
Russia,2013.0,100
Rwanda,2000.0,3.29
Rwanda,2002.0,5.33914
Rwanda,2005.0,2.85552
Rwanda,2010.0,11.7011
Rwanda,2012.0,13.2451
Rwanda,2015.0,22.72408
Saint Lucia,2012.0,93.15343
Sao Tome and Principe,2000.0,23.12
Sao Tome and Principe,2009.0,20.74371
Sao Tome and Principe,2014.0,30.53243
Senegal,2000.0,3.6
Senegal,2002.0,4.50392
Senegal,2005.0,1.23462
Senegal,2011.0,4.38235
Senegal,2014.0,12.24
Senegal,2016.0,13.89766
Senegal,2017.0,15.57017
Senegal,2018.0,16.94624
Senegal,2019.0,13.13272
Serbia,2005.0,96.94
Serbia,2011.0,97.6278
Serbia,2013.0,98.01
Serbia,2014.0,98.32446
Serbia,2019.0,97.75187
Sierra Leone,2000.0,6.96
Sierra Leone,2004.0,2.82297
Sierra Leone,2005.0,4.27
Sierra Leone,2008.0,5.6542
Sierra Leone,2010.0,21
Sierra Leone,2013.0,23.84662
Sierra Leone,2017.0,19.45133
Slovakia,2005.0,99.75
Slovakia,2011.0,99.68
Slovakia,2013.0,100
Slovakia,2014.0,99.6
Vietnam,2000.0,46.29
Vietnam,2002.0,60.56
Vietnam,2006.0,76.82
Vietnam,2009.0,74.77807
Vietnam,2011.0,78.56259
Vietnam,2014.0,81.00804
Somalia,2006.0,7.22
South Africa,2011.0,80.43605
South Africa,2016.0,82.58652
Zimbabwe,2005.0,47.90293
Zimbabwe,2009.0,59.21
Zimbabwe,2010.0,60.78001
Zimbabwe,2012.0,60.6303
Zimbabwe,2014.0,61.18
Zimbabwe,2015.0,62.58397
Zimbabwe,2019.0,39.88873
Spain,2005.0,83
Spain,2011.0,89.88
Spain,2013.0,92.3
Spain,2014.0,94.65
South Sudan,2010.0,9.94095
Sudan,2000.0,26.3
Sudan,2010.0,45.43
Sudan,2014.0,42.18132
Suriname,2000.0,20.87
Suriname,2006.0,24.59
Suriname,2010.0,29.0556
Suriname,2018.0,36.75491
Eswatini,2006.0,36.4492
Eswatini,2010.0,42.50604
Eswatini,2014.0,45.41768
Sweden,2005.0,99.49
Sweden,2011.0,98.77
Sweden,2013.0,100
Sweden,2014.0,99.66
Switzerland,2011.0,100
Switzerland,2013.0,100
Switzerland,2014.0,99.22
Syria,2006.0,40.54787
Tajikistan,2000.0,78.67
Tajikistan,2006.0,81.91138
Tajikistan,2012.0,87.41483
Tajikistan,2017.0,94.72724
Thailand,2000.0,69.67516
Thailand,2005.0,85.34
Thailand,2013.0,85.43671
Thailand,2016.0,81.68766
Thailand,2019.0,85.02658
Togo,2000.0,4.87
Togo,2006.0,12.79003
Togo,2010.0,13.28685
Togo,2014.0,11.56046
Togo,2017.0,36.35032
Tonga,2019.0,91.26753
Trinidad and Tobago,2011.0,91.59
Tunisia,2012.0,56.33286
Tunisia,2018.0,59.22809
Turkey,2004.0,56.90759
Turkey,2008.0,75.57
Turkey,2014.0,88.97579
Turkmenistan,2006.0,98.62
Turkmenistan,2016.0,99.6657
Turkmenistan,2019.0,98.71917
Uganda,2001.0,8.37
Uganda,2002.0,9.92682
Uganda,2006.0,9.79639
Uganda,2011.0,15.68588
Uganda,2016.0,18.17839
Ukraine,2005.0,97.67
Ukraine,2007.0,98.08972
Ukraine,2013.0,99.4379
North Macedonia,2005.0,94.06
North Macedonia,2011.0,98.02891
North Macedonia,2019.0,95.29668
Egypt,2000.0,58.85
Egypt,2005.0,63.569
Egypt,2009.0,67.21248
Egypt,2014.0,76.91866
United Kingdom,2005.0,0
United Kingdom,2011.0,100
United Kingdom,2013.0,100
United Kingdom,2014.0,100
Tanzania,2002.0,3.61057
Tanzania,2004.0,3.19188
Tanzania,2010.0,8.11255
Tanzania,2012.0,16.20307
Tanzania,2015.0,16.8918
Burkina Faso,2003.0,2.06634
Burkina Faso,2006.0,2.84752
Burkina Faso,2010.0,3.02321
Uruguay,2008.0,57.49
Uruguay,2009.0,56.14
Uruguay,2010.0,60.68
Uruguay,2011.0,58.52
Uruguay,2012.0,61.38
Uruguay,2013.0,62.07327
Uruguay,2014.0,57.21
Uruguay,2015.0,64.68
Uruguay,2016.0,68.47
Uruguay,2017.0,70.98
Uruguay,2018.0,69.53
Uzbekistan,2000.0,91
Uzbekistan,2006.0,97.40805
Yemen,2006.0,33.61714
Yemen,2013.0,38.42513
Zambia,2001.0,17.84502
Zambia,2007.0,17.73707
Zambia,2013.0,32.58167
Zambia,2018.0,33.45903
