country,year,value
Afghanistan,2011.0,74.4
Albania,2018.0,47.5
Azerbaijan,2006.0,76.8
Argentina,2012.0,72.4
Barbados,2012.0,75.1
Bosnia and Herzegovina,2012.0,55.2
Solomon Islands,2016.0,85.5
Myanmar,2016.0,77.2
Djibouti,2006.0,72.1
Jamaica,2011.0,84.5
Lebanon,2009.0,81.9
Liberia,2007.0,90
Moldova,2012.0,75.6
Vanuatu,2013.0,83.5
Niger,2012.0,81.6
Qatar,2012.0,49.9
Saint Lucia,2012.0,67.5
Syria,2006.0,88.5
Trinidad and Tobago,2011.0,76.7
Ukraine,2012.0,61.2
Burkina Faso,2006.0,82.7
Uruguay,2013.0,54.6
Yemen,2013.0,79.2
