country,year,value
Afghanistan,2000.0,0.0000
Afghanistan,2005.0,0.0859
Afghanistan,2010.0,0.0844
Afghanistan,2015.0,0.0935
Afghanistan,2016.0,0.0940
Afghanistan,2017.0,0.0935
Afghanistan,2018.0,0.0935
Afghanistan,2019.0,0.09347
Afghanistan,2020.0,0.09344
Albania,2000.0,0.0344
Albania,2005.0,0.0339
Albania,2010.0,0.0333
Albania,2015.0,0.0531
Albania,2016.0,0.0570
Albania,2017.0,0.0568
Albania,2018.0,0.0568
Albania,2019.0,0.0568
Albania,2020.0,0.05679
Algeria,2000.0,0.5978
Algeria,2005.0,0.5883
Algeria,2010.0,0.5779
Algeria,2015.0,0.5271
Algeria,2016.0,0.4220
Algeria,2017.0,0.4187
Algeria,2018.0,0.4186
Algeria,2019.0,0.41863
Algeria,2020.0,0.41843
Angola,2000.0,0.1454
Angola,2005.0,0.1431
Angola,2010.0,0.1406
Angola,2015.0,0.1429
Angola,2016.0,0.1770
Angola,2017.0,0.1762
Angola,2018.0,0.1762
Angola,2019.0,0.17621
Angola,2020.0,0.17613
Antigua and Barbuda,2000.0,0.0180
Antigua and Barbuda,2005.0,0.0177
Antigua and Barbuda,2010.0,0.0174
Antigua and Barbuda,2015.0,0.0346
Antigua and Barbuda,2016.0,0.0330
Antigua and Barbuda,2017.0,0.0331
Antigua and Barbuda,2018.0,0.0331
Antigua and Barbuda,2019.0,0.03309
Antigua and Barbuda,2020.0,0.03309
Azerbaijan,2000.0,0.0868
Azerbaijan,2005.0,0.0855
Azerbaijan,2010.0,0.0839
Azerbaijan,2015.0,0.0931
Azerbaijan,2016.0,0.1080
Azerbaijan,2017.0,0.1070
Azerbaijan,2018.0,0.1070
Azerbaijan,2019.0,0.10696
Azerbaijan,2020.0,0.10693
Argentina,2000.0,1.0006
Argentina,2005.0,0.9847
Argentina,2010.0,0.9673
Argentina,2015.0,0.8692
Argentina,2016.0,0.4530
Argentina,2017.0,0.6627
Argentina,2018.0,0.6626
Argentina,2019.0,0.66257
Argentina,2020.0,0.66224
Australia,2000.0,1.5235
Australia,2005.0,1.4993
Australia,2010.0,1.4727
Australia,2015.0,1.3133
Australia,2016.0,1.3470
Australia,2017.0,1.3356
Australia,2018.0,1.3353
Australia,2019.0,1.33534
Australia,2020.0,1.33464
Austria,2000.0,0.8863
Austria,2005.0,0.8722
Austria,2010.0,0.8567
Austria,2015.0,0.8679
Austria,2016.0,0.8170
Austria,2017.0,0.8107
Austria,2018.0,0.8106
Austria,2019.0,0.81057
Austria,2020.0,0.81016
Bahamas,2000.0,0.0725
Bahamas,2005.0,0.0714
Bahamas,2010.0,0.0701
Bahamas,2015.0,0.0810
Bahamas,2016.0,0.0660
Bahamas,2017.0,0.0654
Bahamas,2018.0,0.0654
Bahamas,2019.0,0.06537
Bahamas,2020.0,0.06535
Bahrain,2000.0,0.0747
Bahrain,2005.0,0.0736
Bahrain,2010.0,0.0723
Bahrain,2015.0,0.0828
Bahrain,2016.0,0.1080
Bahrain,2017.0,0.1076
Bahrain,2018.0,0.1076
Bahrain,2019.0,0.10762
Bahrain,2020.0,0.10758
Bangladesh,2000.0,0.2608
Bangladesh,2005.0,0.2567
Bangladesh,2010.0,0.2521
Bangladesh,2015.0,0.2409
Bangladesh,2016.0,0.2430
Bangladesh,2017.0,0.2411
Bangladesh,2018.0,0.2411
Bangladesh,2019.0,0.2411
Bangladesh,2020.0,0.24099
Armenia,2000.0,0.0547
Armenia,2005.0,0.0538
Armenia,2010.0,0.0528
Armenia,2015.0,0.0658
Armenia,2016.0,0.0550
Armenia,2017.0,0.0547
Armenia,2018.0,0.0547
Armenia,2019.0,0.05471
Armenia,2020.0,0.0547
Barbados,2000.0,0.0432
Barbados,2005.0,0.0425
Barbados,2010.0,0.0418
Barbados,2015.0,0.0561
Barbados,2016.0,0.0480
Barbados,2017.0,0.0479
Barbados,2018.0,0.0479
Barbados,2019.0,0.0479
Barbados,2020.0,0.04789
Belgium,2000.0,2.1629
Belgium,2005.0,2.1285
Belgium,2010.0,2.0908
Belgium,2015.0,1.8563
Belgium,2016.0,1.3140
Belgium,2017.0,1.3035
Belgium,2018.0,1.3032
Belgium,2019.0,1.3032
Belgium,2020.0,1.30252
Bhutan,2000.0,0.0146
Bhutan,2005.0,0.0144
Bhutan,2010.0,0.0141
Bhutan,2015.0,0.0318
Bhutan,2016.0,0.0330
Bhutan,2017.0,0.0332
Bhutan,2018.0,0.0332
Bhutan,2019.0,0.03317
Bhutan,2020.0,0.03317
Bolivia,2000.0,0.0918
Bolivia,2005.0,0.0903
Bolivia,2010.0,0.0887
Bolivia,2015.0,0.0973
Bolivia,2016.0,0.0640
Bolivia,2017.0,0.0768
Bolivia,2018.0,0.0768
Bolivia,2019.0,0.07683
Bolivia,2020.0,0.07681
Bosnia and Herzegovina,2000.0,0.0907
Bosnia and Herzegovina,2005.0,0.0892
Bosnia and Herzegovina,2010.0,0.0877
Bosnia and Herzegovina,2015.0,0.0964
Bosnia and Herzegovina,2016.0,0.0630
Bosnia and Herzegovina,2017.0,0.0818
Bosnia and Herzegovina,2018.0,0.0818
Bosnia and Herzegovina,2019.0,0.08182
Bosnia and Herzegovina,2020.0,0.0818
Botswana,2000.0,0.0411
Botswana,2005.0,0.0405
Botswana,2010.0,0.0397
Botswana,2015.0,0.0641
Botswana,2016.0,0.0690
Botswana,2017.0,0.0683
Botswana,2018.0,0.0683
Botswana,2019.0,0.06831
Botswana,2020.0,0.06829
Brazil,2000.0,1.4299
Brazil,2005.0,1.4072
Brazil,2010.0,1.3822
Brazil,2015.0,1.7156
Brazil,2016.0,2.2420
Brazil,2017.0,2.2241
Brazil,2018.0,2.2236
Brazil,2019.0,2.22364
Brazil,2020.0,2.22247
Belize,2000.0,0.0205
Belize,2005.0,0.0201
Belize,2010.0,0.0198
Belize,2015.0,0.0367
Belize,2016.0,0.0340
Belize,2017.0,0.0344
Belize,2018.0,0.0344
Belize,2019.0,0.03442
Belize,2020.0,0.03442
Solomon Islands,2000.0,0.0165
Solomon Islands,2005.0,0.0163
Solomon Islands,2010.0,0.0160
Solomon Islands,2015.0,0.0334
Solomon Islands,2016.0,0.0330
Solomon Islands,2017.0,0.0332
Solomon Islands,2018.0,0.0333
Solomon Islands,2019.0,0.03325
Solomon Islands,2020.0,0.03325
Brunei,2000.0,0.0818
Brunei,2005.0,0.1104
Brunei,2010.0,0.1085
Brunei,2015.0,0.1147
Brunei,2016.0,0.0900
Brunei,2017.0,0.0890
Brunei,2018.0,0.0890
Brunei,2019.0,0.089
Brunei,2020.0,0.08897
Bulgaria,2000.0,0.3107
Bulgaria,2005.0,0.3058
Bulgaria,2010.0,0.3004
Bulgaria,2015.0,0.2833
Bulgaria,2016.0,0.2090
Bulgaria,2017.0,0.2073
Bulgaria,2018.0,0.2073
Bulgaria,2019.0,0.20725
Bulgaria,2020.0,0.20716
Myanmar,2000.0,0.1324
Myanmar,2005.0,0.1303
Myanmar,2010.0,0.1280
Myanmar,2015.0,0.1318
Myanmar,2016.0,0.1330
Myanmar,2017.0,0.1318
Myanmar,2018.0,0.1318
Myanmar,2019.0,0.13183
Myanmar,2020.0,0.13178
Burundi,2000.0,0.0477
Burundi,2005.0,0.0469
Burundi,2010.0,0.0461
Burundi,2015.0,0.0598
Burundi,2016.0,0.0600
Burundi,2017.0,0.0597
Burundi,2018.0,0.0597
Burundi,2019.0,0.05972
Burundi,2020.0,0.05971
Belarus,2000.0,0.1922
Belarus,2005.0,0.1891
Belarus,2010.0,0.1858
Belarus,2015.0,0.1826
Belarus,2016.0,0.1660
Belarus,2017.0,0.1646
Belarus,2018.0,0.1646
Belarus,2019.0,0.16456
Belarus,2020.0,0.16449
Cambodia,2000.0,0.0526
Cambodia,2005.0,0.0517
Cambodia,2010.0,0.0508
Cambodia,2015.0,0.0640
Cambodia,2016.0,0.0640
Cambodia,2017.0,0.0639
Cambodia,2018.0,0.0639
Cambodia,2019.0,0.0639
Cambodia,2020.0,0.06388
Cameroon,2000.0,0.0984
Cameroon,2005.0,0.0969
Cameroon,2010.0,0.0951
Cameroon,2015.0,0.1030
Cameroon,2016.0,0.0840
Cameroon,2017.0,0.0840
Cameroon,2018.0,0.0840
Cameroon,2019.0,0.08397
Cameroon,2020.0,0.08394
Canada,2000.0,2.9869
Canada,2005.0,2.9394
Canada,2010.0,2.8873
Canada,2015.0,2.5562
Canada,2016.0,2.2390
Canada,2017.0,2.2205
Canada,2018.0,2.2200
Canada,2019.0,2.22004
Canada,2020.0,2.21887
Cape Verde,2000.0,0.0162
Cape Verde,2005.0,0.0159
Cape Verde,2010.0,0.0156
Cape Verde,2015.0,0.0337
Cape Verde,2016.0,0.0310
Cape Verde,2017.0,0.0313
Cape Verde,2018.0,0.0338
Cape Verde,2019.0,0.03383
Cape Verde,2020.0,0.03383
Central African Republic,2000.0,0.0377
Central African Republic,2005.0,0.0371
Central African Republic,2010.0,0.0364
Central African Republic,2015.0,0.0514
Central African Republic,2016.0,0.0510
Central African Republic,2017.0,0.0513
Central African Republic,2018.0,0.0513
Central African Republic,2019.0,0.05126
Central African Republic,2020.0,0.05125
Sri Lanka,2000.0,0.2048
Sri Lanka,2005.0,0.2015
Sri Lanka,2010.0,0.1980
Sri Lanka,2015.0,0.1933
Sri Lanka,2016.0,0.1450
Sri Lanka,2017.0,0.1442
Sri Lanka,2018.0,0.1442
Sri Lanka,2019.0,0.14415
Sri Lanka,2020.0,0.14409
Chad,2000.0,0.0378
Chad,2005.0,0.0372
Chad,2010.0,0.0366
Chad,2015.0,0.0557
Chad,2016.0,0.0570
Chad,2017.0,0.0570
Chad,2018.0,0.0570
Chad,2019.0,0.05698
Chad,2020.0,0.05697
Chile,2000.0,0.4116
Chile,2005.0,0.4050
Chile,2010.0,0.3979
Chile,2015.0,0.3689
Chile,2016.0,0.3790
Chile,2017.0,0.3759
Chile,2018.0,0.3758
Chile,2019.0,0.37578
Chile,2020.0,0.3756
China,2000.0,2.2012
China,2005.0,2.9394
China,2010.0,3.6644
China,2015.0,3.8085
China,2016.0,6.1390
China,2017.0,6.0887
China,2018.0,6.0874
China,2019.0,6.08739
China,2020.0,6.08415
Colombia,2000.0,0.3732
Colombia,2005.0,0.3673
Colombia,2010.0,0.3608
Colombia,2015.0,0.3364
Colombia,2016.0,0.4390
Colombia,2017.0,0.4355
Colombia,2018.0,0.4355
Colombia,2019.0,0.43545
Colombia,2020.0,0.43523
Comoros,2000.0,0.0158
Comoros,2005.0,0.0156
Comoros,2010.0,0.0153
Comoros,2015.0,0.0328
Comoros,2016.0,0.0330
Comoros,2017.0,0.0326
Comoros,2018.0,0.0327
Comoros,2019.0,0.03265
Comoros,2020.0,0.03266
Congo,2000.0,0.0512
Congo,2005.0,0.0504
Congo,2010.0,0.0495
Congo,2015.0,0.0628
Congo,2016.0,0.0460
Congo,2017.0,0.0459
Congo,2018.0,0.0613
Congo,2019.0,0.06131
Congo,2020.0,0.0613
Democratic Republic of Congo,2000.0,0.0000
Democratic Republic of Congo,2005.0,0.2565
Democratic Republic of Congo,2010.0,0.3812
Democratic Republic of Congo,2015.0,0.2407
Democratic Republic of Congo,2016.0,0.2430
Democratic Republic of Congo,2017.0,0.2410
Democratic Republic of Congo,2018.0,0.2410
Democratic Republic of Congo,2019.0,0.24098
Democratic Republic of Congo,2020.0,0.24087
Costa Rica,2000.0,0.0883
Costa Rica,2005.0,0.0869
Costa Rica,2010.0,0.0854
Costa Rica,2015.0,0.0944
Costa Rica,2016.0,0.1030
Costa Rica,2017.0,0.1025
Costa Rica,2018.0,0.1025
Costa Rica,2019.0,0.10253
Costa Rica,2020.0,0.1025
Croatia,2000.0,0.1822
Croatia,2005.0,0.1793
Croatia,2010.0,0.1762
Croatia,2015.0,0.1741
Croatia,2016.0,0.1730
Croatia,2017.0,0.1717
Croatia,2018.0,0.1717
Croatia,2019.0,0.17169
Croatia,2020.0,0.17162
Cyprus,2000.0,0.0769
Cyprus,2005.0,0.0757
Cyprus,2010.0,0.2520
Cyprus,2015.0,0.0920
Cyprus,2016.0,0.0900
Cyprus,2017.0,0.0895
Cyprus,2018.0,0.0895
Cyprus,2019.0,0.08949
Cyprus,2020.0,0.08947
Least Developed Countries (LDCs),2000.0,2.40326
Least Developed Countries (LDCs),2005.0,2.78406
Least Developed Countries (LDCs),2010.0,2.89324
Least Developed Countries (LDCs),2015.0,3.45656
Least Developed Countries (LDCs),2016.0,3.43016
Least Developed Countries (LDCs),2017.0,3.45347
Least Developed Countries (LDCs),2018.0,3.45364
Least Developed Countries (LDCs),2019.0,3.45364
Least Developed Countries (LDCs),2020.0,3.4764
Czechia,2000.0,0.3944
Czechia,2005.0,0.3881
Czechia,2010.0,0.0743
Czechia,2015.0,0.4269
Czechia,2016.0,0.4660
Czechia,2017.0,0.4625
Czechia,2018.0,0.4624
Czechia,2019.0,0.46242
Czechia,2020.0,0.46219
Benin,2000.0,0.0406
Benin,2005.0,0.0400
Benin,2010.0,0.0392
Benin,2015.0,0.0538
Benin,2016.0,0.0540
Benin,2017.0,0.0537
Benin,2018.0,0.0537
Benin,2019.0,0.05372
Benin,2020.0,0.05371
Denmark,2000.0,0.7791
Denmark,2005.0,0.7667
Denmark,2010.0,0.7531
Denmark,2015.0,0.7797
Denmark,2016.0,0.7190
Denmark,2017.0,0.7128
Denmark,2018.0,0.7127
Denmark,2019.0,0.71267
Denmark,2020.0,0.71231
Dominica,2000.0,0.0155
Dominica,2005.0,0.0153
Dominica,2010.0,0.0150
Dominica,2015.0,0.0325
Dominica,2016.0,0.0310
Dominica,2017.0,0.0314
Dominica,2018.0,0.0314
Dominica,2019.0,0.0314
Dominica,2020.0,0.0314
Dominican Republic,2000.0,0.1139
Dominican Republic,2005.0,0.1121
Dominican Republic,2010.0,0.1101
Dominican Republic,2015.0,0.1161
Dominican Republic,2016.0,0.1250
Dominican Republic,2017.0,0.1240
Dominican Republic,2018.0,0.1240
Dominican Republic,2019.0,0.124
Dominican Republic,2020.0,0.12395
Ecuador,2000.0,0.1529
Ecuador,2005.0,0.1505
Ecuador,2010.0,0.1478
Ecuador,2015.0,0.1673
Ecuador,2016.0,0.0990
Ecuador,2017.0,0.1678
Ecuador,2018.0,0.1678
Ecuador,2019.0,0.16778
Ecuador,2020.0,0.16771
El Salvador,2000.0,0.0917
El Salvador,2005.0,0.0902
El Salvador,2010.0,0.0886
El Salvador,2015.0,0.0972
El Salvador,2016.0,0.0870
El Salvador,2017.0,0.0862
El Salvador,2018.0,0.0862
El Salvador,2019.0,0.0862
El Salvador,2020.0,0.08617
Equatorial Guinea,2000.0,0.0269
Equatorial Guinea,2005.0,0.0265
Equatorial Guinea,2010.0,0.0260
Equatorial Guinea,2015.0,0.0500
Equatorial Guinea,2016.0,0.0610
Equatorial Guinea,2017.0,0.0604
Equatorial Guinea,2018.0,0.0604
Equatorial Guinea,2019.0,0.06042
Equatorial Guinea,2020.0,0.06041
Ethiopia,2000.0,0.0741
Ethiopia,2005.0,0.0730
Ethiopia,2010.0,0.0717
Ethiopia,2015.0,0.0823
Ethiopia,2016.0,0.0890
Ethiopia,2017.0,0.0889
Ethiopia,2018.0,0.0889
Ethiopia,2019.0,0.08888
Ethiopia,2020.0,0.08885
Eritrea,2000.0,0.0191
Eritrea,2005.0,0.0188
Eritrea,2010.0,0.0185
Eritrea,2015.0,0.0356
Eritrea,2016.0,0.0320
Eritrea,2017.0,0.0323
Eritrea,2018.0,0.0323
Eritrea,2019.0,0.03228
Eritrea,2020.0,0.03228
Estonia,2000.0,0.0421
Estonia,2005.0,0.0415
Estonia,2010.0,0.0407
Estonia,2015.0,0.0665
Estonia,2016.0,0.0780
Estonia,2017.0,0.0775
Estonia,2018.0,0.0775
Estonia,2019.0,0.07753
Estonia,2020.0,0.07751
Fiji,2000.0,0.0445
Fiji,2005.0,0.0438
Fiji,2010.0,0.0430
Fiji,2015.0,0.0572
Fiji,2016.0,0.0490
Fiji,2017.0,0.0487
Fiji,2018.0,0.0487
Fiji,2019.0,0.04867
Fiji,2020.0,0.04867
Finland,2000.0,0.6020
Finland,2005.0,0.5925
Finland,2010.0,0.5820
Finland,2015.0,0.5307
Finland,2016.0,0.5120
Finland,2017.0,0.5083
Finland,2018.0,0.5082
Finland,2019.0,0.50821
Finland,2020.0,0.50795
France,2000.0,5.0279
France,2005.0,4.9480
France,2010.0,4.8602
France,2015.0,4.2896
France,2016.0,4.0690
France,2017.0,4.0357
France,2018.0,4.0348
France,2019.0,4.03481
France,2020.0,4.03267
Djibouti,2000.0,0.0191
Djibouti,2005.0,0.0188
Djibouti,2010.0,0.0185
Djibouti,2015.0,0.0356
Djibouti,2016.0,0.0350
Djibouti,2017.0,0.0354
Djibouti,2018.0,0.0354
Djibouti,2019.0,0.03544
Djibouti,2020.0,0.03544
Gabon,2000.0,0.0838
Gabon,2005.0,0.0824
Gabon,2010.0,0.0810
Gabon,2015.0,0.0905
Gabon,2016.0,0.0720
Gabon,2017.0,0.0720
Gabon,2018.0,0.0720
Gabon,2019.0,0.07204
Gabon,2020.0,0.07203
Georgia,2000.0,0.0819
Georgia,2005.0,0.0806
Georgia,2010.0,0.0792
Georgia,2015.0,0.0889
Georgia,2016.0,0.0710
Georgia,2017.0,0.0709
Georgia,2018.0,0.0709
Georgia,2019.0,0.07093
Georgia,2020.0,0.07091
Gambia,2000.0,0.0262
Gambia,2005.0,0.0258
Gambia,2010.0,0.0253
Gambia,2015.0,0.0416
Gambia,2016.0,0.0420
Gambia,2017.0,0.0415
Gambia,2018.0,0.0415
Gambia,2019.0,0.04148
Gambia,2020.0,0.04148
Germany,2000.0,6.0881
Germany,2005.0,5.9913
Germany,2010.0,5.8851
Germany,2015.0,5.8079
Germany,2016.0,5.3680
Germany,2017.0,5.3237
Germany,2018.0,5.3225
Germany,2019.0,5.32253
Germany,2020.0,5.3197
Ghana,2000.0,0.1841
Ghana,2005.0,0.1811
Ghana,2010.0,0.1779
Ghana,2015.0,0.1757
Ghana,2016.0,0.1770
Ghana,2017.0,0.1758
Ghana,2018.0,0.1758
Ghana,2019.0,0.17579
Ghana,2020.0,0.17571
Kiribati,2000.0,0.0143
Kiribati,2005.0,0.0141
Kiribati,2010.0,0.0138
Kiribati,2015.0,0.0315
Kiribati,2016.0,0.0300
Kiribati,2017.0,0.0313
Kiribati,2018.0,0.0313
Kiribati,2019.0,0.03134
Kiribati,2020.0,0.03134
Greece,2000.0,0.3961
Greece,2005.0,0.3898
Greece,2010.0,0.3829
Greece,2015.0,0.4664
Greece,2016.0,0.5160
Greece,2017.0,0.5119
Greece,2018.0,0.5118
Greece,2019.0,0.51184
Greece,2020.0,0.51159
Grenada,2000.0,0.0171
Grenada,2005.0,0.0169
Grenada,2010.0,0.0166
Grenada,2015.0,0.0339
Grenada,2016.0,0.0320
Grenada,2017.0,0.0324
Grenada,2018.0,0.0324
Grenada,2019.0,0.03238
Grenada,2020.0,0.03238
Guatemala,2000.0,0.1099
Guatemala,2005.0,0.1081
Guatemala,2010.0,0.1062
Guatemala,2015.0,0.1127
Guatemala,2016.0,0.1150
Guatemala,2017.0,0.1143
Guatemala,2018.0,0.1143
Guatemala,2019.0,0.1143
Guatemala,2020.0,0.11426
Guinea,2000.0,0.0617
Guinea,2005.0,0.0607
Guinea,2010.0,0.0597
Guinea,2015.0,0.0718
Guinea,2016.0,0.0720
Guinea,2017.0,0.0717
Guinea,2018.0,0.0717
Guinea,2019.0,0.07169
Guinea,2020.0,0.07167
Guyana,2000.0,0.0541
Guyana,2005.0,0.0533
Guyana,2010.0,0.0523
Guyana,2015.0,0.0653
Guyana,2016.0,0.0660
Guyana,2017.0,0.0652
Guyana,2018.0,0.0653
Guyana,2019.0,0.06525
Guyana,2020.0,0.06523
Haiti,2000.0,0.0400
Haiti,2005.0,0.0491
Haiti,2010.0,0.0483
Haiti,2015.0,0.0618
Haiti,2016.0,0.0460
Haiti,2017.0,0.0617
Haiti,2018.0,0.0617
Haiti,2019.0,0.06167
Haiti,2020.0,0.06166
Honduras,2000.0,0.0722
Honduras,2005.0,0.0710
Honduras,2010.0,0.0698
Honduras,2015.0,0.0807
Honduras,2016.0,0.0790
Honduras,2017.0,0.0788
Honduras,2018.0,0.0788
Honduras,2019.0,0.07876
Honduras,2020.0,0.07874
Hungary,2000.0,0.4967
Hungary,2005.0,0.4888
Hungary,2010.0,0.4802
Hungary,2015.0,0.4413
Hungary,2016.0,0.4180
Hungary,2017.0,0.4148
Hungary,2018.0,0.4147
Hungary,2019.0,0.41468
Hungary,2020.0,0.41448
Iceland,2000.0,0.0666
Iceland,2005.0,0.0656
Iceland,2010.0,0.0644
Iceland,2015.0,0.0759
Iceland,2016.0,0.0940
Iceland,2017.0,0.0931
Iceland,2018.0,0.0931
Iceland,2019.0,0.09307
Iceland,2020.0,0.09304
India,2000.0,1.9541
India,2005.0,1.9230
India,2010.0,1.8889
India,2015.0,2.3389
India,2016.0,2.6580
India,2017.0,2.6361
India,2018.0,2.6355
India,2019.0,2.63552
India,2020.0,2.63412
Indonesia,2000.0,0.9830
Indonesia,2005.0,0.9673
Indonesia,2010.0,0.9502
Indonesia,2015.0,0.8542
Indonesia,2016.0,0.9610
Indonesia,2017.0,0.9531
Indonesia,2018.0,0.9530
Indonesia,2019.0,0.95295
Indonesia,2020.0,0.95246
Iran,2000.0,0.7111
Iran,2005.0,0.6998
Iran,2010.0,0.6874
Iran,2015.0,0.6233
Iran,2016.0,0.7440
Iran,2017.0,0.7382
Iran,2018.0,0.7381
Iran,2019.0,0.73805
Iran,2020.0,0.73768
Iraq,2000.0,0.2471
Iraq,2005.0,0.5578
Iraq,2010.0,0.5479
Iraq,2015.0,0.5008
Iraq,2016.0,0.3630
Iraq,2017.0,0.3598
Iraq,2018.0,0.3598
Iraq,2019.0,0.35979
Iraq,2020.0,0.35961
Ireland,2000.0,0.4033
Ireland,2005.0,0.3969
Ireland,2010.0,0.3899
Ireland,2015.0,0.5282
Ireland,2016.0,0.7210
Ireland,2017.0,0.7149
Ireland,2018.0,0.7148
Ireland,2019.0,0.71476
Ireland,2020.0,0.7144
Israel,2000.0,0.4453
Israel,2005.0,0.4382
Israel,2010.0,0.4304
Israel,2015.0,0.4503
Israel,2016.0,0.4140
Israel,2017.0,0.4110
Israel,2018.0,0.4109
Israel,2019.0,0.41088
Israel,2020.0,0.41068
Italy,2000.0,3.3075
Italy,2005.0,3.2549
Italy,2010.0,3.1972
Italy,2015.0,3.1565
Italy,2016.0,3.0500
Italy,2017.0,3.0248
Italy,2018.0,3.0242
Italy,2019.0,3.02418
Italy,2020.0,3.02258
Cote d'Ivoire,2000.0,0.1636
Cote d'Ivoire,2005.0,0.1610
Cote d'Ivoire,2010.0,0.1581
Cote d'Ivoire,2015.0,0.1583
Cote d'Ivoire,2016.0,0.1590
Cote d'Ivoire,2017.0,0.1584
Cote d'Ivoire,2018.0,0.1584
Cote d'Ivoire,2019.0,0.15838
Cote d'Ivoire,2020.0,0.15831
Jamaica,2000.0,0.1394
Jamaica,2005.0,0.1372
Jamaica,2010.0,0.1348
Jamaica,2015.0,0.1378
Jamaica,2016.0,0.1060
Jamaica,2017.0,0.1052
Jamaica,2018.0,0.1052
Jamaica,2019.0,0.10521
Jamaica,2020.0,0.10518
Japan,2000.0,6.2304
Japan,2005.0,6.1314
Japan,2010.0,6.0227
Japan,2015.0,6.2297
Japan,2016.0,6.2070
Japan,2017.0,6.1558
Japan,2018.0,6.1545
Japan,2019.0,6.15449
Japan,2020.0,6.15121
Kazakhstan,2000.0,0.1825
Kazakhstan,2005.0,0.1796
Kazakhstan,2010.0,0.1764
Kazakhstan,2015.0,0.1990
Kazakhstan,2016.0,0.2610
Kazakhstan,2017.0,0.2594
Kazakhstan,2018.0,0.2593
Kazakhstan,2019.0,0.25934
Kazakhstan,2020.0,0.25922
Jordan,2000.0,0.0913
Jordan,2005.0,0.0899
Jordan,2010.0,0.0883
Jordan,2015.0,0.0969
Jordan,2016.0,0.0980
Jordan,2017.0,0.0973
Jordan,2018.0,0.0973
Jordan,2019.0,0.0973
Jordan,2020.0,0.09727
Kenya,2000.0,0.1385
Kenya,2005.0,0.1363
Kenya,2010.0,0.1338
Kenya,2015.0,0.1370
Kenya,2016.0,0.1380
Kenya,2017.0,0.1370
Kenya,2018.0,0.1370
Kenya,2019.0,0.13699
Kenya,2020.0,0.13694
Korea,2000.0,0.7748
Korea,2005.0,0.7625
Korea,2010.0,1.3331
Korea,2015.0,1.3649
Korea,2016.0,1.7500
Korea,2017.0,1.7352
Korea,2018.0,1.7349
Korea,2019.0,1.73487
Korea,2020.0,1.73396
Kosovo,2000.0,0.0000
Kosovo,2005.0,0.0000
Kosovo,2010.0,0.0000
Kosovo,2015.0,0.0527
Kosovo,2016.0,0.0460
Kosovo,2017.0,0.0455
Kosovo,2018.0,0.0455
Kosovo,2019.0,0.04553
Kosovo,2020.0,0.04553
Kuwait,2000.0,0.6568
Kuwait,2005.0,0.6464
Kuwait,2010.0,0.6349
Kuwait,2015.0,0.5772
Kuwait,2016.0,0.4170
Kuwait,2017.0,0.4135
Kuwait,2018.0,0.4134
Kuwait,2019.0,0.41339
Kuwait,2020.0,0.41318
Kyrgyzstan,2000.0,0.0532
Kyrgyzstan,2005.0,0.0523
Kyrgyzstan,2010.0,0.0514
Kyrgyzstan,2015.0,0.0645
Kyrgyzstan,2016.0,0.0470
Kyrgyzstan,2017.0,0.0644
Kyrgyzstan,2018.0,0.0644
Kyrgyzstan,2019.0,0.06441
Kyrgyzstan,2020.0,0.0644
Laos,2000.0,0.0299
Laos,2005.0,0.0358
Laos,2010.0,0.0352
Laos,2015.0,0.0503
Laos,2016.0,0.0500
Laos,2017.0,0.0501
Laos,2018.0,0.0501
Laos,2019.0,0.05014
Laos,2020.0,0.05014
Lebanon,2000.0,0.1065
Lebanon,2005.0,0.1048
Lebanon,2010.0,0.1030
Lebanon,2015.0,0.1350
Lebanon,2016.0,0.0830
Lebanon,2017.0,0.1550
Lebanon,2018.0,0.1550
Lebanon,2019.0,0.15502
Lebanon,2020.0,0.15496
Lesotho,2000.0,0.0280
Lesotho,2005.0,0.0275
Lesotho,2010.0,0.0271
Lesotho,2015.0,0.0431
Lesotho,2016.0,0.0430
Lesotho,2017.0,0.0430
Lesotho,2018.0,0.0430
Lesotho,2019.0,0.04299
Lesotho,2020.0,0.04299
Latvia,2000.0,0.0709
Latvia,2005.0,0.0698
Latvia,2010.0,0.0685
Latvia,2015.0,0.0857
Latvia,2016.0,0.0960
Latvia,2017.0,0.0952
Latvia,2018.0,0.0952
Latvia,2019.0,0.09516
Latvia,2020.0,0.09513
Liberia,2000.0,0.0450
Liberia,2005.0,0.0000
Liberia,2010.0,0.0696
Liberia,2015.0,0.0805
Liberia,2016.0,0.0810
Liberia,2017.0,0.0805
Liberia,2018.0,0.0805
Liberia,2019.0,0.08047
Liberia,2020.0,0.08045
Landlocked developing countries (LLDCs),2000.0,2.05035
Landlocked developing countries (LLDCs),2005.0,1.93606
Landlocked developing countries (LLDCs),2010.0,1.90174
Landlocked developing countries (LLDCs),2015.0,2.53796
Landlocked developing countries (LLDCs),2016.0,2.57122
Landlocked developing countries (LLDCs),2017.0,2.5882
Landlocked developing countries (LLDCs),2018.0,2.58827
Landlocked developing countries (LLDCs),2019.0,2.58827
Landlocked developing countries (LLDCs),2020.0,2.58752
Libya,2000.0,0.5366
Libya,2005.0,0.5281
Libya,2010.0,0.5187
Libya,2015.0,0.4751
Libya,2016.0,0.3440
Libya,2017.0,0.3418
Libya,2018.0,0.3418
Libya,2019.0,0.34178
Libya,2020.0,0.34162
Lithuania,2000.0,0.0790
Lithuania,2005.0,0.0778
Lithuania,2010.0,0.0764
Lithuania,2015.0,0.1022
Lithuania,2016.0,0.1180
Lithuania,2017.0,0.1169
Lithuania,2018.0,0.1169
Lithuania,2019.0,0.11688
Lithuania,2020.0,0.11684
Luxembourg,2000.0,0.1421
Luxembourg,2005.0,0.1398
Luxembourg,2010.0,0.1373
Luxembourg,2015.0,0.1954
Luxembourg,2016.0,0.2940
Luxembourg,2017.0,0.2919
Luxembourg,2018.0,0.2918
Luxembourg,2019.0,0.29181
Luxembourg,2020.0,0.29168
Madagascar,2000.0,0.0688
Madagascar,2005.0,0.0677
Madagascar,2010.0,0.0665
Madagascar,2015.0,0.0778
Madagascar,2016.0,0.0540
Madagascar,2017.0,0.0777
Madagascar,2018.0,0.0777
Madagascar,2019.0,0.07769
Madagascar,2020.0,0.07767
Malawi,2000.0,0.0441
Malawi,2005.0,0.0434
Malawi,2010.0,0.0426
Malawi,2015.0,0.0568
Malawi,2016.0,0.0570
Malawi,2017.0,0.0567
Malawi,2018.0,0.0567
Malawi,2019.0,0.0567
Malawi,2020.0,0.05669
Malaysia,2000.0,0.7061
Malaysia,2005.0,0.6949
Malaysia,2010.0,0.6826
Malaysia,2015.0,0.7331
Malaysia,2016.0,0.7580
Malaysia,2017.0,0.7515
Malaysia,2018.0,0.7513
Malaysia,2019.0,0.75131
Malaysia,2020.0,0.75093
Maldives,2000.0,0.0155
Maldives,2005.0,0.0153
Maldives,2010.0,0.0150
Maldives,2015.0,0.0333
Maldives,2016.0,0.0330
Maldives,2017.0,0.0333
Maldives,2018.0,0.0333
Maldives,2019.0,0.03333
Maldives,2020.0,0.03333
Mali,2000.0,0.0553
Mali,2005.0,0.0544
Mali,2010.0,0.0534
Mali,2015.0,0.0663
Mali,2016.0,0.0670
Mali,2017.0,0.0662
Mali,2018.0,0.0662
Mali,2019.0,0.0662
Mali,2020.0,0.06619
Malta,2000.0,0.0593
Malta,2005.0,0.0584
Malta,2010.0,0.0574
Malta,2015.0,0.0698
Malta,2016.0,0.0630
Malta,2017.0,0.0626
Malta,2018.0,0.0626
Malta,2019.0,0.06256
Malta,2020.0,0.06255
Mauritania,2000.0,0.0418
Mauritania,2005.0,0.0411
Mauritania,2010.0,0.0000
Mauritania,2015.0,0.0548
Mauritania,2016.0,0.0550
Mauritania,2017.0,0.0547
Mauritania,2018.0,0.0547
Mauritania,2019.0,0.05471
Mauritania,2020.0,0.0547
Mauritius,2000.0,0.0591
Mauritius,2005.0,0.0582
Mauritius,2010.0,0.0572
Mauritius,2015.0,0.0696
Mauritius,2016.0,0.0580
Mauritius,2017.0,0.0574
Mauritius,2018.0,0.0574
Mauritius,2019.0,0.05738
Mauritius,2020.0,0.05737
Mexico,2000.0,1.2196
Mexico,2005.0,1.2002
Mexico,2010.0,1.4349
Mexico,2015.0,1.4677
Mexico,2016.0,1.8160
Mexico,2017.0,1.8008
Mexico,2018.0,1.8005
Mexico,2019.0,1.80046
Mexico,2020.0,1.79951
Mongolia,2000.0,0.0356
Mongolia,2005.0,0.0350
Mongolia,2010.0,0.0344
Mongolia,2015.0,0.0496
Mongolia,2016.0,0.0440
Mongolia,2017.0,0.0435
Mongolia,2018.0,0.0435
Mongolia,2019.0,0.04349
Mongolia,2020.0,0.04348
Moldova,2000.0,0.0692
Moldova,2005.0,0.0681
Moldova,2010.0,0.0669
Moldova,2015.0,0.0782
Moldova,2016.0,0.0640
Moldova,2017.0,0.0634
Moldova,2018.0,0.0634
Moldova,2019.0,0.0634
Moldova,2020.0,0.06339
Montenegro,2000.0,0.0000
Montenegro,2005.0,0.0000
Montenegro,2010.0,0.0237
Montenegro,2015.0,0.0402
Montenegro,2016.0,0.0410
Montenegro,2017.0,0.0411
Montenegro,2018.0,0.0411
Montenegro,2019.0,0.04114
Montenegro,2020.0,0.04114
Morocco,2000.0,0.2864
Morocco,2005.0,0.2819
Morocco,2010.0,0.2769
Morocco,2015.0,0.2626
Morocco,2016.0,0.2080
Morocco,2017.0,0.2069
Morocco,2018.0,0.2069
Morocco,2019.0,0.20687
Morocco,2020.0,0.20678
Mozambique,2000.0,0.0647
Mozambique,2005.0,0.0637
Mozambique,2010.0,0.0626
Mozambique,2015.0,0.0744
Mozambique,2016.0,0.0750
Mozambique,2017.0,0.0743
Mozambique,2018.0,0.0743
Mozambique,2019.0,0.07427
Mozambique,2020.0,0.07425
Oman,2000.0,0.1023
Oman,2005.0,0.1007
Oman,2010.0,0.0989
Oman,2015.0,0.1233
Oman,2016.0,0.1380
Oman,2017.0,0.1373
Oman,2018.0,0.1373
Oman,2019.0,0.13731
Oman,2020.0,0.13726
"Developed regions (Europe, Cyprus, Israel, Northern America, Japan, Australia & New Zealand)",2000.0,68.74317
"Developed regions (Europe, Cyprus, Israel, Northern America, Japan, Australia & New Zealand)",2005.0,67.87677
"Developed regions (Europe, Cyprus, Israel, Northern America, Japan, Australia & New Zealand)",2010.0,66.56784
"Developed regions (Europe, Cyprus, Israel, Northern America, Japan, Australia & New Zealand)",2015.0,64.75457
"Developed regions (Europe, Cyprus, Israel, Northern America, Japan, Australia & New Zealand)",2016.0,62.76635
"Developed regions (Europe, Cyprus, Israel, Northern America, Japan, Australia & New Zealand)",2017.0,62.27561
"Developed regions (Europe, Cyprus, Israel, Northern America, Japan, Australia & New Zealand)",2018.0,62.26306
"Developed regions (Europe, Cyprus, Israel, Northern America, Japan, Australia & New Zealand)",2019.0,62.26306
"Developed regions (Europe, Cyprus, Israel, Northern America, Japan, Australia & New Zealand)",2020.0,62.23064
Developing regions,2000.0,31.25683
Developing regions,2005.0,32.12323
Developing regions,2010.0,33.43216
Developing regions,2015.0,35.24543
Developing regions,2016.0,37.23365
Developing regions,2017.0,37.72439
Developing regions,2018.0,37.73694
Developing regions,2019.0,37.73694
Developing regions,2020.0,37.76936
Namibia,2000.0,0.0754
Namibia,2005.0,0.0742
Namibia,2010.0,0.0729
Namibia,2015.0,0.0834
Namibia,2016.0,0.0670
Namibia,2017.0,0.0671
Namibia,2018.0,0.0671
Namibia,2019.0,0.0671
Namibia,2020.0,0.06708
Nauru,2017.0,0.0297
Nauru,2018.0,0.0297
Nauru,2019.0,0.02967
Nauru,2020.0,0.02968
Nepal,2000.0,0.0450
Nepal,2005.0,0.0443
Nepal,2010.0,0.0435
Nepal,2015.0,0.0576
Nepal,2016.0,0.0610
Nepal,2017.0,0.0603
Nepal,2018.0,0.0603
Nepal,2019.0,0.0603
Nepal,2020.0,0.06029
Netherlands,2000.0,2.4232
Netherlands,2005.0,2.3846
Netherlands,2010.0,2.3424
Netherlands,2015.0,2.0774
Netherlands,2016.0,1.7800
Netherlands,2017.0,1.7658
Netherlands,2018.0,1.7654
Netherlands,2019.0,1.76544
Netherlands,2020.0,1.76451
Vanuatu,2000.0,0.0196
Vanuatu,2005.0,0.0193
Vanuatu,2010.0,0.0190
Vanuatu,2015.0,0.0360
Vanuatu,2016.0,0.0340
Vanuatu,2017.0,0.0338
Vanuatu,2018.0,0.0339
Vanuatu,2019.0,0.03385
Vanuatu,2020.0,0.03385
New Zealand,2000.0,0.4296
New Zealand,2005.0,0.4227
New Zealand,2010.0,0.4152
New Zealand,2015.0,0.3842
New Zealand,2016.0,0.2800
New Zealand,2017.0,0.2780
New Zealand,2018.0,0.2780
New Zealand,2019.0,0.27796
New Zealand,2020.0,0.27783
Nicaragua,2000.0,0.0724
Nicaragua,2005.0,0.0713
Nicaragua,2010.0,0.0700
Nicaragua,2015.0,0.0809
Nicaragua,2016.0,0.0810
Nicaragua,2017.0,0.0808
Nicaragua,2018.0,0.0808
Nicaragua,2019.0,0.08079
Nicaragua,2020.0,0.08077
Niger,2000.0,0.0424
Niger,2005.0,0.0417
Niger,2010.0,0.0410
Niger,2015.0,0.0554
Niger,2016.0,0.0560
Niger,2017.0,0.0553
Niger,2018.0,0.0553
Niger,2019.0,0.05527
Niger,2020.0,0.05526
Nigeria,2000.0,0.8306
Nigeria,2005.0,0.8174
Nigeria,2010.0,0.8029
Nigeria,2015.0,0.7248
Nigeria,2016.0,0.5210
Nigeria,2017.0,0.5170
Nigeria,2018.0,0.5169
Nigeria,2019.0,0.51693
Nigeria,2020.0,0.51667
Norway,2000.0,0.7926
Norway,2005.0,0.7800
Norway,2010.0,0.7661
Norway,2015.0,0.7766
Norway,2016.0,0.7820
Norway,2017.0,0.7755
Norway,2018.0,0.7753
Norway,2019.0,0.77534
Norway,2020.0,0.77494
Micronesia (region),2000.0,0.0141
Micronesia (region),2005.0,0.0138
Micronesia (region),2010.0,0.0136
Micronesia (region),2015.0,0.0313
Micronesia (region),2016.0,0.0300
Micronesia (region),2017.0,0.0301
Micronesia (region),2018.0,0.0301
Micronesia (region),2019.0,0.03013
Micronesia (region),2020.0,0.03013
Marshall Islands,2000.0,0.0129
Marshall Islands,2005.0,0.0131
Marshall Islands,2010.0,0.0129
Marshall Islands,2015.0,0.0307
Marshall Islands,2016.0,0.0300
Marshall Islands,2017.0,0.0298
Marshall Islands,2018.0,0.0298
Marshall Islands,2019.0,0.02981
Marshall Islands,2020.0,0.02982
Palau,2000.0,0.0131
Palau,2005.0,0.0129
Palau,2010.0,0.0127
Palau,2015.0,0.0305
Palau,2016.0,0.0300
Palau,2017.0,0.0297
Palau,2018.0,0.0297
Palau,2019.0,0.02973
Palau,2020.0,0.02974
Pakistan,2000.0,0.4945
Pakistan,2005.0,0.4867
Pakistan,2010.0,0.4781
Pakistan,2015.0,0.4394
Pakistan,2016.0,0.4360
Pakistan,2017.0,0.4328
Pakistan,2018.0,0.4328
Pakistan,2019.0,0.43276
Pakistan,2020.0,0.43255
Panama,2000.0,0.1082
Panama,2005.0,0.1065
Panama,2010.0,0.1046
Panama,2015.0,0.1112
Panama,2016.0,0.1050
Panama,2017.0,0.1040
Panama,2018.0,0.1040
Panama,2019.0,0.104
Panama,2020.0,0.10397
Papua New Guinea,2000.0,0.0732
Papua New Guinea,2005.0,0.0720
Papua New Guinea,2010.0,0.0707
Papua New Guinea,2015.0,0.0815
Papua New Guinea,2016.0,0.0560
Papua New Guinea,2017.0,0.0553
Papua New Guinea,2018.0,0.0553
Papua New Guinea,2019.0,0.05527
Papua New Guinea,2020.0,0.0814
Paraguay,2000.0,0.0583
Paraguay,2005.0,0.0574
Paraguay,2010.0,0.0564
Paraguay,2015.0,0.0689
Paraguay,2016.0,0.0690
Paraguay,2017.0,0.0691
Paraguay,2018.0,0.0691
Paraguay,2019.0,0.06914
Paraguay,2020.0,0.06913
Peru,2000.0,0.3099
Peru,2005.0,0.3050
Peru,2010.0,0.2996
Peru,2015.0,0.2826
Peru,2016.0,0.2970
Peru,2017.0,0.2944
Peru,2018.0,0.2943
Peru,2019.0,0.29434
Peru,2020.0,0.2942
Philippines,2000.0,0.4227
Philippines,2005.0,0.4160
Philippines,2010.0,0.4086
Philippines,2015.0,0.4337
Philippines,2016.0,0.4390
Philippines,2017.0,0.4352
Philippines,2018.0,0.4351
Philippines,2019.0,0.43513
Philippines,2020.0,0.43492
Poland,2000.0,0.6512
Poland,2005.0,0.6408
Poland,2010.0,0.6295
Poland,2015.0,0.6991
Poland,2016.0,0.8500
Poland,2017.0,0.8432
Poland,2018.0,0.8431
Poland,2019.0,0.84305
Poland,2020.0,0.84262
Portugal,2000.0,0.4169
Portugal,2005.0,0.4102
Portugal,2010.0,0.4030
Portugal,2015.0,0.4378
Portugal,2016.0,0.4420
Portugal,2017.0,0.4386
Portugal,2018.0,0.4386
Portugal,2019.0,0.43855
Portugal,2020.0,0.43833
Guinea-Bissau,2000.0,0.0183
Guinea-Bissau,2005.0,0.0180
Guinea-Bissau,2010.0,0.0177
Guinea-Bissau,2015.0,0.0349
Guinea-Bissau,2016.0,0.0350
Guinea-Bissau,2017.0,0.0348
Guinea-Bissau,2018.0,0.0348
Guinea-Bissau,2019.0,0.03476
Guinea-Bissau,2020.0,0.03476
Timor-Leste,2000.0,0.0000
Timor-Leste,2005.0,0.0153
Timor-Leste,2010.0,0.0150
Timor-Leste,2015.0,0.0336
Timor-Leste,2016.0,0.0340
Timor-Leste,2017.0,0.0342
Timor-Leste,2018.0,0.0342
Timor-Leste,2019.0,0.0342
Timor-Leste,2020.0,0.03421
Qatar,2000.0,0.1349
Qatar,2005.0,0.1328
Qatar,2010.0,0.1304
Qatar,2015.0,0.1493
Qatar,2016.0,0.1760
Qatar,2017.0,0.1752
Qatar,2018.0,0.1752
Qatar,2019.0,0.17521
Qatar,2020.0,0.17514
Romania,2000.0,0.4929
Romania,2005.0,0.4851
Romania,2010.0,0.4765
Romania,2015.0,0.4380
Romania,2016.0,0.3920
Romania,2017.0,0.3892
Romania,2018.0,0.3891
Romania,2019.0,0.38912
Romania,2020.0,0.38893
Russia,2000.0,2.7889
Russia,2005.0,2.7446
Russia,2010.0,2.6959
Russia,2015.0,2.3880
Russia,2016.0,2.6160
Russia,2017.0,2.5942
Russia,2018.0,2.5936
Russia,2019.0,2.59364
Russia,2020.0,2.59227
Rwanda,2000.0,0.0491
Rwanda,2005.0,0.0483
Rwanda,2010.0,0.0475
Rwanda,2015.0,0.0611
Rwanda,2016.0,0.0610
Rwanda,2017.0,0.0610
Rwanda,2018.0,0.0610
Rwanda,2019.0,0.06095
Rwanda,2020.0,0.06094
Saint Kitts and Nevis,2000.0,0.0158
Saint Kitts and Nevis,2005.0,0.0156
Saint Kitts and Nevis,2010.0,0.0153
Saint Kitts and Nevis,2015.0,0.0328
Saint Kitts and Nevis,2016.0,0.0310
Saint Kitts and Nevis,2017.0,0.0316
Saint Kitts and Nevis,2018.0,0.0316
Saint Kitts and Nevis,2019.0,0.0316
Saint Kitts and Nevis,2020.0,0.0316
Saint Lucia,2000.0,0.0188
Saint Lucia,2005.0,0.0185
Saint Lucia,2010.0,0.0182
Saint Lucia,2015.0,0.0354
Saint Lucia,2016.0,0.0330
Saint Lucia,2017.0,0.0334
Saint Lucia,2018.0,0.0334
Saint Lucia,2019.0,0.03337
Saint Lucia,2020.0,0.03337
Saint Vincent and the Grenadines,2000.0,0.0156
Saint Vincent and the Grenadines,2005.0,0.0153
Saint Vincent and the Grenadines,2010.0,0.0150
Saint Vincent and the Grenadines,2015.0,0.0326
Saint Vincent and the Grenadines,2016.0,0.0310
Saint Vincent and the Grenadines,2017.0,0.0314
Saint Vincent and the Grenadines,2018.0,0.0314
Saint Vincent and the Grenadines,2019.0,0.03144
Saint Vincent and the Grenadines,2020.0,0.03144
San Marino,2000.0,0.0196
San Marino,2005.0,0.0193
San Marino,2010.0,0.0190
San Marino,2015.0,0.0382
San Marino,2016.0,0.0390
San Marino,2017.0,0.0389
San Marino,2018.0,0.0389
San Marino,2019.0,0.03889
San Marino,2020.0,0.03889
Sao Tome and Principe,2000.0,0.0151
Sao Tome and Principe,2005.0,0.0149
Sao Tome and Principe,2010.0,0.0146
Sao Tome and Principe,2015.0,0.0322
Sao Tome and Principe,2016.0,0.0320
Sao Tome and Principe,2017.0,0.0320
Sao Tome and Principe,2018.0,0.0321
Sao Tome and Principe,2019.0,0.03206
Sao Tome and Principe,2020.0,0.03206
Saudi Arabia,2000.0,3.2748
Saudi Arabia,2005.0,3.2227
Saudi Arabia,2010.0,3.1656
Saudi Arabia,2015.0,2.8007
Saudi Arabia,2016.0,2.0320
Saudi Arabia,2017.0,2.0155
Saudi Arabia,2018.0,2.0151
Saudi Arabia,2019.0,2.01508
Saudi Arabia,2020.0,2.01402
Senegal,2000.0,0.0873
Senegal,2005.0,0.0859
Senegal,2010.0,0.0844
Senegal,2015.0,0.0935
Senegal,2016.0,0.0940
Senegal,2017.0,0.0934
Senegal,2018.0,0.0934
Senegal,2019.0,0.09343
Senegal,2020.0,0.0934
Serbia,2000.0,0.0000
Serbia,2005.0,0.2265
Serbia,2010.0,0.2225
Serbia,2015.0,0.2148
Serbia,2016.0,0.1600
Serbia,2017.0,0.1593
Serbia,2018.0,0.1593
Serbia,2019.0,0.15925
Serbia,2020.0,0.15919
Seychelles,2000.0,0.0158
Seychelles,2005.0,0.0155
Seychelles,2010.0,0.0153
Seychelles,2015.0,0.0336
Seychelles,2016.0,0.0340
Seychelles,2017.0,0.0337
Seychelles,2018.0,0.0337
Seychelles,2019.0,0.03367
Seychelles,2020.0,0.03367
Sierra Leone,2000.0,0.0601
Sierra Leone,2005.0,0.0592
Sierra Leone,2010.0,0.0581
Sierra Leone,2015.0,0.0704
Sierra Leone,2016.0,0.0710
Sierra Leone,2017.0,0.0703
Sierra Leone,2018.0,0.0703
Sierra Leone,2019.0,0.07034
Sierra Leone,2020.0,0.07032
Singapore,2000.0,0.4146
Singapore,2005.0,0.4080
Singapore,2010.0,0.4008
Singapore,2015.0,0.5879
Singapore,2016.0,0.8090
Singapore,2017.0,0.8028
Singapore,2018.0,0.8026
Singapore,2019.0,0.80261
Singapore,2020.0,0.8022
Slovakia,2000.0,0.1787
Slovakia,2005.0,0.1758
Slovakia,2010.0,0.1727
Slovakia,2015.0,0.1989
Slovakia,2016.0,0.2300
Slovakia,2017.0,0.2281
Slovakia,2018.0,0.2281
Slovakia,2019.0,0.22806
Slovakia,2020.0,0.22796
Vietnam,2000.0,0.1654
Vietnam,2005.0,0.1628
Vietnam,2010.0,0.1599
Vietnam,2015.0,0.2121
Vietnam,2016.0,0.2600
Vietnam,2017.0,0.2583
Vietnam,2018.0,0.2583
Vietnam,2019.0,0.25829
Vietnam,2020.0,0.25817
Slovenia,2000.0,0.1199
Slovenia,2005.0,0.1180
Slovenia,2010.0,0.1159
Slovenia,2015.0,0.1384
Slovenia,2016.0,0.1470
Slovenia,2017.0,0.1457
Slovenia,2018.0,0.1457
Slovenia,2019.0,0.14568
Slovenia,2020.0,0.14562
Somalia,2000.0,0.0000
Somalia,2005.0,0.0000
Somalia,2010.0,0.0000
Somalia,2015.0,0.0468
Somalia,2016.0,0.0380
Somalia,2017.0,0.0379
Somalia,2018.0,0.0379
Somalia,2019.0,0.0379
Somalia,2020.0,0.06158
South Africa,2000.0,0.8845
South Africa,2005.0,0.8704
South Africa,2010.0,0.8550
South Africa,2015.0,0.7706
South Africa,2016.0,0.6410
South Africa,2017.0,0.6356
South Africa,2018.0,0.6355
South Africa,2019.0,0.63552
South Africa,2020.0,0.6352
Zimbabwe,2000.0,0.1768
Zimbabwe,2005.0,0.0000
Zimbabwe,2010.0,0.0000
Zimbabwe,2015.0,0.1695
Zimbabwe,2016.0,0.1710
Zimbabwe,2017.0,0.1696
Zimbabwe,2018.0,0.1696
Zimbabwe,2019.0,0.16959
Zimbabwe,2020.0,0.16952
Small island developing States (SIDS),2000.0,1.61835
Small island developing States (SIDS),2005.0,1.61809
Small island developing States (SIDS),2010.0,1.5894
Small island developing States (SIDS),2015.0,2.30436
Small island developing States (SIDS),2016.0,2.34566
Small island developing States (SIDS),2017.0,2.38164
Small island developing States (SIDS),2018.0,2.38432
Small island developing States (SIDS),2019.0,2.38432
Small island developing States (SIDS),2020.0,2.4099
Spain,2000.0,1.4359
Spain,2005.0,1.4131
Spain,2010.0,1.3880
Spain,2015.0,1.6255
Spain,2016.0,1.9400
Spain,2017.0,1.9246
Spain,2018.0,1.9242
Spain,2019.0,1.92423
Spain,2020.0,1.92322
South Sudan,2000.0,0.0000
South Sudan,2005.0,0.0000
South Sudan,2010.0,0.0000
South Sudan,2015.0,0.0781
South Sudan,2016.0,0.0780
South Sudan,2017.0,0.0780
South Sudan,2018.0,0.0780
South Sudan,2019.0,0.07801
South Sudan,2020.0,0.07798
Sudan,2000.0,0.0000
Sudan,2005.0,0.0895
Sudan,2010.0,0.0879
Sudan,2015.0,0.0966
Sudan,2016.0,0.0630
Sudan,2017.0,0.0628
Sudan,2018.0,0.0628
Sudan,2019.0,0.06284
Sudan,2020.0,0.06283
Suriname,2000.0,0.0547
Suriname,2005.0,0.0538
Suriname,2010.0,0.0529
Suriname,2015.0,0.0658
Suriname,2016.0,0.0550
Suriname,2017.0,0.0547
Suriname,2018.0,0.0547
Suriname,2019.0,0.05473
Suriname,2020.0,0.05472
Eswatini,2000.0,0.0354
Eswatini,2005.0,0.0348
Eswatini,2010.0,0.0342
Eswatini,2015.0,0.0494
Eswatini,2016.0,0.0450
Eswatini,2017.0,0.0447
Eswatini,2018.0,0.0447
Eswatini,2019.0,0.04472
Eswatini,2020.0,0.04471
Sweden,2000.0,1.1307
Sweden,2005.0,1.1127
Sweden,2010.0,1.0930
Sweden,2015.0,0.9797
Sweden,2016.0,0.9170
Sweden,2017.0,0.9097
Sweden,2018.0,0.9096
Sweden,2019.0,0.90955
Sweden,2020.0,0.90908
Switzerland,2000.0,1.6272
Switzerland,2005.0,1.6014
Switzerland,2010.0,1.5730
Switzerland,2015.0,1.4014
Switzerland,2016.0,1.1860
Switzerland,2017.0,1.1763
Switzerland,2018.0,1.1761
Switzerland,2019.0,1.17608
Switzerland,2020.0,1.17547
Syria,2000.0,0.1488
Syria,2005.0,0.1465
Syria,2010.0,0.1439
Syria,2015.0,0.1458
Syria,2016.0,0.0880
Syria,2017.0,0.0875
Syria,2018.0,0.0875
Syria,2019.0,0.08747
Syria,2020.0,0.08744
Tajikistan,2000.0,0.0523
Tajikistan,2005.0,0.0515
Tajikistan,2010.0,0.0506
Tajikistan,2015.0,0.0638
Tajikistan,2016.0,0.0640
Tajikistan,2017.0,0.0637
Tajikistan,2018.0,0.0637
Tajikistan,2019.0,0.0637
Tajikistan,2020.0,0.06368
Thailand,2000.0,0.5171
Thailand,2005.0,0.5088
Thailand,2010.0,0.4998
Thailand,2015.0,0.6008
Thailand,2016.0,0.6730
Thailand,2017.0,0.6676
Thailand,2018.0,0.6675
Thailand,2019.0,0.66746
Thailand,2020.0,0.66712
Togo,2000.0,0.0460
Togo,2005.0,0.0452
Togo,2010.0,0.0444
Togo,2015.0,0.0584
Togo,2016.0,0.0590
Togo,2017.0,0.0583
Togo,2018.0,0.0583
Togo,2019.0,0.05829
Togo,2020.0,0.05828
Tonga,2000.0,0.0149
Tonga,2005.0,0.0147
Tonga,2010.0,0.0144
Tonga,2015.0,0.0320
Tonga,2016.0,0.0320
Tonga,2017.0,0.0319
Tonga,2018.0,0.0319
Tonga,2019.0,0.03186
Tonga,2020.0,0.03186
Trinidad and Tobago,2000.0,0.1684
Trinidad and Tobago,2005.0,0.1658
Trinidad and Tobago,2010.0,0.1628
Trinidad and Tobago,2015.0,0.1624
Trinidad and Tobago,2016.0,0.1230
Trinidad and Tobago,2017.0,0.1225
Trinidad and Tobago,2018.0,0.1225
Trinidad and Tobago,2019.0,0.12249
Trinidad and Tobago,2020.0,0.12244
United Arab Emirates,2000.0,0.2974
United Arab Emirates,2005.0,0.2927
United Arab Emirates,2010.0,0.2875
United Arab Emirates,2015.0,0.3278
United Arab Emirates,2016.0,0.1800
United Arab Emirates,2017.0,0.4885
United Arab Emirates,2018.0,0.4885
United Arab Emirates,2019.0,0.48845
United Arab Emirates,2020.0,0.48821
Tunisia,2000.0,0.1455
Tunisia,2005.0,0.1432
Tunisia,2010.0,0.1407
Tunisia,2015.0,0.1429
Tunisia,2016.0,0.1380
Tunisia,2017.0,0.1375
Tunisia,2018.0,0.1375
Tunisia,2019.0,0.13747
Tunisia,2020.0,0.13742
Turkey,2000.0,0.4620
Turkey,2005.0,0.4546
Turkey,2010.0,0.5492
Turkey,2015.0,0.6069
Turkey,2016.0,0.9630
Turkey,2017.0,0.9552
Turkey,2018.0,0.9550
Turkey,2019.0,0.95498
Turkey,2020.0,0.95449
Turkmenistan,2000.0,0.0468
Turkmenistan,2005.0,0.0461
Turkmenistan,2010.0,0.0453
Turkmenistan,2015.0,0.0591
Turkmenistan,2016.0,0.0770
Turkmenistan,2017.0,0.0765
Turkmenistan,2018.0,0.0765
Turkmenistan,2019.0,0.07654
Turkmenistan,2020.0,0.07651
Tuvalu,2000.0,0.0000
Tuvalu,2005.0,0.0000
Tuvalu,2010.0,0.0000
Tuvalu,2015.0,0.0300
Tuvalu,2016.0,0.0300
Tuvalu,2017.0,0.0296
Tuvalu,2018.0,0.0296
Tuvalu,2019.0,0.02961
Tuvalu,2020.0,0.02962
Uganda,2000.0,0.0960
Uganda,2005.0,0.0945
Uganda,2010.0,0.0928
Uganda,2015.0,0.1009
Uganda,2016.0,0.1010
Uganda,2017.0,0.1009
Uganda,2018.0,0.1009
Uganda,2019.0,0.10086
Uganda,2020.0,0.10083
Ukraine,2000.0,0.6526
Ukraine,2005.0,0.6422
Ukraine,2010.0,0.6308
Ukraine,2015.0,0.5736
Ukraine,2016.0,0.4320
Ukraine,2017.0,0.4290
Ukraine,2018.0,0.4290
Ukraine,2019.0,0.42895
Ukraine,2020.0,0.42874
North Macedonia,2000.0,0.0439
North Macedonia,2005.0,0.0432
North Macedonia,2010.0,0.0424
North Macedonia,2015.0,0.0566
North Macedonia,2016.0,0.0570
North Macedonia,2017.0,0.0570
North Macedonia,2018.0,0.0570
North Macedonia,2019.0,0.057
North Macedonia,2020.0,0.05699
Egypt,2000.0,0.4525
Egypt,2005.0,0.4453
Egypt,2010.0,0.4374
Egypt,2015.0,0.4037
Egypt,2016.0,0.4370
Egypt,2017.0,0.4341
Egypt,2018.0,0.4340
Egypt,2019.0,0.43398
Egypt,2020.0,0.43376
United Kingdom,2000.0,5.0279
United Kingdom,2005.0,4.9480
United Kingdom,2010.0,4.8602
United Kingdom,2015.0,4.2896
United Kingdom,2016.0,4.0690
United Kingdom,2017.0,4.0357
United Kingdom,2018.0,4.0348
United Kingdom,2019.0,4.03481
United Kingdom,2020.0,4.03267
Tanzania,2000.0,0.1046
Tanzania,2005.0,0.1029
Tanzania,2010.0,0.1011
Tanzania,2015.0,0.1082
Tanzania,2016.0,0.1090
Tanzania,2017.0,0.1082
Tanzania,2018.0,0.1082
Tanzania,2019.0,0.10818
Tanzania,2020.0,0.10814
United States,2000.0,17.3650
United States,2005.0,17.0889
United States,2010.0,16.7860
United States,2015.0,16.7407
United States,2016.0,16.6650
United States,2017.0,16.5272
United States,2018.0,16.5237
United States,2019.0,16.52366
United States,2020.0,16.51483
Burkina Faso,2000.0,0.0398
Burkina Faso,2005.0,0.0392
Burkina Faso,2010.0,0.0385
Burkina Faso,2015.0,0.0532
Burkina Faso,2016.0,0.0530
Burkina Faso,2017.0,0.0530
Burkina Faso,2018.0,0.0530
Burkina Faso,2019.0,0.05304
Burkina Faso,2020.0,0.05304
Uruguay,2000.0,0.1549
Uruguay,2005.0,0.1524
Uruguay,2010.0,0.1497
Uruguay,2015.0,0.1509
Uruguay,2016.0,0.1150
Uruguay,2017.0,0.1144
Uruguay,2018.0,0.1144
Uruguay,2019.0,0.1144
Uruguay,2020.0,0.11436
Uzbekistan,2000.0,0.1404
Uzbekistan,2005.0,0.1382
Uzbekistan,2010.0,0.1357
Uzbekistan,2015.0,0.1386
Uzbekistan,2016.0,0.1400
Uzbekistan,2017.0,0.1387
Uzbekistan,2018.0,0.1387
Uzbekistan,2019.0,0.13866
Uzbekistan,2020.0,0.13861
Venezuela,2000.0,1.2538
Venezuela,2005.0,1.2339
Venezuela,2010.0,1.2120
Venezuela,2015.0,1.0842
Venezuela,2016.0,0.7750
Venezuela,2017.0,0.7691
Venezuela,2018.0,0.7690
Venezuela,2019.0,0.76898
Venezuela,2020.0,0.76859
Samoa,2000.0,0.0171
Samoa,2005.0,0.0168
Samoa,2010.0,0.0165
Samoa,2015.0,0.0339
Samoa,2016.0,0.0320
Samoa,2017.0,0.0323
Samoa,2018.0,0.0323
Samoa,2019.0,0.03234
Samoa,2020.0,0.03234
Yemen,2000.0,0.1254
Yemen,2005.0,0.1234
Yemen,2010.0,0.1212
Yemen,2015.0,0.1259
Yemen,2016.0,0.1270
Yemen,2017.0,0.1259
Yemen,2018.0,0.1259
Yemen,2019.0,0.1259
Yemen,2020.0,0.12586
Zambia,2000.0,0.2402
Zambia,2005.0,0.2363
Zambia,2010.0,0.2321
Zambia,2015.0,0.2233
Zambia,2016.0,0.2250
Zambia,2017.0,0.2236
Zambia,2018.0,0.2235
Zambia,2019.0,0.22353
Zambia,2020.0,0.22343
