country,year,value
Afghanistan,2011.0,0.30457
Afghanistan,2015.0,0.60171
Albania,2000.0,0.97251
Albania,2005.0,1.0007
Albania,2009.0,0.9736
Albania,2017.0,0.95259
Algeria,2013.0,0.87421
Angola,2015.0,0.21008
Azerbaijan,2000.0,0.95295
Azerbaijan,2006.0,0.95182
Bangladesh,2004.0,0.45707
Bangladesh,2006.0,0.60704
Bangladesh,2007.0,0.53846
Bangladesh,2011.0,0.53996
Bangladesh,2013.0,0.57906
Bangladesh,2014.0,0.69865
Bangladesh,2019.0,0.76957
Armenia,2006.0,0.98488
Armenia,2011.0,0.99483
Armenia,2016.0,0.98667
Barbados,2012.0,0.981
Bhutan,2010.0,0.47125
Bolivia,2000.0,0.52999
Bolivia,2001.0,0.65815
Bolivia,2002.0,0.63876
Bolivia,2003.0,0.62886
Bolivia,2004.0,0.81758
Bolivia,2005.0,0.88555
Bolivia,2006.0,0.82988
Bolivia,2007.0,0.90257
Bolivia,2008.0,0.82548
Bolivia,2009.0,0.92379
Bolivia,2011.0,0.93679
Bolivia,2012.0,0.91819
Bolivia,2013.0,0.95126
Bolivia,2014.0,0.91446
Bolivia,2015.0,0.97804
Bolivia,2016.0,0.95577
Bolivia,2017.0,0.93724
Bolivia,2018.0,0.97557
Bosnia and Herzegovina,2006.0,0.9952
Bosnia and Herzegovina,2012.0,0.99667
Brazil,2001.0,0.79718
Brazil,2002.0,0.83076
Brazil,2003.0,0.86183
Brazil,2004.0,0.87647
Brazil,2005.0,0.88405
Brazil,2006.0,0.90805
Brazil,2007.0,0.89927
Brazil,2008.0,0.90579
Brazil,2009.0,0.90605
Brazil,2011.0,0.92114
Brazil,2012.0,0.93886
Brazil,2013.0,0.94422
Brazil,2014.0,0.95365
Brazil,2015.0,0.9557
Brazil,2016.0,0.90611
Brazil,2017.0,0.92822
Brazil,2018.0,0.93022
Belize,2006.0,0.87249
Belize,2011.0,0.65862
Belize,2016.0,0.921
Myanmar,2000.0,0.26779
Myanmar,2016.0,0.69852
Burundi,2000.0,0.24382
Burundi,2005.0,0.19965
Burundi,2010.0,0.3858
Burundi,2017.0,0.41035
Belarus,2005.0,1.0
Belarus,2012.0,1.0
Cambodia,2005.0,0.37267
Cambodia,2010.0,0.48515
Cambodia,2014.0,0.52341
Cameroon,2000.0,0.45844
Cameroon,2004.0,0.30306
Cameroon,2006.0,0.16059
Cameroon,2011.0,0.19286
Cameroon,2014.0,0.37119
Cameroon,2018.0,0.35071
Central African Republic,2000.0,0.12069
Central African Republic,2006.0,0.09837
Central African Republic,2010.0,0.19991
Sri Lanka,2006.0,0.96981
Chad,2000.0,0.11796
Chad,2004.0,0.00461
Chad,2010.0,0.29455
Chad,2014.0,0.26821
Chile,2000.0,0.89868
Chile,2003.0,0.94371
Chile,2006.0,0.94888
Chile,2009.0,0.9705
Chile,2011.0,0.95517
Chile,2013.0,0.96574
Chile,2015.0,0.95657
Chile,2017.0,0.96142
China,2010.0,0.94187
China,2012.0,0.91655
China,2014.0,0.9722
Colombia,2002.0,0.72877
Colombia,2003.0,0.74909
Colombia,2004.0,0.74489
Colombia,2005.0,0.64442
Colombia,2008.0,0.81512
Colombia,2009.0,0.80795
Colombia,2010.0,0.8035
Colombia,2011.0,0.82142
Colombia,2012.0,0.83888
Colombia,2013.0,0.84822
Colombia,2014.0,0.85709
Colombia,2015.0,0.83827
Colombia,2016.0,0.86811
Colombia,2017.0,0.878
Colombia,2018.0,0.88343
Comoros,2000.0,0.46288
Comoros,2012.0,0.57816
Congo,2005.0,0.41267
Congo,2012.0,0.45867
Congo,2015.0,0.43166
Democratic Republic of Congo,2001.0,0.26772
Democratic Republic of Congo,2007.0,0.28857
Democratic Republic of Congo,2010.0,0.31601
Democratic Republic of Congo,2013.0,0.5331
Democratic Republic of Congo,2018.0,0.44833
Costa Rica,2000.0,0.73877
Costa Rica,2001.0,0.71357
Costa Rica,2002.0,0.7663
Costa Rica,2003.0,0.78262
Costa Rica,2004.0,0.82383
Costa Rica,2005.0,0.84305
Costa Rica,2006.0,0.82629
Costa Rica,2007.0,0.82543
Costa Rica,2008.0,0.86071
Costa Rica,2009.0,0.852
Costa Rica,2010.0,0.88323
Costa Rica,2011.0,0.85056
Costa Rica,2012.0,0.90145
Costa Rica,2013.0,0.90135
Costa Rica,2014.0,0.90262
Costa Rica,2015.0,0.9161
Costa Rica,2016.0,0.90672
Costa Rica,2017.0,0.92591
Costa Rica,2018.0,0.95084
Cuba,2014.0,0.0
Benin,2006.0,0.26613
Benin,2011.0,0.41051
Benin,2014.0,0.34838
Benin,2018.0,0.2786
Dominican Republic,2000.0,0.55715
Dominican Republic,2001.0,0.64853
Dominican Republic,2002.0,0.71291
Dominican Republic,2003.0,0.77442
Dominican Republic,2004.0,0.754
Dominican Republic,2005.0,0.74355
Dominican Republic,2006.0,0.73689
Dominican Republic,2007.0,0.68069
Dominican Republic,2008.0,0.78345
Dominican Republic,2009.0,0.81802
Dominican Republic,2010.0,0.81563
Dominican Republic,2011.0,0.83437
Dominican Republic,2012.0,0.83142
Dominican Republic,2013.0,0.76422
Dominican Republic,2014.0,0.78519
Dominican Republic,2015.0,0.86494
Dominican Republic,2016.0,0.87105
Dominican Republic,2017.0,0.95096
Dominican Republic,2018.0,0.94176
Ecuador,2000.0,0.94511
Ecuador,2001.0,0.82797
Ecuador,2003.0,0.83181
Ecuador,2005.0,0.92321
Ecuador,2006.0,0.91672
Ecuador,2007.0,0.92915
Ecuador,2008.0,0.94482
Ecuador,2009.0,0.95413
Ecuador,2010.0,0.94432
Ecuador,2011.0,0.96361
Ecuador,2012.0,0.9733
Ecuador,2013.0,0.96641
Ecuador,2014.0,0.95895
Ecuador,2015.0,0.96775
Ecuador,2016.0,0.97466
Ecuador,2017.0,0.98011
Ecuador,2018.0,0.99573
El Salvador,2000.0,0.51739
El Salvador,2001.0,0.5678
El Salvador,2002.0,0.56649
El Salvador,2003.0,0.59632
El Salvador,2004.0,0.6202
El Salvador,2005.0,0.66106
El Salvador,2006.0,0.59996
El Salvador,2009.0,0.6833
El Salvador,2010.0,0.71698
El Salvador,2012.0,0.79865
El Salvador,2013.0,0.81897
El Salvador,2014.0,0.83687
El Salvador,2015.0,0.83669
El Salvador,2016.0,0.81562
El Salvador,2017.0,0.82813
El Salvador,2018.0,0.85887
Equatorial Guinea,2000.0,0.47015
Ethiopia,2000.0,0.0
Ethiopia,2005.0,0.1478
Ethiopia,2011.0,0.26459
Ethiopia,2016.0,0.35414
Djibouti,2006.0,0.0
Gabon,2012.0,0.36739
Georgia,2005.0,0.96149
Georgia,2018.0,1.00214
Gambia,2000.0,0.14268
Gambia,2006.0,0.41588
Gambia,2010.0,0.52999
Gambia,2013.0,0.57364
Gambia,2018.0,0.54735
Palestine,2010.0,0.97169
Palestine,2014.0,0.99431
Ghana,2003.0,0.33086
Ghana,2006.0,0.37143
Ghana,2009.0,0.43619
Ghana,2011.0,0.43421
Ghana,2014.0,0.51316
Ghana,2018.0,0.60743
Kiribati,2019.0,0.92248
Guatemala,2000.0,0.33778
Guatemala,2006.0,0.46869
Guatemala,2011.0,0.50289
Guatemala,2014.0,0.65608
Guatemala,2015.0,0.58313
Guinea,2005.0,0.13819
Guinea,2012.0,0.17179
Guinea,2016.0,0.29503
Guinea,2018.0,0.19619
Guyana,2000.0,0.92515
Guyana,2006.0,0.92737
Guyana,2009.0,0.84211
Guyana,2014.0,0.95357
Haiti,2005.0,0.14529
Haiti,2012.0,0.20575
Haiti,2017.0,0.25929
Honduras,2001.0,0.55834
Honduras,2004.0,0.5561
Honduras,2005.0,0.58493
Honduras,2006.0,0.51139
Honduras,2009.0,0.68249
Honduras,2010.0,0.71703
Honduras,2011.0,0.62761
Honduras,2012.0,0.78813
Honduras,2013.0,0.78127
Honduras,2014.0,0.71394
Honduras,2015.0,0.80698
Honduras,2016.0,0.81069
Honduras,2018.0,0.76435
India,2005.0,0.69574
India,2006.0,0.53562
India,2011.0,0.86941
India,2016.0,0.81591
Indonesia,2003.0,0.82039
Indonesia,2008.0,0.80848
Indonesia,2012.0,0.87854
Indonesia,2017.0,0.91
Iraq,2000.0,0.42747
Iraq,2011.0,0.43917
Iraq,2018.0,0.58416
Israel,2012.0,1.0
Cote d'Ivoire,2000.0,0.25206
Cote d'Ivoire,2006.0,0.24929
Cote d'Ivoire,2012.0,0.24434
Cote d'Ivoire,2016.0,0.32151
Jamaica,2011.0,0.98177
Kazakhstan,2006.0,1.00123
Kazakhstan,2011.0,0.99359
Kazakhstan,2015.0,1.00378
Jordan,2007.0,0.96624
Jordan,2012.0,0.95669
Jordan,2018.0,0.92279
Kenya,2000.0,0.50179
Kenya,2003.0,0.36934
Kenya,2008.0,0.64158
Kenya,2014.0,0.65401
Kyrgyzstan,2006.0,1.00308
Kyrgyzstan,2012.0,1.00403
Kyrgyzstan,2014.0,0.98273
Kyrgyzstan,2018.0,1.00886
Laos,2000.0,0.35552
Laos,2006.0,0.21013
Laos,2012.0,0.28656
Laos,2017.0,0.64059
Lesotho,2005.0,0.29967
Lesotho,2009.0,0.40048
Lesotho,2014.0,0.53597
Lesotho,2018.0,0.60302
Liberia,2007.0,0.11009
Liberia,2013.0,0.18831
Madagascar,2000.0,0.20186
Madagascar,2004.0,0.06543
Madagascar,2009.0,0.12325
Madagascar,2018.0,0.19805
Malawi,2004.0,0.3886
Malawi,2006.0,0.37636
Malawi,2010.0,0.43519
Malawi,2014.0,0.34946
Malawi,2016.0,0.34656
Maldives,2008.0,0.94799
Maldives,2017.0,0.96609
Mali,2006.0,0.24421
Mali,2010.0,0.21806
Mali,2013.0,0.31471
Mali,2015.0,0.25047
Mali,2018.0,0.32424
Mauritania,2007.0,0.17476
Mauritania,2011.0,0.21911
Mauritania,2015.0,0.31968
Mexico,2000.0,0.79855
Mexico,2002.0,0.86534
Mexico,2004.0,0.85081
Mexico,2006.0,0.86534
Mexico,2008.0,0.91114
Mexico,2010.0,0.92323
Mexico,2012.0,0.95039
Mexico,2014.0,0.94731
Mexico,2016.0,0.92154
Mexico,2018.0,0.96676
Mongolia,2000.0,0.62925
Mongolia,2006.0,0.86407
Mongolia,2010.0,0.895
Mongolia,2014.0,0.95615
Mongolia,2018.0,0.96908
Moldova,2000.0,0.9851
Moldova,2005.0,0.94901
Moldova,2012.0,0.97003
Montenegro,2005.0,0.95637
Montenegro,2013.0,0.99484
Montenegro,2018.0,0.89023
Morocco,2004.0,0.26778
Mozambique,2003.0,0.03284
Mozambique,2008.0,0.13532
Mozambique,2011.0,0.15211
Namibia,2007.0,0.6152
Namibia,2013.0,0.71518
Nepal,2007.0,0.55649
Nepal,2011.0,0.61983
Nepal,2014.0,0.80908
Nepal,2016.0,0.86351
Vanuatu,2007.0,0.69071
Nicaragua,2001.0,0.39652
Nicaragua,2005.0,0.38926
Nicaragua,2009.0,0.60884
Nicaragua,2014.0,0.70597
Niger,2000.0,0.06151
Niger,2006.0,0.11223
Niger,2012.0,0.14491
Nigeria,2003.0,0.32154
Nigeria,2007.0,0.28007
Nigeria,2008.0,0.30113
Nigeria,2011.0,0.32493
Nigeria,2013.0,0.21885
Nigeria,2016.0,0.36483
Nigeria,2018.0,0.27506
Pakistan,2007.0,0.26983
Pakistan,2012.0,0.27409
Pakistan,2018.0,0.30988
Panama,2000.0,0.85348
Panama,2001.0,0.73168
Panama,2002.0,0.77894
Panama,2003.0,0.7897
Panama,2004.0,0.86283
Panama,2005.0,0.81484
Panama,2006.0,0.85272
Panama,2007.0,0.8041
Panama,2008.0,0.84657
Panama,2009.0,0.85384
Panama,2011.0,0.83187
Panama,2013.0,0.90891
Panama,2014.0,0.87745
Panama,2015.0,0.8769
Panama,2016.0,0.8684
Panama,2017.0,0.90916
Panama,2018.0,0.9031
Papua New Guinea,2018.0,0.45326
Paraguay,2001.0,0.67559
Paraguay,2003.0,0.73246
Paraguay,2004.0,0.7824
Paraguay,2005.0,0.79447
Paraguay,2006.0,0.81223
Paraguay,2007.0,0.78357
Paraguay,2008.0,0.79506
Paraguay,2009.0,0.81819
Paraguay,2010.0,0.79691
Paraguay,2011.0,0.84774
Paraguay,2012.0,0.80225
Paraguay,2013.0,0.88184
Paraguay,2014.0,0.8615
Paraguay,2015.0,0.81957
Paraguay,2016.0,0.81617
Paraguay,2017.0,0.85002
Paraguay,2018.0,0.91842
Peru,2000.0,0.80947
Peru,2001.0,0.75803
Peru,2002.0,0.75596
Peru,2003.0,0.77949
Peru,2004.0,0.80781
Peru,2005.0,0.83402
Peru,2006.0,0.84207
Peru,2007.0,0.84763
Peru,2008.0,0.86428
Peru,2009.0,0.88062
Peru,2010.0,0.87928
Peru,2011.0,0.91774
Peru,2012.0,0.91159
Peru,2013.0,0.91756
Peru,2014.0,0.92146
Peru,2015.0,0.95153
Peru,2016.0,0.94101
Peru,2017.0,0.95134
Peru,2018.0,0.95389
Philippines,2004.0,0.63888
Philippines,2008.0,0.62285
Philippines,2013.0,0.69097
Philippines,2018.0,0.80308
Guinea-Bissau,2000.0,0.03295
Guinea-Bissau,2006.0,0.15142
Guinea-Bissau,2014.0,0.13294
Timor,2009.0,0.47565
Timor,2016.0,0.61991
Qatar,2012.0,0.0
Russia,2013.0,1.0
Rwanda,2005.0,0.16057
Rwanda,2010.0,0.34053
Rwanda,2015.0,0.47658
Saint Lucia,2012.0,0.97843
Sao Tome and Principe,2000.0,0.42232
Sao Tome and Principe,2009.0,0.45894
Sao Tome and Principe,2014.0,0.75385
Senegal,2000.0,0.17553
Senegal,2005.0,0.09685
Senegal,2011.0,0.27628
Senegal,2014.0,0.39764
Senegal,2016.0,0.3375
Senegal,2017.0,0.36112
Senegal,2018.0,0.4104
Senegal,2019.0,0.35146
Serbia,2005.0,0.9626
Serbia,2011.0,0.99717
Serbia,2014.0,0.96018
Serbia,2019.0,0.96886
Sierra Leone,2000.0,0.14209
Sierra Leone,2005.0,0.15441
Sierra Leone,2008.0,0.19114
Sierra Leone,2010.0,0.42388
Sierra Leone,2013.0,0.49974
Sierra Leone,2017.0,0.37468
Vietnam,2000.0,0.59159
Vietnam,2006.0,0.86232
Vietnam,2011.0,0.88913
Vietnam,2014.0,0.91627
Somalia,2006.0,0.05363
South Africa,2016.0,0.9248
Zimbabwe,2005.0,0.71904
Zimbabwe,2009.0,0.70499
Zimbabwe,2010.0,0.7405
Zimbabwe,2014.0,0.78614
Zimbabwe,2015.0,0.76497
Zimbabwe,2019.0,0.79273
South Sudan,2000.0,0.50094
South Sudan,2010.0,0.14215
Sudan,2000.0,0.2795
Sudan,2010.0,0.39537
Sudan,2014.0,0.45255
Suriname,2000.0,0.22715
Suriname,2006.0,0.41159
Suriname,2010.0,0.52706
Suriname,2018.0,0.69304
Eswatini,2006.0,0.40041
Eswatini,2010.0,0.50314
Eswatini,2014.0,0.58955
Syria,2006.0,0.91414
Tajikistan,2000.0,0.97596
Tajikistan,2006.0,0.97545
Tajikistan,2012.0,0.9814
Tajikistan,2017.0,0.9936
Thailand,2005.0,0.97603
Thailand,2013.0,0.98384
Thailand,2016.0,1.00172
Thailand,2019.0,0.97768
Togo,2000.0,0.39526
Togo,2006.0,0.41527
Togo,2010.0,0.3652
Togo,2014.0,0.48434
Togo,2017.0,0.70969
Tonga,2019.0,0.98202
Trinidad and Tobago,2000.0,0.97235
Trinidad and Tobago,2006.0,0.9369
Trinidad and Tobago,2011.0,0.9338
Tunisia,2012.0,0.83557
Tunisia,2018.0,0.8864
Turkey,2004.0,0.73786
Turkey,2008.0,0.89636
Turkey,2014.0,0.96705
Turkmenistan,2006.0,0.999
Turkmenistan,2016.0,1.0
Turkmenistan,2019.0,0.99503
Uganda,2006.0,0.14766
Uganda,2011.0,0.21605
Uganda,2016.0,0.26126
Ukraine,2005.0,0.9804
Ukraine,2007.0,0.99682
Ukraine,2013.0,0.99901
North Macedonia,2005.0,0.92028
North Macedonia,2011.0,0.98255
North Macedonia,2019.0,0.9739
Egypt,2005.0,0.64857
Egypt,2009.0,0.71123
Egypt,2014.0,0.89331
Tanzania,2004.0,0.36298
Tanzania,2010.0,0.55362
Tanzania,2015.0,0.63943
United States,2013.0,0.9809
Burkina Faso,2003.0,0.12967
Burkina Faso,2006.0,0.21155
Burkina Faso,2010.0,0.17157
Uruguay,2008.0,0.90368
Uruguay,2009.0,0.93667
Uruguay,2010.0,0.94118
Uruguay,2011.0,0.95444
Uruguay,2012.0,0.95179
Uruguay,2013.0,0.92892
Uruguay,2014.0,0.95593
Uruguay,2015.0,0.96007
Uruguay,2016.0,0.96692
Uruguay,2017.0,0.97486
Uruguay,2018.0,0.97038
Uzbekistan,2006.0,1.0
Venezuela,2000.0,0.84916
Venezuela,2001.0,0.82786
Venezuela,2002.0,0.82767
Venezuela,2003.0,0.83997
Venezuela,2004.0,0.84079
Venezuela,2005.0,0.8775
Venezuela,2006.0,0.87809
Venezuela,2007.0,0.90102
Venezuela,2008.0,0.88474
Venezuela,2009.0,0.91299
Venezuela,2010.0,0.91854
Venezuela,2011.0,0.93343
Venezuela,2012.0,0.93498
Venezuela,2013.0,0.92384
Venezuela,2014.0,0.94141
Yemen,2006.0,0.39796
Yemen,2013.0,0.39459
Zambia,2001.0,0.2438
Zambia,2007.0,0.31361
Zambia,2013.0,0.46632
Zambia,2018.0,0.42239
