country,year,value
Afghanistan,2011.0,34.92572
Afghanistan,2015.0,49.21065
Albania,2009.0,72.26036
Albania,2017.0,81.9901
Algeria,2013.0,25.05828
Angola,2015.0,30.63362
Azerbaijan,2006.0,81.6877
Argentina,2000.0,48.92
Argentina,2001.0,52.87
Argentina,2002.0,55.68
Argentina,2003.0,54.25
Argentina,2004.0,58.9
Argentina,2005.0,60.55
Argentina,2006.0,61.94
Argentina,2007.0,64.68
Argentina,2008.0,61.93
Argentina,2009.0,56.05
Argentina,2011.0,56.12
Argentina,2012.0,58.36
Argentina,2013.0,57.94
Argentina,2014.0,56.44
Argentina,2016.0,57.72
Argentina,2017.0,61.19
Argentina,2018.0,65.14
Bangladesh,2006.0,27.60916
Bangladesh,2011.0,26.96278
Bangladesh,2014.0,24.6599
Bangladesh,2019.0,37.24223
Armenia,2006.0,45.89561
Armenia,2011.0,92.02418
Armenia,2016.0,66.21896
Barbados,2012.0,90.06387
Bhutan,2010.0,44.02108
Bolivia,2000.0,60.44
Bolivia,2001.0,68.95
Bolivia,2002.0,62.93
Bolivia,2003.0,66.29765
Bolivia,2004.0,62.28
Bolivia,2005.0,72.23
Bolivia,2006.0,70.4
Bolivia,2007.0,72.39
Bolivia,2008.0,73.00839
Bolivia,2009.0,73.14
Bolivia,2011.0,76.29
Bolivia,2012.0,75.09
Bolivia,2013.0,83.45
Bolivia,2014.0,75.41
Bolivia,2015.0,77.3
Bolivia,2016.0,81.8
Bolivia,2017.0,83.15
Bolivia,2018.0,79.2
Bosnia and Herzegovina,2012.0,96.69978
Brazil,2001.0,44.21
Brazil,2002.0,47.82
Brazil,2003.0,51.04
Brazil,2004.0,54.1
Brazil,2005.0,55.77
Brazil,2006.0,59.18
Brazil,2007.0,58.95
Brazil,2008.0,61.54
Brazil,2009.0,64.22
Brazil,2011.0,63.99
Brazil,2012.0,63.69
Brazil,2013.0,64.84
Brazil,2014.0,65.43
Brazil,2015.0,67.24
Brazil,2016.0,62.64
Brazil,2017.0,63.09
Brazil,2018.0,65.54
Belize,2016.0,57.35683
Myanmar,2016.0,26.70033
Burundi,2000.0,14.70588
Burundi,2010.0,23.88094
Burundi,2017.0,19.2572
Belarus,2012.0,88.70661
Cambodia,2005.0,30.92116
Cambodia,2008.0,32.77232
Cambodia,2010.0,42.34191
Cambodia,2014.0,47.70098
Cameroon,2004.0,13.95423
Cameroon,2005.0,42.26699
Cameroon,2006.0,17.21348
Cameroon,2011.0,26.15018
Cameroon,2014.0,26.54736
Cameroon,2018.0,36.19616
Central African Republic,2006.0,9.21186
Central African Republic,2010.0,18.53861
Sri Lanka,2006.0,29.74691
Chad,2004.0,16.21461
Chad,2014.0,31.29867
Chile,2000.0,68.51
Chile,2002.0,68.87661
Chile,2003.0,74.68
Chile,2006.0,80.14
Chile,2009.0,80.64
Chile,2011.0,79.29
Chile,2013.0,81.04
Chile,2015.0,83.26
Chile,2017.0,84.56
Colombia,2002.0,61.4
Colombia,2003.0,60.87
Colombia,2004.0,63.76
Colombia,2005.0,64.25905
Colombia,2008.0,69.67
Colombia,2009.0,67.77
Colombia,2010.0,68.88348
Colombia,2011.0,70.29
Colombia,2012.0,70.01
Colombia,2013.0,71.61
Colombia,2014.0,71.37
Colombia,2015.0,75.00544
Colombia,2016.0,73.83
Colombia,2017.0,75.2
Colombia,2018.0,75.55
Comoros,2012.0,35.17294
Congo,2005.0,14.48982
Congo,2012.0,20.25751
Congo,2015.0,34.34568
Democratic Republic of Congo,2007.0,26.85826
Democratic Republic of Congo,2010.0,33.33239
Democratic Republic of Congo,2013.0,46.55177
Democratic Republic of Congo,2018.0,53.45619
Costa Rica,2000.0,41.36
Costa Rica,2001.0,46.2
Costa Rica,2002.0,42.89
Costa Rica,2003.0,45.21
Costa Rica,2004.0,43.46
Costa Rica,2005.0,43.56
Costa Rica,2006.0,46.27
Costa Rica,2007.0,39.21
Costa Rica,2008.0,45.07
Costa Rica,2009.0,45.1
Costa Rica,2010.0,51.08
Costa Rica,2011.0,41.43139
Costa Rica,2012.0,54.07
Costa Rica,2013.0,59.65
Costa Rica,2014.0,54.73
Costa Rica,2015.0,48.14
Costa Rica,2016.0,54.24
Costa Rica,2017.0,50.6
Costa Rica,2018.0,58.03055
Cuba,2014.0,87.14713
Benin,2006.0,23.31174
Benin,2011.0,32.48544
Benin,2014.0,22.69027
Benin,2018.0,19.9451
Dominican Republic,2000.0,36.59
Dominican Republic,2001.0,41.34
Dominican Republic,2002.0,41.57
Dominican Republic,2003.0,44.71
Dominican Republic,2004.0,46.35
Dominican Republic,2005.0,50.29
Dominican Republic,2006.0,46.77
Dominican Republic,2007.0,45.23763
Dominican Republic,2008.0,48.25
Dominican Republic,2009.0,50.19
Dominican Republic,2010.0,54.52
Dominican Republic,2011.0,57.99
Dominican Republic,2012.0,53.96
Dominican Republic,2013.0,52.15821
Dominican Republic,2014.0,53.23517
Dominican Republic,2015.0,56.16
Dominican Republic,2016.0,59.3
Dominican Republic,2017.0,55.93
Dominican Republic,2018.0,58.26
Ecuador,2001.0,50.64
Ecuador,2003.0,58.3
Ecuador,2005.0,59.7
Ecuador,2006.0,60.78
Ecuador,2007.0,62.72
Ecuador,2008.0,63.24
Ecuador,2009.0,65.72
Ecuador,2010.0,64.28
Ecuador,2011.0,70.69
Ecuador,2012.0,72.94
Ecuador,2013.0,73.02
Ecuador,2014.0,68.78
Ecuador,2015.0,72.38
Ecuador,2016.0,74.39
Ecuador,2017.0,73.58
Ecuador,2018.0,77.76
El Salvador,2000.0,54.43
El Salvador,2001.0,56.39
El Salvador,2002.0,61.24
El Salvador,2003.0,54.92
El Salvador,2004.0,56.66
El Salvador,2005.0,59.63
El Salvador,2006.0,59.3
El Salvador,2007.0,39.71598
El Salvador,2009.0,59.61
El Salvador,2010.0,60.24
El Salvador,2012.0,61.73
El Salvador,2013.0,64.86
El Salvador,2014.0,61.41
El Salvador,2015.0,66.12
El Salvador,2016.0,68.4
El Salvador,2017.0,71.51
El Salvador,2018.0,70.93
Ethiopia,2000.0,23.95477
Ethiopia,2005.0,36.30564
Ethiopia,2007.0,23.18399
Ethiopia,2011.0,33.73735
Ethiopia,2016.0,39.20816
Fiji,2007.0,40.625
Djibouti,2006.0,27.82448
Gabon,2012.0,15.42504
Georgia,2018.0,79.4685
Gambia,2006.0,37.98462
Gambia,2010.0,38.40574
Gambia,2013.0,40.79823
Gambia,2018.0,31.34067
Palestine,2014.0,51.14528
Ghana,2009.0,48.92116
Ghana,2010.0,21.42818
Ghana,2014.0,47.13303
Ghana,2018.0,48.41554
Kiribati,2019.0,20
Guatemala,2000.0,35.63
Guatemala,2006.0,41.13
Guatemala,2014.0,44.82
Guatemala,2015.0,50.84769
Guinea,2005.0,13.76495
Guinea,2012.0,38.98369
Guinea,2016.0,46.70235
Guinea,2018.0,42.0371
Guyana,2006.0,64.29742
Guyana,2009.0,68.21802
Guyana,2014.0,51.72107
Haiti,2003.0,16.46873
Haiti,2005.0,21.36095
Haiti,2012.0,23.67813
Haiti,2017.0,27.68435
Honduras,2001.0,30.62
Honduras,2004.0,32.57
Honduras,2005.0,35.24
Honduras,2009.0,44.87
Honduras,2010.0,48.68
Honduras,2011.0,51.80275
Honduras,2012.0,53.18
Honduras,2013.0,47.28
Honduras,2014.0,44.22
Honduras,2015.0,50.71
Honduras,2016.0,55.99
Honduras,2018.0,46.47
India,2006.0,39.93831
India,2016.0,56.38608
Indonesia,2003.0,56.22006
Indonesia,2008.0,60.31278
Indonesia,2017.0,75.64768
Iraq,2011.0,22.01919
Iraq,2018.0,30.4884
Cote d'Ivoire,2006.0,21.80097
Cote d'Ivoire,2012.0,27.36235
Cote d'Ivoire,2016.0,27.20684
Jamaica,2001.0,85.52898
Jamaica,2011.0,80.52339
Kazakhstan,2006.0,91.32608
Kazakhstan,2011.0,91.71255
Kazakhstan,2015.0,93.86614
Jordan,2007.0,53.8556
Jordan,2018.0,50.51178
Kenya,2003.0,44.45691
Kenya,2008.0,54.52406
Kenya,2009.0,43.38826
Kenya,2014.0,58.95918
Kyrgyzstan,2006.0,79.68309
Kyrgyzstan,2012.0,87.11675
Kyrgyzstan,2014.0,86.06564
Kyrgyzstan,2018.0,92.96567
Laos,2006.0,44.82856
Laos,2012.0,53.92533
Laos,2017.0,55.8327
Lesotho,2005.0,33.82055
Lesotho,2009.0,37.33384
Lesotho,2014.0,20.43292
Lesotho,2018.0,50.32302
Liberia,2007.0,10.33981
Liberia,2008.0,13.01101
Liberia,2013.0,23.31299
Madagascar,2009.0,19.88611
Madagascar,2018.0,29.44404
Malawi,2004.0,36.562
Malawi,2008.0,41.93444
Malawi,2010.0,41.94275
Malawi,2016.0,34.25542
Maldives,2008.0,25.49824
Maldives,2017.0,41.03107
Mali,2006.0,13.9426
Mali,2009.0,26.3878
Mali,2013.0,34.04321
Mali,2015.0,41.23737
Mali,2018.0,35.26693
Mauritania,2007.0,14.5335
Mauritania,2011.0,23.95299
Mauritania,2015.0,35.98005
Mexico,2000.0,37.03
Mexico,2002.0,40.34
Mexico,2004.0,42.99
Mexico,2006.0,47.51
Mexico,2008.0,49.14
Mexico,2010.0,51.37
Mexico,2012.0,52.45
Mexico,2014.0,56.78
Mexico,2015.0,54.60553
Mexico,2016.0,56.59406
Mexico,2018.0,60.63
Mongolia,2006.0,75.95903
Mongolia,2014.0,66.76952
Mongolia,2018.0,82.77702
Moldova,2005.0,67.78672
Moldova,2012.0,76.34979
Montenegro,2013.0,87.94676
Montenegro,2018.0,85.28631
Morocco,2004.0,33.00672
Mozambique,2003.0,6.08045
Mozambique,2008.0,10.27322
Mozambique,2011.0,17.04689
Namibia,2007.0,34.04222
Namibia,2013.0,44.88935
Nepal,2007.0,19.07345
Vanuatu,2007.0,24.94466
Nicaragua,2001.0,30.71
Nicaragua,2005.0,36.55
Nicaragua,2009.0,41.82
Nicaragua,2014.0,46.88
Niger,2006.0,5.31605
Niger,2012.0,10.30472
Nigeria,2003.0,57.4812
Nigeria,2007.0,57.75692
Nigeria,2008.0,70.46561
Nigeria,2010.0,68.3047
Nigeria,2011.0,71.33308
Nigeria,2013.0,73.8154
Nigeria,2016.0,80.14517
Nigeria,2018.0,74.92123
Pakistan,2007.0,22.82101
Pakistan,2012.0,30.52424
Pakistan,2018.0,32.8942
Panama,2000.0,50.74
Panama,2001.0,55.64
Panama,2002.0,54.78
Panama,2003.0,58.07
Panama,2004.0,53.21
Panama,2005.0,58.52
Panama,2006.0,62.24
Panama,2007.0,61.3
Panama,2008.0,60.33
Panama,2009.0,61.46
Panama,2010.0,61.48612
Panama,2011.0,62.27
Panama,2013.0,60.33
Panama,2014.0,64.79
Panama,2015.0,66.13
Panama,2016.0,69.16
Panama,2017.0,64.82
Panama,2018.0,68.66
Papua New Guinea,2018.0,38.59854
Paraguay,2001.0,47.97
Paraguay,2002.0,46.32021
Paraguay,2003.0,50.61
Paraguay,2004.0,51.1
Paraguay,2005.0,58.12
Paraguay,2006.0,64.47
Paraguay,2007.0,59.5
Paraguay,2008.0,65.1
Paraguay,2009.0,58.6
Paraguay,2010.0,57.38
Paraguay,2011.0,65.45
Paraguay,2012.0,72.06
Paraguay,2013.0,69.55
Paraguay,2014.0,70.29
Paraguay,2015.0,68.67
Paraguay,2016.0,65.05784
Paraguay,2017.0,66.85
Paraguay,2018.0,67.98
Peru,2000.0,73.05
Peru,2001.0,70.74
Peru,2002.0,69.46
Peru,2003.0,70.52
Peru,2004.0,77.79
Peru,2005.0,75.5
Peru,2006.0,80.13
Peru,2007.0,81.66
Peru,2008.0,81.37
Peru,2009.0,80.25
Peru,2010.0,84.43
Peru,2011.0,86.48
Peru,2012.0,86.76
Peru,2013.0,85.96
Peru,2014.0,86.12
Peru,2015.0,84.51
Peru,2016.0,84.68
Peru,2017.0,88.89
Peru,2018.0,88.52
Philippines,2004.0,64.68442
Philippines,2018.0,80.53918
Guinea-Bissau,2014.0,13.20605
Timor-Leste,2009.0,69.83836
Timor-Leste,2016.0,72.99073
Qatar,2012.0,80.93187
Rwanda,2002.0,8.1233
Rwanda,2005.0,12.97484
Rwanda,2010.0,25.39794
Rwanda,2012.0,22.42771
Rwanda,2015.0,40.67191
Saint Lucia,2012.0,72.93622
Sao Tome and Principe,2009.0,20.76303
Sao Tome and Principe,2014.0,8.0712
Senegal,2002.0,16.38449
Senegal,2005.0,7.03024
Senegal,2011.0,11.96609
Senegal,2016.0,18.47049
Senegal,2017.0,20.70995
Senegal,2018.0,23.2743
Senegal,2019.0,16.24352
Serbia,2011.0,75.92899
Serbia,2014.0,76.62708
Serbia,2019.0,82.66741
Sierra Leone,2004.0,2.51821
Sierra Leone,2008.0,25.29494
Sierra Leone,2013.0,40.96785
Sierra Leone,2017.0,34.25892
Vietnam,2009.0,50.1793
Vietnam,2011.0,64.27953
Vietnam,2014.0,67.24484
South Africa,2011.0,51.55931
South Africa,2016.0,51.83211
Zimbabwe,2005.0,12.22394
Zimbabwe,2010.0,26.92495
Zimbabwe,2012.0,23.95443
Zimbabwe,2015.0,29.51326
Zimbabwe,2019.0,33.42204
South Sudan,2010.0,13.62636
Sudan,2014.0,46.99782
Suriname,2010.0,24.48241
Suriname,2018.0,22.71478
Eswatini,2006.0,39.6211
Eswatini,2010.0,43.48869
Eswatini,2014.0,47.49729
Syria,2006.0,29.83996
Tajikistan,2006.0,77.19716
Tajikistan,2012.0,82.46101
Tajikistan,2017.0,85.91212
Thailand,2000.0,51.08379
Thailand,2013.0,60.06869
Thailand,2016.0,60.67097
Thailand,2019.0,65.98374
Togo,2006.0,19.56202
Togo,2010.0,19.86055
Togo,2014.0,32.39434
Togo,2017.0,43.87289
Tonga,2019.0,26.76116
Tunisia,2012.0,45.94881
Tunisia,2018.0,48.8298
Turkey,2004.0,56.46118
Turkey,2014.0,58.49637
Turkmenistan,2016.0,93.47607
Uganda,2002.0,26.5022
Uganda,2006.0,27.35082
Uganda,2011.0,45.36912
Uganda,2016.0,36.62519
Ukraine,2007.0,91.54627
Ukraine,2013.0,97.9625
North Macedonia,2011.0,88.11934
North Macedonia,2019.0,87.14356
Egypt,2005.0,44.28084
Egypt,2009.0,44.97323
Egypt,2014.0,56.84503
Tanzania,2002.0,6.44959
Tanzania,2004.0,8.9905
Tanzania,2010.0,8.34343
Tanzania,2012.0,17.6906
Tanzania,2015.0,17.98723
Burkina Faso,2003.0,17.82129
Burkina Faso,2006.0,7.35414
Burkina Faso,2010.0,15.31372
Uruguay,2000.0,19.68
Uruguay,2001.0,22
Uruguay,2002.0,24.91
Uruguay,2003.0,24.91
Uruguay,2004.0,26.37
Uruguay,2005.0,25.95
Uruguay,2008.0,29.03
Uruguay,2009.0,28.88
Uruguay,2010.0,28.68
Uruguay,2011.0,29.58
Uruguay,2012.0,28.19
Uruguay,2013.0,41.59657
Uruguay,2014.0,29.59
Uruguay,2015.0,29.61
Uruguay,2016.0,29.69
Uruguay,2017.0,32.97
Uruguay,2018.0,35.18
Uzbekistan,2006.0,78.27894
Yemen,2006.0,48.45
Yemen,2013.0,47.25298
Zambia,2001.0,34.55371
Zambia,2007.0,37.2542
Zambia,2013.0,52.30191
Zambia,2018.0,50.61192
