country,year,value
Albania,2011.0,19.65278
Austria,2009.0,21.29281
Armenia,2008.0,23.06667
Cameroon,2014.0,10.89594
Canada,2016.0,17.08333
Colombia,2013.0,16.70833
Colombia,2017.0,1.06308
Costa Rica,2017.0,20.21094
Fiji,2016.0,9.96196
Finland,2000.0,17.025
Finland,2010.0,20.47083
Palestine,2000.0,7.91667
Palestine,2013.0,6.80556
Germany,2013.0,19.0
Greece,2014.0,20.83333
Hungary,2010.0,17.41352
Kazakhstan,2018.0,13.68056
South Korea,2014.0,14.09583
South Korea,2019.0,13.54167
Laos,2017.0,11.60281
Mexico,2009.0,22.21191
Mexico,2014.0,20.89659
Mexico,2019.0,24.48351
Mongolia,2015.0,15.28056
Mongolia,2019.0,16.83096
Moldova,2012.0,22.96992
Norway,2011.0,17.15
Paraguay,2016.0,9.9782
Peru,2010.0,23.84707
Poland,2013.0,18.40417
Romania,2000.0,23.75
Romania,2012.0,20.83333
Serbia,2011.0,21.01163
Serbia,2015.0,18.03198
Switzerland,2010.0,14.85833
Switzerland,2013.0,14.975
Switzerland,2016.0,14.80417
Switzerland,2020.0,16.8
Turkey,2006.0,15.41258
Uganda,2018.0,11.25
