country,year,value
World,2018.0,51.503752384867
Oceania,2018.0,33.87165
Northern America,2018.0,40.74951
Eastern Asia,2018.0,66.84936
Australia,2018.0,39.3545031547546
Austria,2018.0,91.9080913066864
Australia and New Zealand,2018.0,33.87165
Belgium,2018.0,30.5150538682937
Canada,2018.0,51.9260346889495
Western Asia,2018.0,100
Europe,2018.0,49.61573
China,2018.0,100
Czechia,2018.0,43.0555552244186
Denmark,2018.0,32.7283173799514
Finland,2018.0,65.625
France,2018.0,50.2411544322967
Germany,2018.0,64.2835557460784
Iceland,2018.0,100
Ireland,2018.0,54.8265159130096
Italy,2018.0,57.3959529399871
Japan,2018.0,61.3435387611389
South Korea,2018.0,39.2045468091964
Luxembourg,2018.0,33.5278302431106
Monaco,2018.0,0
Europe and Northern America,2018.0,48.80971
Netherlands,2018.0,58.3608448505401
New Zealand,2018.0,28.3887922763824
Norway,2018.0,61.7965340614318
Portugal,2018.0,34.8809510469436
Slovenia,2018.0,6.25
Spain,2018.0,67.7515745162963
Northern Africa and Western Asia,2018.0,100
Sweden,2018.0,56.3841581344604
Eastern and South-Eastern Asia,2018.0,66.84936
Switzerland,2018.0,60.4367196559906
United Kingdom,2018.0,22.3468661308288
United States,2018.0,29.5729756355285
