country,year,value
Austria,2009.0,9.50728
Armenia,2008.0,3.59583
Cameroon,2014.0,4.94228
Canada,2016.0,9.16667
Colombia,2013.0,4.75
Colombia,2017.0,5.10931
Costa Rica,2017.0,8.90689
Fiji,2016.0,5.81246
Finland,2000.0,9.55833
Finland,2010.0,10.22083
Palestine,2000.0,3.95833
Palestine,2013.0,3.47222
Germany,2013.0,9.7
Greece,2014.0,6.11111
Hungary,2010.0,7.81445
Kazakhstan,2018.0,6.25
Korea,2014.0,3.8875
Korea,2019.0,4.58333
Laos,2017.0,9.68681
Mexico,2009.0,12.60001
Mexico,2014.0,11.8531
Mexico,2019.0,11.80455
Mongolia,2015.0,6.89097
Mongolia,2019.0,7.58945
Moldova,2012.0,6.83913
Norway,2011.0,14.025
Paraguay,2016.0,5.46802
Peru,2010.0,8.80226
Poland,2013.0,7.08333
Romania,2000.0,7.08333
Romania,2012.0,8.26389
Serbia,2011.0,6.81739
Serbia,2015.0,8.39914
Switzerland,2010.0,11.15417
Switzerland,2013.0,11.7
Switzerland,2016.0,12.37917
Turkey,2006.0,3.33562
Uganda,2018.0,9.58333
