country,year,value
World,2000.0,4158239.52221
World,2010.0,4106316.94403
World,2015.0,4083867.47594
World,2016.0,4080603.54219
World,2017.0,4073757.1845
World,2018.0,4068923.27415
World,2019.0,4063843.08
World,2020.0,4058930.81
Africa,2000.0,710048.848
Africa,2010.0,676015.37
Africa,2015.0,656482.32
Africa,2016.0,652481.38429
Africa,2017.0,648548.99
Africa,2018.0,644618.828
Africa,2019.0,640608.55
Africa,2020.0,636638.97
Afghanistan,2000.0,1208.44
Afghanistan,2010.0,1208.44
Afghanistan,2015.0,1208.44
Afghanistan,2016.0,1208.44
Afghanistan,2017.0,1208.44
Afghanistan,2018.0,1208.44
Afghanistan,2019.0,1208.44
Afghanistan,2020.0,1208.44
South America,2000.0,922645.06
South America,2010.0,870154.43
South America,2015.0,856588.44
South America,2016.0,853818.91
South America,2017.0,850615.51
South America,2018.0,848555.33
South America,2019.0,846310.51
South America,2020.0,844185.81
Albania,2000.0,769.3
Albania,2010.0,782.07
Albania,2015.0,789.1875
Albania,2016.0,789.18
Albania,2017.0,788.9025
Albania,2018.0,788.9
Albania,2019.0,788.9
Albania,2020.0,788.9
Oceania,2000.0,183328.44626
Oceania,2010.0,181015.0353
Oceania,2015.0,184434.91088
Oceania,2016.0,185346.55
Oceania,2017.0,185302.78
Oceania,2018.0,185266.72
Oceania,2019.0,185249.02
Oceania,2020.0,185248.02
Western Africa,2000.0,95984.114
Western Africa,2010.0,89724.66
Western Africa,2015.0,86977.7
Western Africa,2016.0,86478.61789
Western Africa,2017.0,85979.59
Western Africa,2018.0,85445.88
Western Africa,2019.0,84912.27
Western Africa,2020.0,84378.57
Algeria,2000.0,1579.0
Algeria,2010.0,1918.0
Algeria,2015.0,1956.0
Algeria,2016.0,1956.0
Algeria,2017.0,1943.0
Algeria,2018.0,1930.0
Algeria,2019.0,1939.0
Algeria,2020.0,1949.0
Central America,2000.0,94200.68
Central America,2010.0,90648.99
Central America,2015.0,89451.22
Central America,2016.0,89180.39
Central America,2017.0,88909.37
Central America,2018.0,88638.35
Central America,2019.0,88367.33
Central America,2020.0,88096.31
Eastern Africa,2000.0,218543.95
Eastern Africa,2010.0,208586.06
Eastern Africa,2015.0,203272.03
Eastern Africa,2016.0,202039.1164
Eastern Africa,2017.0,200895.77
Eastern Africa,2018.0,199791.308
Eastern Africa,2019.0,198581.67
Eastern Africa,2020.0,197407.79
Northern Africa,2000.0,30525.07
Northern Africa,2010.0,29308.92
Northern Africa,2015.0,28475.82
Northern Africa,2016.0,28327.68
Northern Africa,2017.0,28155.44
Northern Africa,2018.0,27982.25
Northern Africa,2019.0,27831.03
Northern Africa,2020.0,27680.82
American Samoa,2000.0,17.73
American Samoa,2010.0,17.43
American Samoa,2015.0,17.28
American Samoa,2016.0,17.25
American Samoa,2017.0,17.22
American Samoa,2018.0,17.19
American Samoa,2019.0,17.16
American Samoa,2020.0,17.13
Middle Africa,2000.0,321030.04
Middle Africa,2010.0,306675.0
Middle Africa,2015.0,297158.51
Middle Africa,2016.0,295262.2
Middle Africa,2017.0,293368.92
Middle Africa,2018.0,291474.62
Middle Africa,2019.0,289583.31
Middle Africa,2020.0,287696.02
Southern Africa,2000.0,43965.674
Southern Africa,2010.0,41720.73
Southern Africa,2015.0,40598.26
Southern Africa,2016.0,40373.77
Southern Africa,2017.0,40149.27
Southern Africa,2018.0,39924.77
Southern Africa,2019.0,39700.27
Southern Africa,2020.0,39475.77
Americas,2000.0,1674994.03
Americas,2010.0,1624344.25
Americas,2015.0,1611037.25
Americas,2016.0,1608023.35
Americas,2017.0,1604222.08858
Americas,2018.0,1601863.13
Americas,2019.0,1599319.34
Americas,2020.0,1596895.79
Andorra,2000.0,16.0
Andorra,2010.0,16.0
Andorra,2015.0,16.0
Andorra,2016.0,16.0
Andorra,2017.0,16.0
Andorra,2018.0,16.0
Andorra,2019.0,16.0
Andorra,2020.0,16.0
Northern America,2000.0,651340.86
Northern America,2010.0,656044.87
Northern America,2015.0,657213.26
Northern America,2016.0,657173.57
Northern America,2017.0,656836.56
Northern America,2018.0,656799.55
Northern America,2019.0,656762.54
Northern America,2020.0,656725.54
Angola,2000.0,77708.61
Angola,2010.0,72158.0
Angola,2015.0,69382.69
Angola,2016.0,68827.62
Angola,2017.0,68272.57
Angola,2018.0,67717.51
Angola,2019.0,67162.44
Angola,2020.0,66607.38
Antigua and Barbuda,2000.0,9.45
Antigua and Barbuda,2010.0,8.78
Antigua and Barbuda,2015.0,8.45
Antigua and Barbuda,2016.0,8.38
Antigua and Barbuda,2017.0,8.32
Antigua and Barbuda,2018.0,8.25
Antigua and Barbuda,2019.0,8.18
Antigua and Barbuda,2020.0,8.12
Caribbean,2000.0,6807.43
Caribbean,2010.0,7495.96
Caribbean,2015.0,7784.33
Caribbean,2016.0,7850.48
Caribbean,2017.0,7860.64858
Caribbean,2018.0,7869.9
Caribbean,2019.0,7878.96
Caribbean,2020.0,7888.13
Eastern Asia,2000.0,229071.14
Eastern Asia,2010.0,252389.67
Eastern Asia,2015.0,261889.82
Eastern Asia,2016.0,264017.097
Eastern Asia,2017.0,265861.36
Eastern Asia,2018.0,267708.59
Eastern Asia,2019.0,269555.82
Eastern Asia,2020.0,271403.05
Azerbaijan,2000.0,987.22
Azerbaijan,2010.0,1032.49459
Azerbaijan,2015.0,1077.88697
Azerbaijan,2016.0,1087.4752
Azerbaijan,2017.0,1097.1848
Azerbaijan,2018.0,1108.71495
Azerbaijan,2019.0,1120.24
Azerbaijan,2020.0,1131.77
Argentina,2000.0,33378.0
Argentina,2010.0,30214.0
Argentina,2015.0,29097.0
Argentina,2016.0,29010.0
Argentina,2017.0,28899.0
Argentina,2018.0,28791.0
Argentina,2019.0,28681.0
Argentina,2020.0,28573.0
Southern Asia,2000.0,95300.68809
Southern Asia,2010.0,98150.25204
Southern Asia,2015.0,99351.27
Southern Asia,2016.0,99562.23
Southern Asia,2017.0,99817.64
Southern Asia,2018.0,100057.96
Southern Asia,2019.0,100298.28
Southern Asia,2020.0,100530.56
South-Eastern Asia,2000.0,223499.93346
South-Eastern Asia,2010.0,219211.20038
South-Eastern Asia,2015.0,212560.9614
South-Eastern Asia,2016.0,212480.5055
South-Eastern Asia,2017.0,210663.78
South-Eastern Asia,2018.0,209601.1
South-Eastern Asia,2019.0,208538.72
South-Eastern Asia,2020.0,207476.35
Australia,2000.0,131814.1
Australia,2010.0,129546.1
Australia,2015.0,133094.5
Australia,2016.0,134037.2
Australia,2017.0,134017.4
Australia,2018.0,134005.1
Australia,2019.0,134005.1
Australia,2020.0,134005.1
Southern Europe,2000.0,42404.2596
Southern Europe,2010.0,45296.693
Southern Europe,2015.0,45740.0305
Southern Europe,2016.0,45821.9402
Southern Europe,2017.0,45897.9209
Southern Europe,2018.0,45956.67
Southern Europe,2019.0,46015.45
Southern Europe,2020.0,46074.45
Austria,2000.0,3838.14
Austria,2010.0,3863.2
Austria,2015.0,3881.19
Austria,2016.0,3884.79
Austria,2017.0,3888.38
Austria,2018.0,3891.97
Austria,2019.0,3895.56
Austria,2020.0,3899.15
Bahamas,2000.0,509.86
Bahamas,2010.0,509.86
Bahamas,2015.0,509.86
Bahamas,2016.0,509.86
Bahamas,2017.0,509.86
Bahamas,2018.0,509.86
Bahamas,2019.0,509.86
Bahamas,2020.0,509.86
Bahrain,2000.0,0.37
Bahrain,2010.0,0.52
Bahrain,2015.0,0.6
Bahrain,2016.0,0.62
Bahrain,2017.0,0.64
Bahrain,2018.0,0.66
Bahrain,2019.0,0.68
Bahrain,2020.0,0.7
Bangladesh,2000.0,1920.32809
Bangladesh,2010.0,1888.34204
Bangladesh,2015.0,1883.4
Bangladesh,2016.0,1883.4
Bangladesh,2017.0,1883.4
Bangladesh,2018.0,1883.4
Bangladesh,2019.0,1883.4
Bangladesh,2020.0,1883.4
Armenia,2000.0,332.64
Armenia,2010.0,330.56
Armenia,2015.0,329.52
Armenia,2016.0,329.31
Armenia,2017.0,329.1
Armenia,2018.0,328.89
Armenia,2019.0,328.68
Armenia,2020.0,328.47
Barbados,2000.0,6.3
Barbados,2010.0,6.3
Barbados,2015.0,6.3
Barbados,2016.0,6.3
Barbados,2017.0,6.3
Barbados,2018.0,6.3
Barbados,2019.0,6.3
Barbados,2020.0,6.3
Australia and New Zealand,2000.0,141665.03
Australia and New Zealand,2010.0,139394.71
Australia and New Zealand,2015.0,142941.6
Australia and New Zealand,2016.0,143884.44
Australia and New Zealand,2017.0,143868.74
Australia and New Zealand,2018.0,143860.74
Australia and New Zealand,2019.0,143871.11
Australia and New Zealand,2020.0,143898.18
Melanesia,2000.0,41102.18626
Melanesia,2010.0,41063.7253
Melanesia,2015.0,40938.48088
Melanesia,2016.0,40909.79
Melanesia,2017.0,40882.11
Melanesia,2018.0,40854.43
Melanesia,2019.0,40826.75
Melanesia,2020.0,40799.07
Belgium,2000.0,667.3
Belgium,2010.0,689.87
Belgium,2015.0,689.3
Belgium,2016.0,689.3
Belgium,2017.0,689.3
Belgium,2018.0,689.3
Belgium,2019.0,689.3
Belgium,2020.0,689.3
Micronesia,2000.0,169.98
Micronesia,2010.0,169.59
Micronesia,2015.0,170.33
Micronesia,2016.0,168.32
Micronesia,2017.0,168.43
Micronesia,2018.0,168.55
Micronesia,2019.0,168.66
Micronesia,2020.0,168.77
Bermuda,2000.0,1.0
Bermuda,2010.0,1.0
Bermuda,2015.0,1.0
Bermuda,2016.0,1.0
Bermuda,2017.0,1.0
Bermuda,2018.0,1.0
Bermuda,2019.0,1.0
Bermuda,2020.0,1.0
Polynesia,2000.0,391.25
Polynesia,2010.0,387.01
Polynesia,2015.0,384.5
Polynesia,2016.0,384.0
Polynesia,2017.0,383.5
Polynesia,2018.0,383.0
Polynesia,2019.0,382.5
Polynesia,2020.0,382.0
Central and Southern Asia,2000.0,107136.97489
Central and Southern Asia,2010.0,110348.71156
Central and Southern Asia,2015.0,112009.73619
Central and Southern Asia,2016.0,112291.28
Central and Southern Asia,2017.0,112606.20022
Central and Southern Asia,2018.0,112919.8412
Central and Southern Asia,2019.0,113234.48
Central and Southern Asia,2020.0,113541.08
Bhutan,2000.0,2606.0
Bhutan,2010.0,2705.29
Bhutan,2015.0,2715.18
Bhutan,2016.0,2717.16
Bhutan,2017.0,2719.14
Bhutan,2018.0,2721.12
Bhutan,2019.0,2723.1
Bhutan,2020.0,2725.08
Bolivia,2000.0,55101.39
Bolivia,2010.0,53086.01
Bolivia,2015.0,52027.22
Bolivia,2016.0,51750.68
Bolivia,2017.0,51492.22
Bolivia,2018.0,51253.24
Bolivia,2019.0,51033.76
Bolivia,2020.0,50833.76
Bosnia and Herzegovina,2000.0,2111.65
Bosnia and Herzegovina,2010.0,2102.66
Bosnia and Herzegovina,2015.0,2160.5
Bosnia and Herzegovina,2016.0,2176.51
Bosnia and Herzegovina,2017.0,2187.91
Bosnia and Herzegovina,2018.0,2187.91
Bosnia and Herzegovina,2019.0,2187.91
Bosnia and Herzegovina,2020.0,2187.91
Botswana,2000.0,17620.7
Botswana,2010.0,16437.7
Botswana,2015.0,15846.2
Botswana,2016.0,15727.9
Botswana,2017.0,15609.6
Botswana,2018.0,15491.3
Botswana,2019.0,15373.0
Botswana,2020.0,15254.7
Brazil,2000.0,551088.6
Brazil,2010.0,511580.7
Brazil,2015.0,503884.8
Brazil,2016.0,502082.1
Brazil,2017.0,500091.6
Brazil,2018.0,499051.4
Brazil,2019.0,497798.5
Brazil,2020.0,496619.6
Belize,2000.0,1459.3
Belize,2010.0,1391.39
Belize,2015.0,1332.83
Belize,2016.0,1321.68
Belize,2017.0,1310.52
Belize,2018.0,1299.37
Belize,2019.0,1288.21
Belize,2020.0,1277.05
Solomon Islands,2000.0,2537.6
Solomon Islands,2010.0,2530.28
Solomon Islands,2015.0,2526.62
Solomon Islands,2016.0,2525.89
Solomon Islands,2017.0,2525.16
Solomon Islands,2018.0,2524.43
Solomon Islands,2019.0,2523.7
Solomon Islands,2020.0,2522.97
British Virgin Islands,2000.0,3.67
British Virgin Islands,2010.0,3.64
British Virgin Islands,2015.0,3.62
British Virgin Islands,2016.0,3.62
British Virgin Islands,2017.0,3.62
British Virgin Islands,2018.0,3.62
British Virgin Islands,2019.0,3.62
British Virgin Islands,2020.0,3.62
Brunei,2000.0,397.0
Brunei,2010.0,380.0
Brunei,2015.0,380.0
Brunei,2016.0,380.0
Brunei,2017.0,380.0
Brunei,2018.0,380.0
Brunei,2019.0,380.0
Brunei,2020.0,380.0
Bulgaria,2000.0,3375.0
Bulgaria,2010.0,3737.0
Bulgaria,2015.0,3833.0
Bulgaria,2016.0,3841.0
Bulgaria,2017.0,3854.0
Bulgaria,2018.0,3867.0
Bulgaria,2019.0,3880.0
Bulgaria,2020.0,3893.0
Myanmar,2000.0,34868.11
Myanmar,2010.0,31441.0
Myanmar,2015.0,29992.44
Myanmar,2016.0,29702.73
Myanmar,2017.0,29413.02
Myanmar,2018.0,29123.31
Myanmar,2019.0,28833.6
Myanmar,2020.0,28543.89
Burundi,2000.0,193.94
Burundi,2010.0,193.94
Burundi,2015.0,279.64
Burundi,2016.0,279.64
Burundi,2017.0,279.64
Burundi,2018.0,279.64
Burundi,2019.0,279.64
Burundi,2020.0,279.64
Belarus,2000.0,8273.0
Belarus,2010.0,8630.0
Belarus,2015.0,8633.5
Belarus,2016.0,8709.6
Belarus,2017.0,8724.1
Belarus,2018.0,8738.6
Belarus,2019.0,8753.1
Belarus,2020.0,8767.6
Cambodia,2000.0,10781.0
Cambodia,2010.0,10589.23
Cambodia,2015.0,8846.82
Cambodia,2016.0,8691.13
Cambodia,2017.0,8535.44
Cambodia,2018.0,8379.75
Cambodia,2019.0,8224.06
Cambodia,2020.0,8068.37
Cameroon,2000.0,21597.49
Cameroon,2010.0,20900.48
Cameroon,2015.0,20620.48
Cameroon,2016.0,20564.48
Cameroon,2017.0,20508.48
Cameroon,2018.0,20452.48
Cameroon,2019.0,20396.48
Cameroon,2020.0,20340.48
Canada,2000.0,347801.97
Canada,2010.0,347322.21
Canada,2015.0,347115.71
Canada,2016.0,347076.04
Canada,2017.0,347039.05
Canada,2018.0,347002.07
Canada,2019.0,346965.08
Canada,2020.0,346928.1
Cape Verde,2000.0,39.72
Cape Verde,2010.0,42.72
Cape Verde,2015.0,44.22
Cape Verde,2016.0,44.52
Cape Verde,2017.0,44.82
Cape Verde,2018.0,45.12
Cape Verde,2019.0,45.42
Cape Verde,2020.0,45.72
Cayman Islands,2000.0,12.93
Cayman Islands,2010.0,12.72
Cayman Islands,2015.0,12.72
Cayman Islands,2016.0,12.72
Cayman Islands,2017.0,12.72
Cayman Islands,2018.0,12.81
Cayman Islands,2019.0,12.72
Cayman Islands,2020.0,12.72
Central African Republic,2000.0,22903.0
Central African Republic,2010.0,22603.0
Central African Republic,2015.0,22453.0
Central African Republic,2016.0,22423.0
Central African Republic,2017.0,22393.0
Central African Republic,2018.0,22363.0
Central African Republic,2019.0,22333.0
Central African Republic,2020.0,22303.0
Asia,2000.0,587599.95835
Asia,2010.0,610959.90653
Asia,2015.0,616106.53456
Asia,2016.0,618419.5977
Asia,2017.0,618894.21502
Asia,2018.0,620160.12615
Asia,2019.0,621427.43
Asia,2020.0,622686.81
Central Asia,2000.0,11836.2868
Central Asia,2010.0,12198.45952
Central Asia,2015.0,12658.46619
Central Asia,2016.0,12729.05
Central Asia,2017.0,12788.56022
Central Asia,2018.0,12861.8812
Central Asia,2019.0,12936.2
Central Asia,2020.0,13010.52
Sri Lanka,2000.0,2166.42
Sri Lanka,2010.0,2103.62
Sri Lanka,2015.0,2128.82
Sri Lanka,2016.0,2125.66
Sri Lanka,2017.0,2122.5
Sri Lanka,2018.0,2119.34
Sri Lanka,2019.0,2116.18
Sri Lanka,2020.0,2113.02
Western Asia,2000.0,27891.91
Western Asia,2010.0,29010.32459
Western Asia,2015.0,29646.01697
Western Asia,2016.0,29630.7152
Western Asia,2017.0,29762.8748
Western Asia,2018.0,29930.59495
Western Asia,2019.0,30098.41
Western Asia,2020.0,30266.33
Chad,2000.0,6353.0
Chad,2010.0,5530.0
Chad,2015.0,4890.0
Chad,2016.0,4769.0
Chad,2017.0,4651.0
Chad,2018.0,4535.0
Chad,2019.0,4422.0
Chad,2020.0,4313.0
Europe,2000.0,1002268.2396
Europe,2010.0,1013982.3822
Europe,2015.0,1015806.4605
Europe,2016.0,1016332.6602
Europe,2017.0,1016789.1109
Europe,2018.0,1017014.47
Europe,2019.0,1017238.74
Europe,2020.0,1017461.22
Eastern Europe,2000.0,852655.77
Eastern Europe,2010.0,859890.78
Eastern Europe,2015.0,860412.28
Eastern Europe,2016.0,860738.13
Eastern Europe,2017.0,860978.08
Eastern Europe,2018.0,861025.04
Eastern Europe,2019.0,861070.9
Eastern Europe,2020.0,861116.75
Chile,2000.0,15817.06
Chile,2010.0,16725.26
Chile,2015.0,17596.08
Chile,2016.0,17719.01
Chile,2017.0,17841.94
Chile,2018.0,17964.87
Chile,2019.0,18087.8
Chile,2020.0,18210.7
Northern Europe,2000.0,74411.69
Northern Europe,2010.0,74710.24
Northern Europe,2015.0,75116.52
Northern Europe,2016.0,75143.59
Northern Europe,2017.0,75192.74
Northern Europe,2018.0,75221.03
Northern Europe,2019.0,75249.29
Northern Europe,2020.0,75275.56
Western Europe,2000.0,32796.52
Western Europe,2010.0,34084.6692
Western Europe,2015.0,34537.63
Western Europe,2016.0,34629.0
Western Europe,2017.0,34720.37
Western Europe,2018.0,34811.73
Western Europe,2019.0,34903.1
Western Europe,2020.0,34994.46
China,2000.0,177000.55
China,2010.0,200610.38
China,2015.0,210294.25
China,2016.0,212459.867
China,2017.0,214339.47
China,2018.0,216219.04
China,2019.0,218098.61
China,2020.0,219978.18
Colombia,2000.0,62735.5
Colombia,2010.0,60807.79
Colombia,2015.0,60134.66
Colombia,2016.0,59959.49
Colombia,2017.0,59739.77
Colombia,2018.0,59540.48
Colombia,2019.0,59341.2
Colombia,2020.0,59141.91
Comoros,2000.0,41.68
Comoros,2010.0,37.3
Comoros,2015.0,35.11
Comoros,2016.0,34.67
Comoros,2017.0,34.23
Comoros,2018.0,33.8
Comoros,2019.0,33.36
Comoros,2020.0,32.92
Mayotte,2000.0,15.67
Mayotte,2010.0,14.41
Mayotte,2015.0,14.14
Mayotte,2016.0,14.0864
Mayotte,2017.0,14.04
Mayotte,2018.0,13.99
Mayotte,2019.0,13.94
Mayotte,2020.0,13.89
Congo,2000.0,22195.0
Congo,2010.0,22075.0
Congo,2015.0,22015.0
Congo,2016.0,22003.0
Congo,2017.0,21991.0
Congo,2018.0,21976.0
Congo,2019.0,21961.0
Congo,2020.0,21946.0
Democratic Republic of Congo,2000.0,143899.0
Democratic Republic of Congo,2010.0,137169.0
Democratic Republic of Congo,2015.0,131662.12
Democratic Republic of Congo,2016.0,130560.74
Democratic Republic of Congo,2017.0,129459.37
Democratic Republic of Congo,2018.0,128357.99
Democratic Republic of Congo,2019.0,127256.61
Democratic Republic of Congo,2020.0,126155.24
Cook Islands,2000.0,15.57
Cook Islands,2010.0,15.59
Cook Islands,2015.0,15.59
Cook Islands,2016.0,15.59
Cook Islands,2017.0,15.59
Cook Islands,2018.0,15.59
Cook Islands,2019.0,15.59
Cook Islands,2020.0,15.59
Costa Rica,2000.0,2857.22
Costa Rica,2010.0,2871.2
Costa Rica,2015.0,2953.03
Costa Rica,2016.0,2969.4
Costa Rica,2017.0,2985.77
Costa Rica,2018.0,3002.13
Costa Rica,2019.0,3018.5
Costa Rica,2020.0,3034.87
Croatia,2000.0,1885.0
Croatia,2010.0,1920.0
Croatia,2015.0,1922.0
Croatia,2016.0,1924.1202
Croatia,2017.0,1931.6084
Croatia,2018.0,1934.11
Croatia,2019.0,1936.61
Croatia,2020.0,1939.11
Cuba,2000.0,2435.0
Cuba,2010.0,2932.0
Cuba,2015.0,3184.0
Cuba,2016.0,3241.0
Cuba,2017.0,3242.0
Cuba,2018.0,3242.0
Cuba,2019.0,3242.0
Cuba,2020.0,3242.0
Cyprus,2000.0,171.61
Cyprus,2010.0,172.84
Cyprus,2015.0,172.71
Cyprus,2016.0,172.61
Cyprus,2017.0,172.59
Cyprus,2018.0,172.57
Cyprus,2019.0,172.55
Cyprus,2020.0,172.53
Least Developed Countries (LDCs),2000.0,605121.62209
Least Developed Countries (LDCs),2010.0,574158.96204
Least Developed Countries (LDCs),2015.0,554531.27
Least Developed Countries (LDCs),2016.0,550596.49
Least Developed Countries (LDCs),2017.0,546743.86
Least Developed Countries (LDCs),2018.0,542931.718
Least Developed Countries (LDCs),2019.0,539047.34
Least Developed Countries (LDCs),2020.0,535202.65
Sub-Saharan Africa,2000.0,679523.778
Sub-Saharan Africa,2010.0,646706.45
Sub-Saharan Africa,2015.0,628006.5
Sub-Saharan Africa,2016.0,624153.70429
Sub-Saharan Africa,2017.0,620393.55
Sub-Saharan Africa,2018.0,616636.578
Sub-Saharan Africa,2019.0,612777.52
Sub-Saharan Africa,2020.0,608958.15
Czechia,2000.0,2637.29
Czechia,2010.0,2657.38
Czechia,2015.0,2668.39
Czechia,2016.0,2669.85
Czechia,2017.0,2671.66
Czechia,2018.0,2673.47
Czechia,2019.0,2675.28
Czechia,2020.0,2677.09
Benin,2000.0,4135.15
Benin,2010.0,3635.15
Benin,2015.0,3385.15
Benin,2016.0,3335.15
Benin,2017.0,3285.15
Benin,2018.0,3235.15
Benin,2019.0,3185.15
Benin,2020.0,3135.15
Denmark,2000.0,571.6
Denmark,2010.0,586.49
Denmark,2015.0,624.68
Denmark,2016.0,624.66
Denmark,2017.0,625.6
Denmark,2018.0,626.56
Denmark,2019.0,627.5
Denmark,2020.0,628.44
Dominica,2000.0,47.87
Dominica,2010.0,47.87
Dominica,2015.0,47.87
Dominica,2016.0,47.87
Dominica,2017.0,47.87
Dominica,2018.0,47.87
Dominica,2019.0,47.87
Dominica,2020.0,47.87
Dominican Republic,2000.0,1972.47
Dominican Republic,2010.0,2073.12
Dominican Republic,2015.0,2103.65
Dominican Republic,2016.0,2111.74
Dominican Republic,2017.0,2119.83
Dominican Republic,2018.0,2127.92
Dominican Republic,2019.0,2136.01
Dominican Republic,2020.0,2144.1
Ecuador,2000.0,13730.5
Ecuador,2010.0,13028.19
Ecuador,2015.0,12819.18
Ecuador,2016.0,12754.91
Ecuador,2017.0,12690.64
Ecuador,2018.0,12626.37
Ecuador,2019.0,12562.1
Ecuador,2020.0,12497.83
El Salvador,2000.0,673.88
El Salvador,2010.0,628.88
El Salvador,2015.0,606.38
El Salvador,2016.0,601.88
El Salvador,2017.0,597.38
El Salvador,2018.0,592.88
El Salvador,2019.0,588.38
El Salvador,2020.0,583.88
Equatorial Guinea,2000.0,2615.58
Equatorial Guinea,2010.0,2532.01
Equatorial Guinea,2015.0,2490.22
Equatorial Guinea,2016.0,2481.86
Equatorial Guinea,2017.0,2473.5
Equatorial Guinea,2018.0,2465.14
Equatorial Guinea,2019.0,2456.78
Equatorial Guinea,2020.0,2448.42
Ethiopia,2000.0,18528.5
Ethiopia,2010.0,17798.5
Ethiopia,2015.0,17433.5
Ethiopia,2016.0,17360.5
Ethiopia,2017.0,17287.5
Ethiopia,2018.0,17214.5
Ethiopia,2019.0,17141.5
Ethiopia,2020.0,17068.5
Eritrea,2000.0,1118.46
Eritrea,2010.0,1086.86
Eritrea,2015.0,1071.06
Eritrea,2016.0,1067.9
Eritrea,2017.0,1064.74
Eritrea,2018.0,1061.58
Eritrea,2019.0,1058.42
Eritrea,2020.0,1055.26
Estonia,2000.0,2238.89
Estonia,2010.0,2336.02
Estonia,2015.0,2421.01
Estonia,2016.0,2421.25
Estonia,2017.0,2438.4
Estonia,2018.0,2438.4
Estonia,2019.0,2438.4
Estonia,2020.0,2438.4
Faeroe Islands,2000.0,0.08
Faeroe Islands,2010.0,0.08
Faeroe Islands,2015.0,0.08
Faeroe Islands,2016.0,0.08
Faeroe Islands,2017.0,0.08
Faeroe Islands,2018.0,0.08
Faeroe Islands,2019.0,0.08
Faeroe Islands,2020.0,0.08
Falkland Islands,2000.0,0.0
Falkland Islands,2010.0,0.0
Falkland Islands,2015.0,0.0
Falkland Islands,2016.0,0.0
Falkland Islands,2017.0,0.0
Falkland Islands,2018.0,0.0
Falkland Islands,2019.0,0.0
Falkland Islands,2020.0,0.0
Fiji,2000.0,1006.47
Fiji,2010.0,1073.24
Fiji,2015.0,1106.62
Fiji,2016.0,1113.3
Fiji,2017.0,1119.98
Fiji,2018.0,1126.66
Fiji,2019.0,1133.34
Fiji,2020.0,1140.02
Finland,2000.0,22445.64
Finland,2010.0,22242.0
Finland,2015.0,22409.0
Finland,2016.0,22409.0
Finland,2017.0,22409.0
Finland,2018.0,22409.0
Finland,2019.0,22409.0
Finland,2020.0,22409.0
France,2000.0,15288.0
France,2010.0,16419.0
France,2015.0,16836.0
France,2016.0,16919.4
France,2017.0,17002.8
France,2018.0,17086.2
France,2019.0,17169.6
France,2020.0,17253.0
French Guiana,2000.0,8079.44
French Guiana,2010.0,8036.5
French Guiana,2015.0,8020.0
French Guiana,2016.0,8016.57
French Guiana,2017.0,8013.14
French Guiana,2018.0,8009.71
French Guiana,2019.0,8006.28
French Guiana,2020.0,8002.85
French Polynesia,2000.0,148.55
French Polynesia,2010.0,149.46
French Polynesia,2015.0,149.46
French Polynesia,2016.0,149.46
French Polynesia,2017.0,149.46
French Polynesia,2018.0,149.46
French Polynesia,2019.0,149.46
French Polynesia,2020.0,149.46
Djibouti,2000.0,5.6
Djibouti,2010.0,5.6
Djibouti,2015.0,5.6
Djibouti,2016.0,5.6
Djibouti,2017.0,5.61
Djibouti,2018.0,5.64
Djibouti,2019.0,5.7
Djibouti,2020.0,5.8
Gabon,2000.0,23700.0
Gabon,2010.0,23649.41
Gabon,2015.0,23590.0
Gabon,2016.0,23578.12
Gabon,2017.0,23566.24
Gabon,2018.0,23554.36
Gabon,2019.0,23542.48
Gabon,2020.0,23530.6
Georgia,2000.0,2760.6
Georgia,2010.0,2822.4
Georgia,2015.0,2822.4
Georgia,2016.0,2822.4
Georgia,2017.0,2822.4
Georgia,2018.0,2822.4
Georgia,2019.0,2822.4
Georgia,2020.0,2822.4
Gambia,2000.0,357.33
Gambia,2010.0,300.0
Gambia,2015.0,271.34
Gambia,2016.0,265.6
Gambia,2017.0,259.87
Gambia,2018.0,254.14
Gambia,2019.0,248.4
Gambia,2020.0,242.67
Palestine,2000.0,9.08
Palestine,2010.0,9.95
Palestine,2015.0,10.14
Palestine,2016.0,10.14
Palestine,2017.0,10.14
Palestine,2018.0,10.14
Palestine,2019.0,10.14
Palestine,2020.0,10.14
Germany,2000.0,11354.0
Germany,2010.0,11409.0
Germany,2015.0,11419.0
Germany,2016.0,11419.0
Germany,2017.0,11419.0
Germany,2018.0,11419.0
Germany,2019.0,11419.0
Germany,2020.0,11419.0
Ghana,2000.0,8848.61
Ghana,2010.0,7942.93
Ghana,2015.0,7880.44
Ghana,2016.0,7922.24
Ghana,2017.0,7964.04
Ghana,2018.0,7971.26
Ghana,2019.0,7978.48
Ghana,2020.0,7985.71
Gibraltar,2000.0,0.0
Gibraltar,2010.0,0.0
Gibraltar,2015.0,0.0
Gibraltar,2016.0,0.0
Gibraltar,2017.0,0.0
Gibraltar,2018.0,0.0
Gibraltar,2019.0,0.0
Gibraltar,2020.0,0.0
Kiribati,2000.0,1.18
Kiribati,2010.0,1.18
Kiribati,2015.0,1.18
Kiribati,2016.0,1.18
Kiribati,2017.0,1.18
Kiribati,2018.0,1.18
Kiribati,2019.0,1.18
Kiribati,2020.0,1.18
Greece,2000.0,3600.2296
Greece,2010.0,3901.803
Greece,2015.0,3901.803
Greece,2016.0,3901.8
Greece,2017.0,3901.8
Greece,2018.0,3901.8
Greece,2019.0,3901.8
Greece,2020.0,3901.8
Greenland,2000.0,0.22
Greenland,2010.0,0.22
Greenland,2015.0,0.22
Greenland,2016.0,0.22
Greenland,2017.0,0.22
Greenland,2018.0,0.22
Greenland,2019.0,0.22
Greenland,2020.0,0.22
Grenada,2000.0,17.7
Grenada,2010.0,17.7
Grenada,2015.0,17.7
Grenada,2016.0,17.7
Grenada,2017.0,17.7
Grenada,2018.0,17.7
Grenada,2019.0,17.7
Grenada,2020.0,17.7
Guadeloupe,2000.0,72.27
Guadeloupe,2010.0,71.55
Guadeloupe,2015.0,72.22
Guadeloupe,2016.0,72.16
Guadeloupe,2017.0,72.09958
Guadeloupe,2018.0,72.04
Guadeloupe,2019.0,71.98
Guadeloupe,2020.0,71.92
Guam,2000.0,24.0
Guam,2010.0,24.0
Guam,2015.0,25.0
Guam,2016.0,28.0
Guam,2017.0,28.0
Guam,2018.0,28.0
Guam,2019.0,28.0
Guam,2020.0,28.0
Guatemala,2000.0,4209.2
Guatemala,2010.0,3722.6
Guatemala,2015.0,3585.8
Guatemala,2016.0,3574.2
Guatemala,2017.0,3562.6
Guatemala,2018.0,3551.0
Guatemala,2019.0,3539.4
Guatemala,2020.0,3527.8
Guinea,2000.0,6929.0
Guinea,2010.0,6569.0
Guinea,2015.0,6389.0
Guinea,2016.0,6349.0
Guinea,2017.0,6309.0
Guinea,2018.0,6269.0
Guinea,2019.0,6229.0
Guinea,2020.0,6189.0
Guyana,2000.0,18564.22
Guyana,2010.0,18519.81
Guyana,2015.0,18461.36
Guyana,2016.0,18452.16
Guyana,2017.0,18442.95
Guyana,2018.0,18433.75
Guyana,2019.0,18424.54
Guyana,2020.0,18415.34
Haiti,2000.0,380.65
Haiti,2010.0,378.38
Haiti,2015.0,362.85
Haiti,2016.0,359.74
Haiti,2017.0,356.63
Haiti,2018.0,353.52
Haiti,2019.0,350.41
Haiti,2020.0,347.3
Vatican,2000.0,0.0
Vatican,2010.0,0.0
Vatican,2015.0,0.0
Vatican,2016.0,0.0
Vatican,2017.0,0.0
Vatican,2018.0,0.0
Vatican,2019.0,0.0
Vatican,2020.0,0.0
Honduras,2000.0,6778.27
Honduras,2010.0,6575.47
Honduras,2015.0,6463.83
Honduras,2016.0,6443.05
Honduras,2017.0,6422.11
Honduras,2018.0,6401.16
Honduras,2019.0,6380.21
Honduras,2020.0,6359.26
Hungary,2000.0,1921.17
Hungary,2010.0,2046.39
Hungary,2015.0,2060.82
Hungary,2016.0,2058.73
Hungary,2017.0,2057.27
Hungary,2018.0,2055.92
Hungary,2019.0,2054.47
Hungary,2020.0,2053.01
Iceland,2000.0,29.83
Iceland,2010.0,44.67
Iceland,2015.0,48.16
Iceland,2016.0,48.66
Iceland,2017.0,49.38
Iceland,2018.0,50.04
Iceland,2019.0,50.69
Iceland,2020.0,51.35
India,2000.0,67591.0
India,2010.0,69496.0
India,2015.0,70828.0
India,2016.0,71094.4
India,2017.0,71360.8
India,2018.0,71627.2
India,2019.0,71893.6
India,2020.0,72160.0
Indonesia,2000.0,101280.0
Indonesia,2010.0,99659.2
Indonesia,2015.0,95027.9
Indonesia,2016.0,95271.8
Indonesia,2017.0,93949.8
Indonesia,2018.0,93344.27
Indonesia,2019.0,92738.73
Indonesia,2020.0,92133.2
Iran,2000.0,9325.66
Iran,2010.0,10691.98
Iran,2015.0,10691.98
Iran,2016.0,10702.08
Iran,2017.0,10710.59
Iran,2018.0,10727.03
Iran,2019.0,10743.47
Iran,2020.0,10751.87
Iraq,2000.0,818.0
Iraq,2010.0,825.0
Iraq,2015.0,825.0
Iraq,2016.0,825.0
Iraq,2017.0,825.0
Iraq,2018.0,825.0
Iraq,2019.0,825.0
Iraq,2020.0,825.0
Ireland,2000.0,630.36
Ireland,2010.0,720.38
Ireland,2015.0,754.67
Ireland,2016.0,762.35
Ireland,2017.0,770.02
Ireland,2018.0,774.02
Ireland,2019.0,778.02
Ireland,2020.0,782.02
Israel,2000.0,153.0
Israel,2010.0,154.0
Israel,2015.0,165.0
Israel,2016.0,140.0
Israel,2017.0,140.0
Israel,2018.0,140.0
Israel,2019.0,140.0
Israel,2020.0,140.0
Italy,2000.0,8369.25
Italy,2010.0,9028.04
Italy,2015.0,9297.08
Italy,2016.0,9350.89
Italy,2017.0,9404.7
Italy,2018.0,9458.51
Italy,2019.0,9512.32
Italy,2020.0,9566.13
Cote d'Ivoire,2000.0,5094.45
Cote d'Ivoire,2010.0,3965.58
Cote d'Ivoire,2015.0,3401.15
Cote d'Ivoire,2016.0,3288.26
Cote d'Ivoire,2017.0,3175.37
Cote d'Ivoire,2018.0,3062.48
Cote d'Ivoire,2019.0,2949.6
Cote d'Ivoire,2020.0,2836.71
Jamaica,2000.0,521.0
Jamaica,2010.0,558.45
Jamaica,2015.0,577.46
Jamaica,2016.0,581.34
Jamaica,2017.0,585.23
Jamaica,2018.0,589.12
Jamaica,2019.0,593.0
Jamaica,2020.0,596.89
Japan,2000.0,24876.0
Japan,2010.0,24966.0
Japan,2015.0,24944.0
Japan,2016.0,24940.0
Japan,2017.0,24935.0
Japan,2018.0,24935.0
Japan,2019.0,24935.0
Japan,2020.0,24935.0
Kazakhstan,2000.0,3156.9258
Kazakhstan,2010.0,3082.17952
Kazakhstan,2015.0,3308.45619
Kazakhstan,2016.0,3337.71
Kazakhstan,2017.0,3366.96
Kazakhstan,2018.0,3396.2012
Kazakhstan,2019.0,3425.44
Kazakhstan,2020.0,3454.68
Jordan,2000.0,97.5
Jordan,2010.0,97.5
Jordan,2015.0,97.5
Jordan,2016.0,97.5
Jordan,2017.0,97.5
Jordan,2018.0,97.5
Jordan,2019.0,97.5
Jordan,2020.0,97.5
Kenya,2000.0,3961.19
Kenya,2010.0,3616.34
Kenya,2015.0,3522.41
Kenya,2016.0,3551.97
Kenya,2017.0,3581.53
Kenya,2018.0,3611.09
Kenya,2019.0,3611.09
Kenya,2020.0,3611.09
North Korea,2000.0,6454.69
North Korea,2010.0,6242.39
North Korea,2015.0,6136.24
North Korea,2016.0,6115.01
North Korea,2017.0,6093.78
North Korea,2018.0,6072.55
North Korea,2019.0,6051.32
North Korea,2020.0,6030.09
South Korea,2000.0,6476.0
South Korea,2010.0,6387.0
South Korea,2015.0,6337.0
South Korea,2016.0,6325.0
South Korea,2017.0,6317.0
South Korea,2018.0,6307.0
South Korea,2019.0,6297.0
South Korea,2020.0,6287.0
Kuwait,2000.0,4.85
Kuwait,2010.0,6.25
Kuwait,2015.0,6.25
Kuwait,2016.0,6.25
Kuwait,2017.0,6.25
Kuwait,2018.0,6.25
Kuwait,2019.0,6.25
Kuwait,2020.0,6.25
Kyrgyzstan,2000.0,1180.9
Kyrgyzstan,2010.0,1229.68
Kyrgyzstan,2015.0,1251.81
Kyrgyzstan,2016.0,1256.24
Kyrgyzstan,2017.0,1260.66422
Kyrgyzstan,2018.0,1278.9
Kyrgyzstan,2019.0,1297.14
Kyrgyzstan,2020.0,1315.38
Laos,2000.0,17425.0
Laos,2010.0,16940.5
Laos,2015.0,16768.0
Laos,2016.0,16733.5
Laos,2017.0,16699.0
Laos,2018.0,16664.5
Laos,2019.0,16630.0
Laos,2020.0,16595.5
Latin America and the Caribbean,2000.0,1023653.17
Latin America and the Caribbean,2010.0,968299.38
Latin America and the Caribbean,2015.0,953823.99
Latin America and the Caribbean,2016.0,950849.78
Latin America and the Caribbean,2017.0,947385.52858
Latin America and the Caribbean,2018.0,945063.58
Latin America and the Caribbean,2019.0,942556.8
Latin America and the Caribbean,2020.0,940170.25
Lebanon,2000.0,138.18
Lebanon,2010.0,137.35
Lebanon,2015.0,140.33
Lebanon,2016.0,140.93
Lebanon,2017.0,141.53
Lebanon,2018.0,142.13
Lebanon,2019.0,142.73
Lebanon,2020.0,143.33
Lesotho,2000.0,34.52
Lesotho,2010.0,34.52
Lesotho,2015.0,34.52
Lesotho,2016.0,34.52
Lesotho,2017.0,34.52
Lesotho,2018.0,34.52
Lesotho,2019.0,34.52
Lesotho,2020.0,34.52
Latvia,2000.0,3241.0
Latvia,2010.0,3372.12
Latvia,2015.0,3391.44
Latvia,2016.0,3395.31
Latvia,2017.0,3399.18
Latvia,2018.0,3403.05
Latvia,2019.0,3406.92
Latvia,2020.0,3410.79
Liberia,2000.0,8222.64
Liberia,2010.0,7920.04
Liberia,2015.0,7768.74
Liberia,2016.0,7738.48
Liberia,2017.0,7708.22
Liberia,2018.0,7677.96
Liberia,2019.0,7647.7
Liberia,2020.0,7617.44
Landlocked developing countries (LLDCs),2000.0,301081.4068
Landlocked developing countries (LLDCs),2010.0,290287.71411
Landlocked developing countries (LLDCs),2015.0,283990.26316
Landlocked developing countries (LLDCs),2016.0,282882.4952
Landlocked developing countries (LLDCs),2017.0,281549.41502
Landlocked developing countries (LLDCs),2018.0,280367.06615
Landlocked developing countries (LLDCs),2019.0,279208.2
Landlocked developing countries (LLDCs),2020.0,278072.83
Libya,2000.0,217.0
Libya,2010.0,217.0
Libya,2015.0,217.0
Libya,2016.0,217.0
Libya,2017.0,217.0
Libya,2018.0,217.0
Libya,2019.0,217.0
Libya,2020.0,217.0
Liechtenstein,2000.0,6.7
Liechtenstein,2010.0,6.6992
Liechtenstein,2015.0,6.7
Liechtenstein,2016.0,6.7
Liechtenstein,2017.0,6.7
Liechtenstein,2018.0,6.7
Liechtenstein,2019.0,6.7
Liechtenstein,2020.0,6.7
Lithuania,2000.0,2020.0
Lithuania,2010.0,2170.0
Lithuania,2015.0,2187.0
Lithuania,2016.0,2190.0
Lithuania,2017.0,2196.0
Lithuania,2018.0,2198.0
Lithuania,2019.0,2200.0
Lithuania,2020.0,2201.0
Luxembourg,2000.0,86.7
Luxembourg,2010.0,88.7
Luxembourg,2015.0,88.7
Luxembourg,2016.0,88.7
Luxembourg,2017.0,88.7
Luxembourg,2018.0,88.7
Luxembourg,2019.0,88.7
Luxembourg,2020.0,88.7
Madagascar,2000.0,13030.67
Madagascar,2010.0,12561.98
Madagascar,2015.0,12495.89
Madagascar,2016.0,12482.68
Madagascar,2017.0,12469.46
Madagascar,2018.0,12456.24
Madagascar,2019.0,12443.03
Madagascar,2020.0,12429.81
Malawi,2000.0,3081.7
Malawi,2010.0,2661.7
Malawi,2015.0,2451.7
Malawi,2016.0,2409.7
Malawi,2017.0,2367.7
Malawi,2018.0,2325.7
Malawi,2019.0,2283.7
Malawi,2020.0,2241.7
Malaysia,2000.0,19691.35
Malaysia,2010.0,18947.65
Malaysia,2015.0,19464.22
Malaysia,2016.0,19314.64
Malaysia,2017.0,19264.49
Malaysia,2018.0,19214.34
Malaysia,2019.0,19164.19
Malaysia,2020.0,19114.04
Maldives,2000.0,0.82
Maldives,2010.0,0.82
Maldives,2015.0,0.82
Maldives,2016.0,0.82
Maldives,2017.0,0.82
Maldives,2018.0,0.82
Maldives,2019.0,0.82
Maldives,2020.0,0.82
Mali,2000.0,13296.0
Mali,2010.0,13296.0
Mali,2015.0,13296.0
Mali,2016.0,13296.0
Mali,2017.0,13296.0
Mali,2018.0,13296.0
Mali,2019.0,13296.0
Mali,2020.0,13296.0
Malta,2000.0,0.35
Malta,2010.0,0.35
Malta,2015.0,0.35
Malta,2016.0,0.38
Malta,2017.0,0.42
Malta,2018.0,0.46
Malta,2019.0,0.46
Malta,2020.0,0.46
Martinique,2000.0,48.74
Martinique,2010.0,50.29
Martinique,2015.0,51.29
Martinique,2016.0,51.49
Martinique,2017.0,51.689
Martinique,2018.0,51.89
Martinique,2019.0,52.09
Martinique,2020.0,52.29
Mauritania,2000.0,421.64
Mauritania,2010.0,367.24
Mauritania,2015.0,340.04
Mauritania,2016.0,334.6
Mauritania,2017.0,329.2
Mauritania,2018.0,323.7
Mauritania,2019.0,318.3
Mauritania,2020.0,312.8
Mauritius,2000.0,41.93
Mauritius,2010.0,38.39
Mauritius,2015.0,38.3
Mauritius,2016.0,38.29
Mauritius,2017.0,38.65
Mauritius,2018.0,38.69
Mauritius,2019.0,38.73
Mauritius,2020.0,38.77
Mexico,2000.0,68381.35
Mexico,2010.0,66943.31
Mexico,2015.0,66330.91
Mexico,2016.0,66203.15
Mexico,2017.0,66075.38
Mexico,2018.0,65947.61
Mexico,2019.0,65819.85
Mexico,2020.0,65692.08
Monaco,2000.0,0.0
Monaco,2010.0,0.0
Monaco,2015.0,0.0
Monaco,2016.0,0.0
Monaco,2017.0,0.0
Monaco,2018.0,0.0
Monaco,2019.0,0.0
Monaco,2020.0,0.0
Mongolia,2000.0,14263.9
Mongolia,2010.0,14183.9
Mongolia,2015.0,14178.33
Mongolia,2016.0,14177.22
Mongolia,2017.0,14176.11
Mongolia,2018.0,14175.0
Mongolia,2019.0,14173.89
Mongolia,2020.0,14172.78
Moldova,2000.0,344.4
Moldova,2010.0,374.5
Moldova,2015.0,386.4
Moldova,2016.0,386.5
Moldova,2017.0,386.5
Moldova,2018.0,386.5
Moldova,2019.0,386.5
Moldova,2020.0,386.5
Montenegro,2000.0,626.0
Montenegro,2010.0,827.0
Montenegro,2015.0,827.0
Montenegro,2016.0,827.0
Montenegro,2017.0,827.0
Montenegro,2018.0,827.0
Montenegro,2019.0,827.0
Montenegro,2020.0,827.0
Montserrat,2000.0,2.5
Montserrat,2010.0,2.5
Montserrat,2015.0,2.5
Montserrat,2016.0,2.5
Montserrat,2017.0,2.5
Montserrat,2018.0,2.5
Montserrat,2019.0,2.5
Montserrat,2020.0,2.5
Morocco,2000.0,5506.54
Morocco,2010.0,5674.57
Morocco,2015.0,5684.69
Morocco,2016.0,5699.79
Morocco,2017.0,5711.59
Morocco,2018.0,5721.59
Morocco,2019.0,5732.09
Morocco,2020.0,5742.49
Mozambique,2000.0,41188.0
Mozambique,2010.0,38972.14
Mozambique,2015.0,37940.0
Mozambique,2016.0,37628.29
Mozambique,2017.0,37406.6
Mozambique,2018.0,37224.168
Mozambique,2019.0,36966.11
Mozambique,2020.0,36743.76
Oman,2000.0,3.0
Oman,2010.0,3.0
Oman,2015.0,3.0
Oman,2016.0,2.8
Oman,2017.0,2.7
Oman,2018.0,2.6
Oman,2019.0,2.5
Oman,2020.0,2.5
Europe and Northern America,2000.0,1653609.0996
Europe and Northern America,2010.0,1670027.2522
Europe and Northern America,2015.0,1673019.7205
Europe and Northern America,2016.0,1673506.2302
Europe and Northern America,2017.0,1673625.6709
Europe and Northern America,2018.0,1673814.02
Europe and Northern America,2019.0,1674001.28
Europe and Northern America,2020.0,1674186.76
Namibia,2000.0,8059.084
Namibia,2010.0,7348.99
Namibia,2015.0,6993.95
Namibia,2016.0,6922.94
Namibia,2017.0,6851.93
Namibia,2018.0,6780.92
Namibia,2019.0,6709.91
Namibia,2020.0,6638.9
Nauru,2000.0,0.0
Nauru,2010.0,0.0
Nauru,2015.0,0.0
Nauru,2016.0,0.0
Nauru,2017.0,0.0
Nauru,2018.0,0.0
Nauru,2019.0,0.0
Nauru,2020.0,0.0
Nepal,2000.0,5970.76
Nepal,2010.0,5962.03
Nepal,2015.0,5962.03
Nepal,2016.0,5962.03
Nepal,2017.0,5962.03
Nepal,2018.0,5962.03
Nepal,2019.0,5962.03
Nepal,2020.0,5962.03
Netherlands,2000.0,359.5
Netherlands,2010.0,373.48
Netherlands,2015.0,364.83
Netherlands,2016.0,365.76
Netherlands,2017.0,366.7
Netherlands,2018.0,367.63
Netherlands,2019.0,368.57
Netherlands,2020.0,369.5
Curacao,2000.0,0.07
Curacao,2010.0,0.07
Curacao,2015.0,0.07
Curacao,2016.0,0.07
Curacao,2017.0,0.07
Curacao,2018.0,0.07
Curacao,2019.0,0.07
Curacao,2020.0,0.07
Aruba,2000.0,0.42
Aruba,2010.0,0.42
Aruba,2015.0,0.42
Aruba,2016.0,0.42
Aruba,2017.0,0.42
Aruba,2018.0,0.42
Aruba,2019.0,0.42
Aruba,2020.0,0.42
Sint Maarten (Dutch part),2000.0,0.37
Sint Maarten (Dutch part),2010.0,0.37
Sint Maarten (Dutch part),2015.0,0.37
Sint Maarten (Dutch part),2016.0,0.37
Sint Maarten (Dutch part),2017.0,0.37
Sint Maarten (Dutch part),2018.0,0.37
Sint Maarten (Dutch part),2019.0,0.37
Sint Maarten (Dutch part),2020.0,0.37
Bonaire Sint Eustatius and Saba,2000.0,1.91
Bonaire Sint Eustatius and Saba,2010.0,1.91
Bonaire Sint Eustatius and Saba,2015.0,1.91
Bonaire Sint Eustatius and Saba,2016.0,1.91
Bonaire Sint Eustatius and Saba,2017.0,1.91
Bonaire Sint Eustatius and Saba,2018.0,1.91
Bonaire Sint Eustatius and Saba,2019.0,1.91
Bonaire Sint Eustatius and Saba,2020.0,1.91
New Caledonia,2000.0,837.85
New Caledonia,2010.0,839.02
New Caledonia,2015.0,838.52
New Caledonia,2016.0,838.42
New Caledonia,2017.0,838.32
New Caledonia,2018.0,838.22
New Caledonia,2019.0,838.12
New Caledonia,2020.0,838.02
Oceania (exc. Australia and New Zealand),2000.0,41663.41626
Oceania (exc. Australia and New Zealand),2010.0,41620.3253
Oceania (exc. Australia and New Zealand),2015.0,41493.31088
Oceania (exc. Australia and New Zealand),2016.0,41462.11
Oceania (exc. Australia and New Zealand),2017.0,41434.04
Oceania (exc. Australia and New Zealand),2018.0,41405.98
Oceania (exc. Australia and New Zealand),2019.0,41377.91
Oceania (exc. Australia and New Zealand),2020.0,41349.84
Vanuatu,2000.0,442.3
Vanuatu,2010.0,442.3
Vanuatu,2015.0,442.3
Vanuatu,2016.0,442.3
Vanuatu,2017.0,442.3
Vanuatu,2018.0,442.3
Vanuatu,2019.0,442.3
Vanuatu,2020.0,442.3
New Zealand,2000.0,9850.44
New Zealand,2010.0,9848.12
New Zealand,2015.0,9846.61
New Zealand,2016.0,9846.75
New Zealand,2017.0,9850.85
New Zealand,2018.0,9855.15
New Zealand,2019.0,9865.52
New Zealand,2020.0,9892.59
Nicaragua,2000.0,5399.32
Nicaragua,2010.0,4188.15
Nicaragua,2015.0,3907.53
Nicaragua,2016.0,3807.53
Nicaragua,2017.0,3707.53
Nicaragua,2018.0,3607.53
Nicaragua,2019.0,3507.53
Nicaragua,2020.0,3407.53
Niger,2000.0,1328.1
Niger,2010.0,1203.9
Niger,2015.0,1141.8
Niger,2016.0,1129.38
Niger,2017.0,1116.96
Niger,2018.0,1104.54
Niger,2019.0,1092.12
Niger,2020.0,1079.7
Nigeria,2000.0,24893.04
Nigeria,2010.0,23259.98
Nigeria,2015.0,22443.45
Nigeria,2016.0,22280.14789
Nigeria,2017.0,22116.85
Nigeria,2018.0,21953.55
Nigeria,2019.0,21790.25
Nigeria,2020.0,21626.95
Niue,2000.0,18.83
Niue,2010.0,18.77
Niue,2015.0,18.82
Niue,2016.0,18.83
Niue,2017.0,18.84
Niue,2018.0,18.85
Niue,2019.0,18.86
Niue,2020.0,18.87
Norfolk Island,2000.0,0.49
Norfolk Island,2010.0,0.49
Norfolk Island,2015.0,0.49
Norfolk Island,2016.0,0.49
Norfolk Island,2017.0,0.49
Norfolk Island,2018.0,0.49
Norfolk Island,2019.0,0.49
Norfolk Island,2020.0,0.49
Norway,2000.0,12113.0
Norway,2010.0,12102.0
Norway,2015.0,12141.0
Norway,2016.0,12148.8
Norway,2017.0,12156.6
Norway,2018.0,12164.4
Norway,2019.0,12172.2
Norway,2020.0,12180.0
Northern Mariana Islands,2000.0,31.96
Northern Mariana Islands,2010.0,30.32
Northern Mariana Islands,2015.0,29.49
Northern Mariana Islands,2016.0,24.36
Northern Mariana Islands,2017.0,24.36
Northern Mariana Islands,2018.0,24.36
Northern Mariana Islands,2019.0,24.36
Northern Mariana Islands,2020.0,24.36
Micronesia (country),2000.0,63.86
Micronesia (country),2010.0,64.13
Micronesia (country),2015.0,64.27
Micronesia (country),2016.0,64.3
Micronesia (country),2017.0,64.33
Micronesia (country),2018.0,64.36
Micronesia (country),2019.0,64.39
Micronesia (country),2020.0,64.42
Marshall Islands,2000.0,9.4
Marshall Islands,2010.0,9.4
Marshall Islands,2015.0,9.4
Marshall Islands,2016.0,9.4
Marshall Islands,2017.0,9.4
Marshall Islands,2018.0,9.4
Marshall Islands,2019.0,9.4
Marshall Islands,2020.0,9.4
Palau,2000.0,39.58
Palau,2010.0,40.56
Palau,2015.0,40.99
Palau,2016.0,41.08
Palau,2017.0,41.16
Palau,2018.0,41.25
Palau,2019.0,41.33
Palau,2020.0,41.41
Pakistan,2000.0,4511.26
Pakistan,2010.0,4093.73
Pakistan,2015.0,3932.6
Pakistan,2016.0,3868.24
Pakistan,2017.0,3849.92
Pakistan,2018.0,3808.58
Pakistan,2019.0,3767.24
Pakistan,2020.0,3725.9
Panama,2000.0,4442.14
Panama,2010.0,4327.99
Panama,2015.0,4270.91
Panama,2016.0,4259.5
Panama,2017.0,4248.08
Panama,2018.0,4236.67
Panama,2019.0,4225.25
Panama,2020.0,4213.84
Papua New Guinea,2000.0,36277.96626
Papua New Guinea,2010.0,36178.8853
Papua New Guinea,2015.0,36024.42088
Papua New Guinea,2016.0,35989.88
Papua New Guinea,2017.0,35956.35
Papua New Guinea,2018.0,35922.82
Papua New Guinea,2019.0,35889.29
Papua New Guinea,2020.0,35855.76
Paraguay,2000.0,22991.65
Paraguay,2010.0,19570.21
Paraguay,2015.0,17498.94
Paraguay,2016.0,17333.13
Paraguay,2017.0,16940.27
Paraguay,2018.0,16660.93
Paraguay,2019.0,16381.6
Paraguay,2020.0,16102.26
Peru,2000.0,75297.83
Peru,2010.0,74049.8
Peru,2015.0,73194.53
Peru,2016.0,73010.28
Peru,2017.0,72834.78
Peru,2018.0,72676.04
Peru,2019.0,72503.2
Peru,2020.0,72330.37
Philippines,2000.0,7309.26
Philippines,2010.0,6839.72
Philippines,2015.0,7014.15
Philippines,2016.0,7049.04
Philippines,2017.0,7083.93
Philippines,2018.0,7118.81
Philippines,2019.0,7153.7
Philippines,2020.0,7188.59
Pitcairn,2000.0,3.5
Pitcairn,2010.0,3.5
Pitcairn,2015.0,3.5
Pitcairn,2016.0,3.5
Pitcairn,2017.0,3.5
Pitcairn,2018.0,3.5
Pitcairn,2019.0,3.5
Pitcairn,2020.0,3.5
Poland,2000.0,9059.0
Poland,2010.0,9329.0
Poland,2015.0,9420.0
Poland,2016.0,9435.0
Poland,2017.0,9447.0
Poland,2018.0,9459.0
Poland,2019.0,9471.0
Poland,2020.0,9483.0
Portugal,2000.0,3281.0
Portugal,2010.0,3252.0
Portugal,2015.0,3312.0
Portugal,2016.0,3312.0
Portugal,2017.0,3312.0
Portugal,2018.0,3312.0
Portugal,2019.0,3312.0
Portugal,2020.0,3312.0
Guinea-Bissau,2000.0,2148.88
Guinea-Bissau,2010.0,2064.43
Guinea-Bissau,2015.0,2022.21
Guinea-Bissau,2016.0,2013.77
Guinea-Bissau,2017.0,2005.33
Guinea-Bissau,2018.0,1996.89
Guinea-Bissau,2019.0,1988.45
Guinea-Bissau,2020.0,1980.01
Timor,2000.0,949.1
Timor,2010.0,935.1
Timor,2015.0,928.1
Timor,2016.0,926.7
Timor,2017.0,925.6
Timor,2018.0,923.9
Timor,2019.0,922.5
Timor,2020.0,921.1
Puerto Rico,2000.0,429.15
Puerto Rico,2010.0,491.45
Puerto Rico,2015.0,493.88
Puerto Rico,2016.0,494.37
Puerto Rico,2017.0,494.86
Puerto Rico,2018.0,495.35
Puerto Rico,2019.0,495.84
Puerto Rico,2020.0,496.33
Qatar,2000.0,0.0
Qatar,2010.0,0.0
Qatar,2015.0,0.0
Qatar,2016.0,0.0
Qatar,2017.0,0.0
Qatar,2018.0,0.0
Qatar,2019.0,0.0
Qatar,2020.0,0.0
Reunion,2000.0,90.97
Reunion,2010.0,93.99
Reunion,2015.0,96.04
Reunion,2016.0,96.52
Reunion,2017.0,97.0
Reunion,2018.0,97.48
Reunion,2019.0,97.96
Reunion,2020.0,98.44
Romania,2000.0,6366.0
Romania,2010.0,6515.0
Romania,2015.0,6900.96
Romania,2016.0,6929.05
Romania,2017.0,6929.05
Romania,2018.0,6929.05
Romania,2019.0,6929.05
Romania,2020.0,6929.05
Russia,2000.0,809268.5
Russia,2010.0,815135.6
Russia,2015.0,814930.46
Russia,2016.0,815121.03
Russia,2017.0,815311.6
Russia,2018.0,815311.6
Russia,2019.0,815311.6
Russia,2020.0,815311.6
Rwanda,2000.0,287.0
Rwanda,2010.0,265.0
Rwanda,2015.0,270.0
Rwanda,2016.0,272.0
Rwanda,2017.0,273.0
Rwanda,2018.0,274.0
Rwanda,2019.0,275.0
Rwanda,2020.0,276.0
Saint Barthlemy,2000.0,0.17
Saint Barthlemy,2010.0,0.17
Saint Barthlemy,2015.0,0.17
Saint Barthlemy,2016.0,0.17
Saint Barthlemy,2017.0,0.17
Saint Barthlemy,2018.0,0.17
Saint Barthlemy,2019.0,0.17
Saint Barthlemy,2020.0,0.17
Saint Helena,2000.0,2.0
Saint Helena,2010.0,2.0
Saint Helena,2015.0,2.0
Saint Helena,2016.0,2.0
Saint Helena,2017.0,2.0
Saint Helena,2018.0,2.0
Saint Helena,2019.0,2.0
Saint Helena,2020.0,2.0
Saint Kitts and Nevis,2000.0,11.0
Saint Kitts and Nevis,2010.0,11.0
Saint Kitts and Nevis,2015.0,11.0
Saint Kitts and Nevis,2016.0,11.0
Saint Kitts and Nevis,2017.0,11.0
Saint Kitts and Nevis,2018.0,11.0
Saint Kitts and Nevis,2019.0,11.0
Saint Kitts and Nevis,2020.0,11.0
Anguilla,2000.0,5.5
Anguilla,2010.0,5.5
Anguilla,2015.0,5.5
Anguilla,2016.0,5.5
Anguilla,2017.0,5.5
Anguilla,2018.0,5.5
Anguilla,2019.0,5.5
Anguilla,2020.0,5.5
Saint Lucia,2000.0,21.01
Saint Lucia,2010.0,20.77
Saint Lucia,2015.0,20.77
Saint Lucia,2016.0,20.77
Saint Lucia,2017.0,20.77
Saint Lucia,2018.0,20.77
Saint Lucia,2019.0,20.77
Saint Lucia,2020.0,20.77
Saint Martin (French part),2000.0,1.24
Saint Martin (French part),2010.0,1.24
Saint Martin (French part),2015.0,1.24
Saint Martin (French part),2016.0,1.24
Saint Martin (French part),2017.0,1.24
Saint Martin (French part),2018.0,1.24
Saint Martin (French part),2019.0,1.24
Saint Martin (French part),2020.0,1.24
Saint Pierre and Miquelon,2000.0,1.67
Saint Pierre and Miquelon,2010.0,1.44
Saint Pierre and Miquelon,2015.0,1.33
Saint Pierre and Miquelon,2016.0,1.31
Saint Pierre and Miquelon,2017.0,1.29
Saint Pierre and Miquelon,2018.0,1.26
Saint Pierre and Miquelon,2019.0,1.24
Saint Pierre and Miquelon,2020.0,1.22
Saint Vincent and the Grenadines,2000.0,28.54
Saint Vincent and the Grenadines,2010.0,28.54
Saint Vincent and the Grenadines,2015.0,28.54
Saint Vincent and the Grenadines,2016.0,28.54
Saint Vincent and the Grenadines,2017.0,28.54
Saint Vincent and the Grenadines,2018.0,28.54
Saint Vincent and the Grenadines,2019.0,28.54
Saint Vincent and the Grenadines,2020.0,28.54
San Marino,2000.0,1.0
San Marino,2010.0,1.0
San Marino,2015.0,1.0
San Marino,2016.0,1.0
San Marino,2017.0,1.0
San Marino,2018.0,1.0
San Marino,2019.0,1.0
San Marino,2020.0,1.0
Sao Tome and Principe,2000.0,58.36
Sao Tome and Principe,2010.0,58.1
Sao Tome and Principe,2015.0,55.0
Sao Tome and Principe,2016.0,54.38
Sao Tome and Principe,2017.0,53.76
Sao Tome and Principe,2018.0,53.14
Sao Tome and Principe,2019.0,52.52
Sao Tome and Principe,2020.0,51.9
Saudi Arabia,2000.0,977.0
Saudi Arabia,2010.0,977.0
Saudi Arabia,2015.0,977.0
Saudi Arabia,2016.0,977.0
Saudi Arabia,2017.0,977.0
Saudi Arabia,2018.0,977.0
Saudi Arabia,2019.0,977.0
Saudi Arabia,2020.0,977.0
Senegal,2000.0,8853.16
Senegal,2010.0,8468.16
Senegal,2015.0,8268.16
Senegal,2016.0,8228.16
Senegal,2017.0,8188.16
Senegal,2018.0,8148.16
Senegal,2019.0,8108.16
Senegal,2020.0,8068.16
Serbia,2000.0,2460.0
Serbia,2010.0,2713.0
Serbia,2015.0,2719.53
Serbia,2016.0,2720.18
Serbia,2017.0,2721.86
Serbia,2018.0,2722.0
Serbia,2019.0,2722.22
Serbia,2020.0,2722.65
Seychelles,2000.0,33.7
Seychelles,2010.0,33.7
Seychelles,2015.0,33.7
Seychelles,2016.0,33.7
Seychelles,2017.0,33.7
Seychelles,2018.0,33.7
Seychelles,2019.0,33.7
Seychelles,2020.0,33.7
Sierra Leone,2000.0,2929.43
Sierra Leone,2010.0,2732.16
Sierra Leone,2015.0,2633.53
Sierra Leone,2016.0,2613.8
Sierra Leone,2017.0,2594.07
Sierra Leone,2018.0,2574.34
Sierra Leone,2019.0,2554.61
Sierra Leone,2020.0,2534.88
Singapore,2000.0,17.01346
Singapore,2010.0,17.74038
Singapore,2015.0,16.4714
Singapore,2016.0,16.2855
Singapore,2017.0,16.11
Singapore,2018.0,15.93
Singapore,2019.0,15.75
Singapore,2020.0,15.57
Slovakia,2000.0,1901.41
Slovakia,2010.0,1917.91
Slovakia,2015.0,1921.75
Slovakia,2016.0,1923.37
Slovakia,2017.0,1925.9
Slovakia,2018.0,1925.9
Slovakia,2019.0,1925.9
Slovakia,2020.0,1925.9
Vietnam,2000.0,11784.1
Vietnam,2010.0,13388.06
Vietnam,2015.0,14061.86
Vietnam,2016.0,14377.68
Vietnam,2017.0,14415.39
Vietnam,2018.0,14491.29
Vietnam,2019.0,14567.19
Vietnam,2020.0,14643.09
Slovenia,2000.0,1233.0
Slovenia,2010.0,1247.0
Slovenia,2015.0,1248.0
Slovenia,2016.0,1245.97
Slovenia,2017.0,1243.93
Slovenia,2018.0,1241.9
Slovenia,2019.0,1239.86
Slovenia,2020.0,1237.83
Somalia,2000.0,7515.0
Somalia,2010.0,6747.5
Somalia,2015.0,6363.75
Somalia,2016.0,6287.0
Somalia,2017.0,6210.25
Somalia,2018.0,6133.5
Somalia,2019.0,6056.75
Somalia,2020.0,5980.0
South Africa,2000.0,17778.09
South Africa,2010.0,17414.09
South Africa,2015.0,17232.09
South Africa,2016.0,17195.69
South Africa,2017.0,17159.29
South Africa,2018.0,17122.89
South Africa,2019.0,17086.49
South Africa,2020.0,17050.09
Zimbabwe,2000.0,18365.98
Zimbabwe,2010.0,17905.28
Zimbabwe,2015.0,17674.93
Zimbabwe,2016.0,17628.86
Zimbabwe,2017.0,17582.79
Zimbabwe,2018.0,17536.72
Zimbabwe,2019.0,17490.65
Zimbabwe,2020.0,17444.58
Small island developing States (SIDS),2000.0,87011.25971
Small island developing States (SIDS),2010.0,87399.83568
Small island developing States (SIDS),2015.0,87339.94228
Small island developing States (SIDS),2016.0,87332.2555
Small island developing States (SIDS),2017.0,87276.43
Small island developing States (SIDS),2018.0,87213.77
Small island developing States (SIDS),2019.0,87151.35
Small island developing States (SIDS),2020.0,87088.97
Spain,2000.0,17093.93
Spain,2010.0,18545.34
Spain,2015.0,18551.18
Spain,2016.0,18555.24
Spain,2017.0,18559.3
Spain,2018.0,18563.59
Spain,2019.0,18567.88
Spain,2020.0,18572.17
South Sudan,2000.0,7157.0
South Sudan,2010.0,7157.0
South Sudan,2015.0,7157.0
South Sudan,2016.0,7157.0
South Sudan,2017.0,7157.0
South Sudan,2018.0,7157.0
South Sudan,2019.0,7157.0
South Sudan,2020.0,7157.0
Sudan,2000.0,21826.16
Sudan,2010.0,20081.17
Sudan,2015.0,19209.93
Sudan,2016.0,19048.19
Sudan,2017.0,18876.03
Sudan,2018.0,18703.87
Sudan,2019.0,18531.71
Sudan,2020.0,18359.55
Western Sahara,2000.0,669.31
Western Sahara,2010.0,665.11
Western Sahara,2015.0,664.7
Western Sahara,2016.0,665.11
Western Sahara,2017.0,664.7
Western Sahara,2018.0,665.14
Western Sahara,2019.0,665.05
Western Sahara,2020.0,665.07
Suriname,2000.0,15340.87
Suriname,2010.0,15299.86
Suriname,2015.0,15251.67
Suriname,2016.0,15240.32
Suriname,2017.0,15233.02
Suriname,2018.0,15220.78
Suriname,2019.0,15208.53
Suriname,2020.0,15196.29
Svalbard and Jan Mayen,2000.0,0.0
Svalbard and Jan Mayen,2010.0,0.0
Svalbard and Jan Mayen,2015.0,0.0
Svalbard and Jan Mayen,2016.0,0.0
Svalbard and Jan Mayen,2017.0,0.0
Svalbard and Jan Mayen,2018.0,0.0
Svalbard and Jan Mayen,2019.0,0.0
Svalbard and Jan Mayen,2020.0,0.0
Northern Africa and Western Asia,2000.0,58416.98
Northern Africa and Western Asia,2010.0,58319.24459
Northern Africa and Western Asia,2015.0,58121.83697
Northern Africa and Western Asia,2016.0,57958.3952
Northern Africa and Western Asia,2017.0,57918.3148
Northern Africa and Western Asia,2018.0,57912.84495
Northern Africa and Western Asia,2019.0,57929.44
Northern Africa and Western Asia,2020.0,57947.15
Eswatini,2000.0,473.28
Eswatini,2010.0,485.43
Eswatini,2015.0,491.5
Eswatini,2016.0,492.72
Eswatini,2017.0,493.93
Eswatini,2018.0,495.14
Eswatini,2019.0,496.35
Eswatini,2020.0,497.56
Sweden,2000.0,28163.0
Sweden,2010.0,28073.0
Sweden,2015.0,27980.0
Sweden,2016.0,27980.0
Sweden,2017.0,27980.0
Sweden,2018.0,27980.0
Sweden,2019.0,27980.0
Sweden,2020.0,27980.0
Eastern and South-Eastern Asia,2000.0,452571.07346
Eastern and South-Eastern Asia,2010.0,471600.87038
Eastern and South-Eastern Asia,2015.0,474450.7814
Eastern and South-Eastern Asia,2016.0,476497.6025
Eastern and South-Eastern Asia,2017.0,476525.14
Eastern and South-Eastern Asia,2018.0,477309.69
Eastern and South-Eastern Asia,2019.0,478094.54
Eastern and South-Eastern Asia,2020.0,478879.4
Switzerland,2000.0,1196.18
Switzerland,2010.0,1234.72
Switzerland,2015.0,1251.91
Switzerland,2016.0,1255.35
Switzerland,2017.0,1258.79
Switzerland,2018.0,1262.23
Switzerland,2019.0,1265.67
Switzerland,2020.0,1269.11
Syria,2000.0,432.08
Syria,2010.0,492.08
Syria,2015.0,522.08
Syria,2016.0,522.08
Syria,2017.0,522.08
Syria,2018.0,522.08
Syria,2019.0,522.08
Syria,2020.0,522.08
Tajikistan,2000.0,410.0
Tajikistan,2010.0,410.0
Tajikistan,2015.0,421.8
Tajikistan,2016.0,421.8
Tajikistan,2017.0,421.8
Tajikistan,2018.0,421.8
Tajikistan,2019.0,422.8
Tajikistan,2020.0,423.8
Thailand,2000.0,18998.0
Thailand,2010.0,20073.0
Thailand,2015.0,20061.0
Thailand,2016.0,20017.0
Thailand,2017.0,19981.0
Thailand,2018.0,19945.0
Thailand,2019.0,19909.0
Thailand,2020.0,19873.0
Togo,2000.0,1268.464
Togo,2010.0,1238.87
Togo,2015.0,1224.07
Togo,2016.0,1221.11
Togo,2017.0,1218.15
Togo,2018.0,1215.19
Togo,2019.0,1212.23
Togo,2020.0,1209.27
Tokelau,2000.0,0.0
Tokelau,2010.0,0.0
Tokelau,2015.0,0.0
Tokelau,2016.0,0.0
Tokelau,2017.0,0.0
Tokelau,2018.0,0.0
Tokelau,2019.0,0.0
Tokelau,2020.0,0.0
Tonga,2000.0,8.95
Tonga,2010.0,8.95
Tonga,2015.0,8.95
Tonga,2016.0,8.95
Tonga,2017.0,8.95
Tonga,2018.0,8.95
Tonga,2019.0,8.95
Tonga,2020.0,8.95
Trinidad and Tobago,2000.0,236.65
Trinidad and Tobago,2010.0,232.41
Trinidad and Tobago,2015.0,230.29
Trinidad and Tobago,2016.0,229.87
Trinidad and Tobago,2017.0,229.45
Trinidad and Tobago,2018.0,229.03
Trinidad and Tobago,2019.0,228.61
Trinidad and Tobago,2020.0,228.19
United Arab Emirates,2000.0,309.43
United Arab Emirates,2010.0,317.3
United Arab Emirates,2015.0,317.3
United Arab Emirates,2016.0,317.3
United Arab Emirates,2017.0,317.3
United Arab Emirates,2018.0,317.3
United Arab Emirates,2019.0,317.3
United Arab Emirates,2020.0,317.3
Tunisia,2000.0,667.85
Tunisia,2010.0,687.43
Tunisia,2015.0,695.08
Tunisia,2016.0,696.61
Tunisia,2017.0,698.14
Tunisia,2018.0,699.67
Tunisia,2019.0,701.2
Tunisia,2020.0,702.73
Turkey,2000.0,20148.35
Turkey,2010.0,21083.08
Turkey,2015.0,21630.3
Turkey,2016.0,21630.3
Turkey,2017.0,21752.46
Turkey,2018.0,21908.36
Turkey,2019.0,22064.36
Turkey,2020.0,22220.36
Turkmenistan,2000.0,4127.0
Turkmenistan,2010.0,4127.0
Turkmenistan,2015.0,4127.0
Turkmenistan,2016.0,4127.0
Turkmenistan,2017.0,4127.0
Turkmenistan,2018.0,4127.0
Turkmenistan,2019.0,4127.0
Turkmenistan,2020.0,4127.0
Turks and Caicos Islands,2000.0,10.52
Turks and Caicos Islands,2010.0,10.52
Turks and Caicos Islands,2015.0,10.52
Turks and Caicos Islands,2016.0,10.52
Turks and Caicos Islands,2017.0,10.52
Turks and Caicos Islands,2018.0,10.52
Turks and Caicos Islands,2019.0,10.52
Turks and Caicos Islands,2020.0,10.52
Tuvalu,2000.0,1.0
Tuvalu,2010.0,1.0
Tuvalu,2015.0,1.0
Tuvalu,2016.0,1.0
Tuvalu,2017.0,1.0
Tuvalu,2018.0,1.0
Tuvalu,2019.0,1.0
Tuvalu,2020.0,1.0
Uganda,2000.0,3162.95
Uganda,2010.0,2750.42
Uganda,2015.0,2544.16
Uganda,2016.0,2502.91
Uganda,2017.0,2461.66
Uganda,2018.0,2420.41
Uganda,2019.0,2379.15
Uganda,2020.0,2337.9
Ukraine,2000.0,9510.0
Ukraine,2010.0,9548.0
Ukraine,2015.0,9657.0
Ukraine,2016.0,9664.0
Ukraine,2017.0,9671.0
Ukraine,2018.0,9678.0
Ukraine,2019.0,9684.0
Ukraine,2020.0,9690.0
North Macedonia,2000.0,957.55
North Macedonia,2010.0,960.43
North Macedonia,2015.0,994.4
North Macedonia,2016.0,1001.67
North Macedonia,2017.0,1001.49
North Macedonia,2018.0,1001.49
North Macedonia,2019.0,1001.49
North Macedonia,2020.0,1001.49
Egypt,2000.0,59.21
Egypt,2010.0,65.64
Egypt,2015.0,48.42
Egypt,2016.0,44.98
Egypt,2017.0,44.98
Egypt,2018.0,44.98
Egypt,2019.0,44.98
Egypt,2020.0,44.98
United Kingdom,2000.0,2954.0
United Kingdom,2010.0,3059.0
United Kingdom,2015.0,3155.0
United Kingdom,2016.0,3159.0
United Kingdom,2017.0,3164.0
United Kingdom,2018.0,3173.0
United Kingdom,2019.0,3182.0
United Kingdom,2020.0,3190.0
Guernsey,2000.0,0.23
Guernsey,2010.0,0.42
Guernsey,2015.0,0.42
Guernsey,2016.0,0.42
Guernsey,2017.0,0.42
Guernsey,2018.0,0.42
Guernsey,2019.0,0.42
Guernsey,2020.0,0.42
Jersey,2000.0,0.6
Jersey,2010.0,0.6
Jersey,2015.0,0.6
Jersey,2016.0,0.6
Jersey,2017.0,0.6
Jersey,2018.0,0.6
Jersey,2019.0,0.6
Jersey,2020.0,0.6
Isle of Man,2000.0,3.46
Isle of Man,2010.0,3.46
Isle of Man,2015.0,3.46
Isle of Man,2016.0,3.46
Isle of Man,2017.0,3.46
Isle of Man,2018.0,3.46
Isle of Man,2019.0,3.46
Isle of Man,2020.0,3.46
Tanzania,2000.0,53670.01
Tanzania,2010.0,49950.01
Tanzania,2015.0,48090.0
Tanzania,2016.0,47621.0
Tanzania,2017.0,47152.0
Tanzania,2018.0,46683.0
Tanzania,2019.0,46214.0
Tanzania,2020.0,45745.0
United States,2000.0,303536.0
United States,2010.0,308720.0
United States,2015.0,310095.0
United States,2016.0,310095.0
United States,2017.0,309795.0
United States,2018.0,309795.0
United States,2019.0,309795.0
United States,2020.0,309795.0
United States Virgin Islands,2000.0,20.47
United States Virgin Islands,2010.0,18.43
United States Virgin Islands,2015.0,19.16
United States Virgin Islands,2016.0,19.31
United States Virgin Islands,2017.0,19.46
United States Virgin Islands,2018.0,19.61
United States Virgin Islands,2019.0,19.76
United States Virgin Islands,2020.0,19.91
Burkina Faso,2000.0,7216.5
Burkina Faso,2010.0,6716.5
Burkina Faso,2015.0,6466.4
Burkina Faso,2016.0,6416.4
Burkina Faso,2017.0,6366.4
Burkina Faso,2018.0,6316.4
Burkina Faso,2019.0,6266.4
Burkina Faso,2020.0,6216.4
Uruguay,2000.0,1369.0
Uruguay,2010.0,1731.3
Uruguay,2015.0,1920.0
Uruguay,2016.0,1947.0
Uruguay,2017.0,1968.0
Uruguay,2018.0,1989.0
Uruguay,2019.0,2010.0
Uruguay,2020.0,2031.0
Uzbekistan,2000.0,2961.461
Uzbekistan,2010.0,3349.6
Uzbekistan,2015.0,3549.4
Uzbekistan,2016.0,3586.3
Uzbekistan,2017.0,3612.136
Uzbekistan,2018.0,3637.98
Uzbekistan,2019.0,3663.82
Uzbekistan,2020.0,3689.66
Venezuela,2000.0,49151.0
Venezuela,2010.0,47505.0
Venezuela,2015.0,46683.0
Venezuela,2016.0,46543.26
Venezuela,2017.0,46428.18
Venezuela,2018.0,46337.76
Venezuela,2019.0,46272.0
Venezuela,2020.0,46230.9
Wallis and Futuna,2000.0,5.81
Wallis and Futuna,2010.0,5.82
Wallis and Futuna,2015.0,5.83
Wallis and Futuna,2016.0,5.83
Wallis and Futuna,2017.0,5.83
Wallis and Futuna,2018.0,5.83
Wallis and Futuna,2019.0,5.83
Wallis and Futuna,2020.0,5.83
Samoa,2000.0,171.31
Samoa,2010.0,166.49
Samoa,2015.0,164.07
Samoa,2016.0,163.59
Samoa,2017.0,163.11
Samoa,2018.0,162.63
Samoa,2019.0,162.15
Samoa,2020.0,161.67
Yemen,2000.0,549.0
Yemen,2010.0,549.0
Yemen,2015.0,549.0
Yemen,2016.0,549.0
Yemen,2017.0,549.0
Yemen,2018.0,549.0
Yemen,2019.0,549.0
Yemen,2020.0,549.0
Zambia,2000.0,47054.0
Zambia,2010.0,46696.0
Zambia,2015.0,45755.1
Zambia,2016.0,45566.8
Zambia,2017.0,45378.67
Zambia,2018.0,45190.46
Zambia,2019.0,45002.24
Zambia,2020.0,44814.03
