country,year,value
China,2018.0,16.38889
Japan,2001.0,17.08333
Japan,2006.0,15.90278
Japan,2011.0,14.86111
Japan,2016.0,14.79167
United States,2003.0,19.08333
United States,2004.0,19.83333
United States,2005.0,19.29167
United States,2006.0,19.625
United States,2007.0,18.75
United States,2008.0,17.83333
United States,2009.0,18.08333
United States,2010.0,16.79167
United States,2011.0,17.20833
United States,2012.0,17.45833
United States,2013.0,18.25
United States,2014.0,17.91667
United States,2015.0,18.5
United States,2016.0,17.91667
United States,2017.0,18.08333
United States,2018.0,17.70833
