country,year,value
World,2017.0,20.83407
World,2018.0,20.70348
World,2019.0,20.38541
Africa,2017.0,19.25378
Africa,2018.0,16.81316
Africa,2019.0,16.65303
Afghanistan,2017.0,17.765
Afghanistan,2018.0,26.39917
Afghanistan,2019.0,14.82182
South America,2017.0,27.82324
South America,2018.0,24.27535
South America,2019.0,23.98194
Albania,2017.0,20.33917
Albania,2018.0,13.91
Albania,2019.0,18.59167
Oceania,2017.0,14.57053
Oceania,2018.0,13.17992
Oceania,2019.0,16.75201
Western Africa,2017.0,17.4151
Western Africa,2018.0,19.65171
Western Africa,2019.0,18.9269
Algeria,2017.0,23.6075
Algeria,2018.0,19.5425
Algeria,2019.0,20.10583
Central America,2017.0,14.4314
Central America,2018.0,14.85336
Central America,2019.0,16.67725
Eastern Africa,2017.0,18.64733
Eastern Africa,2018.0,14.72615
Eastern Africa,2019.0,14.21768
Northern Africa,2017.0,24.39828
Northern Africa,2018.0,18.77518
Northern Africa,2019.0,23.17716
Middle Africa,2017.0,15.89084
Middle Africa,2018.0,14.80523
Middle Africa,2019.0,12.42533
Southern Africa,2017.0,20.93406
Southern Africa,2018.0,17.16459
Southern Africa,2019.0,14.28739
Americas,2017.0,23.64837
Americas,2018.0,23.42425
Americas,2019.0,24.20325
Northern America,2017.0,20.95071
Northern America,2018.0,23.92006
Northern America,2019.0,25.39568
Angola,2017.0,16.79167
Angola,2018.0,11.275
Angola,2019.0,12.16917
Caribbean,2017.0,26.50553
Caribbean,2018.0,8.40743
Caribbean,2019.0,25.17397
Eastern Asia,2017.0,20.86931
Eastern Asia,2018.0,22.71705
Eastern Asia,2019.0,20.0974
Azerbaijan,2017.0,21.8725
Azerbaijan,2018.0,23.87333
Azerbaijan,2019.0,17.10333
Argentina,2017.0,28.59167
Argentina,2018.0,22.21333
Argentina,2019.0,23.7975
Southern Asia,2017.0,18.12192
Southern Asia,2018.0,19.3815
Southern Asia,2019.0,17.08831
South-Eastern Asia,2017.0,13.33066
South-Eastern Asia,2018.0,14.83488
South-Eastern Asia,2019.0,17.60607
Australia,2017.0,14.74
Australia,2018.0,12.82667
Australia,2019.0,16.8375
Southern Europe,2017.0,16.34872
Southern Europe,2018.0,16.29164
Southern Europe,2019.0,19.37176
Austria,2017.0,12.7225
Austria,2018.0,9.33
Austria,2019.0,12.64833
Bahamas,2017.0,7.82833
Bahamas,2018.0,12.63
Bahamas,2019.0,15.3475
Bangladesh,2017.0,16.59583
Bangladesh,2018.0,15.40167
Bangladesh,2019.0,7.4025
Armenia,2017.0,15.2725
Armenia,2018.0,10.7575
Armenia,2019.0,11.6
Australia and New Zealand,2017.0,14.72963
Australia and New Zealand,2018.0,12.88624
Australia and New Zealand,2019.0,16.82021
Melanesia,2017.0,11.93836
Melanesia,2018.0,18.0386
Melanesia,2019.0,15.62378
Central and Southern Asia,2017.0,18.3529
Central and Southern Asia,2018.0,20.19491
Central and Southern Asia,2019.0,16.80466
Bolivia,2017.0,28.14
Bolivia,2018.0,30.085
Bolivia,2019.0,32.11167
Bosnia and Herzegovina,2017.0,27.795
Bosnia and Herzegovina,2018.0,12.555
Bosnia and Herzegovina,2019.0,19.4
Botswana,2017.0,41.23417
Botswana,2018.0,26.96833
Botswana,2019.0,22.9825
Brazil,2017.0,26.1525
Brazil,2018.0,22.40167
Brazil,2019.0,20.88583
Belize,2017.0,8.85182
Belize,2018.0,25.46909
Belize,2019.0,16.239
Solomon Islands,2017.0,21.9025
Solomon Islands,2018.0,15.37333
Solomon Islands,2019.0,10.5075
Bulgaria,2017.0,14.69833
Bulgaria,2018.0,17.16167
Bulgaria,2019.0,11.89083
Myanmar,2017.0,8.14
Myanmar,2018.0,6.005
Myanmar,2019.0,13.54583
Burundi,2017.0,14.47
Burundi,2018.0,14.36667
Burundi,2019.0,9.972
Cambodia,2017.0,22.66667
Cambodia,2018.0,19.27667
Cambodia,2019.0,47.78667
Cameroon,2017.0,22.8325
Cameroon,2018.0,27.64833
Cameroon,2019.0,20.93917
Canada,2017.0,26.83167
Canada,2018.0,29.85417
Canada,2019.0,29.16917
Central African Republic,2017.0,12.87167
Central African Republic,2018.0,13.31417
Central African Republic,2019.0,20.525
Asia,2017.0,18.66644
Asia,2018.0,20.77579
Asia,2019.0,18.36819
Central Asia,2017.0,18.7188
Central Asia,2018.0,21.48344
Central Asia,2019.0,16.35533
Sri Lanka,2017.0,15.67417
Sri Lanka,2018.0,17.72083
Sri Lanka,2019.0,18.2575
Chad,2017.0,27.09333
Chad,2018.0,29.6775
Chad,2019.0,18.065
Europe,2017.0,22.8692
Europe,2018.0,23.24525
Europe,2019.0,21.95857
Eastern Europe,2017.0,24.0816
Eastern Europe,2018.0,24.33856
Eastern Europe,2019.0,22.42571
Chile,2017.0,25.83
Chile,2018.0,25.34455
Chile,2019.0,26.37909
Northern Europe,2017.0,22.06192
Northern Europe,2018.0,25.30699
Northern Europe,2019.0,25.31611
Western Europe,2017.0,10.7354
Western Europe,2018.0,9.02113
Western Europe,2019.0,11.45799
China,2017.0,19.85
China,2018.0,21.9875
China,2019.0,19.74917
Colombia,2017.0,31.99417
Colombia,2018.0,30.25833
Colombia,2019.0,28.62167
Congo,2017.0,12.76833
Congo,2018.0,13.985
Congo,2019.0,9.23167
Democratic Republic of Congo,2017.0,9.185
Democratic Republic of Congo,2018.0,6.30583
Democratic Republic of Congo,2019.0,6.135
Costa Rica,2017.0,19.075
Costa Rica,2018.0,11.40889
Costa Rica,2019.0,25.32
Croatia,2017.0,24.01833
Croatia,2018.0,44.70417
Croatia,2019.0,30.33333
Cuba,2017.0,43.69455
Cuba,2018.0,12.19364
Cuba,2019.0,37.49273
Least Developed Countries (LDCs),2017.0,16.45837
Least Developed Countries (LDCs),2018.0,15.23051
Least Developed Countries (LDCs),2019.0,14.5847
Sub-Saharan Africa,2017.0,17.75491
Sub-Saharan Africa,2018.0,16.24152
Sub-Saharan Africa,2019.0,14.75219
Czechia,2017.0,22.6825
Czechia,2018.0,18.9675
Czechia,2019.0,22.39583
Benin,2017.0,6.60083
Benin,2018.0,13.92583
Benin,2019.0,15.085
Denmark,2017.0,15.53583
Denmark,2018.0,14.83917
Denmark,2019.0,18.90167
Dominican Republic,2017.0,0
Dominican Republic,2018.0,0
Dominican Republic,2019.0,0.04083
Ecuador,2017.0,17.37
Ecuador,2018.0,25
Ecuador,2019.0,8.55333
El Salvador,2017.0,24.35727
El Salvador,2018.0,17.38
El Salvador,2019.0,31.323
Ethiopia,2017.0,18.14667
Ethiopia,2018.0,17.42
Ethiopia,2019.0,17.24917
Estonia,2017.0,12.18818
Estonia,2018.0,23.314
Estonia,2019.0,29.44182
France,2017.0,8.43083
France,2018.0,7.10667
France,2019.0,8.54333
French Guiana,2017.0,37.22
French Guiana,2018.0,25.9875
French Guiana,2019.0,39.02833
Djibouti,2017.0,23.5175
Djibouti,2018.0,26.93167
Djibouti,2019.0,28.04833
Gabon,2017.0,14.49
Gabon,2018.0,15.1175
Gabon,2019.0,10.47917
Ghana,2017.0,16.315
Ghana,2018.0,12.895
Ghana,2019.0,12.77917
Greece,2017.0,8.76917
Greece,2018.0,5.68833
Greece,2019.0,8.01833
Greenland,2017.0,11.34857
Greenland,2018.0,14.03429
Greenland,2019.0,13.05714
Guatemala,2017.0,15.70583
Guatemala,2018.0,13.5225
Guatemala,2019.0,11.83455
Guinea,2017.0,17.11
Guinea,2018.0,17.12917
Guinea,2019.0,21.49583
Haiti,2017.0,14.87417
Haiti,2018.0,7.32083
Haiti,2019.0,26.30417
Honduras,2017.0,13.19083
Honduras,2018.0,12.3325
Honduras,2019.0,15.63636
Hungary,2017.0,10.58
Hungary,2018.0,6.82833
Hungary,2019.0,8.99583
Iceland,2017.0,18.919
Iceland,2018.0,28.32111
Iceland,2019.0,21.50111
India,2017.0,10.53833
India,2018.0,11.03583
India,2019.0,15.42667
Indonesia,2017.0,14.03
Indonesia,2018.0,17.93833
Indonesia,2019.0,18.54083
Iran,2017.0,36.12083
Iran,2018.0,33.2625
Iran,2019.0,21.71333
Iraq,2017.0,32.20833
Iraq,2018.0,45.4775
Iraq,2019.0,23.68083
Ireland,2017.0,18.16917
Ireland,2018.0,18.2825
Ireland,2019.0,24.86417
Israel,2017.0,9.7625
Israel,2018.0,12.4425
Israel,2019.0,13.3475
Italy,2017.0,13.29583
Italy,2018.0,12.04333
Italy,2019.0,18.08583
Cote d'Ivoire,2017.0,15.95833
Cote d'Ivoire,2018.0,18.12667
Cote d'Ivoire,2019.0,18.09
Japan,2017.0,18.11167
Japan,2018.0,14.39833
Japan,2019.0,15.7125
Kazakhstan,2017.0,19.34417
Kazakhstan,2018.0,22.79
Kazakhstan,2019.0,17.45417
Jordan,2017.0,13.54833
Jordan,2018.0,28.06333
Jordan,2019.0,14.28083
Kenya,2017.0,9.51083
Kenya,2018.0,14.39167
Kenya,2019.0,10.38
North Korea,2017.0,26.5775
North Korea,2018.0,25.60333
North Korea,2019.0,35.485
Kyrgyzstan,2017.0,9.3375
Kyrgyzstan,2018.0,10.64583
Kyrgyzstan,2019.0,5.77333
Laos,2017.0,1.84818
Laos,2018.0,1.15333
Laos,2019.0,4.57667
Latin America and the Caribbean,2017.0,26.16009
Latin America and the Caribbean,2018.0,22.96261
Latin America and the Caribbean,2019.0,23.093
Latvia,2017.0,18.15455
Latvia,2018.0,25.85818
Latvia,2019.0,17.52583
Landlocked developing countries (LLDCs),2017.0,21.4629
Landlocked developing countries (LLDCs),2018.0,22.24933
Landlocked developing countries (LLDCs),2019.0,19.38156
Libya,2017.0,25.20083
Libya,2018.0,13.8025
Libya,2019.0,23.79909
Lithuania,2017.0,26.085
Lithuania,2018.0,28.77583
Lithuania,2019.0,21.4875
Madagascar,2017.0,29.96083
Madagascar,2018.0,22.21333
Madagascar,2019.0,22.99167
Malawi,2017.0,15.6325
Malawi,2018.0,13.28667
Malawi,2019.0,8.8675
Malaysia,2017.0,9.44
Malaysia,2018.0,7.51083
Malaysia,2019.0,8.935
Mali,2017.0,15.79667
Mali,2018.0,18.26667
Mali,2019.0,17.815
Mauritania,2017.0,8.06417
Mauritania,2018.0,12.21
Mauritania,2019.0,11.35364
Mexico,2017.0,14.66917
Mexico,2018.0,15.35083
Mexico,2019.0,17.06583
Mongolia,2017.0,27.2425
Mongolia,2018.0,28.85667
Mongolia,2019.0,22.04167
Moldova,2017.0,24.81333
Moldova,2018.0,16.08917
Moldova,2019.0,19.23667
Montenegro,2017.0,27.80417
Montenegro,2018.0,24.70917
Montenegro,2019.0,25.91083
Morocco,2017.0,19.74583
Morocco,2018.0,13.17583
Morocco,2019.0,16.9425
Mozambique,2017.0,19.42667
Mozambique,2018.0,14.7825
Mozambique,2019.0,14.36583
Europe and North America,2017.0,21.99202
Europe and North America,2018.0,23.55379
Europe and North America,2019.0,23.53009
Namibia,2017.0,4.28917
Namibia,2018.0,2.41667
Namibia,2019.0,4.94
Oceania (exc. Australia and New Zealand),2017.0,11.93836
Oceania (exc. Australia and New Zealand),2018.0,18.0386
Oceania (exc. Australia and New Zealand),2019.0,15.62378
New Zealand,2017.0,14.42667
New Zealand,2018.0,14.62667
New Zealand,2019.0,16.315
Nicaragua,2017.0,9.00417
Nicaragua,2018.0,9.42
Nicaragua,2019.0,9.97364
Nigeria,2017.0,27.60667
Nigeria,2018.0,26.38167
Nigeria,2019.0,21.58583
Norway,2017.0,25.04455
Norway,2018.0,29.56909
Norway,2019.0,28.06545
Pakistan,2017.0,10.10083
Pakistan,2018.0,17.105
Pakistan,2019.0,17.185
Panama,2017.0,12.78083
Panama,2018.0,14.75667
Panama,2019.0,16.02917
Papua New Guinea,2017.0,11.3225
Papua New Guinea,2018.0,18.20333
Papua New Guinea,2019.0,15.94
Paraguay,2017.0,43.98667
Paraguay,2018.0,39.89833
Paraguay,2019.0,34.9125
Peru,2017.0,26.85417
Peru,2018.0,23.52833
Peru,2019.0,29.94833
Philippines,2017.0,13.65333
Philippines,2018.0,15.2225
Philippines,2019.0,14.075
Poland,2017.0,25.92917
Poland,2018.0,19.51333
Poland,2019.0,19.62167
Portugal,2017.0,9.1025
Portugal,2018.0,7.51417
Portugal,2019.0,15.90364
Romania,2017.0,14.99833
Romania,2018.0,9.2575
Romania,2019.0,9.9275
Russia,2017.0,24.29
Russia,2018.0,24.855
Russia,2019.0,22.83833
Rwanda,2017.0,5.99333
Rwanda,2018.0,6.57667
Rwanda,2019.0,7.974
Senegal,2017.0,24.45583
Senegal,2018.0,36.23833
Senegal,2019.0,24.719
Sierra Leone,2017.0,10.16727
Sierra Leone,2018.0,16.2625
Sierra Leone,2019.0,18.52
Slovakia,2017.0,14.68273
Slovakia,2018.0,5.5
Slovakia,2019.0,14.645
Vietnam,2017.0,29.225
Vietnam,2018.0,34.11583
Vietnam,2019.0,27.245
Somalia,2017.0,35.87727
Somalia,2018.0,9.8375
Somalia,2019.0,1.93
South Africa,2017.0,22.56583
South Africa,2018.0,22.03667
South Africa,2019.0,16.2925
Zimbabwe,2017.0,16.01417
Zimbabwe,2018.0,9.81083
Zimbabwe,2019.0,18.65417
Small island developing States (SIDS),2017.0,21.70912
Small island developing States (SIDS),2018.0,20.64661
Small island developing States (SIDS),2019.0,22.82049
Spain,2017.0,19.4675
Spain,2018.0,20.75
Spain,2019.0,22.9175
South Sudan,2017.0,19.52167
South Sudan,2018.0,17.60167
South Sudan,2019.0,16.1
Sudan,2017.0,15.1225
Sudan,2018.0,10.15667
Sudan,2019.0,11.07
Suriname,2017.0,47.8675
Suriname,2018.0,42.87917
Suriname,2019.0,43.10083
Northern Africa and Western Asia,2017.0,23.44223
Northern Africa and Western Asia,2018.0,20.43932
Northern Africa and Western Asia,2019.0,22.13377
Eswatini,2017.0,33.69
Eswatini,2018.0,56.43583
Eswatini,2019.0,33.79
Sweden,2017.0,18.49417
Sweden,2018.0,23.65667
Sweden,2019.0,21.40167
Eastern and South-Eastern Asia,2017.0,18.75468
Eastern and South-Eastern Asia,2018.0,20.57847
Eastern and South-Eastern Asia,2019.0,19.37965
Switzerland,2017.0,11.21833
Switzerland,2018.0,6.43667
Switzerland,2019.0,9.2775
Syria,2017.0,24.9425
Syria,2018.0,43.62917
Syria,2019.0,30.07364
Tajikistan,2017.0,17.8475
Tajikistan,2018.0,20.27083
Tajikistan,2019.0,13.91417
Thailand,2017.0,12.02167
Thailand,2018.0,12.14
Thailand,2019.0,16.60417
Togo,2017.0,7.4725
Togo,2018.0,14.22
Togo,2019.0,12.51333
Tunisia,2017.0,22.6425
Tunisia,2018.0,35.93167
Tunisia,2019.0,30.28917
Turkey,2017.0,11.86667
Turkey,2018.0,13.405
Turkey,2019.0,12.76417
Turkmenistan,2017.0,14.93333
Turkmenistan,2018.0,18.1675
Turkmenistan,2019.0,13.29583
Uganda,2017.0,9.135
Uganda,2018.0,8.66833
Uganda,2019.0,7.78727
Ukraine,2017.0,22.60833
Ukraine,2018.0,20.39333
Ukraine,2019.0,19.9575
North Macedonia,2017.0,4.34667
North Macedonia,2018.0,5.53667
North Macedonia,2019.0,7.46833
Egypt,2017.0,27.23167
Egypt,2018.0,25.56167
Egypt,2019.0,31.11167
United Kingdom,2017.0,23.30167
United Kingdom,2018.0,22.62583
United Kingdom,2019.0,30.71917
Tanzania,2017.0,14.46667
Tanzania,2018.0,20.48583
Tanzania,2019.0,18.125
United States,2017.0,15.6175
United States,2018.0,18.5475
United States,2019.0,22.25083
Burkina Faso,2017.0,32.20667
Burkina Faso,2018.0,33.77917
Burkina Faso,2019.0,46.2325
Uruguay,2017.0,17.79333
Uruguay,2018.0,20.02083
Uruguay,2019.0,14.00917
Uzbekistan,2017.0,23.44583
Uzbekistan,2018.0,22.13667
Uzbekistan,2019.0,18.32917
Venezuela,2017.0,31.9475
Venezuela,2018.0,24.10167
Venezuela,2019.0,23.99833
Zambia,2017.0,11.80917
Zambia,2018.0,6.97833
Zambia,2019.0,11.795
