country,year,value
Austria,2009.0,2.59618
Armenia,2008.0,0.96667
Belgium,2013.0,2.27083
Cameroon,2014.0,1.0068
Canada,2016.0,2.5
Chile,2008.0,0.94714
Chile,2015.0,4.5897
Colombia,2013.0,1.375
Colombia,2017.0,1.44466
Costa Rica,2017.0,2.3385
Estonia,2000.0,1.45833
Fiji,2016.0,2.90807
Finland,2000.0,1.72917
Finland,2010.0,2.275
France,2010.0,2.36262
Palestine,2000.0,1.52778
Palestine,2013.0,1.11111
Germany,2013.0,1.91667
Greece,2014.0,1.80555
Hungary,2010.0,2.3151
Italy,2003.0,1.8
Italy,2009.0,1.8
Italy,2014.0,2.1
Kazakhstan,2018.0,1.875
Korea,2014.0,1.59583
Korea,2019.0,1.80556
Laos,2017.0,6.11005
Lithuania,2003.0,0.87917
Mexico,2009.0,7.27477
Mexico,2014.0,6.01586
Mexico,2019.0,4.44625
Mongolia,2015.0,1.73333
Mongolia,2019.0,2.21882
Moldova,2012.0,1.51651
Norway,2011.0,3.75
Paraguay,2016.0,2.96439
Peru,2010.0,2.65118
Poland,2013.0,3.125
Portugal,2015.0,5.37247
Qatar,2013.0,0.20833
Romania,2000.0,0.83333
Romania,2012.0,1.31944
Serbia,2011.0,2.13769
Serbia,2015.0,3.18515
Sweden,2001.0,2.44125
Sweden,2011.0,2.95639
Switzerland,2000.0,3.6
Switzerland,2004.0,3.52917
Switzerland,2007.0,3.77083
Switzerland,2010.0,3.52083
Switzerland,2013.0,3.62083
Switzerland,2016.0,3.71667
Turkey,2006.0,1.21357
Turkey,2015.0,1.19059
Uganda,2018.0,2.91667
North Macedonia,2015.0,1.04167
United Kingdom,2001.0,2.66146
United Kingdom,2015.0,2.49953
