country,year,value
World,2000.0,12.4
World,2001.0,12.6
World,2002.0,13.0
World,2003.0,13.2
World,2004.0,13.1
World,2005.0,13.1
World,2006.0,12.7
World,2007.0,12.3
World,2008.0,12.3
World,2009.0,13.2
World,2010.0,13.1
World,2011.0,13.1
World,2012.0,13.2
World,2013.0,13.4
World,2014.0,13.2
World,2015.0,13.5
World,2016.0,13.8
World,2017.0,13.7
World,2018.0,13.5
World,2019.0,13.5
World,2020.0,15.2
Africa,2000.0,13.5
Africa,2001.0,13.4
Africa,2002.0,13.3
Africa,2003.0,13.3
Africa,2004.0,12.5
Africa,2005.0,12.4
Africa,2006.0,12.0
Africa,2007.0,11.5
Africa,2008.0,11.1
Africa,2009.0,10.9
Africa,2010.0,11.4
Africa,2011.0,11.6
Africa,2012.0,11.8
Africa,2013.0,11.5
Africa,2014.0,11.0
Africa,2015.0,11.3
Africa,2016.0,11.6
Africa,2017.0,11.5
Africa,2018.0,11.3
Africa,2019.0,11.5
Africa,2020.0,12.5
Afghanistan,2008.0,4.1
Afghanistan,2012.0,2.9
Afghanistan,2014.0,10.0
Afghanistan,2017.0,17.6
Afghanistan,2020.0,16.2
South America,2000.0,20.5
South America,2001.0,19.6
South America,2002.0,20.2
South America,2003.0,20.0
South America,2004.0,18.9
South America,2005.0,18.5
South America,2006.0,17.0
South America,2007.0,15.8
South America,2008.0,15.1
South America,2009.0,16.7
South America,2010.0,15.3
South America,2011.0,14.9
South America,2012.0,14.9
South America,2013.0,14.9
South America,2014.0,14.7
South America,2015.0,16.7
South America,2016.0,20.9
South America,2017.0,22.1
South America,2018.0,22.0
South America,2019.0,22.0
South America,2020.0,26.1
Albania,2007.0,26.6
Albania,2008.0,27.1
Albania,2009.0,27.0
Albania,2010.0,30.5
Albania,2011.0,22.7
Albania,2012.0,29.3
Albania,2013.0,31.2
Albania,2014.0,39.9
Albania,2015.0,40.0
Albania,2016.0,36.6
Albania,2017.0,31.6
Albania,2018.0,28.1
Albania,2019.0,27.0
Oceania,2000.0,10.7
Oceania,2001.0,11.4
Oceania,2002.0,11.0
Oceania,2003.0,10.3
Oceania,2004.0,9.9
Oceania,2005.0,9.4
Oceania,2006.0,9.1
Oceania,2007.0,8.7
Oceania,2008.0,8.6
Oceania,2009.0,10.9
Oceania,2010.0,11.0
Oceania,2011.0,11.1
Oceania,2012.0,11.3
Oceania,2013.0,11.3
Oceania,2014.0,11.8
Oceania,2015.0,11.7
Oceania,2016.0,11.4
Oceania,2017.0,11.3
Oceania,2018.0,10.6
Oceania,2019.0,10.5
Oceania,2020.0,12.2
Western Africa,2000.0,8.4
Western Africa,2001.0,8.4
Western Africa,2002.0,8.4
Western Africa,2003.0,8.5
Western Africa,2004.0,8.7
Western Africa,2005.0,8.9
Western Africa,2006.0,8.8
Western Africa,2007.0,8.8
Western Africa,2008.0,8.7
Western Africa,2009.0,8.5
Western Africa,2010.0,8.4
Western Africa,2011.0,8.4
Western Africa,2012.0,8.7
Western Africa,2013.0,8.3
Western Africa,2014.0,7.7
Western Africa,2015.0,8.4
Western Africa,2016.0,9.9
Western Africa,2017.0,10.3
Western Africa,2018.0,11.1
Western Africa,2019.0,11.9
Western Africa,2020.0,12.9
Algeria,2001.0,47.8
Algeria,2005.0,31.1
Algeria,2006.0,24.3
Algeria,2007.0,27.4
Algeria,2008.0,23.8
Algeria,2009.0,21.3
Algeria,2010.0,21.5
Algeria,2011.0,22.4
Algeria,2012.0,27.5
Algeria,2013.0,24.8
Algeria,2014.0,25.0
Algeria,2015.0,29.8
Algeria,2016.0,25.7
Algeria,2017.0,39.3
Central America,2000.0,6.1
Central America,2001.0,6.0
Central America,2002.0,6.7
Central America,2003.0,7.7
Central America,2004.0,8.5
Central America,2005.0,7.5
Central America,2006.0,7.3
Central America,2007.0,7.2
Central America,2008.0,7.6
Central America,2009.0,9.8
Central America,2010.0,9.4
Central America,2011.0,9.4
Central America,2012.0,8.9
Central America,2013.0,9.2
Central America,2014.0,9.5
Central America,2015.0,8.7
Central America,2016.0,8.2
Central America,2017.0,7.4
Central America,2018.0,7.6
Central America,2019.0,8.0
Central America,2020.0,10.0
Eastern Africa,2000.0,7.3
Eastern Africa,2001.0,7.2
Eastern Africa,2002.0,7.1
Eastern Africa,2003.0,7.1
Eastern Africa,2004.0,6.7
Eastern Africa,2005.0,6.5
Eastern Africa,2006.0,6.4
Eastern Africa,2007.0,6.2
Eastern Africa,2008.0,6.1
Eastern Africa,2009.0,6.3
Eastern Africa,2010.0,6.7
Eastern Africa,2011.0,6.5
Eastern Africa,2012.0,6.0
Eastern Africa,2013.0,5.8
Eastern Africa,2014.0,5.6
Eastern Africa,2015.0,5.8
Eastern Africa,2016.0,5.8
Eastern Africa,2017.0,6.0
Eastern Africa,2018.0,6.2
Eastern Africa,2019.0,6.5
Eastern Africa,2020.0,7.5
Northern Africa,2000.0,30.4
Northern Africa,2001.0,30.2
Northern Africa,2002.0,29.3
Northern Africa,2003.0,30.0
Northern Africa,2004.0,27.2
Northern Africa,2005.0,27.9
Northern Africa,2006.0,26.5
Northern Africa,2007.0,24.7
Northern Africa,2008.0,24.9
Northern Africa,2009.0,23.6
Northern Africa,2010.0,24.2
Northern Africa,2011.0,27.9
Northern Africa,2012.0,30.9
Northern Africa,2013.0,30.4
Northern Africa,2014.0,29.8
Northern Africa,2015.0,31.7
Northern Africa,2016.0,31.2
Northern Africa,2017.0,30.9
Northern Africa,2018.0,28.3
Northern Africa,2019.0,26.3
Northern Africa,2020.0,29.3
Middle Africa,2000.0,8.4
Middle Africa,2001.0,8.3
Middle Africa,2002.0,8.0
Middle Africa,2003.0,7.7
Middle Africa,2004.0,7.4
Middle Africa,2005.0,7.0
Middle Africa,2006.0,7.0
Middle Africa,2007.0,7.0
Middle Africa,2008.0,7.4
Middle Africa,2009.0,7.8
Middle Africa,2010.0,10.6
Middle Africa,2011.0,10.2
Middle Africa,2012.0,10.4
Middle Africa,2013.0,10.4
Middle Africa,2014.0,10.4
Middle Africa,2015.0,10.5
Middle Africa,2016.0,10.5
Middle Africa,2017.0,10.5
Middle Africa,2018.0,10.5
Middle Africa,2019.0,10.5
Middle Africa,2020.0,11.7
Southern Africa,2000.0,50.8
Southern Africa,2001.0,53.2
Southern Africa,2002.0,57.0
Southern Africa,2003.0,58.1
Southern Africa,2004.0,54.1
Southern Africa,2005.0,53.6
Southern Africa,2006.0,52.3
Southern Africa,2007.0,50.7
Southern Africa,2008.0,44.3
Southern Africa,2009.0,46.6
Southern Africa,2010.0,49.0
Southern Africa,2011.0,48.1
Southern Africa,2012.0,49.1
Southern Africa,2013.0,49.2
Southern Africa,2014.0,49.1
Southern Africa,2015.0,48.4
Southern Africa,2016.0,51.2
Southern Africa,2017.0,51.0
Southern Africa,2018.0,51.0
Southern Africa,2019.0,54.0
Southern Africa,2020.0,56.1
Americas,2000.0,14.3
Americas,2001.0,14.3
Americas,2002.0,15.3
Americas,2003.0,15.5
Americas,2004.0,14.9
Americas,2005.0,14.4
Americas,2006.0,13.4
Americas,2007.0,12.7
Americas,2008.0,13.1
Americas,2009.0,15.8
Americas,2010.0,15.2
Americas,2011.0,14.7
Americas,2012.0,14.3
Americas,2013.0,14.2
Americas,2014.0,13.5
Americas,2015.0,13.8
Americas,2016.0,15.2
Americas,2017.0,15.2
Americas,2018.0,15.0
Americas,2019.0,15.0
Americas,2020.0,19.3
Northern America,2000.0,9.7
Northern America,2001.0,10.8
Northern America,2002.0,12.1
Northern America,2003.0,12.5
Northern America,2004.0,12.0
Northern America,2005.0,11.4
Northern America,2006.0,10.6
Northern America,2007.0,10.5
Northern America,2008.0,12.6
Northern America,2009.0,17.2
Northern America,2010.0,17.9
Northern America,2011.0,16.9
Northern America,2012.0,16.0
Northern America,2013.0,15.3
Northern America,2014.0,13.4
Northern America,2015.0,11.7
Northern America,2016.0,10.7
Northern America,2017.0,9.5
Northern America,2018.0,8.9
Northern America,2019.0,8.7
Northern America,2020.0,15.5
Angola,2010.0,19.4
Angola,2011.0,16.7
Angola,2014.0,17.3
Antigua and Barbuda,2001.0,19.8
Caribbean,2000.0,17.5
Caribbean,2001.0,17.6
Caribbean,2002.0,17.5
Caribbean,2003.0,17.6
Caribbean,2004.0,18.2
Caribbean,2005.0,19.0
Caribbean,2006.0,18.6
Caribbean,2007.0,19.4
Caribbean,2008.0,18.8
Caribbean,2009.0,19.9
Caribbean,2010.0,20.2
Caribbean,2011.0,20.9
Caribbean,2012.0,21.2
Caribbean,2013.0,22.3
Caribbean,2014.0,20.4
Caribbean,2015.0,20.9
Caribbean,2016.0,20.9
Caribbean,2017.0,19.3
Caribbean,2018.0,19.3
Caribbean,2019.0,19.4
Caribbean,2020.0,20.9
Eastern Asia,2000.0,7.1
Eastern Asia,2001.0,8.1
Eastern Asia,2002.0,9.0
Eastern Asia,2003.0,9.6
Eastern Asia,2004.0,9.4
Eastern Asia,2005.0,9.4
Eastern Asia,2006.0,9.2
Eastern Asia,2007.0,9.1
Eastern Asia,2008.0,9.6
Eastern Asia,2009.0,10.0
Eastern Asia,2010.0,9.7
Eastern Asia,2011.0,9.8
Eastern Asia,2012.0,10.0
Eastern Asia,2013.0,10.1
Eastern Asia,2014.0,10.2
Eastern Asia,2015.0,10.3
Eastern Asia,2016.0,10.2
Eastern Asia,2017.0,10.0
Eastern Asia,2018.0,9.6
Eastern Asia,2019.0,10.2
Eastern Asia,2020.0,11.3
Azerbaijan,2000.0,22.1
Azerbaijan,2001.0,22.0
Azerbaijan,2002.0,21.5
Azerbaijan,2003.0,18.9
Azerbaijan,2004.0,18.2
Azerbaijan,2005.0,15.4
Azerbaijan,2006.0,14.7
Azerbaijan,2007.0,13.6
Azerbaijan,2008.0,14.0
Azerbaijan,2009.0,13.9
Azerbaijan,2010.0,14.9
Azerbaijan,2011.0,14.7
Azerbaijan,2012.0,14.2
Azerbaijan,2014.0,13.5
Azerbaijan,2015.0,13.4
Azerbaijan,2019.0,12.4
Argentina,2004.0,29.3
Argentina,2005.0,26.0
Argentina,2006.0,23.7
Argentina,2008.0,18.8
Argentina,2009.0,21.2
Argentina,2010.0,19.4
Argentina,2011.0,18.7
Argentina,2012.0,18.3
Argentina,2013.0,19.4
Argentina,2014.0,18.8
Argentina,2017.0,22.6
Argentina,2018.0,23.7
Argentina,2019.0,25.9
Argentina,2020.0,30.2
Southern Asia,2000.0,14.4
Southern Asia,2001.0,14.4
Southern Asia,2002.0,14.3
Southern Asia,2003.0,14.4
Southern Asia,2004.0,14.5
Southern Asia,2005.0,14.8
Southern Asia,2006.0,14.8
Southern Asia,2007.0,15.0
Southern Asia,2008.0,15.0
Southern Asia,2009.0,15.6
Southern Asia,2010.0,15.6
Southern Asia,2011.0,15.8
Southern Asia,2012.0,16.4
Southern Asia,2013.0,16.9
Southern Asia,2014.0,17.0
Southern Asia,2015.0,17.7
Southern Asia,2016.0,18.1
Southern Asia,2017.0,18.4
Southern Asia,2018.0,18.6
Southern Asia,2019.0,18.4
Southern Asia,2020.0,20.1
South-Eastern Asia,2000.0,10.9
South-Eastern Asia,2001.0,10.9
South-Eastern Asia,2002.0,11.4
South-Eastern Asia,2003.0,11.3
South-Eastern Asia,2004.0,12.2
South-Eastern Asia,2005.0,13.0
South-Eastern Asia,2006.0,12.7
South-Eastern Asia,2007.0,12.2
South-Eastern Asia,2008.0,10.9
South-Eastern Asia,2009.0,10.4
South-Eastern Asia,2010.0,9.6
South-Eastern Asia,2011.0,9.7
South-Eastern Asia,2012.0,8.9
South-Eastern Asia,2013.0,9.1
South-Eastern Asia,2014.0,9.2
South-Eastern Asia,2015.0,9.9
South-Eastern Asia,2016.0,9.7
South-Eastern Asia,2017.0,9.6
South-Eastern Asia,2018.0,9.6
South-Eastern Asia,2019.0,8.9
South-Eastern Asia,2020.0,10.0
Australia,2000.0,12.1
Australia,2001.0,13.5
Australia,2002.0,12.8
Australia,2003.0,12.0
Australia,2004.0,11.4
Australia,2005.0,10.6
Australia,2006.0,10.0
Australia,2007.0,9.4
Australia,2008.0,8.8
Australia,2009.0,11.5
Australia,2010.0,11.6
Australia,2011.0,11.4
Australia,2012.0,11.7
Australia,2013.0,12.2
Australia,2014.0,13.3
Australia,2015.0,13.1
Australia,2016.0,12.6
Australia,2017.0,12.6
Australia,2018.0,11.8
Australia,2019.0,11.7
Australia,2020.0,14.2
Australia,2021.0,11.3
Southern Europe,2000.0,27.9
Southern Europe,2001.0,25.2
Southern Europe,2002.0,25.3
Southern Europe,2003.0,26.3
Southern Europe,2004.0,26.1
Southern Europe,2005.0,25.5
Southern Europe,2006.0,24.0
Southern Europe,2007.0,22.8
Southern Europe,2008.0,24.4
Southern Europe,2009.0,31.7
Southern Europe,2010.0,35.3
Southern Europe,2011.0,38.6
Southern Europe,2012.0,44.6
Southern Europe,2013.0,47.3
Southern Europe,2014.0,46.7
Southern Europe,2015.0,43.4
Southern Europe,2016.0,39.3
Southern Europe,2017.0,35.0
Southern Europe,2018.0,31.7
Southern Europe,2019.0,28.9
Southern Europe,2020.0,31.7
Austria,2000.0,6.3
Austria,2001.0,6.0
Austria,2002.0,7.2
Austria,2003.0,7.5
Austria,2004.0,12.1
Austria,2005.0,11.0
Austria,2006.0,9.8
Austria,2007.0,9.4
Austria,2008.0,8.5
Austria,2009.0,10.7
Austria,2010.0,9.5
Austria,2011.0,8.9
Austria,2012.0,9.4
Austria,2013.0,9.7
Austria,2014.0,10.3
Austria,2015.0,10.6
Austria,2016.0,11.3
Austria,2017.0,9.8
Austria,2018.0,9.4
Austria,2019.0,8.5
Austria,2020.0,10.5
Bahamas,2001.0,15.1
Bahamas,2003.0,24.1
Bahamas,2005.0,20.2
Bahamas,2007.0,18.9
Bahamas,2008.0,17.1
Bahamas,2009.0,26.2
Bahamas,2011.0,27.5
Bahamas,2012.0,30.8
Bahamas,2016.0,25.8
Bahamas,2018.0,24.1
Bahrain,2010.0,5.0
Bahrain,2012.0,5.3
Bangladesh,2000.0,10.7
Bangladesh,2003.0,6.6
Bangladesh,2005.0,9.3
Bangladesh,2006.0,7.6
Bangladesh,2010.0,6.4
Bangladesh,2013.0,9.9
Bangladesh,2016.0,11.4
Bangladesh,2017.0,12.8
Armenia,2007.0,11.7
Armenia,2008.0,45.2
Armenia,2009.0,40.5
Armenia,2010.0,38.9
Armenia,2011.0,39.2
Armenia,2012.0,35.4
Armenia,2013.0,36.1
Armenia,2014.0,37.0
Armenia,2015.0,32.0
Armenia,2016.0,36.3
Armenia,2017.0,38.2
Armenia,2018.0,33.6
Armenia,2019.0,32.6
Armenia,2020.0,32.3
Barbados,2001.0,23.0
Barbados,2002.0,22.9
Barbados,2003.0,26.2
Barbados,2009.0,24.4
Barbados,2010.0,26.1
Barbados,2013.0,29.6
Barbados,2014.0,33.8
Barbados,2015.0,29.3
Barbados,2016.0,26.7
Barbados,2017.0,26.5
Barbados,2018.0,24.6
Barbados,2019.0,26.0
Australia and New Zealand,2000.0,12.3
Australia and New Zealand,2001.0,13.3
Australia and New Zealand,2002.0,12.6
Australia and New Zealand,2003.0,11.7
Australia and New Zealand,2004.0,11.1
Australia and New Zealand,2005.0,10.5
Australia and New Zealand,2006.0,10.0
Australia and New Zealand,2007.0,9.4
Australia and New Zealand,2008.0,9.2
Australia and New Zealand,2009.0,12.2
Australia and New Zealand,2010.0,12.4
Australia and New Zealand,2011.0,12.2
Australia and New Zealand,2012.0,12.6
Australia and New Zealand,2013.0,12.6
Australia and New Zealand,2014.0,13.4
Australia and New Zealand,2015.0,13.2
Australia and New Zealand,2016.0,12.8
Australia and New Zealand,2017.0,12.7
Australia and New Zealand,2018.0,11.9
Australia and New Zealand,2019.0,11.8
Australia and New Zealand,2020.0,14.0
Melanesia,2000.0,6.1
Melanesia,2001.0,6.0
Melanesia,2002.0,5.9
Melanesia,2003.0,5.8
Melanesia,2004.0,5.7
Melanesia,2005.0,5.5
Melanesia,2006.0,5.5
Melanesia,2007.0,5.5
Melanesia,2008.0,5.5
Melanesia,2009.0,5.4
Melanesia,2010.0,5.3
Melanesia,2011.0,5.9
Melanesia,2012.0,5.9
Melanesia,2013.0,5.8
Melanesia,2014.0,5.8
Melanesia,2015.0,5.9
Melanesia,2016.0,5.9
Melanesia,2017.0,6.0
Melanesia,2018.0,6.0
Melanesia,2019.0,6.0
Melanesia,2020.0,6.2
Belgium,2000.0,15.3
Belgium,2001.0,15.3
Belgium,2002.0,15.7
Belgium,2003.0,19.0
Belgium,2004.0,17.5
Belgium,2005.0,21.5
Belgium,2006.0,20.5
Belgium,2007.0,18.8
Belgium,2008.0,18.0
Belgium,2009.0,21.9
Belgium,2010.0,22.4
Belgium,2011.0,18.7
Belgium,2012.0,19.8
Belgium,2013.0,23.7
Belgium,2014.0,23.2
Belgium,2015.0,22.1
Belgium,2016.0,20.1
Belgium,2017.0,19.3
Belgium,2018.0,15.8
Belgium,2019.0,14.2
Belgium,2020.0,15.3
Micronesia,2000.0,35.6
Micronesia,2001.0,31.0
Micronesia,2002.0,27.0
Micronesia,2003.0,22.9
Micronesia,2004.0,18.1
Micronesia,2005.0,16.1
Micronesia,2006.0,16.6
Micronesia,2007.0,19.7
Micronesia,2008.0,20.4
Micronesia,2009.0,21.5
Micronesia,2010.0,19.1
Micronesia,2011.0,30.8
Micronesia,2012.0,27.6
Micronesia,2013.0,26.0
Micronesia,2014.0,17.1
Micronesia,2015.0,15.5
Micronesia,2016.0,12.1
Micronesia,2017.0,12.2
Micronesia,2018.0,12.4
Micronesia,2019.0,12.4
Micronesia,2020.0,14.8
Bermuda,2000.0,10.7
Bermuda,2009.0,21.1
Bermuda,2010.0,16.3
Bermuda,2014.0,29.3
Polynesia,2000.0,21.1
Polynesia,2001.0,22.1
Polynesia,2002.0,22.8
Polynesia,2003.0,23.3
Polynesia,2004.0,23.2
Polynesia,2005.0,22.9
Polynesia,2006.0,22.5
Polynesia,2007.0,22.7
Polynesia,2008.0,23.2
Polynesia,2009.0,23.8
Polynesia,2010.0,23.7
Polynesia,2011.0,23.9
Polynesia,2012.0,24.7
Polynesia,2013.0,24.8
Polynesia,2014.0,24.9
Polynesia,2015.0,24.9
Polynesia,2016.0,24.8
Polynesia,2017.0,24.9
Polynesia,2018.0,25.0
Polynesia,2019.0,24.7
Polynesia,2020.0,26.6
Central and Southern Asia,2000.0,14.7
Central and Southern Asia,2001.0,14.7
Central and Southern Asia,2002.0,14.6
Central and Southern Asia,2003.0,14.5
Central and Southern Asia,2004.0,14.6
Central and Southern Asia,2005.0,14.8
Central and Southern Asia,2006.0,14.7
Central and Southern Asia,2007.0,14.8
Central and Southern Asia,2008.0,14.8
Central and Southern Asia,2009.0,15.5
Central and Southern Asia,2010.0,15.5
Central and Southern Asia,2011.0,15.6
Central and Southern Asia,2012.0,16.1
Central and Southern Asia,2013.0,16.7
Central and Southern Asia,2014.0,16.8
Central and Southern Asia,2015.0,17.4
Central and Southern Asia,2016.0,17.8
Central and Southern Asia,2017.0,18.1
Central and Southern Asia,2018.0,18.4
Central and Southern Asia,2019.0,18.1
Central and Southern Asia,2020.0,19.9
Bhutan,2009.0,13.0
Bhutan,2010.0,9.2
Bhutan,2011.0,9.4
Bhutan,2012.0,7.3
Bhutan,2013.0,9.6
Bhutan,2014.0,9.4
Bhutan,2015.0,10.7
Bolivia,2000.0,8.5
Bolivia,2008.0,5.7
Bolivia,2009.0,5.3
Bolivia,2011.0,5.3
Bolivia,2012.0,3.4
Bolivia,2013.0,5.6
Bolivia,2014.0,4.8
Bolivia,2015.0,7.0
Bolivia,2016.0,6.8
Bolivia,2017.0,6.7
Bolivia,2018.0,6.9
Bolivia,2019.0,8.8
Bolivia,2020.0,16.1
Bosnia and Herzegovina,2006.0,62.3
Bosnia and Herzegovina,2007.0,58.4
Bosnia and Herzegovina,2008.0,47.5
Bosnia and Herzegovina,2009.0,48.7
Bosnia and Herzegovina,2010.0,57.7
Bosnia and Herzegovina,2011.0,57.9
Bosnia and Herzegovina,2012.0,63.1
Bosnia and Herzegovina,2013.0,59.1
Bosnia and Herzegovina,2014.0,62.7
Bosnia and Herzegovina,2015.0,62.3
Bosnia and Herzegovina,2016.0,54.3
Bosnia and Herzegovina,2017.0,45.8
Bosnia and Herzegovina,2018.0,38.8
Bosnia and Herzegovina,2019.0,33.8
Bosnia and Herzegovina,2020.0,36.6
Botswana,2001.0,39.7
Botswana,2006.0,32.6
Botswana,2009.0,33.4
Botswana,2010.0,36.0
Botswana,2019.0,37.8
Botswana,2020.0,46.2
Brazil,2001.0,18.1
Brazil,2002.0,18.3
Brazil,2003.0,19.3
Brazil,2004.0,18.2
Brazil,2005.0,19.5
Brazil,2006.0,17.9
Brazil,2007.0,17.0
Brazil,2008.0,15.7
Brazil,2009.0,18.0
Brazil,2011.0,15.6
Brazil,2012.0,15.7
Brazil,2013.0,15.6
Brazil,2014.0,15.4
Brazil,2015.0,19.4
Brazil,2016.0,26.6
Brazil,2017.0,28.6
Brazil,2018.0,28.0
Brazil,2019.0,27.2
Brazil,2020.0,30.5
Belize,2013.0,16.8
Belize,2014.0,18.2
Belize,2015.0,16.4
Belize,2016.0,16.3
Belize,2017.0,15.3
Belize,2019.0,19.3
Solomon Islands,2013.0,1.3
Brunei,2014.0,25.4
Brunei,2017.0,28.9
Brunei,2018.0,29.9
Brunei,2019.0,21.4
Brunei,2020.0,26.4
Bulgaria,2000.0,33.3
Bulgaria,2001.0,39.3
Bulgaria,2002.0,35.6
Bulgaria,2003.0,27.1
Bulgaria,2004.0,24.5
Bulgaria,2005.0,22.4
Bulgaria,2006.0,19.5
Bulgaria,2007.0,15.1
Bulgaria,2008.0,12.7
Bulgaria,2009.0,16.2
Bulgaria,2010.0,21.9
Bulgaria,2011.0,25.0
Bulgaria,2012.0,28.1
Bulgaria,2013.0,28.4
Bulgaria,2014.0,23.8
Bulgaria,2015.0,21.7
Bulgaria,2016.0,17.2
Bulgaria,2017.0,12.9
Bulgaria,2018.0,12.7
Bulgaria,2019.0,8.9
Bulgaria,2020.0,14.2
Myanmar,2015.0,1.6
Myanmar,2017.0,4.0
Myanmar,2018.0,2.0
Myanmar,2019.0,1.5
Burundi,2014.0,2.9
Belarus,2016.0,10.7
Belarus,2017.0,9.3
Belarus,2018.0,10.7
Belarus,2019.0,10.2
Belarus,2020.0,12.0
Cambodia,2000.0,5.3
Cambodia,2001.0,3.6
Cambodia,2007.0,2.1
Cambodia,2008.0,1.3
Cambodia,2009.0,0.8
Cambodia,2010.0,1.0
Cambodia,2011.0,0.6
Cambodia,2012.0,1.6
Cambodia,2013.0,0.8
Cambodia,2014.0,1.0
Cambodia,2015.0,0.7
Cambodia,2016.0,1.1
Cambodia,2017.0,0.4
Cambodia,2019.0,2.5
Cameroon,2007.0,4.6
Cameroon,2010.0,6.4
Cameroon,2014.0,6.3
Canada,2000.0,12.7
Canada,2001.0,12.9
Canada,2002.0,13.6
Canada,2003.0,13.6
Canada,2004.0,13.5
Canada,2005.0,12.4
Canada,2006.0,11.7
Canada,2007.0,11.2
Canada,2008.0,11.6
Canada,2009.0,15.4
Canada,2010.0,14.9
Canada,2011.0,14.3
Canada,2012.0,14.4
Canada,2013.0,13.7
Canada,2014.0,13.5
Canada,2015.0,13.2
Canada,2016.0,13.1
Canada,2017.0,11.6
Canada,2018.0,11.1
Canada,2019.0,11.0
Canada,2020.0,20.2
Canada,2021.0,13.5
Southern Asia (excluding India),2000.0,14.4
Southern Asia (excluding India),2001.0,14.4
Southern Asia (excluding India),2002.0,14.3
Southern Asia (excluding India),2003.0,14.4
Southern Asia (excluding India),2004.0,14.5
Southern Asia (excluding India),2005.0,14.8
Southern Asia (excluding India),2006.0,14.8
Southern Asia (excluding India),2007.0,15.0
Southern Asia (excluding India),2008.0,15.0
Southern Asia (excluding India),2009.0,15.6
Southern Asia (excluding India),2010.0,15.6
Southern Asia (excluding India),2011.0,15.8
Southern Asia (excluding India),2012.0,16.4
Southern Asia (excluding India),2013.0,16.9
Southern Asia (excluding India),2014.0,17.0
Southern Asia (excluding India),2015.0,17.7
Southern Asia (excluding India),2016.0,18.1
Southern Asia (excluding India),2017.0,18.4
Southern Asia (excluding India),2018.0,18.6
Southern Asia (excluding India),2019.0,18.4
Southern Asia (excluding India),2020.0,20.1
Cape Verde,2017.0,32.5
Cape Verde,2018.0,27.8
Cape Verde,2019.0,50.4
Caucasus and Central Asia,2000.0,22.8
Caucasus and Central Asia,2001.0,21.2
Caucasus and Central Asia,2002.0,20.5
Caucasus and Central Asia,2003.0,18.4
Caucasus and Central Asia,2004.0,17.4
Caucasus and Central Asia,2005.0,15.5
Caucasus and Central Asia,2006.0,14.0
Caucasus and Central Asia,2007.0,12.4
Caucasus and Central Asia,2008.0,12.7
Caucasus and Central Asia,2009.0,13.7
Caucasus and Central Asia,2010.0,13.8
Caucasus and Central Asia,2011.0,13.4
Caucasus and Central Asia,2012.0,13.1
Caucasus and Central Asia,2013.0,12.8
Caucasus and Central Asia,2014.0,12.9
Caucasus and Central Asia,2015.0,12.7
Caucasus and Central Asia,2016.0,12.7
Caucasus and Central Asia,2017.0,13.0
Caucasus and Central Asia,2018.0,12.8
Caucasus and Central Asia,2019.0,12.8
Caucasus and Central Asia,2020.0,14.6
Cayman Islands,2005.0,9.8
Cayman Islands,2006.0,10.3
Cayman Islands,2007.0,11.1
Cayman Islands,2008.0,13.5
Cayman Islands,2011.0,21.1
Cayman Islands,2012.0,21.3
Cayman Islands,2013.0,24.3
Cayman Islands,2014.0,18.6
Cayman Islands,2015.0,13.8
Asia,2000.0,10.9
Asia,2001.0,11.4
Asia,2002.0,11.9
Asia,2003.0,12.2
Asia,2004.0,12.2
Asia,2005.0,12.4
Asia,2006.0,12.2
Asia,2007.0,12.1
Asia,2008.0,12.1
Asia,2009.0,12.5
Asia,2010.0,12.3
Asia,2011.0,12.4
Asia,2012.0,12.5
Asia,2013.0,12.9
Asia,2014.0,13.1
Asia,2015.0,13.6
Asia,2016.0,13.7
Asia,2017.0,13.8
Asia,2018.0,13.8
Asia,2019.0,13.9
Asia,2020.0,15.2
Central Asia,2000.0,23.4
Central Asia,2001.0,21.3
Central Asia,2002.0,20.3
Central Asia,2003.0,18.2
Central Asia,2004.0,17.0
Central Asia,2005.0,15.1
Central Asia,2006.0,13.4
Central Asia,2007.0,11.6
Central Asia,2008.0,11.1
Central Asia,2009.0,11.5
Central Asia,2010.0,11.6
Central Asia,2011.0,11.0
Central Asia,2012.0,11.1
Central Asia,2013.0,10.7
Central Asia,2014.0,10.9
Central Asia,2015.0,10.9
Central Asia,2016.0,10.9
Central Asia,2017.0,11.5
Central Asia,2018.0,11.4
Central Asia,2019.0,11.4
Central Asia,2020.0,12.9
Sri Lanka,2000.0,23.7
Sri Lanka,2003.0,26.2
Sri Lanka,2004.0,26.5
Sri Lanka,2005.0,26.4
Sri Lanka,2006.0,21.6
Sri Lanka,2007.0,21.2
Sri Lanka,2008.0,18.5
Sri Lanka,2009.0,21.3
Sri Lanka,2010.0,19.0
Sri Lanka,2011.0,16.8
Sri Lanka,2012.0,17.3
Sri Lanka,2013.0,18.5
Sri Lanka,2014.0,19.7
Sri Lanka,2015.0,20.1
Sri Lanka,2016.0,21.1
Sri Lanka,2017.0,18.0
Sri Lanka,2018.0,21.1
Sri Lanka,2019.0,21.0
Western Asia,2000.0,16.3
Western Asia,2001.0,18.2
Western Asia,2002.0,19.6
Western Asia,2003.0,19.9
Western Asia,2004.0,19.9
Western Asia,2005.0,19.5
Western Asia,2006.0,18.2
Western Asia,2007.0,18.1
Western Asia,2008.0,18.9
Western Asia,2009.0,20.1
Western Asia,2010.0,19.6
Western Asia,2011.0,18.7
Western Asia,2012.0,18.2
Western Asia,2013.0,19.1
Western Asia,2014.0,19.7
Western Asia,2015.0,20.1
Western Asia,2016.0,20.5
Western Asia,2017.0,21.3
Western Asia,2018.0,21.2
Western Asia,2019.0,22.7
Western Asia,2020.0,24.4
Chad,2018.0,1.5
Europe,2000.0,19.4
Europe,2001.0,18.2
Europe,2002.0,17.9
Europe,2003.0,18.4
Europe,2004.0,18.6
Europe,2005.0,18.4
Europe,2006.0,17.6
Europe,2007.0,15.7
Europe,2008.0,15.5
Europe,2009.0,19.7
Europe,2010.0,20.1
Europe,2011.0,20.0
Europe,2012.0,21.1
Europe,2013.0,21.2
Europe,2014.0,20.6
Europe,2015.0,19.7
Europe,2016.0,18.6
Europe,2017.0,16.9
Europe,2018.0,15.6
Europe,2019.0,14.5
Europe,2020.0,16.3
Eastern Europe,2000.0,22.7
Eastern Europe,2001.0,22.0
Eastern Europe,2002.0,20.8
Eastern Europe,2003.0,21.0
Eastern Europe,2004.0,20.7
Eastern Europe,2005.0,19.1
Eastern Europe,2006.0,18.3
Eastern Europe,2007.0,15.5
Eastern Europe,2008.0,14.5
Eastern Europe,2009.0,18.7
Eastern Europe,2010.0,18.5
Eastern Europe,2011.0,18.0
Eastern Europe,2012.0,18.0
Eastern Europe,2013.0,17.7
Eastern Europe,2014.0,17.8
Eastern Europe,2015.0,18.1
Eastern Europe,2016.0,17.5
Eastern Europe,2017.0,15.9
Eastern Europe,2018.0,15.4
Eastern Europe,2019.0,13.8
Eastern Europe,2020.0,15.4
Chile,2000.0,25.1
Chile,2001.0,24.8
Chile,2002.0,25.2
Chile,2003.0,25.0
Chile,2004.0,24.6
Chile,2005.0,23.4
Chile,2006.0,22.1
Chile,2007.0,21.5
Chile,2008.0,23.7
Chile,2009.0,26.7
Chile,2010.0,19.0
Chile,2011.0,17.9
Chile,2012.0,16.7
Chile,2013.0,16.6
Chile,2014.0,17.0
Chile,2015.0,16.1
Chile,2016.0,16.0
Chile,2017.0,17.2
Chile,2018.0,18.2
Chile,2019.0,19.6
Chile,2020.0,24.9
Chile,2021.0,20.6
Northern Europe,2000.0,12.5
Northern Europe,2001.0,11.8
Northern Europe,2002.0,12.1
Northern Europe,2003.0,12.8
Northern Europe,2004.0,12.4
Northern Europe,2005.0,13.2
Northern Europe,2006.0,13.6
Northern Europe,2007.0,13.4
Northern Europe,2008.0,14.5
Northern Europe,2009.0,19.5
Northern Europe,2010.0,20.5
Northern Europe,2011.0,21.0
Northern Europe,2012.0,20.8
Northern Europe,2013.0,20.1
Northern Europe,2014.0,17.3
Northern Europe,2015.0,15.3
Northern Europe,2016.0,13.9
Northern Europe,2017.0,13.0
Northern Europe,2018.0,12.0
Northern Europe,2019.0,12.2
Northern Europe,2020.0,14.8
Western Europe,2000.0,11.4
Western Europe,2001.0,10.2
Western Europe,2002.0,11.3
Western Europe,2003.0,12.2
Western Europe,2004.0,14.1
Western Europe,2005.0,16.1
Western Europe,2006.0,15.2
Western Europe,2007.0,13.4
Western Europe,2008.0,12.5
Western Europe,2009.0,14.7
Western Europe,2010.0,14.0
Western Europe,2011.0,12.8
Western Europe,2012.0,13.5
Western Europe,2013.0,13.9
Western Europe,2014.0,13.8
Western Europe,2015.0,13.7
Western Europe,2016.0,13.4
Western Europe,2017.0,12.1
Western Europe,2018.0,11.1
Western Europe,2019.0,10.4
Western Europe,2020.0,11.6
Colombia,2001.0,27.6
Colombia,2002.0,28.4
Colombia,2003.0,26.5
Colombia,2004.0,26.3
Colombia,2005.0,23.8
Colombia,2007.0,20.8
Colombia,2008.0,21.7
Colombia,2009.0,22.6
Colombia,2010.0,21.9
Colombia,2011.0,20.5
Colombia,2012.0,19.3
Colombia,2013.0,18.2
Colombia,2014.0,17.6
Colombia,2015.0,16.6
Colombia,2016.0,17.5
Colombia,2017.0,17.8
Colombia,2018.0,18.5
Colombia,2019.0,20.0
Colombia,2020.0,25.8
Comoros,2004.0,10.0
Comoros,2014.0,19.5
Congo,2005.0,40.0
Congo,2009.0,16.6
Democratic Republic of Congo,2005.0,4.8
Democratic Republic of Congo,2012.0,8.7
Cook Islands,2011.0,15.5
Cook Islands,2016.0,2.4
Cook Islands,2019.0,3.5
Costa Rica,2000.0,11.0
Costa Rica,2001.0,13.2
Costa Rica,2002.0,14.1
Costa Rica,2003.0,14.5
Costa Rica,2004.0,14.2
Costa Rica,2005.0,15.0
Costa Rica,2006.0,13.8
Costa Rica,2007.0,10.8
Costa Rica,2008.0,10.8
Costa Rica,2009.0,17.6
Costa Rica,2010.0,17.0
Costa Rica,2011.0,22.2
Costa Rica,2012.0,22.6
Costa Rica,2013.0,21.6
Costa Rica,2014.0,24.4
Costa Rica,2015.0,22.3
Costa Rica,2016.0,21.5
Costa Rica,2017.0,20.6
Costa Rica,2018.0,25.4
Costa Rica,2019.0,31.6
Costa Rica,2020.0,40.7
Costa Rica,2021.0,39.3
Croatia,2002.0,36.3
Croatia,2003.0,35.8
Croatia,2004.0,32.8
Croatia,2005.0,32.3
Croatia,2006.0,28.9
Croatia,2007.0,25.2
Croatia,2008.0,23.7
Croatia,2009.0,25.2
Croatia,2010.0,32.4
Croatia,2011.0,36.7
Croatia,2012.0,42.1
Croatia,2013.0,50.0
Croatia,2014.0,45.5
Croatia,2015.0,42.3
Croatia,2016.0,31.3
Croatia,2017.0,27.4
Croatia,2018.0,23.7
Croatia,2019.0,16.6
Croatia,2020.0,21.1
Cuba,2009.0,3.5
Cuba,2010.0,6.1
Cyprus,2000.0,10.2
Cyprus,2001.0,8.2
Cyprus,2002.0,7.8
Cyprus,2003.0,8.9
Cyprus,2004.0,8.7
Cyprus,2005.0,13.9
Cyprus,2006.0,10.0
Cyprus,2007.0,10.2
Cyprus,2008.0,9.0
Cyprus,2009.0,13.8
Cyprus,2010.0,16.6
Cyprus,2011.0,22.4
Cyprus,2012.0,27.8
Cyprus,2013.0,38.9
Cyprus,2014.0,36.0
Cyprus,2015.0,32.8
Cyprus,2016.0,29.1
Cyprus,2017.0,24.7
Cyprus,2018.0,20.2
Cyprus,2019.0,16.6
Cyprus,2020.0,18.2
Least Developed Countries (LDCs),2000.0,7.5
Least Developed Countries (LDCs),2001.0,7.3
Least Developed Countries (LDCs),2002.0,7.2
Least Developed Countries (LDCs),2003.0,7.1
Least Developed Countries (LDCs),2004.0,7.3
Least Developed Countries (LDCs),2005.0,7.5
Least Developed Countries (LDCs),2006.0,7.2
Least Developed Countries (LDCs),2007.0,7.4
Least Developed Countries (LDCs),2008.0,7.3
Least Developed Countries (LDCs),2009.0,7.5
Least Developed Countries (LDCs),2010.0,7.6
Least Developed Countries (LDCs),2011.0,7.7
Least Developed Countries (LDCs),2012.0,7.8
Least Developed Countries (LDCs),2013.0,7.8
Least Developed Countries (LDCs),2014.0,7.7
Least Developed Countries (LDCs),2015.0,8.1
Least Developed Countries (LDCs),2016.0,8.2
Least Developed Countries (LDCs),2017.0,8.5
Least Developed Countries (LDCs),2018.0,8.5
Least Developed Countries (LDCs),2019.0,8.6
Least Developed Countries (LDCs),2020.0,9.6
Sub-Saharan Africa,2000.0,10.4
Sub-Saharan Africa,2001.0,10.4
Sub-Saharan Africa,2002.0,10.5
Sub-Saharan Africa,2003.0,10.4
Sub-Saharan Africa,2004.0,9.9
Sub-Saharan Africa,2005.0,9.7
Sub-Saharan Africa,2006.0,9.5
Sub-Saharan Africa,2007.0,9.3
Sub-Saharan Africa,2008.0,8.8
Sub-Saharan Africa,2009.0,8.9
Sub-Saharan Africa,2010.0,9.4
Sub-Saharan Africa,2011.0,9.2
Sub-Saharan Africa,2012.0,9.0
Sub-Saharan Africa,2013.0,8.7
Sub-Saharan Africa,2014.0,8.4
Sub-Saharan Africa,2015.0,8.6
Sub-Saharan Africa,2016.0,9.2
Sub-Saharan Africa,2017.0,9.3
Sub-Saharan Africa,2018.0,9.6
Sub-Saharan Africa,2019.0,10.1
Sub-Saharan Africa,2020.0,11.0
Czechia,2000.0,17.0
Czechia,2001.0,16.3
Czechia,2002.0,15.4
Czechia,2003.0,16.8
Czechia,2004.0,19.9
Czechia,2005.0,19.2
Czechia,2006.0,17.5
Czechia,2007.0,10.8
Czechia,2008.0,9.9
Czechia,2009.0,16.6
Czechia,2010.0,18.3
Czechia,2011.0,18.1
Czechia,2012.0,19.5
Czechia,2013.0,19.0
Czechia,2014.0,15.9
Czechia,2015.0,12.6
Czechia,2016.0,10.5
Czechia,2017.0,8.0
Czechia,2018.0,6.7
Czechia,2019.0,5.6
Czechia,2020.0,8.0
Benin,2002.0,0.8
Benin,2010.0,2.4
Benin,2011.0,5.6
Benin,2018.0,3.9
Denmark,2000.0,6.7
Denmark,2001.0,8.3
Denmark,2002.0,7.1
Denmark,2003.0,9.8
Denmark,2004.0,7.8
Denmark,2005.0,8.6
Denmark,2006.0,7.7
Denmark,2007.0,7.5
Denmark,2008.0,9.5
Denmark,2009.0,13.5
Denmark,2010.0,15.6
Denmark,2011.0,16.4
Denmark,2012.0,15.8
Denmark,2013.0,14.8
Denmark,2014.0,14.2
Denmark,2015.0,12.2
Denmark,2016.0,12.2
Denmark,2017.0,12.4
Denmark,2018.0,10.5
Denmark,2019.0,10.1
Denmark,2020.0,11.6
Dominica,2001.0,25.8
Dominican Republic,2000.0,12.5
Dominican Republic,2001.0,13.7
Dominican Republic,2002.0,12.9
Dominican Republic,2003.0,13.6
Dominican Republic,2004.0,13.1
Dominican Republic,2005.0,13.7
Dominican Republic,2006.0,10.9
Dominican Republic,2007.0,12.5
Dominican Republic,2008.0,10.6
Dominican Republic,2009.0,12.6
Dominican Republic,2010.0,10.8
Dominican Republic,2011.0,13.9
Dominican Republic,2012.0,14.9
Dominican Republic,2013.0,17.4
Dominican Republic,2014.0,13.4
Dominican Republic,2015.0,16.5
Dominican Republic,2016.0,16.8
Dominican Republic,2017.0,13.5
Dominican Republic,2018.0,15.0
Dominican Republic,2019.0,15.7
Dominican Republic,2020.0,14.9
Ecuador,2000.0,9.7
Ecuador,2001.0,8.4
Ecuador,2003.0,10.9
Ecuador,2004.0,10.4
Ecuador,2005.0,8.0
Ecuador,2006.0,8.0
Ecuador,2007.0,7.1
Ecuador,2008.0,9.3
Ecuador,2009.0,9.9
Ecuador,2010.0,9.4
Ecuador,2011.0,9.1
Ecuador,2012.0,8.8
Ecuador,2013.0,8.5
Ecuador,2014.0,9.1
Ecuador,2015.0,8.8
Ecuador,2016.0,10.4
Ecuador,2017.0,8.5
Ecuador,2018.0,8.0
Ecuador,2019.0,8.8
Ecuador,2020.0,11.1
Ecuador,2021.0,9.0
El Salvador,2007.0,11.4
El Salvador,2009.0,14.0
El Salvador,2010.0,10.3
El Salvador,2011.0,8.6
El Salvador,2012.0,8.6
El Salvador,2013.0,8.7
El Salvador,2014.0,9.9
El Salvador,2015.0,8.9
El Salvador,2016.0,9.8
El Salvador,2017.0,10.1
El Salvador,2018.0,9.6
El Salvador,2019.0,10.0
El Salvador,2020.0,11.6
Eastern Asia (excluding Japan and China),2000.0,8.3
Eastern Asia (excluding Japan and China),2001.0,8.7
Eastern Asia (excluding Japan and China),2002.0,8.7
Eastern Asia (excluding Japan and China),2003.0,9.1
Eastern Asia (excluding Japan and China),2004.0,8.9
Eastern Asia (excluding Japan and China),2005.0,8.6
Eastern Asia (excluding Japan and China),2006.0,8.3
Eastern Asia (excluding Japan and China),2007.0,7.9
Eastern Asia (excluding Japan and China),2008.0,8.1
Eastern Asia (excluding Japan and China),2009.0,8.9
Eastern Asia (excluding Japan and China),2010.0,8.5
Eastern Asia (excluding Japan and China),2011.0,8.1
Eastern Asia (excluding Japan and China),2012.0,7.9
Eastern Asia (excluding Japan and China),2013.0,8.1
Eastern Asia (excluding Japan and China),2014.0,8.2
Eastern Asia (excluding Japan and China),2015.0,8.7
Eastern Asia (excluding Japan and China),2016.0,8.9
Eastern Asia (excluding Japan and China),2017.0,8.6
Eastern Asia (excluding Japan and China),2018.0,8.5
Eastern Asia (excluding Japan and China),2019.0,8.5
Eastern Asia (excluding Japan and China),2020.0,9.1
Ethiopia,2005.0,3.6
Ethiopia,2013.0,3.5
Estonia,2000.0,21.1
Estonia,2001.0,24.0
Estonia,2002.0,20.2
Estonia,2003.0,26.9
Estonia,2004.0,25.7
Estonia,2005.0,15.2
Estonia,2006.0,12.1
Estonia,2007.0,10.1
Estonia,2008.0,12.0
Estonia,2009.0,27.4
Estonia,2010.0,32.9
Estonia,2011.0,22.4
Estonia,2012.0,20.9
Estonia,2013.0,18.7
Estonia,2014.0,15.0
Estonia,2015.0,13.1
Estonia,2016.0,13.4
Estonia,2017.0,12.1
Estonia,2018.0,11.8
Estonia,2019.0,11.1
Estonia,2020.0,17.9
Falkland Islands,2016.0,3.7
Fiji,2005.0,9.8
Fiji,2011.0,14.2
Fiji,2014.0,18.1
Fiji,2016.0,15.4
Finland,2000.0,28.4
Finland,2001.0,26.6
Finland,2002.0,28.2
Finland,2003.0,27.8
Finland,2004.0,27.5
Finland,2005.0,20.1
Finland,2006.0,18.7
Finland,2007.0,16.5
Finland,2008.0,16.5
Finland,2009.0,21.5
Finland,2010.0,21.4
Finland,2011.0,20.1
Finland,2012.0,19.0
Finland,2013.0,19.9
Finland,2014.0,20.6
Finland,2015.0,22.5
Finland,2016.0,20.2
Finland,2017.0,20.1
Finland,2018.0,17.0
Finland,2019.0,17.2
Finland,2020.0,21.4
France,2000.0,20.6
France,2001.0,18.0
France,2002.0,18.9
France,2003.0,17.3
France,2004.0,19.8
France,2005.0,20.3
France,2006.0,21.3
France,2007.0,18.8
France,2008.0,18.3
France,2009.0,23.0
France,2010.0,22.6
France,2011.0,21.9
France,2012.0,23.7
France,2013.0,24.1
France,2014.0,24.2
France,2015.0,24.7
France,2016.0,24.5
France,2017.0,22.2
France,2018.0,20.8
France,2019.0,19.5
France,2020.0,20.2
French Polynesia,2002.0,33.2
French Polynesia,2007.0,34.2
Djibouti,2017.0,73.0
Gabon,2010.0,35.7
Georgia,2000.0,21.1
Georgia,2001.0,20.1
Georgia,2002.0,27.9
Georgia,2003.0,24.9
Georgia,2004.0,28.3
Georgia,2005.0,28.3
Georgia,2007.0,31.5
Georgia,2008.0,37.6
Georgia,2009.0,44.3
Georgia,2010.0,41.5
Georgia,2011.0,41.9
Georgia,2012.0,38.2
Georgia,2013.0,41.0
Georgia,2014.0,38.2
Georgia,2015.0,36.9
Georgia,2016.0,36.0
Georgia,2017.0,28.9
Georgia,2018.0,29.9
Georgia,2019.0,30.4
Georgia,2020.0,39.4
Gambia,2012.0,13.1
Gambia,2018.0,25.8
Palestine,2000.0,16.0
Palestine,2001.0,31.6
Palestine,2002.0,39.1
Palestine,2003.0,35.8
Palestine,2004.0,36.0
Palestine,2005.0,32.3
Palestine,2006.0,30.1
Palestine,2007.0,31.4
Palestine,2008.0,37.7
Palestine,2009.0,34.5
Palestine,2010.0,36.7
Palestine,2011.0,31.7
Palestine,2012.0,35.2
Palestine,2013.0,37.7
Palestine,2014.0,36.7
Palestine,2015.0,37.5
Palestine,2016.0,38.6
Palestine,2017.0,41.9
Palestine,2018.0,42.2
Palestine,2019.0,40.2
Palestine,2020.0,42.1
Germany,2000.0,8.6
Germany,2001.0,7.8
Germany,2002.0,9.3
Germany,2003.0,11.0
Germany,2004.0,13.0
Germany,2005.0,15.5
Germany,2006.0,13.8
Germany,2007.0,11.9
Germany,2008.0,10.6
Germany,2009.0,11.2
Germany,2010.0,9.8
Germany,2011.0,8.5
Germany,2012.0,8.0
Germany,2013.0,7.8
Germany,2014.0,7.8
Germany,2015.0,7.2
Germany,2016.0,7.1
Germany,2017.0,6.8
Germany,2018.0,6.2
Germany,2019.0,5.8
Germany,2020.0,7.2
Ghana,2000.0,16.7
Ghana,2006.0,9.5
Ghana,2010.0,11.4
Ghana,2013.0,4.6
Ghana,2015.0,15.2
Ghana,2017.0,9.1
Kiribati,2005.0,39.3
Kiribati,2010.0,54.0
Kiribati,2015.0,17.1
Kiribati,2019.0,22.5
Greece,2000.0,29.2
Greece,2001.0,27.9
Greece,2002.0,25.8
Greece,2003.0,25.4
Greece,2004.0,26.1
Greece,2005.0,25.8
Greece,2006.0,25.0
Greece,2007.0,22.7
Greece,2008.0,21.9
Greece,2009.0,25.7
Greece,2010.0,33.0
Greece,2011.0,44.7
Greece,2012.0,55.3
Greece,2013.0,58.3
Greece,2014.0,52.4
Greece,2015.0,49.8
Greece,2016.0,47.3
Greece,2017.0,43.6
Greece,2018.0,39.9
Greece,2019.0,35.2
Greece,2020.0,35.0
Guam,2002.0,28.2
Guatemala,2003.0,4.4
Guatemala,2004.0,5.5
Guatemala,2006.0,3.7
Guatemala,2010.0,5.4
Guatemala,2011.0,7.5
Guatemala,2012.0,4.7
Guatemala,2013.0,5.6
Guatemala,2014.0,5.9
Guatemala,2015.0,5.7
Guatemala,2016.0,5.7
Guatemala,2017.0,5.0
Guatemala,2018.0,4.8
Guatemala,2019.0,4.6
Guinea,2002.0,5.7
Guinea,2019.0,7.1
Guyana,2002.0,24.1
Guyana,2018.0,26.5
Guyana,2019.0,27.4
Honduras,2005.0,8.7
Honduras,2006.0,6.2
Honduras,2007.0,5.5
Honduras,2008.0,5.5
Honduras,2009.0,6.0
Honduras,2010.0,7.5
Honduras,2011.0,8.0
Honduras,2012.0,7.0
Honduras,2013.0,9.9
Honduras,2014.0,11.9
Honduras,2015.0,11.0
Honduras,2016.0,12.6
Honduras,2017.0,10.8
Honduras,2018.0,10.7
Honduras,2019.0,10.9
Honduras,2020.0,17.8
"China, Hong Kong Special Administrative Region",2000.0,11.2
"China, Hong Kong Special Administrative Region",2001.0,11.3
"China, Hong Kong Special Administrative Region",2002.0,15.0
"China, Hong Kong Special Administrative Region",2003.0,15.0
"China, Hong Kong Special Administrative Region",2004.0,12.1
"China, Hong Kong Special Administrative Region",2005.0,10.7
"China, Hong Kong Special Administrative Region",2006.0,10.4
"China, Hong Kong Special Administrative Region",2007.0,9.0
"China, Hong Kong Special Administrative Region",2008.0,8.5
"China, Hong Kong Special Administrative Region",2009.0,12.6
"China, Hong Kong Special Administrative Region",2010.0,12.2
"China, Hong Kong Special Administrative Region",2011.0,9.3
"China, Hong Kong Special Administrative Region",2012.0,9.3
"China, Hong Kong Special Administrative Region",2013.0,9.5
"China, Hong Kong Special Administrative Region",2014.0,9.3
"China, Hong Kong Special Administrative Region",2015.0,10.5
"China, Hong Kong Special Administrative Region",2016.0,9.8
"China, Hong Kong Special Administrative Region",2017.0,8.6
"China, Hong Kong Special Administrative Region",2018.0,8.7
"China, Hong Kong Special Administrative Region",2019.0,8.5
"China, Hong Kong Special Administrative Region",2020.0,15.5
Hungary,2000.0,12.3
Hungary,2001.0,10.7
Hungary,2002.0,11.4
Hungary,2003.0,12.9
Hungary,2004.0,14.4
Hungary,2005.0,19.4
Hungary,2006.0,19.2
Hungary,2007.0,18.0
Hungary,2008.0,19.5
Hungary,2009.0,26.4
Hungary,2010.0,26.4
Hungary,2011.0,26.0
Hungary,2012.0,28.2
Hungary,2013.0,26.6
Hungary,2014.0,20.4
Hungary,2015.0,17.3
Hungary,2016.0,12.9
Hungary,2017.0,10.7
Hungary,2018.0,10.2
Hungary,2019.0,11.4
Hungary,2020.0,12.8
Iceland,2000.0,4.4
Iceland,2001.0,5.1
Iceland,2002.0,6.4
Iceland,2003.0,12.5
Iceland,2004.0,12.1
Iceland,2005.0,7.4
Iceland,2006.0,8.3
Iceland,2007.0,7.0
Iceland,2008.0,8.2
Iceland,2009.0,15.9
Iceland,2010.0,16.2
Iceland,2011.0,14.4
Iceland,2012.0,13.5
Iceland,2013.0,10.6
Iceland,2014.0,9.8
Iceland,2015.0,8.8
Iceland,2016.0,6.5
Iceland,2017.0,7.9
Iceland,2018.0,6.1
Iceland,2019.0,8.7
Iceland,2020.0,10.0
India,2000.0,8.1
India,2005.0,7.5
India,2010.0,9.0
India,2012.0,10.1
India,2018.0,22.5
India,2019.0,22.3
India,2020.0,19.8
Indonesia,2000.0,19.9
Indonesia,2001.0,19.9
Indonesia,2002.0,22.5
Indonesia,2003.0,22.1
Indonesia,2004.0,24.4
Indonesia,2005.0,26.2
Indonesia,2006.0,24.5
Indonesia,2007.0,22.6
Indonesia,2008.0,19.5
Indonesia,2009.0,18.9
Indonesia,2010.0,17.6
Indonesia,2011.0,18.4
Indonesia,2012.0,15.5
Indonesia,2013.0,15.7
Indonesia,2014.0,15.7
Indonesia,2015.0,17.0
Indonesia,2016.0,15.8
Indonesia,2017.0,14.5
Indonesia,2018.0,16.3
Indonesia,2019.0,13.6
Indonesia,2020.0,14.8
Indonesia,2021.0,13.9
Iran,2005.0,23.5
Iran,2006.0,23.7
Iran,2007.0,22.4
Iran,2008.0,23.1
Iran,2009.0,24.8
Iran,2010.0,28.7
Iran,2011.0,26.6
Iran,2012.0,26.9
Iran,2013.0,24.1
Iran,2014.0,25.3
Iran,2015.0,26.2
Iran,2016.0,29.3
Iran,2017.0,28.5
Iran,2018.0,27.7
Iran,2019.0,26.1
Iran,2020.0,23.7
Iraq,2007.0,17.3
Iraq,2012.0,16.1
Iraq,2014.0,20.0
Iraq,2016.0,22.7
Iraq,2017.0,25.6
Ireland,2000.0,6.5
Ireland,2001.0,6.2
Ireland,2002.0,7.8
Ireland,2003.0,8.1
Ireland,2004.0,8.3
Ireland,2005.0,8.6
Ireland,2006.0,8.6
Ireland,2007.0,9.2
Ireland,2008.0,13.5
Ireland,2009.0,24.5
Ireland,2010.0,28.1
Ireland,2011.0,29.6
Ireland,2012.0,30.8
Ireland,2013.0,26.7
Ireland,2014.0,23.4
Ireland,2015.0,20.2
Ireland,2016.0,16.8
Ireland,2017.0,14.4
Ireland,2018.0,13.8
Ireland,2019.0,12.5
Ireland,2020.0,15.3
Israel,2000.0,17.3
Israel,2001.0,18.7
Israel,2002.0,20.8
Israel,2003.0,22.4
Israel,2004.0,20.6
Israel,2005.0,17.8
Israel,2006.0,18.4
Israel,2007.0,16.2
Israel,2008.0,12.5
Israel,2009.0,14.7
Israel,2010.0,14.2
Israel,2011.0,11.8
Israel,2012.0,12.1
Israel,2013.0,10.5
Israel,2014.0,10.5
Israel,2015.0,9.3
Israel,2016.0,8.6
Israel,2017.0,7.2
Israel,2018.0,7.2
Israel,2019.0,6.7
Israel,2020.0,7.9
Italy,2000.0,31.5
Italy,2001.0,27.8
Italy,2002.0,27.1
Italy,2003.0,26.8
Italy,2004.0,24.4
Italy,2005.0,24.1
Italy,2006.0,21.8
Italy,2007.0,20.4
Italy,2008.0,21.2
Italy,2009.0,25.3
Italy,2010.0,27.9
Italy,2011.0,29.2
Italy,2012.0,35.3
Italy,2013.0,40.0
Italy,2014.0,42.7
Italy,2015.0,40.3
Italy,2016.0,37.8
Italy,2017.0,34.7
Italy,2018.0,32.2
Italy,2019.0,29.2
Italy,2020.0,29.4
Cote d'Ivoire,2012.0,9.8
Cote d'Ivoire,2013.0,6.5
Cote d'Ivoire,2016.0,3.9
Cote d'Ivoire,2017.0,5.5
Jamaica,2008.0,18.2
Jamaica,2009.0,19.5
Jamaica,2010.0,21.4
Jamaica,2011.0,21.2
Jamaica,2012.0,24.2
Jamaica,2013.0,27.5
Jamaica,2014.0,26.2
Jamaica,2016.0,24.1
Jamaica,2017.0,21.0
Jamaica,2018.0,17.2
Jamaica,2019.0,15.0
Jamaica,2020.0,18.9
Jamaica,2021.0,22.4
Japan,2000.0,9.2
Japan,2001.0,9.6
Japan,2002.0,10.0
Japan,2003.0,10.2
Japan,2004.0,9.5
Japan,2005.0,8.7
Japan,2006.0,8.3
Japan,2007.0,7.8
Japan,2008.0,7.3
Japan,2009.0,9.2
Japan,2010.0,9.4
Japan,2011.0,8.3
Japan,2012.0,8.2
Japan,2013.0,6.8
Japan,2014.0,6.3
Japan,2015.0,5.5
Japan,2016.0,5.1
Japan,2017.0,4.6
Japan,2018.0,3.6
Japan,2019.0,3.8
Japan,2020.0,4.6
Japan,2021.0,4.6
Kazakhstan,2002.0,17.3
Kazakhstan,2003.0,14.5
Kazakhstan,2004.0,14.3
Kazakhstan,2008.0,7.4
Kazakhstan,2009.0,6.7
Kazakhstan,2010.0,5.2
Kazakhstan,2011.0,4.6
Kazakhstan,2012.0,3.9
Kazakhstan,2013.0,3.9
Kazakhstan,2017.0,3.8
Kazakhstan,2020.0,3.8
Jordan,2015.0,30.9
Jordan,2016.0,35.6
Jordan,2017.0,35.3
Jordan,2018.0,38.9
Jordan,2019.0,37.3
Jordan,2020.0,43.0
Kenya,2006.0,19.7
Kenya,2016.0,7.4
Kenya,2019.0,12.9
South Korea,2000.0,10.2
South Korea,2001.0,9.6
South Korea,2002.0,8.1
South Korea,2003.0,9.7
South Korea,2004.0,10.1
South Korea,2005.0,9.6
South Korea,2006.0,9.1
South Korea,2007.0,8.0
South Korea,2008.0,8.8
South Korea,2009.0,9.4
South Korea,2010.0,8.7
South Korea,2011.0,8.4
South Korea,2012.0,7.9
South Korea,2013.0,8.0
South Korea,2014.0,8.7
South Korea,2015.0,10.0
South Korea,2016.0,10.3
South Korea,2017.0,9.9
South Korea,2018.0,10.3
South Korea,2019.0,10.0
South Korea,2020.0,10.3
South Korea,2021.0,8.1
Kuwait,2005.0,11.3
Kuwait,2014.0,13.9
Kuwait,2015.0,15.3
Kuwait,2016.0,15.4
Kyrgyzstan,2002.0,20.1
Kyrgyzstan,2004.0,15.2
Kyrgyzstan,2005.0,14.5
Kyrgyzstan,2006.0,14.6
Kyrgyzstan,2009.0,16.8
Kyrgyzstan,2010.0,16.7
Kyrgyzstan,2011.0,16.6
Kyrgyzstan,2012.0,17.6
Kyrgyzstan,2013.0,13.4
Kyrgyzstan,2014.0,14.0
Kyrgyzstan,2015.0,15.0
Kyrgyzstan,2016.0,15.5
Kyrgyzstan,2017.0,14.8
Kyrgyzstan,2018.0,9.6
Kyrgyzstan,2019.0,12.5
Kyrgyzstan,2020.0,11.5
Laos,2010.0,1.8
Laos,2017.0,18.2
Latin America and the Caribbean,2000.0,16.6
Latin America and the Caribbean,2001.0,16.0
Latin America and the Caribbean,2002.0,16.8
Latin America and the Caribbean,2003.0,16.8
Latin America and the Caribbean,2004.0,16.3
Latin America and the Caribbean,2005.0,15.8
Latin America and the Caribbean,2006.0,14.7
Latin America and the Caribbean,2007.0,13.8
Latin America and the Caribbean,2008.0,13.3
Latin America and the Caribbean,2009.0,15.1
Latin America and the Caribbean,2010.0,14.0
Latin America and the Caribbean,2011.0,13.7
Latin America and the Caribbean,2012.0,13.6
Latin America and the Caribbean,2013.0,13.7
Latin America and the Caribbean,2014.0,13.5
Latin America and the Caribbean,2015.0,14.7
Latin America and the Caribbean,2016.0,17.4
Latin America and the Caribbean,2017.0,17.9
Latin America and the Caribbean,2018.0,17.9
Latin America and the Caribbean,2019.0,18.0
Latin America and the Caribbean,2020.0,21.2
Lebanon,2004.0,19.9
Lebanon,2007.0,22.1
Lebanon,2019.0,23.4
Lesotho,2008.0,48.6
Lesotho,2013.0,34.4
Lesotho,2019.0,35.5
Latvia,2000.0,21.3
Latvia,2001.0,24.2
Latvia,2002.0,25.3
Latvia,2003.0,20.4
Latvia,2004.0,21.8
Latvia,2005.0,15.2
Latvia,2006.0,13.6
Latvia,2007.0,10.6
Latvia,2008.0,13.6
Latvia,2009.0,33.3
Latvia,2010.0,36.2
Latvia,2011.0,31.0
Latvia,2012.0,28.5
Latvia,2013.0,23.2
Latvia,2014.0,19.6
Latvia,2015.0,16.3
Latvia,2016.0,17.3
Latvia,2017.0,17.0
Latvia,2018.0,12.2
Latvia,2019.0,12.4
Latvia,2020.0,14.9
Liberia,2010.0,3.3
Liberia,2014.0,1.5
Liberia,2016.0,2.3
Liberia,2017.0,18.4
Landlocked developing countries (LLDCs),2000.0,10.0
Landlocked developing countries (LLDCs),2001.0,9.6
Landlocked developing countries (LLDCs),2002.0,9.6
Landlocked developing countries (LLDCs),2003.0,9.3
Landlocked developing countries (LLDCs),2004.0,9.0
Landlocked developing countries (LLDCs),2005.0,8.6
Landlocked developing countries (LLDCs),2006.0,8.2
Landlocked developing countries (LLDCs),2007.0,7.7
Landlocked developing countries (LLDCs),2008.0,7.4
Landlocked developing countries (LLDCs),2009.0,7.7
Landlocked developing countries (LLDCs),2010.0,7.8
Landlocked developing countries (LLDCs),2011.0,7.4
Landlocked developing countries (LLDCs),2012.0,7.3
Landlocked developing countries (LLDCs),2013.0,7.0
Landlocked developing countries (LLDCs),2014.0,7.0
Landlocked developing countries (LLDCs),2015.0,7.5
Landlocked developing countries (LLDCs),2016.0,7.5
Landlocked developing countries (LLDCs),2017.0,7.6
Landlocked developing countries (LLDCs),2018.0,7.6
Landlocked developing countries (LLDCs),2019.0,7.8
Landlocked developing countries (LLDCs),2020.0,8.8
Libya,2012.0,48.7
Lithuania,2000.0,28.6
Lithuania,2001.0,31.6
Lithuania,2002.0,20.4
Lithuania,2003.0,26.9
Lithuania,2004.0,20.3
Lithuania,2005.0,15.8
Lithuania,2006.0,10.0
Lithuania,2007.0,8.4
Lithuania,2008.0,13.4
Lithuania,2009.0,29.6
Lithuania,2010.0,35.7
Lithuania,2011.0,32.6
Lithuania,2012.0,26.7
Lithuania,2013.0,21.9
Lithuania,2014.0,19.3
Lithuania,2015.0,16.3
Lithuania,2016.0,14.5
Lithuania,2017.0,13.3
Lithuania,2018.0,11.1
Lithuania,2019.0,11.9
Lithuania,2020.0,19.6
Luxembourg,2000.0,6.4
Luxembourg,2001.0,6.3
Luxembourg,2002.0,7.0
Luxembourg,2003.0,10.9
Luxembourg,2004.0,16.9
Luxembourg,2005.0,13.7
Luxembourg,2006.0,16.2
Luxembourg,2007.0,15.2
Luxembourg,2008.0,17.9
Luxembourg,2009.0,17.2
Luxembourg,2010.0,14.2
Luxembourg,2011.0,16.8
Luxembourg,2012.0,18.8
Luxembourg,2013.0,15.5
Luxembourg,2014.0,22.6
Luxembourg,2015.0,17.4
Luxembourg,2016.0,18.9
Luxembourg,2017.0,15.4
Luxembourg,2018.0,14.2
Luxembourg,2019.0,17.0
Luxembourg,2020.0,23.2
Macao,2000.0,10.9
Macao,2001.0,9.8
Macao,2002.0,10.9
Macao,2003.0,11.7
Macao,2004.0,10.4
Macao,2005.0,8.2
Macao,2006.0,7.2
Macao,2007.0,6.5
Macao,2008.0,6.0
Macao,2009.0,7.8
Macao,2010.0,5.5
Macao,2011.0,5.8
Macao,2012.0,5.5
Macao,2013.0,4.2
Macao,2015.0,4.5
Macao,2016.0,5.1
Macao,2017.0,5.3
Macao,2018.0,5.3
Macao,2019.0,4.9
Macao,2020.0,8.1
Madagascar,2003.0,7.0
Madagascar,2005.0,2.3
Madagascar,2012.0,1.0
Madagascar,2015.0,3.4
Malawi,2013.0,8.0
Malawi,2017.0,7.2
Malaysia,2011.0,9.7
Malaysia,2014.0,9.5
Malaysia,2015.0,10.7
Malaysia,2016.0,10.5
Malaysia,2018.0,10.9
Malaysia,2019.0,10.5
Malaysia,2020.0,12.0
Maldives,2000.0,4.4
Maldives,2009.0,25.4
Maldives,2014.0,9.5
Maldives,2016.0,15.9
Maldives,2019.0,15.5
Mali,2010.0,10.7
Mali,2013.0,8.5
Mali,2014.0,8.2
Mali,2015.0,20.0
Mali,2016.0,2.3
Mali,2017.0,19.6
Mali,2018.0,2.4
Malta,2000.0,11.8
Malta,2001.0,17.7
Malta,2002.0,15.3
Malta,2003.0,17.4
Malta,2004.0,18.3
Malta,2005.0,16.1
Malta,2006.0,15.5
Malta,2007.0,13.5
Malta,2008.0,11.7
Malta,2009.0,14.5
Malta,2010.0,13.2
Malta,2011.0,13.3
Malta,2012.0,13.9
Malta,2013.0,12.7
Malta,2014.0,11.7
Malta,2015.0,11.6
Malta,2016.0,10.7
Malta,2017.0,10.6
Malta,2018.0,9.1
Malta,2019.0,9.3
Malta,2020.0,10.7
Martinique,2008.0,50.6
Mauritania,2012.0,15.2
Mauritania,2017.0,21.2
Mauritius,2001.0,27.6
Mauritius,2002.0,25.6
Mauritius,2003.0,17.4
Mauritius,2004.0,24.7
Mauritius,2005.0,25.8
Mauritius,2006.0,23.4
Mauritius,2007.0,24.7
Mauritius,2008.0,19.3
Mauritius,2009.0,21.6
Mauritius,2010.0,23.7
Mauritius,2011.0,21.6
Mauritius,2012.0,23.5
Mauritius,2013.0,22.1
Mauritius,2014.0,24.6
Mauritius,2015.0,25.4
Mauritius,2016.0,22.8
Mauritius,2017.0,24.0
Mauritius,2018.0,23.9
Mauritius,2019.0,21.8
Mauritius,2020.0,24.6
Mexico,2000.0,5.1
Mexico,2001.0,4.9
Mexico,2002.0,6.1
Mexico,2003.0,7.1
Mexico,2004.0,8.2
Mexico,2005.0,6.9
Mexico,2006.0,7.0
Mexico,2007.0,7.2
Mexico,2008.0,7.7
Mexico,2009.0,10.1
Mexico,2010.0,9.7
Mexico,2011.0,9.8
Mexico,2012.0,9.4
Mexico,2013.0,9.4
Mexico,2014.0,9.4
Mexico,2015.0,8.6
Mexico,2016.0,7.7
Mexico,2017.0,6.9
Mexico,2018.0,6.9
Mexico,2019.0,7.2
Mexico,2020.0,8.1
"Western Asia (exc. Armenia, Azerbaijan, Cyprus, Israel and Georgia)",2000.0,15.8
"Western Asia (exc. Armenia, Azerbaijan, Cyprus, Israel and Georgia)",2001.0,18.0
"Western Asia (exc. Armenia, Azerbaijan, Cyprus, Israel and Georgia)",2002.0,19.4
"Western Asia (exc. Armenia, Azerbaijan, Cyprus, Israel and Georgia)",2003.0,19.9
"Western Asia (exc. Armenia, Azerbaijan, Cyprus, Israel and Georgia)",2004.0,20.0
"Western Asia (exc. Armenia, Azerbaijan, Cyprus, Israel and Georgia)",2005.0,19.8
"Western Asia (exc. Armenia, Azerbaijan, Cyprus, Israel and Georgia)",2006.0,18.4
"Western Asia (exc. Armenia, Azerbaijan, Cyprus, Israel and Georgia)",2007.0,18.4
"Western Asia (exc. Armenia, Azerbaijan, Cyprus, Israel and Georgia)",2008.0,19.1
"Western Asia (exc. Armenia, Azerbaijan, Cyprus, Israel and Georgia)",2009.0,20.0
"Western Asia (exc. Armenia, Azerbaijan, Cyprus, Israel and Georgia)",2010.0,19.5
"Western Asia (exc. Armenia, Azerbaijan, Cyprus, Israel and Georgia)",2011.0,18.4
"Western Asia (exc. Armenia, Azerbaijan, Cyprus, Israel and Georgia)",2012.0,18.0
"Western Asia (exc. Armenia, Azerbaijan, Cyprus, Israel and Georgia)",2013.0,19.0
"Western Asia (exc. Armenia, Azerbaijan, Cyprus, Israel and Georgia)",2014.0,19.7
"Western Asia (exc. Armenia, Azerbaijan, Cyprus, Israel and Georgia)",2015.0,20.4
"Western Asia (exc. Armenia, Azerbaijan, Cyprus, Israel and Georgia)",2016.0,20.9
"Western Asia (exc. Armenia, Azerbaijan, Cyprus, Israel and Georgia)",2017.0,22.0
"Western Asia (exc. Armenia, Azerbaijan, Cyprus, Israel and Georgia)",2018.0,22.0
"Western Asia (exc. Armenia, Azerbaijan, Cyprus, Israel and Georgia)",2019.0,23.7
"Western Asia (exc. Armenia, Azerbaijan, Cyprus, Israel and Georgia)",2020.0,25.2
Monaco,2000.0,6.9
Monaco,2016.0,26.7
Mongolia,2008.0,9.8
Mongolia,2009.0,10.2
Mongolia,2010.0,14.8
Mongolia,2011.0,10.5
Mongolia,2012.0,8.3
Mongolia,2013.0,10.9
Mongolia,2014.0,12.3
Mongolia,2015.0,13.1
Mongolia,2016.0,20.8
Mongolia,2017.0,17.9
Mongolia,2018.0,16.8
Mongolia,2019.0,25.3
Mongolia,2020.0,17.9
Moldova,2000.0,15.8
Moldova,2001.0,16.3
Moldova,2002.0,15.2
Moldova,2003.0,18.1
Moldova,2004.0,19.7
Moldova,2005.0,18.8
Moldova,2006.0,17.1
Moldova,2007.0,14.5
Moldova,2008.0,11.2
Moldova,2009.0,15.4
Moldova,2010.0,17.8
Moldova,2011.0,14.9
Moldova,2012.0,13.1
Moldova,2013.0,12.2
Moldova,2014.0,9.3
Moldova,2015.0,12.3
Moldova,2016.0,11.0
Moldova,2017.0,11.9
Moldova,2018.0,7.1
Moldova,2019.0,10.4
Moldova,2020.0,10.9
Montenegro,2011.0,37.1
Montenegro,2012.0,44.0
Montenegro,2013.0,41.8
Montenegro,2014.0,35.8
Montenegro,2015.0,37.6
Montenegro,2016.0,35.9
Montenegro,2017.0,31.7
Montenegro,2018.0,29.4
Montenegro,2019.0,25.2
Montenegro,2020.0,36.0
Montserrat,2020.0,20.9
Morocco,2001.0,18.9
Morocco,2002.0,17.6
Morocco,2003.0,17.0
Morocco,2004.0,15.4
Morocco,2005.0,15.7
Morocco,2006.0,16.6
Morocco,2007.0,15.6
Morocco,2008.0,18.3
Morocco,2009.0,16.7
Morocco,2010.0,17.6
Morocco,2011.0,17.9
Morocco,2012.0,18.6
Morocco,2013.0,19.1
Morocco,2014.0,19.9
Morocco,2015.0,20.8
Morocco,2016.0,22.2
Mozambique,2015.0,7.4
Oman,2016.0,13.7
Oman,2020.0,15.5
Europe and Northern America,2000.0,15.8
Europe and Northern America,2001.0,15.4
Europe and Northern America,2002.0,15.7
Europe and Northern America,2003.0,16.2
Europe and Northern America,2004.0,16.1
Europe and Northern America,2005.0,15.7
Europe and Northern America,2006.0,14.9
Europe and Northern America,2007.0,13.7
Europe and Northern America,2008.0,14.4
Europe and Northern America,2009.0,18.7
Europe and Northern America,2010.0,19.2
Europe and Northern America,2011.0,18.8
Europe and Northern America,2012.0,19.0
Europe and Northern America,2013.0,18.8
Europe and Northern America,2014.0,17.5
Europe and Northern America,2015.0,16.3
Europe and Northern America,2016.0,15.1
Europe and Northern America,2017.0,13.6
Europe and Northern America,2018.0,12.7
Europe and Northern America,2019.0,11.9
Europe and Northern America,2020.0,15.9
"Developed regions (Europe, Cyprus, Israel, Northern America, Japan, Australia & New Zealand)",2000.0,15.1
"Developed regions (Europe, Cyprus, Israel, Northern America, Japan, Australia & New Zealand)",2001.0,14.9
"Developed regions (Europe, Cyprus, Israel, Northern America, Japan, Australia & New Zealand)",2002.0,15.2
"Developed regions (Europe, Cyprus, Israel, Northern America, Japan, Australia & New Zealand)",2003.0,15.6
"Developed regions (Europe, Cyprus, Israel, Northern America, Japan, Australia & New Zealand)",2004.0,15.5
"Developed regions (Europe, Cyprus, Israel, Northern America, Japan, Australia & New Zealand)",2005.0,15.0
"Developed regions (Europe, Cyprus, Israel, Northern America, Japan, Australia & New Zealand)",2006.0,14.2
"Developed regions (Europe, Cyprus, Israel, Northern America, Japan, Australia & New Zealand)",2007.0,13.1
"Developed regions (Europe, Cyprus, Israel, Northern America, Japan, Australia & New Zealand)",2008.0,13.6
"Developed regions (Europe, Cyprus, Israel, Northern America, Japan, Australia & New Zealand)",2009.0,17.8
"Developed regions (Europe, Cyprus, Israel, Northern America, Japan, Australia & New Zealand)",2010.0,18.2
"Developed regions (Europe, Cyprus, Israel, Northern America, Japan, Australia & New Zealand)",2011.0,17.7
"Developed regions (Europe, Cyprus, Israel, Northern America, Japan, Australia & New Zealand)",2012.0,17.9
"Developed regions (Europe, Cyprus, Israel, Northern America, Japan, Australia & New Zealand)",2013.0,17.6
"Developed regions (Europe, Cyprus, Israel, Northern America, Japan, Australia & New Zealand)",2014.0,16.5
"Developed regions (Europe, Cyprus, Israel, Northern America, Japan, Australia & New Zealand)",2015.0,15.3
"Developed regions (Europe, Cyprus, Israel, Northern America, Japan, Australia & New Zealand)",2016.0,14.2
"Developed regions (Europe, Cyprus, Israel, Northern America, Japan, Australia & New Zealand)",2017.0,12.8
"Developed regions (Europe, Cyprus, Israel, Northern America, Japan, Australia & New Zealand)",2018.0,11.8
"Developed regions (Europe, Cyprus, Israel, Northern America, Japan, Australia & New Zealand)",2019.0,11.1
"Developed regions (Europe, Cyprus, Israel, Northern America, Japan, Australia & New Zealand)",2020.0,14.7
Developing regions,2000.0,12.0
Developing regions,2001.0,12.3
Developing regions,2002.0,12.7
Developing regions,2003.0,12.9
Developing regions,2004.0,12.7
Developing regions,2005.0,12.8
Developing regions,2006.0,12.5
Developing regions,2007.0,12.2
Developing regions,2008.0,12.1
Developing regions,2009.0,12.5
Developing regions,2010.0,12.3
Developing regions,2011.0,12.4
Developing regions,2012.0,12.5
Developing regions,2013.0,12.7
Developing regions,2014.0,12.7
Developing regions,2015.0,13.2
Developing regions,2016.0,13.7
Developing regions,2017.0,13.8
Developing regions,2018.0,13.8
Developing regions,2019.0,13.9
Developing regions,2020.0,15.3
Namibia,2004.0,41.7
Namibia,2010.0,42.5
Namibia,2012.0,34.4
Namibia,2013.0,41.4
Namibia,2014.0,39.0
Namibia,2016.0,44.9
Namibia,2018.0,38.0
Eastern Asia (excluding Japan),2000.0,6.9
Eastern Asia (excluding Japan),2001.0,8.1
Eastern Asia (excluding Japan),2002.0,8.9
Eastern Asia (excluding Japan),2003.0,9.6
Eastern Asia (excluding Japan),2004.0,9.4
Eastern Asia (excluding Japan),2005.0,9.4
Eastern Asia (excluding Japan),2006.0,9.3
Eastern Asia (excluding Japan),2007.0,9.1
Eastern Asia (excluding Japan),2008.0,9.7
Eastern Asia (excluding Japan),2009.0,10.0
Eastern Asia (excluding Japan),2010.0,9.7
Eastern Asia (excluding Japan),2011.0,9.9
Eastern Asia (excluding Japan),2012.0,10.0
Eastern Asia (excluding Japan),2013.0,10.2
Eastern Asia (excluding Japan),2014.0,10.4
Eastern Asia (excluding Japan),2015.0,10.6
Eastern Asia (excluding Japan),2016.0,10.5
Eastern Asia (excluding Japan),2017.0,10.3
Eastern Asia (excluding Japan),2018.0,10.0
Eastern Asia (excluding Japan),2019.0,10.6
Eastern Asia (excluding Japan),2020.0,11.7
Nauru,2002.0,38.0
Nauru,2013.0,26.6
Nepal,2008.0,2.2
Nepal,2017.0,21.4
Netherlands,2000.0,5.3
Netherlands,2001.0,4.4
Netherlands,2002.0,4.6
Netherlands,2003.0,6.6
Netherlands,2004.0,8.0
Netherlands,2005.0,11.9
Netherlands,2006.0,10.0
Netherlands,2007.0,9.4
Netherlands,2008.0,8.6
Netherlands,2009.0,10.2
Netherlands,2010.0,11.1
Netherlands,2011.0,10.0
Netherlands,2012.0,11.7
Netherlands,2013.0,13.2
Netherlands,2014.0,12.7
Netherlands,2015.0,11.3
Netherlands,2016.0,10.8
Netherlands,2017.0,8.9
Netherlands,2018.0,7.2
Netherlands,2019.0,6.7
Netherlands,2020.0,9.1
Curacao,2011.0,24.7
Curacao,2013.0,37.2
Curacao,2014.0,33.2
Curacao,2015.0,29.7
Curacao,2018.0,29.3
Curacao,2020.0,42.2
Aruba,2010.0,28.9
New Caledonia,2014.0,38.4
Oceania (exc. Australia and New Zealand),2000.0,7.1
Oceania (exc. Australia and New Zealand),2001.0,6.9
Oceania (exc. Australia and New Zealand),2002.0,6.8
Oceania (exc. Australia and New Zealand),2003.0,6.7
Oceania (exc. Australia and New Zealand),2004.0,6.6
Oceania (exc. Australia and New Zealand),2005.0,6.5
Oceania (exc. Australia and New Zealand),2006.0,6.4
Oceania (exc. Australia and New Zealand),2007.0,6.4
Oceania (exc. Australia and New Zealand),2008.0,6.6
Oceania (exc. Australia and New Zealand),2009.0,6.5
Oceania (exc. Australia and New Zealand),2010.0,6.4
Oceania (exc. Australia and New Zealand),2011.0,7.2
Oceania (exc. Australia and New Zealand),2012.0,7.1
Oceania (exc. Australia and New Zealand),2013.0,7.0
Oceania (exc. Australia and New Zealand),2014.0,6.8
Oceania (exc. Australia and New Zealand),2015.0,6.9
Oceania (exc. Australia and New Zealand),2016.0,6.8
Oceania (exc. Australia and New Zealand),2017.0,6.8
Oceania (exc. Australia and New Zealand),2018.0,6.8
Oceania (exc. Australia and New Zealand),2019.0,6.8
Oceania (exc. Australia and New Zealand),2020.0,7.1
Vanuatu,2006.0,13.9
Vanuatu,2009.0,8.9
Vanuatu,2010.0,4.8
Vanuatu,2019.0,18.0
New Zealand,2000.0,13.5
New Zealand,2001.0,12.1
New Zealand,2002.0,11.7
New Zealand,2003.0,10.5
New Zealand,2004.0,9.7
New Zealand,2005.0,9.8
New Zealand,2006.0,9.9
New Zealand,2007.0,10.1
New Zealand,2008.0,11.4
New Zealand,2009.0,16.8
New Zealand,2010.0,17.4
New Zealand,2011.0,17.5
New Zealand,2012.0,18.0
New Zealand,2013.0,15.3
New Zealand,2014.0,14.1
New Zealand,2015.0,13.9
New Zealand,2016.0,13.5
New Zealand,2017.0,13.0
New Zealand,2018.0,11.8
New Zealand,2019.0,11.3
New Zealand,2020.0,12.4
Nicaragua,2001.0,6.0
Nicaragua,2006.0,8.6
Nicaragua,2012.0,7.9
Nicaragua,2014.0,8.5
Niger,2012.0,4.5
Niger,2017.0,16.6
Nigeria,2011.0,9.9
Nigeria,2013.0,10.0
Nigeria,2014.0,8.1
Nigeria,2015.0,7.7
Nigeria,2016.0,12.4
Nigeria,2017.0,13.8
Nigeria,2019.0,29.9
Niue,2001.0,9.0
Norway,2000.0,11.1
Norway,2001.0,12.2
Norway,2002.0,13.1
Norway,2003.0,11.9
Norway,2004.0,12.8
Norway,2005.0,11.5
Norway,2006.0,8.8
Norway,2007.0,7.4
Norway,2008.0,7.5
Norway,2009.0,9.2
Norway,2010.0,9.3
Norway,2011.0,8.7
Norway,2012.0,8.5
Norway,2013.0,9.1
Norway,2014.0,7.9
Norway,2015.0,9.9
Norway,2016.0,11.2
Norway,2017.0,10.4
Norway,2018.0,9.7
Norway,2019.0,10.0
Norway,2020.0,11.3
Northern Mariana Islands,2003.0,5.9
Micronesia (country),2014.0,18.9
Marshall Islands,2019.0,26.0
Palau,2000.0,9.6
Palau,2014.0,5.6
Pakistan,2006.0,0.9
Pakistan,2007.0,0.8
Pakistan,2008.0,1.0
Pakistan,2009.0,1.1
Pakistan,2010.0,1.3
Pakistan,2011.0,1.7
Pakistan,2013.0,5.9
Pakistan,2014.0,4.0
Pakistan,2015.0,6.6
Pakistan,2018.0,7.9
Pakistan,2019.0,9.6
Panama,2008.0,11.3
Panama,2010.0,13.5
Panama,2011.0,11.2
Panama,2012.0,9.6
Panama,2013.0,9.9
Panama,2014.0,11.6
Panama,2015.0,11.7
Panama,2016.0,12.3
Panama,2017.0,14.8
Panama,2018.0,14.1
Panama,2019.0,17.1
Panama,2020.0,40.1
Panama,2021.0,22.4
Papua New Guinea,2000.0,5.3
Papua New Guinea,2010.0,3.6
Paraguay,2001.0,11.4
Paraguay,2002.0,16.7
Paraguay,2003.0,13.5
Paraguay,2004.0,12.0
Paraguay,2005.0,10.6
Paraguay,2006.0,11.2
Paraguay,2007.0,10.6
Paraguay,2008.0,9.8
Paraguay,2009.0,12.0
Paraguay,2010.0,11.0
Paraguay,2011.0,11.8
Paraguay,2012.0,10.1
Paraguay,2013.0,9.7
Paraguay,2014.0,11.2
Paraguay,2015.0,11.1
Paraguay,2016.0,11.5
Paraguay,2017.0,10.8
Paraguay,2018.0,14.6
Paraguay,2019.0,15.3
Paraguay,2020.0,17.1
Peru,2001.0,13.2
Peru,2002.0,5.9
Peru,2003.0,6.3
Peru,2004.0,7.7
Peru,2005.0,8.4
Peru,2006.0,7.1
Peru,2007.0,7.5
Peru,2008.0,7.4
Peru,2009.0,7.1
Peru,2010.0,6.8
Peru,2011.0,6.9
Peru,2012.0,6.7
Peru,2013.0,6.9
Peru,2014.0,7.4
Peru,2015.0,6.7
Peru,2016.0,8.1
Peru,2017.0,8.2
Peru,2018.0,8.2
Peru,2019.0,7.3
Peru,2020.0,12.6
Philippines,2001.0,9.7
Philippines,2003.0,9.3
Philippines,2004.0,9.4
Philippines,2005.0,9.6
Philippines,2006.0,10.2
Philippines,2007.0,8.9
Philippines,2008.0,10.1
Philippines,2009.0,10.4
Philippines,2010.0,9.9
Philippines,2011.0,9.6
Philippines,2012.0,9.5
Philippines,2013.0,9.2
Philippines,2014.0,9.5
Philippines,2015.0,8.5
Philippines,2016.0,7.7
Philippines,2017.0,7.5
Philippines,2018.0,6.7
Philippines,2019.0,6.8
Philippines,2020.0,7.0
Poland,2000.0,35.7
Poland,2001.0,39.2
Poland,2002.0,41.6
Poland,2003.0,41.4
Poland,2004.0,40.1
Poland,2005.0,36.9
Poland,2006.0,29.8
Poland,2007.0,21.7
Poland,2008.0,17.3
Poland,2009.0,20.7
Poland,2010.0,23.7
Poland,2011.0,25.8
Poland,2012.0,26.5
Poland,2013.0,27.3
Poland,2014.0,23.9
Poland,2015.0,20.8
Poland,2016.0,17.7
Poland,2017.0,14.8
Poland,2018.0,11.8
Poland,2019.0,9.9
Poland,2020.0,10.8
Portugal,2000.0,8.3
Portugal,2001.0,9.0
Portugal,2002.0,10.5
Portugal,2003.0,13.5
Portugal,2004.0,14.1
Portugal,2005.0,16.2
Portugal,2006.0,16.5
Portugal,2007.0,16.7
Portugal,2008.0,16.7
Portugal,2009.0,20.3
Portugal,2010.0,22.8
Portugal,2011.0,30.3
Portugal,2012.0,37.9
Portugal,2013.0,38.1
Portugal,2014.0,34.8
Portugal,2015.0,32.0
Portugal,2016.0,28.0
Portugal,2017.0,23.9
Portugal,2018.0,20.3
Portugal,2019.0,18.3
Portugal,2020.0,22.6
Guinea-Bissau,2018.0,4.0
Timor,2010.0,12.4
Timor,2013.0,21.8
Timor,2016.0,13.2
Puerto Rico,2000.0,20.5
Puerto Rico,2002.0,23.3
Puerto Rico,2003.0,23.2
Puerto Rico,2004.0,21.2
Puerto Rico,2005.0,23.3
Puerto Rico,2006.0,22.3
Puerto Rico,2007.0,22.2
Puerto Rico,2008.0,24.5
Qatar,2004.0,10.8
Qatar,2007.0,1.6
Qatar,2008.0,1.0
Qatar,2009.0,1.2
Qatar,2011.0,1.3
Qatar,2012.0,1.6
Qatar,2013.0,1.2
Qatar,2014.0,0.8
Qatar,2015.0,0.6
Qatar,2016.0,0.5
Qatar,2017.0,0.5
Qatar,2018.0,0.4
Qatar,2020.0,0.5
Reunion,2012.0,56.2
Reunion,2016.0,44.0
Romania,2000.0,17.8
Romania,2001.0,17.6
Romania,2002.0,22.2
Romania,2003.0,19.5
Romania,2004.0,22.3
Romania,2005.0,20.3
Romania,2006.0,21.4
Romania,2007.0,20.1
Romania,2008.0,18.6
Romania,2009.0,20.8
Romania,2010.0,22.1
Romania,2011.0,23.9
Romania,2012.0,22.6
Romania,2013.0,23.7
Romania,2014.0,24.0
Romania,2015.0,21.7
Romania,2016.0,20.6
Romania,2017.0,18.3
Romania,2018.0,16.2
Romania,2019.0,16.8
Romania,2020.0,17.3
Russia,2000.0,20.7
Russia,2001.0,18.0
Russia,2002.0,15.6
Russia,2003.0,17.6
Russia,2004.0,17.2
Russia,2005.0,15.5
Russia,2006.0,16.4
Russia,2007.0,14.4
Russia,2008.0,14.0
Russia,2009.0,18.5
Russia,2010.0,17.1
Russia,2011.0,15.5
Russia,2012.0,14.9
Russia,2013.0,13.9
Russia,2014.0,13.8
Russia,2015.0,16.1
Russia,2016.0,16.5
Russia,2017.0,16.3
Russia,2018.0,17.0
Russia,2019.0,15.2
Russia,2020.0,17.0
Rwanda,2017.0,22.6
Rwanda,2018.0,20.6
Rwanda,2019.0,20.5
Rwanda,2020.0,21.7
Saint Kitts and Nevis,2001.0,11.0
Anguilla,2001.0,13.3
Saint Lucia,2003.0,39.4
Saint Lucia,2004.0,40.8
Saint Lucia,2017.0,45.6
Saint Lucia,2018.0,43.0
Saint Lucia,2019.0,37.2
San Marino,2009.0,15.8
San Marino,2010.0,17.3
San Marino,2015.0,28.1
San Marino,2016.0,27.4
Sao Tome and Principe,2012.0,20.8
Saudi Arabia,2000.0,25.1
Saudi Arabia,2001.0,25.9
Saudi Arabia,2002.0,28.1
Saudi Arabia,2006.0,34.0
Saudi Arabia,2007.0,29.9
Saudi Arabia,2008.0,29.3
Saudi Arabia,2009.0,30.0
Saudi Arabia,2011.0,29.9
Saudi Arabia,2012.0,28.7
Saudi Arabia,2013.0,29.4
Saudi Arabia,2014.0,30.2
Saudi Arabia,2015.0,28.5
Saudi Arabia,2016.0,24.2
Saudi Arabia,2017.0,31.7
Saudi Arabia,2018.0,30.4
Saudi Arabia,2019.0,25.2
Saudi Arabia,2020.0,29.4
Senegal,2002.0,8.6
Senegal,2006.0,14.8
Senegal,2011.0,12.7
Senegal,2015.0,8.1
Senegal,2016.0,6.4
Senegal,2017.0,5.8
Senegal,2018.0,6.0
Senegal,2019.0,4.1
Serbia,2005.0,47.7
Serbia,2006.0,47.9
Serbia,2007.0,43.7
Serbia,2008.0,35.3
Serbia,2009.0,41.6
Serbia,2010.0,46.3
Serbia,2011.0,50.9
Serbia,2012.0,51.1
Serbia,2013.0,49.4
Serbia,2014.0,47.5
Serbia,2015.0,43.2
Serbia,2016.0,34.9
Serbia,2017.0,31.9
Serbia,2018.0,29.7
Serbia,2019.0,27.5
Serbia,2020.0,26.7
Seychelles,2002.0,20.3
Seychelles,2011.0,11.0
Seychelles,2014.0,13.1
Seychelles,2015.0,13.6
Seychelles,2016.0,11.5
Seychelles,2017.0,10.9
Seychelles,2018.0,11.6
Seychelles,2019.0,9.7
Seychelles,2020.0,16.5
Sierra Leone,2004.0,5.2
Sierra Leone,2014.0,9.5
Sierra Leone,2018.0,3.6
Singapore,2001.0,7.7
Singapore,2002.0,11.3
Singapore,2003.0,10.2
Singapore,2004.0,10.9
Singapore,2006.0,8.9
Singapore,2007.0,8.8
Singapore,2008.0,9.2
Singapore,2009.0,12.9
Singapore,2010.0,9.9
Singapore,2011.0,9.2
Singapore,2012.0,8.9
Singapore,2013.0,9.3
Singapore,2014.0,8.8
Singapore,2015.0,9.4
Singapore,2016.0,9.1
Singapore,2019.0,7.7
Singapore,2020.0,10.6
Slovakia,2000.0,36.9
Slovakia,2001.0,38.9
Slovakia,2002.0,37.7
Slovakia,2003.0,32.9
Slovakia,2004.0,32.8
Slovakia,2005.0,30.1
Slovakia,2006.0,26.7
Slovakia,2007.0,20.3
Slovakia,2008.0,19.0
Slovakia,2009.0,27.3
Slovakia,2010.0,33.6
Slovakia,2011.0,33.4
Slovakia,2012.0,34.0
Slovakia,2013.0,33.7
Slovakia,2014.0,29.7
Slovakia,2015.0,26.5
Slovakia,2016.0,22.2
Slovakia,2017.0,18.9
Slovakia,2018.0,15.0
Slovakia,2019.0,16.1
Slovakia,2020.0,19.4
Vietnam,2004.0,4.6
Vietnam,2007.0,6.2
Vietnam,2009.0,4.6
Vietnam,2010.0,3.6
Vietnam,2011.0,3.4
Vietnam,2012.0,4.0
Vietnam,2013.0,5.0
Vietnam,2014.0,5.2
Vietnam,2015.0,6.7
Vietnam,2016.0,7.2
Vietnam,2017.0,7.3
Vietnam,2018.0,4.8
Vietnam,2019.0,6.9
Vietnam,2020.0,7.6
Vietnam,2021.0,7.9
Slovenia,2000.0,16.4
Slovenia,2001.0,15.7
Slovenia,2002.0,14.9
Slovenia,2003.0,15.3
Slovenia,2004.0,14.0
Slovenia,2005.0,16.0
Slovenia,2006.0,13.9
Slovenia,2007.0,10.1
Slovenia,2008.0,10.4
Slovenia,2009.0,13.6
Slovenia,2010.0,14.7
Slovenia,2011.0,15.7
Slovenia,2012.0,20.6
Slovenia,2013.0,21.6
Slovenia,2014.0,20.2
Slovenia,2015.0,16.3
Slovenia,2016.0,15.2
Slovenia,2017.0,11.2
Slovenia,2018.0,8.8
Slovenia,2019.0,8.1
Slovenia,2020.0,14.2
Somalia,2019.0,37.4
South Africa,2000.0,53.5
South Africa,2001.0,56.0
South Africa,2002.0,59.9
South Africa,2003.0,61.3
South Africa,2004.0,56.7
South Africa,2005.0,56.3
South Africa,2006.0,54.6
South Africa,2007.0,52.5
South Africa,2008.0,45.6
South Africa,2009.0,48.3
South Africa,2010.0,51.2
South Africa,2011.0,50.3
South Africa,2012.0,51.7
South Africa,2013.0,51.4
South Africa,2014.0,51.3
South Africa,2015.0,50.1
South Africa,2016.0,53.4
South Africa,2017.0,53.2
South Africa,2018.0,53.4
South Africa,2019.0,57.1
South Africa,2020.0,59.4
Zimbabwe,2004.0,7.6
Zimbabwe,2011.0,8.7
Zimbabwe,2014.0,6.8
Zimbabwe,2019.0,27.5
Small island developing States (SIDS),2000.0,14.7
Small island developing States (SIDS),2001.0,14.8
Small island developing States (SIDS),2002.0,15.0
Small island developing States (SIDS),2003.0,14.9
Small island developing States (SIDS),2004.0,15.3
Small island developing States (SIDS),2005.0,15.9
Small island developing States (SIDS),2006.0,15.4
Small island developing States (SIDS),2007.0,16.0
Small island developing States (SIDS),2008.0,15.6
Small island developing States (SIDS),2009.0,16.6
Small island developing States (SIDS),2010.0,16.5
Small island developing States (SIDS),2011.0,17.1
Small island developing States (SIDS),2012.0,17.2
Small island developing States (SIDS),2013.0,17.8
Small island developing States (SIDS),2014.0,16.6
Small island developing States (SIDS),2015.0,16.9
Small island developing States (SIDS),2016.0,17.0
Small island developing States (SIDS),2017.0,16.1
Small island developing States (SIDS),2018.0,15.9
Small island developing States (SIDS),2019.0,15.9
Small island developing States (SIDS),2020.0,17.1
Spain,2000.0,25.3
Spain,2001.0,20.7
Spain,2002.0,21.5
Spain,2003.0,22.3
Spain,2004.0,22.5
Spain,2005.0,19.6
Spain,2006.0,17.9
Spain,2007.0,18.1
Spain,2008.0,24.5
Spain,2009.0,37.7
Spain,2010.0,41.5
Spain,2011.0,46.2
Spain,2012.0,52.9
Spain,2013.0,55.5
Spain,2014.0,53.2
Spain,2015.0,48.3
Spain,2016.0,44.4
Spain,2017.0,38.6
Spain,2018.0,34.3
Spain,2019.0,32.5
Spain,2020.0,38.3
South Sudan,2008.0,18.5
Sudan,2011.0,32.6
Sub-Saharan Africa (inc. Sudan),2000.0,10.9
Sub-Saharan Africa (inc. Sudan),2001.0,10.9
Sub-Saharan Africa (inc. Sudan),2002.0,10.9
Sub-Saharan Africa (inc. Sudan),2003.0,10.8
Sub-Saharan Africa (inc. Sudan),2004.0,10.4
Sub-Saharan Africa (inc. Sudan),2005.0,10.2
Sub-Saharan Africa (inc. Sudan),2006.0,9.9
Sub-Saharan Africa (inc. Sudan),2007.0,9.7
Sub-Saharan Africa (inc. Sudan),2008.0,9.3
Sub-Saharan Africa (inc. Sudan),2009.0,9.3
Sub-Saharan Africa (inc. Sudan),2010.0,9.9
Sub-Saharan Africa (inc. Sudan),2011.0,9.7
Sub-Saharan Africa (inc. Sudan),2012.0,9.6
Sub-Saharan Africa (inc. Sudan),2013.0,9.3
Sub-Saharan Africa (inc. Sudan),2014.0,9.0
Sub-Saharan Africa (inc. Sudan),2015.0,9.2
Sub-Saharan Africa (inc. Sudan),2016.0,9.7
Sub-Saharan Africa (inc. Sudan),2017.0,9.9
Sub-Saharan Africa (inc. Sudan),2018.0,10.1
Sub-Saharan Africa (inc. Sudan),2019.0,10.6
Sub-Saharan Africa (inc. Sudan),2020.0,11.5
Suriname,2004.0,21.5
Suriname,2009.0,20.2
Suriname,2010.0,13.7
Suriname,2011.0,20.0
Suriname,2012.0,20.5
Suriname,2013.0,20.9
Suriname,2014.0,16.4
Suriname,2015.0,13.4
Suriname,2016.0,26.5
Northern Africa (exc. Sudan),2000.0,31.0
Northern Africa (exc. Sudan),2001.0,30.8
Northern Africa (exc. Sudan),2002.0,29.7
Northern Africa (exc. Sudan),2003.0,30.5
Northern Africa (exc. Sudan),2004.0,27.2
Northern Africa (exc. Sudan),2005.0,28.0
Northern Africa (exc. Sudan),2006.0,26.3
Northern Africa (exc. Sudan),2007.0,24.1
Northern Africa (exc. Sudan),2008.0,24.3
Northern Africa (exc. Sudan),2009.0,23.5
Northern Africa (exc. Sudan),2010.0,23.4
Northern Africa (exc. Sudan),2011.0,26.9
Northern Africa (exc. Sudan),2012.0,30.6
Northern Africa (exc. Sudan),2013.0,30.0
Northern Africa (exc. Sudan),2014.0,29.2
Northern Africa (exc. Sudan),2015.0,31.5
Northern Africa (exc. Sudan),2016.0,30.9
Northern Africa (exc. Sudan),2017.0,30.5
Northern Africa (exc. Sudan),2018.0,27.0
Northern Africa (exc. Sudan),2019.0,24.3
Northern Africa (exc. Sudan),2020.0,27.1
Northern Africa and Western Asia,2000.0,23.0
Northern Africa and Western Asia,2001.0,23.8
Northern Africa and Western Asia,2002.0,24.2
Northern Africa and Western Asia,2003.0,24.7
Northern Africa and Western Asia,2004.0,23.4
Northern Africa and Western Asia,2005.0,23.6
Northern Africa and Western Asia,2006.0,22.2
Northern Africa and Western Asia,2007.0,21.3
Northern Africa and Western Asia,2008.0,21.8
Northern Africa and Western Asia,2009.0,21.8
Northern Africa and Western Asia,2010.0,21.8
Northern Africa and Western Asia,2011.0,22.9
Northern Africa and Western Asia,2012.0,24.1
Northern Africa and Western Asia,2013.0,24.3
Northern Africa and Western Asia,2014.0,24.2
Northern Africa and Western Asia,2015.0,25.2
Northern Africa and Western Asia,2016.0,25.1
Northern Africa and Western Asia,2017.0,25.3
Northern Africa and Western Asia,2018.0,24.0
Northern Africa and Western Asia,2019.0,24.1
Northern Africa and Western Asia,2020.0,26.3
Eswatini,2016.0,47.1
Sweden,2000.0,9.5
Sweden,2001.0,11.7
Sweden,2002.0,12.9
Sweden,2003.0,14.3
Sweden,2004.0,18.5
Sweden,2005.0,21.9
Sweden,2006.0,21.5
Sweden,2007.0,19.3
Sweden,2008.0,20.2
Sweden,2009.0,25.0
Sweden,2010.0,24.8
Sweden,2011.0,22.8
Sweden,2012.0,23.6
Sweden,2013.0,23.5
Sweden,2014.0,22.9
Sweden,2015.0,20.4
Sweden,2016.0,18.9
Sweden,2017.0,17.9
Sweden,2018.0,17.4
Sweden,2019.0,20.1
Sweden,2020.0,24.0
Eastern and South-Eastern Asia,2000.0,8.1
Eastern and South-Eastern Asia,2001.0,8.9
Eastern and South-Eastern Asia,2002.0,9.6
Eastern and South-Eastern Asia,2003.0,10.1
Eastern and South-Eastern Asia,2004.0,10.1
Eastern and South-Eastern Asia,2005.0,10.3
Eastern and South-Eastern Asia,2006.0,10.1
Eastern and South-Eastern Asia,2007.0,9.9
Eastern and South-Eastern Asia,2008.0,9.9
Eastern and South-Eastern Asia,2009.0,10.1
Eastern and South-Eastern Asia,2010.0,9.7
Eastern and South-Eastern Asia,2011.0,9.8
Eastern and South-Eastern Asia,2012.0,9.7
Eastern and South-Eastern Asia,2013.0,9.8
Eastern and South-Eastern Asia,2014.0,9.9
Eastern and South-Eastern Asia,2015.0,10.2
Eastern and South-Eastern Asia,2016.0,10.0
Eastern and South-Eastern Asia,2017.0,9.8
Eastern and South-Eastern Asia,2018.0,9.6
Eastern and South-Eastern Asia,2019.0,9.7
Eastern and South-Eastern Asia,2020.0,10.8
Switzerland,2000.0,5.0
Switzerland,2001.0,5.6
Switzerland,2002.0,5.6
Switzerland,2003.0,8.5
Switzerland,2004.0,7.7
Switzerland,2005.0,8.8
Switzerland,2006.0,7.7
Switzerland,2007.0,7.1
Switzerland,2008.0,7.0
Switzerland,2009.0,8.5
Switzerland,2010.0,8.2
Switzerland,2011.0,7.7
Switzerland,2012.0,8.3
Switzerland,2013.0,8.8
Switzerland,2014.0,8.6
Switzerland,2015.0,8.8
Switzerland,2016.0,8.6
Switzerland,2017.0,8.1
Switzerland,2018.0,8.0
Switzerland,2019.0,8.0
Switzerland,2020.0,8.6
Syria,2002.0,26.3
Syria,2003.0,19.5
Syria,2007.0,19.1
Syria,2008.0,22.4
Syria,2009.0,16.7
Syria,2010.0,20.4
Tajikistan,2003.0,5.5
Tajikistan,2007.0,5.9
Thailand,2000.0,6.6
Thailand,2001.0,7.6
Thailand,2003.0,5.0
Thailand,2004.0,4.5
Thailand,2005.0,4.8
Thailand,2006.0,4.8
Thailand,2007.0,4.5
Thailand,2008.0,4.8
Thailand,2009.0,5.6
Thailand,2010.0,2.5
Thailand,2011.0,2.9
Thailand,2012.0,2.7
Thailand,2013.0,1.2
Thailand,2014.0,3.1
Thailand,2015.0,3.1
Thailand,2016.0,3.7
Thailand,2017.0,4.4
Thailand,2018.0,4.0
Thailand,2019.0,4.2
Thailand,2020.0,5.2
Togo,2006.0,6.8
Togo,2011.0,2.9
Togo,2015.0,3.9
Togo,2017.0,9.5
Tonga,2018.0,8.9
Trinidad and Tobago,2000.0,23.2
Trinidad and Tobago,2002.0,21.1
Trinidad and Tobago,2005.0,16.5
Trinidad and Tobago,2006.0,13.0
Trinidad and Tobago,2007.0,11.3
Trinidad and Tobago,2008.0,10.5
Trinidad and Tobago,2009.0,11.7
Trinidad and Tobago,2010.0,9.9
Trinidad and Tobago,2011.0,8.7
Trinidad and Tobago,2012.0,8.7
Trinidad and Tobago,2013.0,6.3
Trinidad and Tobago,2014.0,5.9
Trinidad and Tobago,2015.0,5.9
Trinidad and Tobago,2016.0,8.7
United Arab Emirates,2005.0,8.0
United Arab Emirates,2017.0,7.7
United Arab Emirates,2018.0,7.0
United Arab Emirates,2019.0,7.6
United Arab Emirates,2020.0,14.0
Tunisia,2005.0,28.2
Tunisia,2006.0,27.7
Tunisia,2007.0,27.9
Tunisia,2008.0,28.4
Tunisia,2009.0,30.9
Tunisia,2010.0,29.4
Tunisia,2011.0,42.3
Tunisia,2012.0,37.6
Tunisia,2013.0,34.7
Tunisia,2015.0,35.0
Tunisia,2016.0,34.9
Tunisia,2017.0,34.9
Turkey,2000.0,13.1
Turkey,2001.0,16.2
Turkey,2002.0,19.2
Turkey,2003.0,20.5
Turkey,2004.0,20.6
Turkey,2005.0,19.9
Turkey,2006.0,16.4
Turkey,2007.0,17.2
Turkey,2008.0,18.5
Turkey,2009.0,22.8
Turkey,2010.0,19.7
Turkey,2011.0,16.7
Turkey,2012.0,15.7
Turkey,2013.0,16.9
Turkey,2014.0,17.8
Turkey,2015.0,18.5
Turkey,2016.0,19.5
Turkey,2017.0,20.5
Turkey,2018.0,20.2
Turkey,2019.0,25.2
Turkey,2020.0,25.1
Tuvalu,2016.0,20.6
Uganda,2012.0,5.4
Uganda,2013.0,2.6
Uganda,2017.0,15.6
Ukraine,2004.0,15.7
Ukraine,2005.0,14.9
Ukraine,2009.0,17.8
Ukraine,2010.0,17.4
Ukraine,2013.0,17.4
Ukraine,2014.0,23.1
Ukraine,2015.0,22.4
Ukraine,2016.0,23.0
Ukraine,2018.0,18.0
Ukraine,2019.0,15.4
Ukraine,2020.0,19.3
North Macedonia,2002.0,58.4
North Macedonia,2003.0,65.7
North Macedonia,2006.0,59.7
North Macedonia,2007.0,57.7
North Macedonia,2008.0,56.4
North Macedonia,2009.0,55.1
North Macedonia,2010.0,53.7
North Macedonia,2011.0,55.3
North Macedonia,2012.0,53.9
North Macedonia,2013.0,51.9
North Macedonia,2014.0,53.1
North Macedonia,2015.0,47.3
North Macedonia,2016.0,48.2
North Macedonia,2017.0,46.7
North Macedonia,2018.0,45.4
North Macedonia,2019.0,35.6
North Macedonia,2020.0,35.8
Egypt,2001.0,27.7
Egypt,2002.0,27.1
Egypt,2006.0,29.9
Egypt,2007.0,24.8
Egypt,2008.0,25.0
Egypt,2009.0,24.8
Egypt,2010.0,24.3
Egypt,2011.0,29.3
Egypt,2012.0,34.4
Egypt,2013.0,34.1
Egypt,2014.0,32.2
Egypt,2015.0,31.6
Egypt,2016.0,30.9
Egypt,2017.0,29.6
Egypt,2018.0,24.8
Egypt,2019.0,19.3
Egypt,2020.0,17.3
United Kingdom,2000.0,12.0
United Kingdom,2001.0,10.3
United Kingdom,2002.0,10.9
United Kingdom,2003.0,11.4
United Kingdom,2004.0,10.7
United Kingdom,2005.0,12.7
United Kingdom,2006.0,13.9
United Kingdom,2007.0,14.3
United Kingdom,2008.0,15.0
United Kingdom,2009.0,19.1
United Kingdom,2010.0,19.9
United Kingdom,2011.0,21.3
United Kingdom,2012.0,21.2
United Kingdom,2013.0,20.7
United Kingdom,2014.0,17.0
United Kingdom,2015.0,14.6
United Kingdom,2016.0,13.0
United Kingdom,2017.0,12.1
United Kingdom,2018.0,11.3
United Kingdom,2019.0,11.2
Isle of Man,2001.0,4.0
Isle of Man,2006.0,7.3
Tanzania,2001.0,5.5
Tanzania,2006.0,6.5
Tanzania,2011.0,6.9
Tanzania,2013.0,5.8
Tanzania,2014.0,3.9
United States,2000.0,9.3
United States,2001.0,10.6
United States,2002.0,12.0
United States,2003.0,12.4
United States,2004.0,11.9
United States,2005.0,11.3
United States,2006.0,10.5
United States,2007.0,10.5
United States,2008.0,12.9
United States,2009.0,17.6
United States,2010.0,18.4
United States,2011.0,17.3
United States,2012.0,16.2
United States,2013.0,15.6
United States,2014.0,13.4
United States,2015.0,11.6
United States,2016.0,10.4
United States,2017.0,9.2
United States,2018.0,8.6
United States,2019.0,8.4
United States,2020.0,14.9
United States,2021.0,9.7
Burkina Faso,2014.0,8.7
Burkina Faso,2018.0,8.6
Uruguay,2000.0,29.1
Uruguay,2001.0,34.3
Uruguay,2002.0,38.0
Uruguay,2003.0,38.2
Uruguay,2004.0,33.0
Uruguay,2005.0,29.2
Uruguay,2006.0,28.1
Uruguay,2007.0,25.0
Uruguay,2008.0,22.4
Uruguay,2009.0,21.1
Uruguay,2010.0,20.7
Uruguay,2011.0,18.1
Uruguay,2012.0,18.5
Uruguay,2013.0,19.3
Uruguay,2014.0,19.4
Uruguay,2015.0,22.5
Uruguay,2016.0,23.8
Uruguay,2017.0,24.8
Uruguay,2018.0,25.9
Uruguay,2019.0,27.8
Uruguay,2020.0,33.5
Uzbekistan,2020.0,13.2
Venezuela,2001.0,16.2
Venezuela,2005.0,18.3
Venezuela,2006.0,15.4
Venezuela,2007.0,13.6
Venezuela,2008.0,12.4
Venezuela,2009.0,12.2
Venezuela,2010.0,14.2
Venezuela,2011.0,14.1
Venezuela,2012.0,14.2
Venezuela,2016.0,11.7
Venezuela,2017.0,12.1
Venezuela,2020.0,13.7
Samoa,2001.0,12.2
Samoa,2011.0,16.1
Samoa,2012.0,19.1
Samoa,2014.0,19.1
Samoa,2017.0,31.9
Yemen,2010.0,33.7
Yemen,2014.0,24.5
Zambia,2000.0,21.4
Zambia,2010.0,28.7
Zambia,2017.0,27.3
Zambia,2018.0,26.0
Zambia,2019.0,30.1
