country,year,value
Austria,2009.0,10.56438
Armenia,2008.0,2.57083
Cameroon,2014.0,3.82366
Canada,2016.0,10.83333
Colombia,2013.0,5.25
Colombia,2017.0,5.18225
Costa Rica,2017.0,8.13801
Fiji,2016.0,4.9392
Finland,2000.0,12.14167
Finland,2010.0,11.89583
Palestine,2000.0,3.88889
Palestine,2013.0,4.16667
Germany,2013.0,11.2
Greece,2014.0,8.75
Hungary,2010.0,9.68975
Kazakhstan,2018.0,6.25
South Korea,2014.0,3.81667
South Korea,2019.0,4.09722
Laos,2017.0,9.18157
Mexico,2009.0,10.1106
Mexico,2014.0,8.88377
Mexico,2019.0,12.63502
Mongolia,2015.0,8.82014
Mongolia,2019.0,13.65864
Moldova,2012.0,12.19938
Norway,2011.0,9.55417
Paraguay,2016.0,4.95311
Peru,2010.0,9.2465
Poland,2013.0,11.52917
Romania,2012.0,11.45833
Serbia,2011.0,10.51983
Serbia,2015.0,10.79273
Switzerland,2010.0,8.45
Switzerland,2013.0,10.0625
Switzerland,2016.0,9.17917
Switzerland,2020.0,10.475
Turkey,2006.0,4.07142
Uganda,2018.0,7.91667
