country,year,value
Afghanistan,2011.0,0.03164
Afghanistan,2015.0,12.88284
Albania,2009.0,36.28946
Albania,2017.0,88.05953
Algeria,2013.0,45.49652
Angola,2015.0,3.56587
Azerbaijan,2006.0,85.77402
Bangladesh,2006.0,19.47331
Bangladesh,2011.0,14.45695
Bangladesh,2014.0,26.25365
Bangladesh,2019.0,48.94386
Armenia,2006.0,62.83714
Armenia,2011.0,99.60184
Armenia,2016.0,99.15648
Barbados,2012.0,0.0
Bhutan,2010.0,8.56672
Bolivia,2000.0,19.79
Bolivia,2001.0,15.85
Bolivia,2002.0,28.96
Bolivia,2003.0,33.24154
Bolivia,2004.0,0.0
Bolivia,2005.0,48.39
Bolivia,2006.0,0.0
Bolivia,2007.0,65.2
Bolivia,2008.0,52.09783
Bolivia,2009.0,72.81
Bolivia,2011.0,56.78
Bolivia,2012.0,68.75
Bolivia,2013.0,66.03
Bolivia,2014.0,62.92
Bolivia,2015.0,72.58
Bolivia,2016.0,62.9
Bolivia,2017.0,76.95
Bolivia,2018.0,78.67
Bosnia and Herzegovina,2012.0,90.75005
Brazil,2001.0,29.5
Brazil,2002.0,32.29
Brazil,2003.0,36.97
Brazil,2004.0,40.36
Brazil,2005.0,47.47
Brazil,2006.0,48.99
Brazil,2007.0,56.93
Brazil,2008.0,58.34
Brazil,2009.0,61.01
Brazil,2011.0,69.1
Brazil,2012.0,73.26
Brazil,2013.0,73.71
Brazil,2014.0,74.39
Brazil,2015.0,73.76
Brazil,2016.0,70.71
Brazil,2017.0,75.35
Brazil,2018.0,74.66
Belize,2016.0,36.89182
Myanmar,2016.0,8.72437
Burundi,2000.0,0.0
Burundi,2010.0,0.50394
Burundi,2017.0,0.0
Belarus,2012.0,100.0
Cambodia,2005.0,2.14858
Cambodia,2010.0,11.3508
Cambodia,2014.0,18.8303
Cameroon,2004.0,1.49601
Cameroon,2006.0,0.0
Cameroon,2011.0,0.93644
Cameroon,2014.0,1.71689
Cameroon,2018.0,4.0641
Central African Republic,2006.0,0.23643
Central African Republic,2010.0,0.19122
Sri Lanka,2006.0,83.53267
Chad,2004.0,0.0
Chad,2014.0,2.06792
Chile,2000.0,75.05
Chile,2003.0,84.77
Chile,2006.0,92.67
Chile,2009.0,94.01
Chile,2011.0,92.27
Chile,2013.0,93.05
Chile,2015.0,95.66
Chile,2017.0,96.35
Colombia,2002.0,24.18
Colombia,2003.0,40.36
Colombia,2004.0,33.29
Colombia,2005.0,28.6109
Colombia,2008.0,39.55
Colombia,2009.0,43.1
Colombia,2010.0,50.87733
Colombia,2011.0,44.37
Colombia,2012.0,45.94
Colombia,2013.0,49.47
Colombia,2014.0,55.06
Colombia,2015.0,53.98542
Colombia,2016.0,56.32
Colombia,2017.0,60.48
Colombia,2018.0,56.37
Comoros,2012.0,15.15391
Congo,2005.0,3.26866
Congo,2012.0,4.41617
Congo,2015.0,6.45237
Democratic Republic of Congo,2007.0,5.60234
Democratic Republic of Congo,2010.0,9.69137
Democratic Republic of Congo,2013.0,19.56653
Democratic Republic of Congo,2018.0,30.55363
Costa Rica,2000.0,20.31
Costa Rica,2001.0,19.36
Costa Rica,2002.0,28.81
Costa Rica,2003.0,38.54
Costa Rica,2004.0,34.19
Costa Rica,2005.0,40.2
Costa Rica,2006.0,36.47
Costa Rica,2007.0,34.25
Costa Rica,2008.0,33.91
Costa Rica,2009.0,37.97
Costa Rica,2010.0,41.98
Costa Rica,2011.0,28.53794
Costa Rica,2012.0,47.63
Costa Rica,2013.0,53.0
Costa Rica,2014.0,38.75
Costa Rica,2015.0,45.18
Costa Rica,2016.0,49.36
Costa Rica,2017.0,61.39
Costa Rica,2018.0,58.53043
Cuba,2014.0,0.0
Benin,2006.0,0.0
Benin,2011.0,2.09453
Benin,2014.0,1.25269
Benin,2018.0,1.8164
Dominican Republic,2000.0,23.38
Dominican Republic,2001.0,31.79
Dominican Republic,2002.0,59.12
Dominican Republic,2003.0,61.47
Dominican Republic,2004.0,53.76
Dominican Republic,2005.0,62.05
Dominican Republic,2006.0,73.01
Dominican Republic,2007.0,53.50613
Dominican Republic,2008.0,67.44
Dominican Republic,2009.0,73.34
Dominican Republic,2010.0,72.44
Dominican Republic,2011.0,77.84
Dominican Republic,2012.0,67.91
Dominican Republic,2013.0,68.11304
Dominican Republic,2014.0,73.35303
Dominican Republic,2015.0,78.44
Dominican Republic,2016.0,77.22
Dominican Republic,2017.0,84.02
Dominican Republic,2018.0,86.19
Ecuador,2001.0,25.0
Ecuador,2003.0,30.14
Ecuador,2005.0,42.98
Ecuador,2006.0,33.1
Ecuador,2007.0,46.96
Ecuador,2008.0,56.31
Ecuador,2009.0,51.54
Ecuador,2010.0,65.26
Ecuador,2011.0,75.83
Ecuador,2012.0,63.08
Ecuador,2013.0,70.96
Ecuador,2014.0,73.86
Ecuador,2015.0,81.18
Ecuador,2016.0,79.9
Ecuador,2017.0,75.91
Ecuador,2018.0,79.45
El Salvador,2000.0,12.71
El Salvador,2001.0,21.01
El Salvador,2002.0,24.6
El Salvador,2003.0,14.84
El Salvador,2004.0,24.5
El Salvador,2005.0,19.57
El Salvador,2006.0,26.64
El Salvador,2009.0,30.65
El Salvador,2010.0,39.34
El Salvador,2012.0,44.39
El Salvador,2013.0,44.23
El Salvador,2014.0,40.62
El Salvador,2015.0,45.55
El Salvador,2016.0,43.44
El Salvador,2017.0,43.66
El Salvador,2018.0,45.71
Ethiopia,2000.0,0.0
Ethiopia,2005.0,0.0
Ethiopia,2011.0,2.17245
Ethiopia,2016.0,4.49891
Djibouti,2006.0,0.0
Gabon,2012.0,2.11772
Georgia,2018.0,90.32118
Gambia,2006.0,9.91111
Gambia,2010.0,16.61304
Gambia,2013.0,24.71977
Gambia,2018.0,20.71388
Palestine,2014.0,0.0
Ghana,2009.0,14.12651
Ghana,2014.0,24.25123
Ghana,2018.0,24.73752
Kiribati,2019.0,74.61246
Guatemala,2000.0,1.92
Guatemala,2006.0,3.53
Guatemala,2014.0,26.81
Guatemala,2015.0,7.12561
Guinea,2005.0,0.0
Guinea,2012.0,1.73999
Guinea,2016.0,1.4409
Guinea,2018.0,0.0
Guyana,2006.0,57.13006
Guyana,2009.0,46.20719
Guyana,2014.0,74.08075
Haiti,2005.0,1.73677
Haiti,2012.0,8.71553
Haiti,2017.0,9.53761
Honduras,2001.0,7.79
Honduras,2004.0,5.04
Honduras,2005.0,10.71
Honduras,2009.0,11.29
Honduras,2010.0,12.84
Honduras,2011.0,16.9277
Honduras,2012.0,23.96
Honduras,2013.0,24.56
Honduras,2014.0,21.33
Honduras,2015.0,20.53
Honduras,2016.0,21.8
Honduras,2018.0,18.51
India,2006.0,17.00337
India,2016.0,56.36905
Indonesia,2003.0,30.3311
Indonesia,2008.0,36.84583
Indonesia,2017.0,67.52916
Iraq,2011.0,5.40018
Iraq,2018.0,17.50743
Cote d'Ivoire,2006.0,1.55146
Cote d'Ivoire,2012.0,1.51301
Cote d'Ivoire,2016.0,1.61443
Jamaica,2011.0,88.44478
Kazakhstan,2006.0,99.15245
Kazakhstan,2011.0,99.65552
Kazakhstan,2015.0,98.628
Jordan,2007.0,75.74091
Jordan,2018.0,72.8251
Kenya,2003.0,12.62506
Kenya,2008.0,32.56792
Kenya,2014.0,41.65333
Kyrgyzstan,2006.0,98.85149
Kyrgyzstan,2012.0,97.35072
Kyrgyzstan,2014.0,91.28466
Kyrgyzstan,2018.0,97.16684
Laos,2006.0,1.71082
Laos,2012.0,2.10307
Laos,2017.0,12.02961
Lesotho,2005.0,7.3315
Lesotho,2009.0,11.66904
Lesotho,2014.0,10.33894
Lesotho,2018.0,18.23293
Liberia,2007.0,0.0
Liberia,2013.0,1.34284
Madagascar,2009.0,0.0
Madagascar,2018.0,0.0
Malawi,2004.0,5.51221
Malawi,2010.0,5.06175
Malawi,2016.0,4.67908
Maldives,2008.0,72.80697
Maldives,2017.0,88.88303
Mali,2006.0,0.82378
Mali,2013.0,0.67377
Mali,2015.0,2.3393
Mali,2018.0,0.0
Mauritania,2007.0,2.47417
Mauritania,2011.0,2.70954
Mauritania,2015.0,21.73043
Mexico,2000.0,21.34
Mexico,2002.0,37.58
Mexico,2004.0,44.36
Mexico,2006.0,45.97
Mexico,2008.0,49.4
Mexico,2010.0,49.45
Mexico,2012.0,59.91
Mexico,2014.0,56.4
Mexico,2016.0,80.29687
Mexico,2018.0,69.84
Mongolia,2006.0,57.59699
Mongolia,2014.0,71.14717
Mongolia,2018.0,90.14854
Moldova,2005.0,89.59272
Moldova,2012.0,97.77415
Montenegro,2013.0,100.0
Montenegro,2018.0,0.0
Morocco,2004.0,1.54962
Mozambique,2003.0,0.0
Mozambique,2008.0,0.0
Mozambique,2011.0,0.0
Namibia,2007.0,12.54842
Namibia,2013.0,24.43737
Nepal,2007.0,18.91756
Nepal,2011.0,26.2139
Nepal,2014.0,49.88022
Nepal,2016.0,59.57008
Vanuatu,2007.0,15.79022
Nicaragua,2001.0,4.61
Nicaragua,2005.0,5.29
Nicaragua,2009.0,19.36
Nicaragua,2014.0,31.77
Niger,2006.0,0.0
Niger,2012.0,0.0
Nigeria,2003.0,10.69592
Nigeria,2007.0,9.60713
Nigeria,2008.0,8.21058
Nigeria,2011.0,16.03163
Nigeria,2013.0,3.31261
Nigeria,2016.0,13.67999
Nigeria,2018.0,10.8281
Pakistan,2007.0,2.5873
Pakistan,2012.0,4.91422
Pakistan,2018.0,3.58742
Panama,2000.0,35.17
Panama,2001.0,20.18
Panama,2002.0,16.08
Panama,2003.0,18.72
Panama,2004.0,32.02
Panama,2005.0,26.72
Panama,2006.0,19.69
Panama,2007.0,25.1
Panama,2008.0,21.91
Panama,2009.0,42.33
Panama,2011.0,34.03
Panama,2013.0,36.43
Panama,2014.0,31.68
Panama,2015.0,46.98
Panama,2016.0,50.53
Panama,2017.0,64.85
Panama,2018.0,63.29
Papua New Guinea,2018.0,20.37178
Paraguay,2001.0,21.48
Paraguay,2003.0,36.84
Paraguay,2004.0,22.43
Paraguay,2005.0,42.33
Paraguay,2006.0,38.95
Paraguay,2007.0,36.13
Paraguay,2008.0,26.67
Paraguay,2009.0,50.17
Paraguay,2010.0,51.98
Paraguay,2011.0,45.17
Paraguay,2012.0,36.21
Paraguay,2013.0,42.49
Paraguay,2014.0,52.91
Paraguay,2015.0,60.03
Paraguay,2016.0,46.63539
Paraguay,2017.0,58.02
Paraguay,2018.0,53.76
Peru,2000.0,0.0
Peru,2001.0,28.14
Peru,2002.0,27.84
Peru,2003.0,14.98
Peru,2004.0,23.32
Peru,2005.0,31.48
Peru,2006.0,38.13
Peru,2007.0,49.63
Peru,2008.0,40.18
Peru,2009.0,46.63
Peru,2010.0,50.44
Peru,2011.0,52.86
Peru,2012.0,56.05
Peru,2013.0,53.9
Peru,2014.0,58.81
Peru,2015.0,59.45
Peru,2016.0,57.82
Peru,2017.0,65.81
Peru,2018.0,68.82
Philippines,2004.0,38.26947
Philippines,2018.0,70.23132
Guinea-Bissau,2014.0,1.09775
Timor,2009.0,20.72391
Timor,2016.0,34.43171
Qatar,2012.0,0.0
Rwanda,2005.0,1.7488
Rwanda,2010.0,2.6615
Rwanda,2015.0,10.83098
Saint Lucia,2012.0,0.0
Sao Tome and Principe,2009.0,2.15186
Sao Tome and Principe,2014.0,16.48397
Senegal,2005.0,0.0
Senegal,2011.0,0.52024
Senegal,2016.0,3.16149
Senegal,2017.0,4.80063
Senegal,2018.0,12.10476
Senegal,2019.0,3.23887
Serbia,2011.0,89.23081
Serbia,2014.0,94.76122
Serbia,2019.0,94.19665
Sierra Leone,2008.0,1.08561
Sierra Leone,2013.0,9.41062
Sierra Leone,2017.0,7.38173
Vietnam,2011.0,68.0441
Vietnam,2014.0,64.14499
South Africa,2016.0,79.58817
Zimbabwe,2005.0,23.28726
Zimbabwe,2010.0,35.29807
Zimbabwe,2015.0,38.81879
Zimbabwe,2019.0,17.80291
South Sudan,2010.0,1.46056
Sudan,2014.0,22.50426
Suriname,2010.0,10.54322
Suriname,2018.0,31.90811
Eswatini,2006.0,18.34085
Eswatini,2010.0,29.30513
Eswatini,2014.0,23.02413
Syria,2006.0,14.93213
Tajikistan,2006.0,71.48048
Tajikistan,2012.0,76.16045
Tajikistan,2017.0,94.28665
Thailand,2013.0,91.36636
Thailand,2016.0,84.27003
Thailand,2019.0,79.31579
Togo,2006.0,0.35268
Togo,2010.0,0.0
Togo,2014.0,2.37724
Togo,2017.0,0.0
Tonga,2019.0,86.7558
Tunisia,2012.0,46.0812
Tunisia,2018.0,54.3724
Turkey,2004.0,28.08171
Turkey,2014.0,74.73271
Turkmenistan,2016.0,100.0
Turkmenistan,2019.0,96.77201
Uganda,2006.0,0.28957
Uganda,2011.0,2.80315
Uganda,2016.0,3.80136
Ukraine,2007.0,96.13651
Ukraine,2013.0,100.0
North Macedonia,2011.0,93.51849
North Macedonia,2019.0,95.54443
Egypt,2005.0,33.89818
Egypt,2009.0,44.14508
Egypt,2014.0,70.62778
Tanzania,2004.0,0.0
Tanzania,2010.0,1.60727
Tanzania,2015.0,4.48338
Burkina Faso,2003.0,0.0
Burkina Faso,2006.0,0.67666
Burkina Faso,2010.0,0.74229
Uruguay,2008.0,48.0
Uruguay,2009.0,51.92
Uruguay,2010.0,56.73
Uruguay,2011.0,47.05
Uruguay,2012.0,49.35
Uruguay,2013.0,0.0
Uruguay,2014.0,43.42
Uruguay,2015.0,49.61
Uruguay,2016.0,50.58
Uruguay,2017.0,50.04
Uruguay,2018.0,64.69
Uzbekistan,2006.0,96.69351
Yemen,2006.0,0.97078
Yemen,2013.0,9.45496
Zambia,2001.0,5.68102
Zambia,2007.0,8.9874
Zambia,2013.0,15.16219
Zambia,2018.0,11.34723
