country,year,value
Afghanistan,2016.0,1.85185
Afghanistan,2017.0,1.85185
Afghanistan,2018.0,1.85185
Albania,2005.0,1.85185
Albania,2015.0,1.85185
Algeria,2000.0,1.85185
Algeria,2016.0,1.85185
Algeria,2017.0,1.85185
Algeria,2018.0,1.85185
Andorra,2017.0,1.85185
Andorra,2018.0,1.85185
Andorra,2019.0,1.85185
Angola,2000.0,1.85185
Angola,2019.0,1.85185
Angola,2020.0,1.85185
Antigua and Barbuda,2015.0,1.85185
Antigua and Barbuda,2016.0,1.85185
Azerbaijan,2005.0,1.85185
Azerbaijan,2017.0,1.85185
Azerbaijan,2018.0,1.85185
Azerbaijan,2019.0,1.85185
Argentina,2010.0,1.85185
Argentina,2015.0,1.85185
Argentina,2016.0,1.85185
Argentina,2017.0,1.85185
Australia,2005.0,1.85185
Australia,2010.0,1.85185
Australia,2015.0,1.85185
Australia,2016.0,1.85185
Australia,2017.0,1.85185
Australia,2020.0,1.85185
Austria,2000.0,1.85185
Austria,2015.0,1.85185
Bahamas,2010.0,1.85185
Bahrain,2000.0,1.85185
Bangladesh,2005.0,1.85185
Bangladesh,2010.0,1.85185
Bangladesh,2015.0,1.85185
Bangladesh,2016.0,1.85185
Bangladesh,2020.0,1.85185
Armenia,2005.0,1.85185
Armenia,2019.0,1.85185
Armenia,2020.0,1.85185
Belgium,2000.0,1.85185
Belgium,2005.0,1.85185
Belgium,2010.0,1.85185
Belgium,2016.0,1.85185
Belgium,2017.0,1.85185
Belgium,2018.0,1.85185
Bolivia,2000.0,1.85185
Bolivia,2015.0,1.85185
Bosnia and Herzegovina,2017.0,1.85185
Botswana,2015.0,1.85185
Botswana,2016.0,1.85185
Botswana,2020.0,1.85185
Brazil,2000.0,1.85185
Brazil,2005.0,1.85185
Brazil,2010.0,1.85185
Brazil,2015.0,1.85185
Brazil,2016.0,1.85185
Brazil,2017.0,1.85185
Brazil,2019.0,1.85185
Brazil,2020.0,1.85185
Belize,2005.0,1.85185
Bulgaria,2000.0,1.85185
Belarus,2000.0,1.85185
Belarus,2018.0,1.85185
Belarus,2019.0,1.85185
Belarus,2020.0,1.85185
Cambodia,2019.0,1.85185
Cameroon,2000.0,1.85185
Cameroon,2010.0,1.85185
Cameroon,2017.0,1.85185
Cameroon,2018.0,1.85185
Cameroon,2019.0,1.85185
Canada,2000.0,1.85185
Canada,2005.0,1.85185
Canada,2010.0,1.85185
Canada,2018.0,1.85185
Canada,2019.0,1.85185
Canada,2020.0,1.85185
Chad,2005.0,1.85185
Chad,2017.0,1.85185
Chad,2018.0,1.85185
Chad,2019.0,1.85185
Chile,2010.0,1.85185
Chile,2016.0,1.85185
Chile,2017.0,1.85185
Chile,2018.0,1.85185
China,2000.0,1.85185
China,2005.0,1.85185
China,2010.0,1.85185
China,2015.0,1.85185
China,2016.0,1.85185
China,2017.0,1.85185
China,2018.0,1.85185
China,2019.0,1.85185
China,2020.0,1.85185
Colombia,2000.0,1.85185
Colombia,2005.0,1.85185
Colombia,2015.0,1.85185
Colombia,2017.0,1.85185
Colombia,2018.0,1.85185
Colombia,2019.0,1.85185
Colombia,2020.0,1.85185
Comoros,2000.0,1.85185
Comoros,2010.0,1.85185
Congo,2005.0,1.85185
Congo,2010.0,1.85185
Congo,2015.0,1.85185
Congo,2016.0,1.85185
Congo,2020.0,1.85185
Democratic Republic of Congo,2000.0,1.85185
Democratic Republic of Congo,2005.0,1.85185
Democratic Republic of Congo,2015.0,1.85185
Democratic Republic of Congo,2016.0,1.85185
Democratic Republic of Congo,2020.0,1.85185
Costa Rica,2000.0,1.85185
Costa Rica,2005.0,1.85185
Croatia,2000.0,1.85185
Croatia,2015.0,1.85185
Cuba,2000.0,1.85185
Cuba,2005.0,1.85185
Least Developed Countries (LDCs),2000.0,18.51852
Least Developed Countries (LDCs),2005.0,14.81481
Least Developed Countries (LDCs),2010.0,12.96296
Least Developed Countries (LDCs),2015.0,18.51852
Least Developed Countries (LDCs),2016.0,16.66667
Least Developed Countries (LDCs),2017.0,14.81481
Least Developed Countries (LDCs),2018.0,14.81481
Least Developed Countries (LDCs),2019.0,18.18182
Least Developed Countries (LDCs),2020.0,14.8148
Czechia,2000.0,1.85185
Czechia,2016.0,1.85185
Czechia,2017.0,1.85185
Czechia,2018.0,1.85185
Benin,2000.0,1.85185
Benin,2005.0,1.85185
Benin,2015.0,1.85185
Benin,2017.0,1.85185
Benin,2018.0,1.85185
Benin,2019.0,1.85185
Benin,2020.0,1.85185
Denmark,2000.0,1.85185
Denmark,2005.0,1.85185
Denmark,2018.0,1.85185
Denmark,2019.0,1.85185
Ecuador,2005.0,1.85185
Ecuador,2018.0,1.85185
Ecuador,2019.0,1.85185
Ecuador,2020.0,1.85185
El Salvador,2018.0,1.85185
El Salvador,2019.0,1.85185
El Salvador,2020.0,1.85185
Ethiopia,2019.0,1.85185
Ethiopia,2020.0,1.85185
Estonia,2010.0,1.85185
Estonia,2015.0,1.85185
Estonia,2016.0,1.85185
Estonia,2017.0,1.85185
Fiji,2000.0,1.85185
Finland,2010.0,1.85185
Finland,2015.0,1.85185
Finland,2016.0,1.85185
Finland,2020.0,1.85185
France,2000.0,1.85185
France,2005.0,1.85185
France,2010.0,1.85185
France,2015.0,1.85185
France,2016.0,1.85185
France,2017.0,1.85185
France,2018.0,1.85185
France,2019.0,1.85185
Gabon,2020.0,1.85185
Georgia,2015.0,1.85185
Georgia,2016.0,1.85185
Germany,2000.0,1.85185
Germany,2005.0,1.85185
Germany,2010.0,1.85185
Germany,2015.0,1.85185
Germany,2016.0,1.85185
Germany,2017.0,1.85185
Germany,2018.0,1.85185
Germany,2019.0,1.85185
Germany,2020.0,1.85185
Ghana,2010.0,1.85185
Ghana,2015.0,1.85185
Ghana,2016.0,1.85185
Ghana,2017.0,1.85185
Ghana,2018.0,1.85185
Ghana,2019.0,1.85185
Ghana,2020.0,1.85185
Greece,2000.0,1.85185
Greece,2015.0,1.85185
Greece,2016.0,1.85185
Greece,2017.0,1.85185
Guatemala,2010.0,1.85185
Guatemala,2015.0,1.85185
Guatemala,2016.0,1.85185
Guinea,2005.0,1.85185
Guyana,2016.0,1.85185
Guyana,2017.0,1.85185
Guyana,2018.0,1.85185
Haiti,2015.0,1.85185
Honduras,2000.0,1.85185
Honduras,2015.0,1.85185
Honduras,2016.0,1.85185
Honduras,2017.0,1.85185
Iceland,2005.0,1.85185
India,2000.0,1.85185
India,2005.0,1.85185
India,2010.0,1.85185
India,2015.0,1.85185
India,2016.0,1.85185
India,2017.0,1.85185
India,2018.0,1.85185
India,2019.0,1.85185
India,2020.0,1.85185
Indonesia,2000.0,1.85185
Indonesia,2005.0,1.85185
Iran,2019.0,1.85185
Iran,2020.0,1.85185
Iraq,2010.0,1.85185
Iraq,2016.0,1.85185
Iraq,2017.0,1.85185
Iraq,2018.0,1.85185
Ireland,2005.0,1.85185
Ireland,2016.0,1.85185
Ireland,2017.0,1.85185
Ireland,2018.0,1.85185
Ireland,2019.0,1.85185
Ireland,2020.0,1.85185
Italy,2000.0,1.85185
Italy,2005.0,1.85185
Italy,2010.0,1.85185
Italy,2015.0,1.85185
Italy,2016.0,1.85185
Italy,2017.0,1.85185
Italy,2018.0,1.85185
Cote d'Ivoire,2010.0,1.85185
Jamaica,2005.0,1.85185
Jamaica,2019.0,1.85185
Jamaica,2020.0,1.85185
Japan,2000.0,1.85185
Japan,2005.0,1.85185
Japan,2010.0,1.85185
Japan,2015.0,1.85185
Japan,2016.0,1.85185
Japan,2017.0,1.85185
Japan,2018.0,1.85185
Japan,2019.0,1.85185
Japan,2020.0,1.85185
Kazakhstan,2015.0,1.85185
Kazakhstan,2016.0,1.85185
Kenya,2005.0,1.85185
Kenya,2019.0,1.85185
Kenya,2020.0,1.85185
North Korea,2015.0,1.85185
Korea,2005.0,1.85185
Korea,2010.0,1.85185
Korea,2016.0,1.85185
Korea,2017.0,1.85185
Korea,2018.0,1.85185
Korea,2019.0,1.85185
Korea,2020.0,1.85185
Kuwait,2015.0,1.85185
Kyrgyzstan,2015.0,1.85185
Lebanon,2016.0,1.85185
Lebanon,2017.0,1.85185
Lebanon,2018.0,1.85185
Lesotho,2000.0,1.85185
Latvia,2020.0,1.85185
Landlocked developing countries (LLDCs),2000.0,7.40741
Landlocked developing countries (LLDCs),2005.0,5.55556
Landlocked developing countries (LLDCs),2010.0,9.25926
Landlocked developing countries (LLDCs),2015.0,16.66667
Landlocked developing countries (LLDCs),2016.0,14.81481
Landlocked developing countries (LLDCs),2017.0,18.51852
Landlocked developing countries (LLDCs),2018.0,14.81481
Landlocked developing countries (LLDCs),2019.0,16.36364
Landlocked developing countries (LLDCs),2020.0,11.11111
Liechtenstein,2010.0,1.85185
Lithuania,2005.0,1.85185
Luxembourg,2019.0,1.85185
Luxembourg,2020.0,1.85185
Malawi,2018.0,1.85185
Malawi,2019.0,1.85185
Malaysia,2005.0,1.85185
Malaysia,2010.0,1.85185
Mali,2019.0,1.85185
Mali,2020.0,1.85185
Malta,2010.0,1.85185
Malta,2019.0,1.85185
Malta,2020.0,1.85185
Mauritania,2015.0,1.85185
Mauritania,2016.0,1.85185
Mauritania,2017.0,1.85185
Mauritius,2000.0,1.85185
Mauritius,2005.0,1.85185
Mauritius,2010.0,1.85185
Mauritius,2015.0,1.85185
Mexico,2000.0,1.85185
Mexico,2005.0,1.85185
Mexico,2018.0,1.85185
Mexico,2019.0,1.85185
Mexico,2020.0,1.85185
Mongolia,2010.0,1.85185
Moldova,2010.0,1.85185
Moldova,2016.0,1.85185
Moldova,2017.0,1.85185
Moldova,2018.0,1.85185
Montenegro,2020.0,1.85185
Morocco,2000.0,1.85185
Morocco,2010.0,1.85185
Morocco,2018.0,1.85185
Morocco,2019.0,1.85185
Morocco,2020.0,1.85185
Mozambique,2005.0,1.85185
Mozambique,2010.0,1.85185
Oman,2000.0,1.85185
"Developed regions (Europe, Cyprus, Israel, Northern America, Japan, Australia & New Zealand)",2000.0,37.03704
"Developed regions (Europe, Cyprus, Israel, Northern America, Japan, Australia & New Zealand)",2005.0,31.48148
"Developed regions (Europe, Cyprus, Israel, Northern America, Japan, Australia & New Zealand)",2010.0,35.18519
"Developed regions (Europe, Cyprus, Israel, Northern America, Japan, Australia & New Zealand)",2015.0,35.18519
"Developed regions (Europe, Cyprus, Israel, Northern America, Japan, Australia & New Zealand)",2016.0,35.18519
"Developed regions (Europe, Cyprus, Israel, Northern America, Japan, Australia & New Zealand)",2017.0,35.18519
"Developed regions (Europe, Cyprus, Israel, Northern America, Japan, Australia & New Zealand)",2018.0,33.33333
"Developed regions (Europe, Cyprus, Israel, Northern America, Japan, Australia & New Zealand)",2019.0,32.72727
"Developed regions (Europe, Cyprus, Israel, Northern America, Japan, Australia & New Zealand)",2020.0,35.18519
Developing regions,2000.0,62.96296
Developing regions,2005.0,68.51852
Developing regions,2010.0,64.81481
Developing regions,2015.0,64.81481
Developing regions,2016.0,64.81481
Developing regions,2017.0,64.81481
Developing regions,2018.0,66.66667
Developing regions,2019.0,67.27273
Developing regions,2020.0,64.81481
Namibia,2005.0,1.85185
Namibia,2010.0,1.85185
Nepal,2015.0,1.85185
Netherlands,2019.0,1.85185
Netherlands,2020.0,1.85185
New Zealand,2000.0,1.85185
Nicaragua,2005.0,1.85185
Nicaragua,2020.0,1.85185
Niger,2010.0,1.85185
Nigeria,2005.0,1.85185
Nigeria,2016.0,1.85185
Nigeria,2017.0,1.85185
Nigeria,2018.0,1.85185
Norway,2000.0,1.85185
Norway,2010.0,1.85185
Norway,2017.0,1.85185
Norway,2018.0,1.85185
Norway,2019.0,1.85185
Norway,2020.0,1.85185
Pakistan,2000.0,1.85185
Pakistan,2005.0,1.85185
Pakistan,2010.0,1.85185
Pakistan,2015.0,1.85185
Pakistan,2016.0,1.85185
Pakistan,2017.0,1.85185
Pakistan,2019.0,1.85185
Pakistan,2020.0,1.85185
Panama,2005.0,1.85185
Panama,2015.0,1.85185
Panama,2016.0,1.85185
Panama,2020.0,1.85185
Paraguay,2019.0,1.85185
Paraguay,2020.0,1.85185
Peru,2010.0,1.85185
Peru,2016.0,1.85185
Peru,2017.0,1.85185
Peru,2018.0,1.85185
Philippines,2010.0,1.85185
Philippines,2018.0,1.85185
Philippines,2019.0,1.85185
Philippines,2020.0,1.85185
Poland,2000.0,1.85185
Poland,2005.0,1.85185
Poland,2010.0,1.85185
Portugal,2000.0,1.85185
Portugal,2015.0,1.85185
Portugal,2016.0,1.85185
Portugal,2017.0,1.85185
Guinea-Bissau,2000.0,1.85185
Guinea-Bissau,2010.0,1.85185
Romania,2018.0,1.85185
Romania,2019.0,1.85185
Romania,2020.0,1.85185
Russia,2000.0,1.85185
Russia,2005.0,1.85185
Russia,2010.0,1.85185
Russia,2015.0,1.85185
Russia,2016.0,1.85185
Russia,2017.0,1.85185
Russia,2018.0,1.85185
Russia,2019.0,1.85185
Russia,2020.0,1.85185
Rwanda,2000.0,1.85185
Rwanda,2010.0,1.85185
Rwanda,2016.0,1.85185
Rwanda,2017.0,1.85185
Rwanda,2018.0,1.85185
Saint Kitts and Nevis,2010.0,1.85185
Saint Lucia,2000.0,1.85185
Saint Lucia,2010.0,1.85185
Saint Vincent and the Grenadines,2017.0,1.85185
Saint Vincent and the Grenadines,2018.0,1.85185
Saint Vincent and the Grenadines,2019.0,1.85185
San Marino,2015.0,1.85185
Saudi Arabia,2000.0,1.85185
Saudi Arabia,2005.0,1.85185
Saudi Arabia,2010.0,1.85185
Saudi Arabia,2019.0,1.85185
Saudi Arabia,2020.0,1.85185
Senegal,2005.0,1.85185
Serbia,2015.0,1.85185
Serbia,2016.0,1.85185
Sierra Leone,2000.0,1.85185
Slovakia,2010.0,1.85185
Vietnam,2000.0,1.85185
Vietnam,2016.0,1.85185
Vietnam,2017.0,1.85185
Vietnam,2018.0,1.85185
Somalia,2016.0,1.85185
Somalia,2017.0,1.85185
Somalia,2018.0,1.85185
South Africa,2005.0,1.85185
South Africa,2015.0,1.85185
South Africa,2016.0,1.85185
South Africa,2017.0,1.85185
South Africa,2018.0,1.85185
Zimbabwe,2015.0,1.85185
Zimbabwe,2016.0,1.85185
Zimbabwe,2017.0,1.85185
Small island developing States (SIDS),2000.0,12.96296
Small island developing States (SIDS),2005.0,7.40741
Small island developing States (SIDS),2010.0,11.11111
Small island developing States (SIDS),2015.0,7.40741
Small island developing States (SIDS),2016.0,5.55556
Small island developing States (SIDS),2017.0,5.55556
Small island developing States (SIDS),2018.0,3.7037
Small island developing States (SIDS),2019.0,3.63636
Small island developing States (SIDS),2020.0,1.85185
Spain,2005.0,1.85185
Spain,2018.0,1.85185
Spain,2020.0,1.85185
Sudan,2000.0,1.85185
Sudan,2015.0,1.85185
Sudan,2018.0,1.85185
Sudan,2019.0,1.85185
Sudan,2020.0,1.85185
Suriname,2000.0,1.85185
Eswatini,2017.0,1.85185
Eswatini,2018.0,1.85185
Eswatini,2019.0,1.85185
Sweden,2015.0,1.85185
Sweden,2016.0,1.85185
Sweden,2017.0,1.85185
Switzerland,2015.0,1.85185
Switzerland,2016.0,1.85185
Switzerland,2020.0,1.85185
Syria,2000.0,1.85185
Tajikistan,2017.0,1.85185
Tajikistan,2018.0,1.85185
Thailand,2005.0,1.85185
Thailand,2020.0,1.85185
Togo,2015.0,1.85185
Togo,2016.0,1.85185
Togo,2018.0,1.85185
Togo,2019.0,1.85185
Togo,2020.0,1.85185
Trinidad and Tobago,2015.0,1.85185
Trinidad and Tobago,2016.0,1.85185
Trinidad and Tobago,2017.0,1.85185
United Arab Emirates,2005.0,1.85185
United Arab Emirates,2017.0,1.85185
United Arab Emirates,2018.0,1.85185
Tunisia,2005.0,1.85185
Tunisia,2015.0,1.85185
Turkey,2005.0,1.85185
Turkey,2010.0,1.85185
Turkey,2018.0,1.85185
Turkey,2019.0,1.85185
Turkmenistan,2015.0,1.85185
Turkmenistan,2019.0,1.85185
Turkmenistan,2020.0,1.85185
Uganda,2015.0,1.85185
Uganda,2016.0,1.85185
Uganda,2017.0,1.85185
Ukraine,2010.0,1.85185
Ukraine,2019.0,1.85185
Ukraine,2020.0,1.85185
Egypt,2010.0,1.85185
Egypt,2019.0,1.85185
Egypt,2020.0,1.85185
United Kingdom,2000.0,1.85185
United Kingdom,2005.0,1.85185
United Kingdom,2010.0,1.85185
United Kingdom,2015.0,1.85185
United Kingdom,2016.0,1.85185
United Kingdom,2017.0,1.85185
United Kingdom,2018.0,1.85185
United Kingdom,2019.0,1.85185
Tanzania,2005.0,1.85185
United States,2000.0,1.85185
United States,2005.0,1.85185
United States,2010.0,1.85185
United States,2015.0,1.85185
United States,2016.0,1.85185
United States,2017.0,1.85185
United States,2018.0,1.85185
United States,2019.0,1.85185
United States,2020.0,1.85185
Burkina Faso,2000.0,1.85185
Burkina Faso,2015.0,1.85185
Burkina Faso,2016.0,1.85185
Burkina Faso,2017.0,1.85185
Uruguay,2010.0,1.85185
Uruguay,2018.0,1.85185
Uruguay,2019.0,1.85185
Uruguay,2020.0,1.85185
Venezuela,2000.0,1.85185
Venezuela,2010.0,1.85185
Venezuela,2017.0,1.85185
Venezuela,2018.0,1.85185
Venezuela,2019.0,1.85185
Yemen,2019.0,1.85185
Zambia,2010.0,1.85185
