country,year,value
Central African Republic,2015.0,0.7
Central African Republic,2016.0,-1.1
Central African Republic,2017.0,1.8
Central African Republic,2018.0,2.2
Chad,2015.0,-0.1
Chad,2016.0,-0.2
Chad,2017.0,-0.1
Chad,2018.0,-0.3
Chad,2019.0,-0.9
Chad,2020.0,1.2
Chad,2021.0,0
Ghana,2015.0,0.5
Ghana,2016.0,-0.9
Ghana,2017.0,-0.6
Ghana,2018.0,-0.3
Ghana,2019.0,1.4
Ghana,2020.0,-0.38
Ghana,2021.0,-0.77
Mali,2015.0,-0.2
Mali,2016.0,0.1
Mali,2017.0,0.6
Mali,2018.0,-0.4
Mali,2019.0,-1
Mali,2020.0,0.69
Mali,2021.0,0.04
Namibia,2015.0,0.9
Namibia,2016.0,1.6
Namibia,2017.0,-1.2
Namibia,2018.0,-0.3
Namibia,2019.0,0.5
Namibia,2020.0,1.18
Namibia,2021.0,-0.91
Niger,2015.0,-0.9
Niger,2016.0,0.6
Niger,2017.0,0.8
Niger,2018.0,-0.5
Niger,2019.0,-0.5
Niger,2020.0,0.54
Niger,2021.0,0.35
Nigeria,2015.0,-0.9
Nigeria,2016.0,2
Nigeria,2017.0,0.3
Nigeria,2018.0,-0.6
Nigeria,2019.0,-0.7
Nigeria,2020.0,0.88
Nigeria,2021.0,0.59
Senegal,2015.0,-0.2
Senegal,2016.0,-0.3
Senegal,2017.0,0.6
Senegal,2018.0,-0.4
Senegal,2019.0,0.09
Senegal,2020.0,0.67
Senegal,2021.0,-0.66
Sudan,2015.0,-0.75
Sudan,2016.0,-0.04
Sudan,2017.0,-0.25
Sudan,2018.0,0.65
Sudan,2019.0,1.21
Sudan,2020.0,-0.94
Sudan,2021.0,-1.95
Burkina Faso,2015.0,-0.3
Burkina Faso,2016.0,0.1
Burkina Faso,2017.0,0.7
Burkina Faso,2018.0,-0.3
Burkina Faso,2019.0,-1.1
Burkina Faso,2020.0,0.78
Burkina Faso,2021.0,0.21
Yemen,2020.0,-0.51
Yemen,2021.0,-1.03
