country,year,value
Albania,2019.0,9.24018
Algeria,2018.0,4.56856
Azerbaijan,2017.0,6.26088
Azerbaijan,2018.0,6.19285
Azerbaijan,2019.0,6.48556
Austria,2014.0,34.5959
Austria,2015.0,35.3706
Austria,2016.0,40.18665
Austria,2017.0,41.33993
Bahrain,2015.0,39.5931
Bahrain,2016.0,44.6162
Bahrain,2017.0,40.63023
Bahrain,2018.0,40.67165
Bahrain,2019.0,56.24382
Bangladesh,2019.0,0.40584
Belgium,2014.0,32.84849
Belgium,2015.0,29.99299
Belgium,2016.0,31.46779
Belgium,2017.0,30.95723
Belgium,2019.0,32.77314
Bosnia and Herzegovina,2017.0,10.67309
Bosnia and Herzegovina,2019.0,9.24555
Botswana,2014.0,9.23093
Brazil,2014.0,11.5417
Brazil,2016.0,11.14689
Brazil,2017.0,8.21345
Brazil,2018.0,9.98624
Brazil,2019.0,8.58354
Brunei,2016.0,34.00007
Brunei,2018.0,37.52871
Bulgaria,2014.0,8.1937
Bulgaria,2016.0,14.37326
Bulgaria,2017.0,15.34631
Bulgaria,2019.0,15.13598
Belarus,2018.0,12.72919
Belarus,2019.0,13.71431
Cambodia,2017.0,2.58721
Cape Verde,2019.0,8.10291
Colombia,2016.0,29.18574
Colombia,2017.0,25.94979
Colombia,2018.0,25.61124
Democratic Republic of Congo,2018.0,0.80149
Croatia,2014.0,22.2331
Croatia,2015.0,39.89759
Croatia,2016.0,37.93506
Croatia,2017.0,33.25578
Croatia,2019.0,39.54219
Cuba,2019.0,12.75861
Cyprus,2014.0,28.81907
Cyprus,2015.0,22.79799
Cyprus,2016.0,27.38751
Cyprus,2019.0,28.29575
Czechia,2014.0,19.32471
Czechia,2015.0,28.87581
Czechia,2017.0,21.19616
Czechia,2019.0,15.54427
Denmark,2014.0,47.06772
Denmark,2015.0,54.88389
Denmark,2016.0,56.87161
Denmark,2017.0,48.94268
Estonia,2014.0,37.22616
Estonia,2015.0,37.21897
Estonia,2016.0,34.93904
Estonia,2017.0,32.97036
Finland,2014.0,58.90169
Finland,2015.0,41.81431
Finland,2016.0,44.76349
France,2014.0,37.995
France,2015.0,29.89159
France,2016.0,30.94543
Georgia,2016.0,14.20438
Georgia,2017.0,8.18083
Georgia,2018.0,8.5093
Georgia,2019.0,12.25001
Gambia,2018.0,2.8467
Palestine,2019.0,5.85922
Germany,2014.0,27.9989
Germany,2015.0,34.6628
Germany,2016.0,29.29555
Germany,2019.0,32.84099
Ghana,2018.0,1.74335
Kiribati,2019.0,13.68551
Greece,2014.0,24.07839
Greece,2015.0,24.02709
Greece,2016.0,24.8349
Greece,2017.0,26.85662
Hong Kong,2018.0,19.01904
Hong Kong,2019.0,26.98436
Hungary,2014.0,14.83141
Hungary,2015.0,23.94662
Hungary,2016.0,24.19259
Hungary,2017.0,25.65403
Hungary,2019.0,25.82278
Iceland,2014.0,59.34514
Iceland,2017.0,54.88553
Iran,2015.0,5.94278
Iran,2017.0,8.20906
Iraq,2018.0,2.22702
Ireland,2014.0,23.04188
Ireland,2015.0,27.78031
Italy,2014.0,21.522
Italy,2015.0,28.4591
Italy,2016.0,28.4472
Cote d'Ivoire,2019.0,0.54483
Jamaica,2015.0,4.14437
Jamaica,2016.0,3.76711
Jamaica,2017.0,5.18729
Japan,2018.0,21.18574
Japan,2019.0,26.38339
Kazakhstan,2015.0,15.31812
Kazakhstan,2016.0,16.32325
Kazakhstan,2017.0,17.2102
Kazakhstan,2018.0,18.7175
Kazakhstan,2019.0,18.65694
Korea,2017.0,29.20505
Korea,2018.0,31.11119
Korea,2019.0,33.68059
Kosovo,2017.0,8.34232
Kuwait,2018.0,21.06335
Kyrgyzstan,2018.0,8.85584
Laos,2017.0,2.37257
Lesotho,2018.0,3.63533
Latvia,2014.0,32.36442
Latvia,2015.0,28.71935
Latvia,2016.0,26.55965
Latvia,2017.0,26.68506
Latvia,2019.0,25.31634
Lithuania,2014.0,32.84109
Lithuania,2015.0,32.48081
Lithuania,2016.0,28.64427
Lithuania,2017.0,32.42164
Lithuania,2019.0,32.86822
Luxembourg,2014.0,42.01213
Luxembourg,2015.0,59.45611
Luxembourg,2017.0,51.31609
Macao,2018.0,33.89474
Madagascar,2018.0,0.74008
Malaysia,2017.0,19.96338
Malaysia,2018.0,20.58994
Malaysia,2019.0,23.84485
Malta,2014.0,27.84323
Malta,2015.0,32.05543
Malta,2016.0,29.11645
Malta,2017.0,32.342
Mexico,2016.0,29.64433
Mexico,2017.0,28.14997
Mexico,2018.0,29.76003
Mexico,2019.0,26.98721
Mongolia,2018.0,15.94216
Montenegro,2015.0,13.13659
Montenegro,2016.0,18.42945
Montenegro,2017.0,25.16464
Montenegro,2018.0,28.49707
Montenegro,2019.0,33.23606
Morocco,2014.0,10.45506
Morocco,2015.0,7.56437
Morocco,2016.0,15.1925
Morocco,2017.0,16.31479
Morocco,2018.0,15.64278
Oman,2019.0,29.76624
Netherlands,2014.0,45.3896
Netherlands,2015.0,38.02051
Netherlands,2016.0,39.38991
Norway,2014.0,48.59652
Norway,2015.0,53.0382
Norway,2016.0,47.3813
Norway,2017.0,47.736
Pakistan,2016.0,1.0591
Peru,2018.0,17.77913
Peru,2019.0,19.70171
Poland,2014.0,20.1985
Poland,2015.0,20.2294
Poland,2016.0,25.14562
Poland,2017.0,26.30113
Poland,2018.0,26.21661
Poland,2019.0,22.87656
Portugal,2014.0,39.5744
Portugal,2015.0,33.16551
Portugal,2016.0,34.30801
Portugal,2017.0,35.53611
Portugal,2019.0,34.31961
Guinea-Bissau,2019.0,1.44215
Qatar,2015.0,25.84317
Qatar,2016.0,25.4077
Qatar,2017.0,24.97242
Qatar,2018.0,24.53687
Qatar,2019.0,23.60488
Romania,2014.0,4.011
Romania,2015.0,12.1787
Romania,2016.0,11.76709
Romania,2019.0,12.9515
Russia,2014.0,6.97247
Russia,2015.0,8.41468
Russia,2016.0,9.0632
Russia,2017.0,10.43415
Russia,2018.0,9.49287
Russia,2019.0,10.35337
Saudi Arabia,2017.0,37.82133
Saudi Arabia,2018.0,53.25494
Saudi Arabia,2019.0,47.00796
Serbia,2015.0,15.90999
Serbia,2016.0,25.70129
Serbia,2017.0,22.34899
Sierra Leone,2017.0,0.81574
Singapore,2014.0,20.12204
Singapore,2017.0,34.28542
Slovakia,2014.0,21.99279
Slovakia,2015.0,30.57381
Slovakia,2016.0,31.90448
Slovakia,2019.0,30.83073
Slovenia,2014.0,34.55664
Slovenia,2015.0,34.06562
Slovenia,2019.0,36.32203
Zimbabwe,2014.0,1.25036
Zimbabwe,2019.0,3.84358
Spain,2014.0,37.9308
Spain,2015.0,37.3673
Spain,2016.0,35.41537
Spain,2019.0,48.93561
Suriname,2018.0,13.88639
Sweden,2014.0,53.7669
Sweden,2015.0,34.00959
Sweden,2017.0,40.27677
Switzerland,2017.0,47.63737
Switzerland,2019.0,45.97504
Thailand,2018.0,9.13741
Thailand,2019.0,8.658
Togo,2017.0,0.76977
Tonga,2019.0,20.85546
United Arab Emirates,2019.0,61.86799
Tunisia,2018.0,8.90779
Turkey,2016.0,18.83802
Turkey,2017.0,22.24275
Turkey,2019.0,24.65208
Turkmenistan,2019.0,3.41029
North Macedonia,2014.0,15.75951
North Macedonia,2015.0,23.38766
North Macedonia,2016.0,21.4978
Egypt,2014.0,0.29182
Egypt,2015.0,0.06266
Egypt,2016.0,5.21604
United Kingdom,2014.0,40.5701
United Kingdom,2015.0,42.104
United Kingdom,2016.0,47.3211
United Kingdom,2017.0,43.87352
Uzbekistan,2018.0,5.84029
