country,year,value
World,2000.0,2.25825
World,2001.0,2.39459
World,2002.0,3.01421
World,2003.0,3.0427
World,2004.0,3.10917
World,2005.0,3.18796
World,2006.0,4.75451
World,2007.0,5.56855
World,2008.0,5.8032
World,2009.0,6.94297
World,2010.0,7.68329
World,2011.0,7.71477
World,2012.0,10.55168
World,2013.0,10.75491
World,2014.0,11.75959
World,2015.0,12.49594
World,2016.0,13.77399
World,2017.0,15.48132
World,2018.0,16.81724
World,2019.0,16.96222
Albania,2018.0,2.22977
Algeria,2018.0,0.03085
American Samoa,2018.0,8.63788
Angola,2018.0,0.00468
Antigua and Barbuda,2018.0,0.30107
Azerbaijan,2018.0,0.04616
Argentina,2018.0,10.53305
Australia,2018.0,40.40408
Bahamas,2018.0,7.77446
Bahrain,2018.0,0.09847
Bangladesh,2018.0,5.24184
Barbados,2018.0,0.15982
Australia and New Zealand,2000.0,3.08114
Australia and New Zealand,2001.0,3.72187
Australia and New Zealand,2002.0,4.38222
Australia and New Zealand,2003.0,4.38265
Australia and New Zealand,2004.0,4.38326
Australia and New Zealand,2005.0,4.41464
Australia and New Zealand,2006.0,4.46166
Australia and New Zealand,2007.0,12.95467
Australia and New Zealand,2008.0,12.95862
Australia and New Zealand,2009.0,13.16378
Australia and New Zealand,2010.0,13.16922
Australia and New Zealand,2011.0,13.21058
Australia and New Zealand,2012.0,33.92686
Australia and New Zealand,2013.0,33.98674
Australia and New Zealand,2014.0,34.00132
Australia and New Zealand,2015.0,34.00145
Australia and New Zealand,2016.0,34.0034
Australia and New Zealand,2017.0,34.0034
Australia and New Zealand,2018.0,34.0034
Australia and New Zealand,2019.0,34.0034
Belgium,2018.0,36.49549
Bermuda,2018.0,6e-05
Central and Southern Asia,2000.0,1.47135
Central and Southern Asia,2001.0,1.47886
Central and Southern Asia,2002.0,1.47891
Central and Southern Asia,2003.0,1.47898
Central and Southern Asia,2004.0,1.47913
Central and Southern Asia,2005.0,1.47939
Central and Southern Asia,2006.0,1.47981
Central and Southern Asia,2007.0,1.47981
Central and Southern Asia,2008.0,1.47981
Central and Southern Asia,2009.0,1.48159
Central and Southern Asia,2010.0,1.48626
Central and Southern Asia,2011.0,1.48886
Central and Southern Asia,2012.0,1.48893
Central and Southern Asia,2013.0,1.48893
Central and Southern Asia,2014.0,1.52726
Central and Southern Asia,2015.0,1.52726
Central and Southern Asia,2016.0,1.52726
Central and Southern Asia,2017.0,1.52726
Central and Southern Asia,2018.0,1.52726
Central and Southern Asia,2019.0,1.52726
Bouvet Island,2018.0,0.0
Brazil,2018.0,26.27972
Belize,2018.0,17.91422
British Indian Ocean Territory,2018.0,99.0897
Solomon Islands,2018.0,0.09604
British Virgin Islands,2018.0,0.17162
Brunei,2018.0,0.01539
Bulgaria,2018.0,8.12806
Myanmar,2018.0,0.47903
Cambodia,2018.0,0.54232
Cameroon,2018.0,20.13932
Canada,2018.0,2.91332
Cape Verde,2018.0,0.00067
Cayman Islands,2018.0,0.07727
Sri Lanka,2018.0,0.0619
Chile,2018.0,41.54754
China,2018.0,1.49598
Christmas Island,2018.0,0.00023
Cocos Islands,2018.0,0.00556
Colombia,2018.0,13.13342
Comoros,2018.0,2.39229
Mayotte,2018.0,99.2606
Congo,2018.0,14.3793
Democratic Republic of Congo,2018.0,0.23488
Cook Islands,2018.0,99.22453
Costa Rica,2018.0,2.5823
Croatia,2018.0,8.61855
Cuba,2018.0,4.87444
Cyprus,2018.0,0.12279
Least Developed Countries (LDCs),2000.0,0.22332
Least Developed Countries (LDCs),2001.0,0.22436
Least Developed Countries (LDCs),2002.0,0.22631
Least Developed Countries (LDCs),2003.0,0.22749
Least Developed Countries (LDCs),2004.0,0.2629
Least Developed Countries (LDCs),2005.0,0.26398
Least Developed Countries (LDCs),2006.0,3.36616
Least Developed Countries (LDCs),2007.0,3.39183
Least Developed Countries (LDCs),2008.0,3.41272
Least Developed Countries (LDCs),2009.0,3.41614
Least Developed Countries (LDCs),2010.0,3.52877
Least Developed Countries (LDCs),2011.0,3.53377
Least Developed Countries (LDCs),2012.0,3.63491
Least Developed Countries (LDCs),2013.0,3.64056
Least Developed Countries (LDCs),2014.0,3.66216
Least Developed Countries (LDCs),2015.0,3.66219
Least Developed Countries (LDCs),2016.0,3.67839
Least Developed Countries (LDCs),2017.0,3.73863
Least Developed Countries (LDCs),2018.0,3.73863
Least Developed Countries (LDCs),2019.0,3.73863
Sub-Saharan Africa,2000.0,1.2879
Sub-Saharan Africa,2001.0,1.28852
Sub-Saharan Africa,2002.0,1.2911
Sub-Saharan Africa,2003.0,1.29789
Sub-Saharan Africa,2004.0,1.33451
Sub-Saharan Africa,2005.0,1.34052
Sub-Saharan Africa,2006.0,4.88399
Sub-Saharan Africa,2007.0,4.90191
Sub-Saharan Africa,2008.0,4.90505
Sub-Saharan Africa,2009.0,4.95728
Sub-Saharan Africa,2010.0,8.72209
Sub-Saharan Africa,2011.0,8.73795
Sub-Saharan Africa,2012.0,9.03808
Sub-Saharan Africa,2013.0,9.94517
Sub-Saharan Africa,2014.0,9.94518
Sub-Saharan Africa,2015.0,12.32154
Sub-Saharan Africa,2016.0,12.32154
Sub-Saharan Africa,2017.0,12.63046
Sub-Saharan Africa,2018.0,12.63675
Sub-Saharan Africa,2019.0,12.84261
Denmark,2018.0,17.89863
Dominica,2018.0,0.10697
Dominican Republic,2018.0,16.54008
Ecuador,2018.0,13.2619
El Salvador,2018.0,0.67363
Equatorial Guinea,2018.0,0.49876
Estonia,2018.0,18.55254
Faeroe Islands,2018.0,0.02587
Falkland Islands,2018.0,7.20969
South Georgia and the South Sandwich Islands,2018.0,85.27929
Fiji,2018.0,0.91112
Finland,2018.0,12.31123
France,2018.0,48.14643
French Guiana,2018.0,0.99184
French Polynesia,2018.0,0.0
French Southern Territories,2018.0,15.52623
Djibouti,2018.0,6.19611
Gabon,2018.0,25.91305
Georgia,2018.0,0.66732
Gambia,2018.0,0.11208
Germany,2018.0,45.43515
Ghana,2018.0,4e-05
Gibraltar,2018.0,41.35994
Kiribati,2018.0,11.80353
Greece,2018.0,4.50557
Greenland,2018.0,4.55266
Grenada,2018.0,0.79109
Guadeloupe,2018.0,99.35854
Guam,2018.0,24.26909
Guatemala,2018.0,4.1681
Guinea,2018.0,0.52627
Guyana,2018.0,0.01263
Heard Island and McDonald Islands,2018.0,16.9534
Honduras,2018.0,8.85001
Iceland,2018.0,0.3821
India,2018.0,0.10621
Indonesia,2018.0,3.03618
Iran,2018.0,0.68163
Ireland,2018.0,2.33487
Israel,2018.0,0.03561
Italy,2018.0,8.73416
Cote d'Ivoire,2018.0,0.0048
Jamaica,2018.0,0.75059
Japan,2018.0,2.33305
Kazakhstan,2018.0,47.51396
Jordan,2018.0,0.0
Kenya,2018.0,0.75456
North Korea,2018.0,0.00448
Korea,2018.0,2.74767
Kuwait,2018.0,1.78161
Latin America and the Caribbean,2000.0,1.42969
Latin America and the Caribbean,2001.0,1.46115
Latin America and the Caribbean,2002.0,1.47467
Latin America and the Caribbean,2003.0,1.49748
Latin America and the Caribbean,2004.0,1.71123
Latin America and the Caribbean,2005.0,2.16086
Latin America and the Caribbean,2006.0,2.16806
Latin America and the Caribbean,2007.0,2.18795
Latin America and the Caribbean,2008.0,2.25592
Latin America and the Caribbean,2009.0,2.33954
Latin America and the Caribbean,2010.0,3.6948
Latin America and the Caribbean,2011.0,3.74171
Latin America and the Caribbean,2012.0,9.41224
Latin America and the Caribbean,2013.0,9.59294
Latin America and the Caribbean,2014.0,9.64587
Latin America and the Caribbean,2015.0,9.93013
Latin America and the Caribbean,2016.0,13.59646
Latin America and the Caribbean,2017.0,14.50718
Latin America and the Caribbean,2018.0,22.8504
Latin America and the Caribbean,2019.0,23.62192
Lebanon,2018.0,0.21087
Latvia,2018.0,16.20132
Liberia,2018.0,0.05506
Landlocked developing countries (LLDCs),2000.0,21.2206
Landlocked developing countries (LLDCs),2001.0,21.2206
Landlocked developing countries (LLDCs),2002.0,21.2206
Landlocked developing countries (LLDCs),2003.0,21.22066
Landlocked developing countries (LLDCs),2004.0,21.22066
Landlocked developing countries (LLDCs),2005.0,21.22222
Landlocked developing countries (LLDCs),2006.0,21.22222
Landlocked developing countries (LLDCs),2007.0,21.22222
Landlocked developing countries (LLDCs),2008.0,21.22222
Landlocked developing countries (LLDCs),2009.0,21.22222
Landlocked developing countries (LLDCs),2010.0,21.22222
Landlocked developing countries (LLDCs),2011.0,21.22222
Landlocked developing countries (LLDCs),2012.0,21.22222
Landlocked developing countries (LLDCs),2013.0,21.22222
Landlocked developing countries (LLDCs),2014.0,21.22222
Landlocked developing countries (LLDCs),2015.0,21.22222
Landlocked developing countries (LLDCs),2016.0,21.22222
Landlocked developing countries (LLDCs),2017.0,21.22222
Landlocked developing countries (LLDCs),2018.0,21.22222
Landlocked developing countries (LLDCs),2019.0,21.22222
Libya,2018.0,0.0
Lithuania,2018.0,24.78939
Madagascar,2018.0,1.07396
Malaysia,2018.0,0.35094
Maldives,2018.0,0.07299
Malta,2018.0,7.42925
Martinique,2018.0,99.29829
Mauritania,2018.0,4.126
Mauritius,2018.0,0.00341
Mexico,2018.0,21.18462
Monaco,2018.0,99.6822
Montenegro,2018.0,0.00122
Morocco,2018.0,0.24784
Mozambique,2018.0,2.2182
Oman,2018.0,0.12104
Europe and North America,2000.0,5.56378
Europe and North America,2001.0,5.77784
Europe and North America,2002.0,8.11233
Europe and North America,2003.0,8.15239
Europe and North America,2004.0,8.24843
Europe and North America,2005.0,8.27257
Europe and North America,2006.0,11.70755
Europe and North America,2007.0,11.74575
Europe and North America,2008.0,12.62241
Europe and North America,2009.0,12.64222
Europe and North America,2010.0,12.7834
Europe and North America,2011.0,12.86059
Europe and North America,2012.0,12.90392
Europe and North America,2013.0,12.95358
Europe and North America,2014.0,13.30869
Europe and North America,2015.0,13.43134
Europe and North America,2016.0,13.64423
Europe and North America,2017.0,14.28169
Europe and North America,2018.0,14.45947
Europe and North America,2019.0,14.45973
Namibia,2018.0,1.70533
Netherlands,2018.0,26.95783
Curacao,2018.0,0.03794
Aruba,2018.0,0.0001
Sint Maarten (Dutch part),2018.0,8.67947
Bonaire Sint Eustatius and Saba,2018.0,0.0
New Caledonia,2018.0,95.34552
Oceania (exc. Australia and New Zealand),2000.0,0.50207
Oceania (exc. Australia and New Zealand),2001.0,0.52076
Oceania (exc. Australia and New Zealand),2002.0,0.53461
Oceania (exc. Australia and New Zealand),2003.0,0.54858
Oceania (exc. Australia and New Zealand),2004.0,0.56147
Oceania (exc. Australia and New Zealand),2005.0,0.56231
Oceania (exc. Australia and New Zealand),2006.0,1.89675
Oceania (exc. Australia and New Zealand),2007.0,1.90061
Oceania (exc. Australia and New Zealand),2008.0,1.95155
Oceania (exc. Australia and New Zealand),2009.0,6.99045
Oceania (exc. Australia and New Zealand),2010.0,7.02124
Oceania (exc. Australia and New Zealand),2011.0,7.02129
Oceania (exc. Australia and New Zealand),2012.0,7.02142
Oceania (exc. Australia and New Zealand),2013.0,7.02965
Oceania (exc. Australia and New Zealand),2014.0,11.30122
Oceania (exc. Australia and New Zealand),2015.0,12.97162
Oceania (exc. Australia and New Zealand),2016.0,15.75068
Oceania (exc. Australia and New Zealand),2017.0,22.26536
Oceania (exc. Australia and New Zealand),2018.0,22.26538
Oceania (exc. Australia and New Zealand),2019.0,22.26538
Vanuatu,2018.0,0.08703
New Zealand,2018.0,29.76189
Nicaragua,2018.0,15.17489
Nigeria,2018.0,0.02383
Niue,2018.0,0.00137
Norfolk Island,2018.0,43.59332
Norway,2018.0,0.81887
Northern Mariana Islands,2018.0,0.0
United States Minor Outlying Islands,2018.0,64.49145
Micronesia (region),2018.0,0.01567
Marshall Islands,2018.0,0.35943
Palau,2018.0,99.35033
Pakistan,2018.0,0.2561
Panama,2018.0,1.88302
Papua New Guinea,2018.0,0.18211
Peru,2018.0,0.47883
Philippines,2018.0,1.14899
Pitcairn,2018.0,99.59577
Poland,2018.0,22.65423
Portugal,2018.0,4.18921
Guinea-Bissau,2018.0,8.85684
Timor-Leste,2018.0,2.28236
Puerto Rico,2018.0,1.78554
Qatar,2018.0,1.65599
Reunion,2018.0,0.01284
Romania,2018.0,22.92808
Russia,2018.0,3.12089
Saint Barthlemy,2018.0,97.79259
Saint Helena,2018.0,27.22048
Saint Kitts and Nevis,2018.0,3.99858
Anguilla,2018.0,0.0292
Saint Lucia,2018.0,2.42182
Saint Martin (French part),2018.0,0.0
Saint Pierre and Miquelon,2018.0,0.0568
Saint Vincent and the Grenadines,2018.0,0.22109
Sao Tome and Principe,2018.0,0.02846
Saudi Arabia,2018.0,7.31238
Senegal,2018.0,1.09921
Seychelles,2018.0,15.56495
Sierra Leone,2018.0,0.00011
Singapore,2018.0,0.0131
Vietnam,2018.0,2.49807
Slovenia,2018.0,87.98964
South Africa,2018.0,13.87282
Small island developing States (SIDS),2000.0,1.11759
Small island developing States (SIDS),2001.0,1.12954
Small island developing States (SIDS),2002.0,1.14759
Small island developing States (SIDS),2003.0,1.16041
Small island developing States (SIDS),2004.0,1.26576
Small island developing States (SIDS),2005.0,1.26699
Small island developing States (SIDS),2006.0,2.43591
Small island developing States (SIDS),2007.0,2.43935
Small island developing States (SIDS),2008.0,2.48961
Small island developing States (SIDS),2009.0,3.28169
Small island developing States (SIDS),2010.0,3.32872
Small island developing States (SIDS),2011.0,3.32922
Small island developing States (SIDS),2012.0,3.35306
Small island developing States (SIDS),2013.0,3.36239
Small island developing States (SIDS),2014.0,7.10645
Small island developing States (SIDS),2015.0,8.6963
Small island developing States (SIDS),2016.0,8.70508
Small island developing States (SIDS),2017.0,14.41091
Small island developing States (SIDS),2018.0,14.411
Small island developing States (SIDS),2019.0,14.411
Spain,2018.0,12.73354
Sudan,2018.0,3.1007
Western Sahara,2018.0,1.46422
Suriname,2018.0,2.57089
Svalbard and Jan Mayen,2018.0,7.60921
Northern Africa and Western Asia,2000.0,0.77
Northern Africa and Western Asia,2001.0,0.77484
Northern Africa and Western Asia,2002.0,0.77485
Northern Africa and Western Asia,2003.0,0.8356
Northern Africa and Western Asia,2004.0,0.84217
Northern Africa and Western Asia,2005.0,0.84494
Northern Africa and Western Asia,2006.0,0.89673
Northern Africa and Western Asia,2007.0,1.01581
Northern Africa and Western Asia,2008.0,1.0525
Northern Africa and Western Asia,2009.0,1.11641
Northern Africa and Western Asia,2010.0,1.13057
Northern Africa and Western Asia,2011.0,1.13058
Northern Africa and Western Asia,2012.0,1.14375
Northern Africa and Western Asia,2013.0,1.14405
Northern Africa and Western Asia,2014.0,1.15335
Northern Africa and Western Asia,2015.0,1.15335
Northern Africa and Western Asia,2016.0,1.21916
Northern Africa and Western Asia,2017.0,1.21916
Northern Africa and Western Asia,2018.0,1.21916
Northern Africa and Western Asia,2019.0,1.21916
Sweden,2018.0,15.39205
Eastern and South-Eastern Asia,2000.0,0.95316
Eastern and South-Eastern Asia,2001.0,0.97067
Eastern and South-Eastern Asia,2002.0,0.99238
Eastern and South-Eastern Asia,2003.0,1.08937
Eastern and South-Eastern Asia,2004.0,1.12175
Eastern and South-Eastern Asia,2005.0,1.12593
Eastern and South-Eastern Asia,2006.0,1.18533
Eastern and South-Eastern Asia,2007.0,1.29348
Eastern and South-Eastern Asia,2008.0,1.34007
Eastern and South-Eastern Asia,2009.0,1.67994
Eastern and South-Eastern Asia,2010.0,1.68468
Eastern and South-Eastern Asia,2011.0,1.68577
Eastern and South-Eastern Asia,2012.0,1.71065
Eastern and South-Eastern Asia,2013.0,1.99504
Eastern and South-Eastern Asia,2014.0,2.1142
Eastern and South-Eastern Asia,2015.0,2.13365
Eastern and South-Eastern Asia,2016.0,2.15775
Eastern and South-Eastern Asia,2017.0,2.2038
Eastern and South-Eastern Asia,2018.0,2.26808
Eastern and South-Eastern Asia,2019.0,2.26808
Syria,2018.0,0.0
Thailand,2018.0,1.5711
Togo,2018.0,0.0
Tokelau,2018.0,0.12406
Tonga,2018.0,0.04977
Trinidad and Tobago,2018.0,0.16414
United Arab Emirates,2018.0,11.22521
Tunisia,2018.0,0.95978
Turkey,2018.0,0.11506
Turkmenistan,2018.0,2.51053
Turks and Caicos Islands,2018.0,2.33031
Tuvalu,2018.0,0.02903
Ukraine,2018.0,1.53293
Egypt,2018.0,3.29754
United Kingdom,2018.0,26.91192
Guernsey,2018.0,17.25323
Jersey,2018.0,11.46576
Tanzania,2018.0,2.32021
United States,2018.0,40.9515
United States Virgin Islands,2018.0,1.02537
Uruguay,2018.0,1.45111
Venezuela,2018.0,1.66295
Samoa,2018.0,0.00176
Yemen,2018.0,0.2256
