country,year,value
Algeria,2012.0,21.66667
Belgium,2000.0,16.04167
Belgium,2005.0,15.0
Belgium,2013.0,15.90278
Chile,2015.0,22.10355
Costa Rica,2017.0,21.31639
Kyrgyzstan,2010.0,18.75
Kyrgyzstan,2015.0,16.80556
Mexico,2002.0,29.11243
Mexico,2009.0,29.56315
Mexico,2014.0,28.07277
Mexico,2019.0,26.67265
Mongolia,2000.0,20.05833
Mongolia,2007.0,19.79167
Mongolia,2011.0,19.86111
Mongolia,2015.0,17.63889
Mongolia,2019.0,18.92405
Netherlands,2001.0,15.0
Netherlands,2003.0,15.13889
New Zealand,2010.0,18.05556
Peru,2010.0,22.6662
