country,year,value
World,2000.0,4505041500.0
World,2001.0,4710538392.0
World,2002.0,4784002935.0
World,2003.0,5098798764.0
World,2004.0,5478522093.0
World,2005.0,5802922850.0
World,2006.0,6157634421.0
World,2007.0,6419990252.0
World,2008.0,6623860175.0
World,2009.0,6769867396.0
World,2010.0,7146438933.0
World,2011.0,7547065665.0
World,2012.0,7680456862.0
World,2013.0,7754382856.0
World,2014.0,7706322833.0
World,2015.0,7475838379.0
World,2016.0,7707685828.0
World,2017.0,7935653223.0
Africa,2000.0,168066288.0
Africa,2001.0,169413398.0
Africa,2002.0,166709425.0
Africa,2003.0,181546101.0
Africa,2015.0,196652461.0
Africa,2016.0,199466114.0
Africa,2017.0,202363056.0
Afghanistan,2000.0,1000.0
Afghanistan,2001.0,26000.0
Afghanistan,2002.0,21000.0
Afghanistan,2003.0,35001.0
Afghanistan,2004.0,34001.0
Afghanistan,2005.0,33001.0
Afghanistan,2006.0,35001.0
Afghanistan,2007.0,243004.0
Afghanistan,2008.0,347006.0
Afghanistan,2009.0,500008.0
Afghanistan,2010.0,725012.0
Afghanistan,2011.0,725012.0
Afghanistan,2012.0,750013.0
Afghanistan,2013.0,1347192.0
Afghanistan,2014.0,1517746.0
Afghanistan,2015.0,1618705.0
Afghanistan,2016.0,1719664.0
Afghanistan,2017.0,1820623.0
South America,2000.0,30631159.0
South America,2001.0,30378067.0
South America,2002.0,28766208.0
South America,2003.0,30949728.0
South America,2004.0,31160110.0
South America,2005.0,34224452.0
South America,2006.0,32673119.0
South America,2007.0,37241000.0
South America,2008.0,39989119.0
South America,2009.0,33520752.0
South America,2010.0,37929000.0
South America,2011.0,43610000.0
South America,2012.0,42238023.0
South America,2013.0,48658046.0
South America,2014.0,50316069.0
South America,2015.0,51099177.0
South America,2016.0,52725317.0
South America,2017.0,54027536.0
Albania,2000.0,73000.0
Albania,2001.0,85000.0
Albania,2002.0,62000.0
Albania,2003.0,64000.0
Albania,2004.0,64000.0
Albania,2005.0,54000.0
Albania,2006.0,54000.0
Albania,2007.0,54000.0
Albania,2008.0,70000.0
Albania,2009.0,161000.0
Albania,2010.0,177000.0
Albania,2011.0,217000.0
Albania,2012.0,122000.0
Albania,2013.0,105000.0
Albania,2014.0,133000.0
Albania,2015.0,106000.0
Albania,2016.0,113280.0
Albania,2017.0,121807.0
Oceania,2000.0,121662000.0
Oceania,2001.0,139211000.0
Oceania,2002.0,138031000.0
Oceania,2003.0,136093000.0
Oceania,2004.0,134839000.0
Oceania,2005.0,142302000.0
Oceania,2006.0,146429000.0
Oceania,2007.0,150235000.0
Oceania,2008.0,142938000.0
Oceania,2009.0,149316000.0
Oceania,2010.0,146104000.0
Oceania,2011.0,132958000.0
Oceania,2012.0,135189000.0
Oceania,2013.0,124294000.0
Oceania,2014.0,115798000.0
Oceania,2015.0,118331000.0
Oceania,2016.0,117010703.0
Oceania,2017.0,115690407.0
Western Africa,2004.0,371588.0
Western Africa,2005.0,342063.0
Western Africa,2006.0,351323.0
Western Africa,2007.0,409299.0
Western Africa,2008.0,429915.0
Western Africa,2009.0,478922.0
Western Africa,2010.0,562636.0
Western Africa,2011.0,672004.0
Western Africa,2012.0,635004.0
Western Africa,2013.0,636426.0
Western Africa,2014.0,729848.0
Western Africa,2015.0,1329271.0
Western Africa,2016.0,1353981.0
Algeria,2000.0,656000.0
Algeria,2001.0,776000.0
Algeria,2002.0,1183000.0
Algeria,2003.0,980000.0
Algeria,2004.0,1166000.0
Algeria,2005.0,929000.0
Algeria,2006.0,1063000.0
Algeria,2007.0,1101000.0
Algeria,2008.0,1099000.0
Algeria,2009.0,395000.0
Algeria,2010.0,501000.0
Algeria,2011.0,438000.0
Algeria,2012.0,421000.0
Algeria,2013.0,270000.0
Algeria,2014.0,256000.0
Algeria,2015.0,20000.0
Central America,2000.0,14817000.0
Central America,2001.0,15628000.0
Central America,2002.0,17909000.0
Central America,2003.0,20440000.0
Central America,2004.0,18398000.0
Central America,2005.0,21850000.0
Central America,2006.0,23450000.0
Central America,2007.0,22573000.0
Central America,2008.0,20074000.0
Central America,2009.0,19540000.0
Central America,2010.0,24292000.0
Central America,2011.0,28158000.0
Central America,2012.0,23973000.0
Central America,2013.0,24355000.0
Central America,2014.0,24772000.0
Central America,2015.0,26141000.0
Central America,2016.0,26738251.0
Central America,2017.0,27335502.0
Eastern Africa,2009.0,3396353.0
Eastern Africa,2010.0,3800112.0
Eastern Africa,2011.0,4644983.0
Eastern Africa,2012.0,5958836.0
Eastern Africa,2013.0,6605688.0
Eastern Africa,2014.0,9446474.0
Eastern Africa,2015.0,8754423.0
Eastern Africa,2016.0,9595085.0
Eastern Africa,2017.0,10435746.0
Northern Africa,2000.0,6136000.0
Northern Africa,2001.0,7217000.0
Northern Africa,2002.0,7650000.0
Northern Africa,2003.0,7227000.0
Northern Africa,2011.0,5176000.0
Northern Africa,2015.0,8371048.0
Northern Africa,2016.0,8314247.0
Northern Africa,2017.0,8323736.0
Southern Africa,2000.0,156790256.0
Southern Africa,2001.0,156883008.0
Southern Africa,2002.0,154051814.0
Southern Africa,2003.0,170073517.0
Southern Africa,2004.0,177932357.0
Southern Africa,2005.0,176875946.0
Southern Africa,2006.0,179366542.0
Southern Africa,2007.0,183867727.0
Southern Africa,2008.0,198221558.0
Southern Africa,2009.0,200757438.0
Southern Africa,2010.0,190821968.0
Southern Africa,2011.0,187508968.0
Southern Africa,2012.0,187068968.0
Southern Africa,2013.0,184351300.0
Southern Africa,2014.0,194208459.0
Southern Africa,2015.0,178197719.0
Southern Africa,2016.0,180202801.0
Southern Africa,2017.0,182207883.0
Americas,2000.0,1040599159.0
Americas,2001.0,1111195067.0
Americas,2002.0,1085283208.0
Americas,2003.0,1067336728.0
Americas,2004.0,1105902110.0
Americas,2005.0,1131979452.0
Americas,2006.0,1165484119.0
Americas,2007.0,1147569000.0
Americas,2008.0,1140772085.0
Americas,2009.0,1043021028.0
Americas,2010.0,1039684000.0
Americas,2011.0,1026989000.0
Americas,2012.0,926724023.0
Americas,2013.0,907350046.0
Americas,2014.0,948682069.0
Americas,2015.0,873583642.0
Americas,2016.0,856841511.0
Americas,2017.0,839777106.0
Northern America,2000.0,994984000.0
Northern America,2001.0,1064939000.0
Northern America,2002.0,1038172000.0
Northern America,2003.0,1015255000.0
Northern America,2004.0,1055595000.0
Northern America,2005.0,1075165000.0
Northern America,2006.0,1108295000.0
Northern America,2007.0,1086613000.0
Northern America,2008.0,1079483966.0
Northern America,2009.0,988760276.0
Northern America,2010.0,976270000.0
Northern America,2011.0,953858000.0
Northern America,2012.0,859094000.0
Northern America,2013.0,832979000.0
Northern America,2014.0,871942000.0
Northern America,2015.0,795223819.0
Northern America,2016.0,776180454.0
Northern America,2017.0,757137089.0
Eastern Asia,2000.0,1496324000.0
Eastern Asia,2001.0,1560650000.0
Eastern Asia,2002.0,1668339000.0
Eastern Asia,2003.0,1930021000.0
Eastern Asia,2004.0,2222216000.0
Eastern Asia,2005.0,2463136000.0
Eastern Asia,2006.0,2670854000.0
Eastern Asia,2007.0,2889712000.0
Eastern Asia,2008.0,3025806000.0
Eastern Asia,2009.0,3308430000.0
Eastern Asia,2010.0,3665245000.0
Eastern Asia,2011.0,3983654000.0
Eastern Asia,2012.0,4116943000.0
Eastern Asia,2013.0,4243885000.0
Eastern Asia,2014.0,4090570000.0
Eastern Asia,2015.0,3916101000.0
Eastern Asia,2016.0,4117776760.0
Eastern Asia,2017.0,4314491522.0
Argentina,2000.0,748159.0
Argentina,2001.0,725067.0
Argentina,2002.0,686208.0
Argentina,2003.0,710728.0
Argentina,2004.0,782110.0
Argentina,2005.0,1250452.0
Argentina,2006.0,1230119.0
Argentina,2007.0,1207000.0
Argentina,2008.0,1366119.0
Argentina,2009.0,1140752.0
Argentina,2010.0,1483000.0
Argentina,2011.0,1750000.0
Argentina,2012.0,1556000.0
Argentina,2013.0,1544000.0
Argentina,2014.0,2251000.0
Argentina,2015.0,1858085.0
Argentina,2016.0,1951595.0
Argentina,2017.0,2045105.0
Southern Asia,2000.0,358497001.0
Southern Asia,2001.0,372968597.0
Southern Asia,2002.0,390661568.0
Southern Asia,2003.0,412537326.0
Southern Asia,2004.0,446442633.0
Southern Asia,2005.0,480115281.0
Southern Asia,2006.0,511658968.0
Southern Asia,2007.0,549054267.0
Southern Asia,2008.0,594335712.0
Southern Asia,2009.0,666280554.0
Southern Asia,2010.0,695915827.0
Southern Asia,2011.0,724058013.0
Southern Asia,2012.0,771286014.0
Southern Asia,2013.0,806858036.0
Southern Asia,2014.0,903836764.0
Southern Asia,2015.0,922354182.0
Southern Asia,2016.0,963091357.0
Southern Asia,2017.0,1003828528.0
South-Eastern Asia,2000.0,66260096.0
South-Eastern Asia,2001.0,75324327.0
South-Eastern Asia,2002.0,79586068.0
South-Eastern Asia,2003.0,81560111.0
South-Eastern Asia,2004.0,101752862.0
South-Eastern Asia,2005.0,110764971.0
South-Eastern Asia,2006.0,113995717.0
South-Eastern Asia,2007.0,123980469.0
South-Eastern Asia,2008.0,133954498.0
South-Eastern Asia,2009.0,140715939.0
South-Eastern Asia,2010.0,159588973.0
South-Eastern Asia,2011.0,161331016.0
South-Eastern Asia,2012.0,170071017.0
South-Eastern Asia,2013.0,177808263.0
South-Eastern Asia,2014.0,197440233.0
South-Eastern Asia,2015.0,235464045.0
South-Eastern Asia,2016.0,245598349.0
South-Eastern Asia,2017.0,255732651.0
Australia,2000.0,119738000.0
Australia,2001.0,136980000.0
Australia,2002.0,135428000.0
Australia,2003.0,132703000.0
Australia,2004.0,130716000.0
Australia,2005.0,138282000.0
Australia,2006.0,142239000.0
Australia,2007.0,146693000.0
Australia,2008.0,140069000.0
Australia,2009.0,146157000.0
Australia,2010.0,142942000.0
Australia,2011.0,130001000.0
Australia,2012.0,132471000.0
Australia,2013.0,121244000.0
Australia,2014.0,113090000.0
Australia,2015.0,115868000.0
Australia,2016.0,114585896.0
Australia,2017.0,113303793.0
Southern Europe,2000.0,156184000.0
Southern Europe,2001.0,154974000.0
Southern Europe,2002.0,165041000.0
Southern Europe,2003.0,160906000.0
Southern Europe,2004.0,168648000.0
Southern Europe,2005.0,166348000.0
Southern Europe,2006.0,200194000.0
Southern Europe,2007.0,199057000.0
Southern Europe,2008.0,192003000.0
Southern Europe,2009.0,180025000.0
Southern Europe,2010.0,167158000.0
Southern Europe,2011.0,180099000.0
Southern Europe,2012.0,186046000.0
Southern Europe,2013.0,164489000.0
Southern Europe,2014.0,151996227.0
Southern Europe,2015.0,158378169.0
Southern Europe,2016.0,155058137.0
Southern Europe,2017.0,152066309.0
Austria,2000.0,5743000.0
Austria,2001.0,6164000.0
Austria,2002.0,6615000.0
Austria,2003.0,6382000.0
Austria,2004.0,6023000.0
Austria,2005.0,5885000.0
Austria,2006.0,5563000.0
Austria,2007.0,6013000.0
Austria,2008.0,5722000.0
Austria,2009.0,4084000.0
Austria,2010.0,5039000.0
Austria,2011.0,4653000.0
Austria,2012.0,4962000.0
Austria,2013.0,4601000.0
Austria,2014.0,4511000.0
Austria,2015.0,4052000.0
Austria,2016.0,3967657.0
Austria,2017.0,3883314.0
Bangladesh,2000.0,660000.0
Bangladesh,2001.0,700000.0
Bangladesh,2002.0,727000.0
Bangladesh,2003.0,699000.0
Bangladesh,2004.0,700000.0
Bangladesh,2005.0,878000.0
Bangladesh,2006.0,1003000.0
Bangladesh,2007.0,1088000.0
Bangladesh,2008.0,1477000.0
Bangladesh,2009.0,1628000.0
Bangladesh,2010.0,1505000.0
Bangladesh,2011.0,1591000.0
Bangladesh,2012.0,1835000.0
Bangladesh,2013.0,1885000.0
Bangladesh,2014.0,1935000.0
Bangladesh,2015.0,2769000.0
Bangladesh,2016.0,2888502.0
Bangladesh,2017.0,3008003.0
Armenia,2002.0,18000.0
Armenia,2003.0,27000.0
Armenia,2006.0,1000.0
Armenia,2007.0,3000.0
Armenia,2008.0,3000.0
Armenia,2009.0,1000.0
Armenia,2010.0,2000.0
Armenia,2011.0,1000.0
Armenia,2012.0,3000.0
Armenia,2013.0,3000.0
Armenia,2014.0,1000.0
Armenia,2015.0,2000.0
Armenia,2016.0,1330.0
Armenia,2017.0,1000.0
Australia and New Zealand,2000.0,121662000.0
Australia and New Zealand,2001.0,139211000.0
Australia and New Zealand,2002.0,138031000.0
Australia and New Zealand,2003.0,136093000.0
Australia and New Zealand,2004.0,134839000.0
Australia and New Zealand,2005.0,142302000.0
Australia and New Zealand,2006.0,146429000.0
Australia and New Zealand,2007.0,150235000.0
Australia and New Zealand,2008.0,142938000.0
Australia and New Zealand,2009.0,149316000.0
Australia and New Zealand,2010.0,146104000.0
Australia and New Zealand,2011.0,132958000.0
Australia and New Zealand,2012.0,135189000.0
Australia and New Zealand,2013.0,124294000.0
Australia and New Zealand,2014.0,115798000.0
Australia and New Zealand,2015.0,118331000.0
Australia and New Zealand,2016.0,117010703.0
Australia and New Zealand,2017.0,115690407.0
Belgium,2000.0,11078000.0
Belgium,2001.0,11971000.0
Belgium,2002.0,8355000.0
Belgium,2003.0,8834000.0
Belgium,2004.0,9000000.0
Belgium,2005.0,8059000.0
Belgium,2006.0,7310000.0
Belgium,2007.0,6524000.0
Belgium,2008.0,7421000.0
Belgium,2009.0,4031000.0
Belgium,2010.0,5725000.0
Belgium,2011.0,5486000.0
Belgium,2012.0,4710000.0
Belgium,2013.0,4901000.0
Belgium,2014.0,5154000.0
Belgium,2015.0,4671000.0
Belgium,2016.0,4234446.0
Belgium,2017.0,3718236.0
Central and Southern Asia,2000.0,407474001.0
Central and Southern Asia,2001.0,426019597.0
Central and Southern Asia,2002.0,444782568.0
Central and Southern Asia,2003.0,471634326.0
Central and Southern Asia,2004.0,515170633.0
Central and Southern Asia,2005.0,549081281.0
Central and Southern Asia,2006.0,585623968.0
Central and Southern Asia,2007.0,626994267.0
Central and Southern Asia,2008.0,678999712.0
Central and Southern Asia,2009.0,745199554.0
Central and Southern Asia,2010.0,782109827.0
Central and Southern Asia,2011.0,817041013.0
Central and Southern Asia,2012.0,867203014.0
Central and Southern Asia,2013.0,900777036.0
Central and Southern Asia,2014.0,996235518.0
Central and Southern Asia,2015.0,1010946239.0
Central and Southern Asia,2016.0,1054800471.0
Central and Southern Asia,2017.0,1098654696.0
Bhutan,2000.0,50001.0
Bhutan,2001.0,84597.0
Bhutan,2002.0,88568.0
Bhutan,2003.0,66325.0
Bhutan,2004.0,29632.0
Bhutan,2005.0,85280.0
Bhutan,2006.0,97967.0
Bhutan,2007.0,105263.0
Bhutan,2008.0,123706.0
Bhutan,2009.0,48546.0
Bhutan,2010.0,87815.0
Bhutan,2011.0,88001.0
Bhutan,2012.0,88001.0
Bhutan,2013.0,168844.0
Bhutan,2014.0,178018.0
Bhutan,2015.0,187191.0
Bhutan,2016.0,196365.0
Bhutan,2017.0,205538.0
Bosnia and Herzegovina,2000.0,7378000.0
Bosnia and Herzegovina,2001.0,7495000.0
Bosnia and Herzegovina,2002.0,7774000.0
Bosnia and Herzegovina,2003.0,8429000.0
Bosnia and Herzegovina,2004.0,8536000.0
Bosnia and Herzegovina,2005.0,8979000.0
Bosnia and Herzegovina,2006.0,9817000.0
Bosnia and Herzegovina,2007.0,9607000.0
Bosnia and Herzegovina,2008.0,11075000.0
Bosnia and Herzegovina,2009.0,11728000.0
Bosnia and Herzegovina,2010.0,11368000.0
Bosnia and Herzegovina,2011.0,13132000.0
Bosnia and Herzegovina,2012.0,12561000.0
Bosnia and Herzegovina,2013.0,12315000.0
Bosnia and Herzegovina,2014.0,12303000.0
Bosnia and Herzegovina,2015.0,13704000.0
Bosnia and Herzegovina,2016.0,14134591.0
Bosnia and Herzegovina,2017.0,14565182.0
Botswana,2000.0,1040000.0
Botswana,2001.0,954000.0
Botswana,2002.0,978000.0
Botswana,2003.0,849000.0
Botswana,2004.0,932000.0
Botswana,2005.0,1002000.0
Botswana,2006.0,979000.0
Botswana,2007.0,843000.0
Botswana,2008.0,913000.0
Botswana,2009.0,738000.0
Botswana,2010.0,932000.0
Botswana,2011.0,680000.0
Botswana,2012.0,1363000.0
Botswana,2013.0,1429000.0
Botswana,2014.0,1518000.0
Botswana,2015.0,1869000.0
Botswana,2016.0,1905064.0
Botswana,2017.0,1941129.0
Brazil,2000.0,21652000.0
Brazil,2001.0,20272000.0
Brazil,2002.0,20240000.0
Brazil,2003.0,20778000.0
Brazil,2004.0,21533000.0
Brazil,2005.0,21694000.0
Brazil,2006.0,20777000.0
Brazil,2007.0,22398000.0
Brazil,2008.0,23814000.0
Brazil,2009.0,18813000.0
Brazil,2010.0,23125000.0
Brazil,2011.0,25583000.0
Brazil,2012.0,24624023.0
Brazil,2013.0,28463046.0
Brazil,2014.0,30020069.0
Brazil,2015.0,28238092.0
Brazil,2016.0,28892011.0
Brazil,2017.0,29545931.0
Bulgaria,2000.0,29883000.0
Bulgaria,2001.0,30659000.0
Bulgaria,2002.0,29987000.0
Bulgaria,2003.0,31475000.0
Bulgaria,2004.0,31267000.0
Bulgaria,2005.0,28876000.0
Bulgaria,2006.0,29746000.0
Bulgaria,2007.0,33566000.0
Bulgaria,2008.0,34291000.0
Bulgaria,2009.0,30025000.0
Bulgaria,2010.0,32149000.0
Bulgaria,2011.0,40359000.0
Bulgaria,2012.0,35791000.0
Bulgaria,2013.0,30156000.0
Bulgaria,2014.0,32678000.0
Bulgaria,2015.0,37327000.0
Bulgaria,2016.0,37731032.0
Bulgaria,2017.0,38135063.0
Myanmar,2000.0,580000.0
Myanmar,2001.0,642000.0
Myanmar,2002.0,487000.0
Myanmar,2003.0,856000.0
Myanmar,2004.0,483000.0
Myanmar,2005.0,591000.0
Myanmar,2006.0,749000.0
Myanmar,2007.0,768000.0
Myanmar,2008.0,667000.0
Myanmar,2009.0,618000.0
Myanmar,2010.0,686000.0
Myanmar,2011.0,693000.0
Myanmar,2012.0,818000.0
Myanmar,2013.0,589944.0
Myanmar,2014.0,657889.0
Myanmar,2015.0,595833.0
Myanmar,2016.0,597430.0
Myanmar,2017.0,599027.0
Burundi,2000.0,4088.0
Burundi,2001.0,6816.0
Burundi,2002.0,6977.0
Burundi,2003.0,4580.0
Burundi,2004.0,4643.0
Burundi,2005.0,4871.0
Burundi,2006.0,9762.0
Burundi,2007.0,7489.0
Burundi,2008.0,9764.0
Burundi,2009.0,11352.0
Burundi,2010.0,13111.0
Burundi,2011.0,7982.0
Burundi,2012.0,20335.0
Burundi,2013.0,19256.0
Burundi,2014.0,20212.0
Burundi,2015.0,21168.0
Burundi,2016.0,22124.0
Burundi,2017.0,23080.0
Belarus,2000.0,2747000.0
Belarus,2001.0,2520000.0
Belarus,2002.0,2677000.0
Belarus,2003.0,2164000.0
Belarus,2004.0,2185000.0
Belarus,2005.0,2581000.0
Belarus,2006.0,2401000.0
Belarus,2007.0,2761000.0
Belarus,2008.0,2536000.0
Belarus,2009.0,2125900.0
Belarus,2010.0,2338000.0
Belarus,2011.0,3103000.0
Belarus,2012.0,3057000.0
Belarus,2013.0,2934000.0
Belarus,2014.0,2284000.0
Belarus,2015.0,2206181.0
Belarus,2016.0,2250624.0
Belarus,2017.0,2295066.0
Cambodia,2009.0,16000.0
Cambodia,2010.0,17000.0
Cambodia,2011.0,19000.0
Cambodia,2012.0,21000.0
Cambodia,2013.0,96000.0
Cambodia,2014.0,490000.0
Cambodia,2015.0,1559000.0
Cambodia,2016.0,1760857.0
Cambodia,2017.0,1962714.0
Cameroon,2000.0,1000.0
Canada,2000.0,61920000.0
Canada,2001.0,66144000.0
Canada,2002.0,63232000.0
Canada,2003.0,57787000.0
Canada,2004.0,60672000.0
Canada,2005.0,64689000.0
Canada,2006.0,63347000.0
Canada,2007.0,66593000.0
Canada,2008.0,58527000.0
Canada,2009.0,49380000.0
Canada,2010.0,50406000.0
Canada,2011.0,45873000.0
Canada,2012.0,43311000.0
Canada,2013.0,40168000.0
Canada,2014.0,44439000.0
Canada,2015.0,40756114.0
Canada,2016.0,38802400.0
Canada,2017.0,36848686.0
Asia,2000.0,2057238097.0
Asia,2001.0,2144383924.0
Asia,2002.0,2272287636.0
Asia,2003.0,2561244437.0
Asia,2004.0,2915596495.0
Asia,2005.0,3212303252.0
Asia,2006.0,3468995685.0
Asia,2007.0,3753436736.0
Asia,2008.0,3951614210.0
Asia,2009.0,4307767493.0
Asia,2010.0,4715852800.0
Asia,2011.0,5077384029.0
Asia,2012.0,5273086031.0
Asia,2013.0,5426552299.0
Asia,2014.0,5394511751.0
Asia,2015.0,5264363461.0
Asia,2016.0,5522179724.0
Asia,2017.0,5775418717.0
Central Asia,2000.0,48977000.0
Central Asia,2001.0,53051000.0
Central Asia,2002.0,54121000.0
Central Asia,2003.0,59097000.0
Central Asia,2004.0,68728000.0
Central Asia,2005.0,68966000.0
Central Asia,2006.0,73965000.0
Central Asia,2007.0,77940000.0
Central Asia,2008.0,84664000.0
Central Asia,2009.0,78919000.0
Central Asia,2010.0,86194000.0
Central Asia,2011.0,92983000.0
Central Asia,2012.0,95917000.0
Central Asia,2013.0,93919000.0
Central Asia,2014.0,92398754.0
Central Asia,2015.0,88592057.0
Central Asia,2016.0,91709114.0
Central Asia,2017.0,94826168.0
Sri Lanka,2000.0,2000.0
Sri Lanka,2001.0,1000.0
Sri Lanka,2002.0,27000.0
Sri Lanka,2003.0,96000.0
Sri Lanka,2004.0,26000.0
Sri Lanka,2005.0,94000.0
Sri Lanka,2006.0,70000.0
Sri Lanka,2007.0,68000.0
Sri Lanka,2008.0,72000.0
Sri Lanka,2009.0,100000.0
Sri Lanka,2010.0,108000.0
Sri Lanka,2011.0,760000.0
Sri Lanka,2012.0,962000.0
Sri Lanka,2013.0,1131000.0
Sri Lanka,2014.0,1607000.0
Sri Lanka,2015.0,1971000.0
Sri Lanka,2016.0,2093482.0
Sri Lanka,2017.0,2215964.0
Europe,2000.0,1117475956.0
Europe,2001.0,1146335003.0
Europe,2002.0,1121691666.0
Europe,2003.0,1152578498.0
Europe,2004.0,1132940899.0
Europe,2005.0,1127790265.0
Europe,2006.0,1185659989.0
Europe,2007.0,1173059000.0
Europe,2008.0,1179898362.0
Europe,2009.0,1059504162.0
Europe,2010.0,1044123417.0
Europe,2011.0,1111732681.0
Europe,2012.0,1146059000.0
Europe,2013.0,1099221000.0
Europe,2014.0,1035534038.0
Europe,2015.0,1022907815.0
Europe,2016.0,1012187776.0
Europe,2017.0,1002403937.0
Eastern Europe,2000.0,578383000.0
Eastern Europe,2001.0,589129000.0
Eastern Europe,2002.0,562524000.0
Eastern Europe,2003.0,589167000.0
Eastern Europe,2004.0,562671000.0
Eastern Europe,2005.0,565695000.0
Eastern Europe,2006.0,574327300.0
Eastern Europe,2007.0,571971000.0
Eastern Europe,2008.0,595772000.0
Eastern Europe,2009.0,520175900.0
Eastern Europe,2010.0,516777000.0
Eastern Europe,2011.0,562549000.0
Eastern Europe,2012.0,585385000.0
Eastern Europe,2013.0,542393000.0
Eastern Europe,2014.0,512787811.0
Eastern Europe,2015.0,521189925.0
Eastern Europe,2016.0,517040283.0
Eastern Europe,2017.0,512938497.0
Chile,2000.0,4754000.0
Chile,2001.0,3445000.0
Chile,2002.0,3377000.0
Chile,2003.0,3705000.0
Chile,2004.0,4629000.0
Chile,2005.0,4583000.0
Chile,2006.0,5679000.0
Chile,2007.0,6964000.0
Chile,2008.0,7819000.0
Chile,2009.0,6891000.0
Chile,2010.0,7553000.0
Chile,2011.0,10352000.0
Chile,2012.0,11126000.0
Chile,2013.0,12104000.0
Chile,2014.0,11893000.0
Chile,2015.0,11850000.0
Chile,2016.0,12577283.0
Chile,2017.0,13304567.0
Northern Europe,2000.0,86636956.0
Northern Europe,2001.0,103040003.0
Northern Europe,2002.0,95180970.0
Northern Europe,2003.0,105649142.0
Northern Europe,2004.0,98333938.0
Northern Europe,2005.0,101655265.0
Northern Europe,2006.0,115596300.0
Northern Europe,2007.0,97987000.0
Northern Europe,2008.0,97746362.0
Northern Europe,2009.0,91897262.0
Northern Europe,2010.0,80207417.0
Northern Europe,2011.0,88164681.0
Northern Europe,2012.0,86574000.0
Northern Europe,2013.0,100030000.0
Northern Europe,2014.0,87196000.0
Northern Europe,2015.0,56758318.0
Northern Europe,2016.0,54779329.0
Northern Europe,2017.0,52795132.0
Western Europe,2000.0,296272000.0
Western Europe,2001.0,299192000.0
Western Europe,2002.0,298945696.0
Western Europe,2003.0,296856356.0
Western Europe,2004.0,303287961.0
Western Europe,2005.0,294092000.0
Western Europe,2006.0,295542389.0
Western Europe,2007.0,304044000.0
Western Europe,2008.0,294377000.0
Western Europe,2009.0,267406000.0
Western Europe,2010.0,279981000.0
Western Europe,2011.0,280920000.0
Western Europe,2012.0,288054000.0
Western Europe,2013.0,292309000.0
Western Europe,2014.0,283554000.0
Western Europe,2015.0,286581403.0
Western Europe,2016.0,285310027.0
Western Europe,2017.0,284603999.0
China,2000.0,1234655000.0
China,2001.0,1293604000.0
China,2002.0,1396696000.0
China,2003.0,1649681000.0
China,2004.0,1918994000.0
China,2005.0,2167069000.0
China,2006.0,2369890000.0
China,2007.0,2576651000.0
China,2008.0,2700767000.0
China,2009.0,3001701000.0
China,2010.0,3320612000.0
China,2011.0,3649237000.0
China,2012.0,3781820000.0
China,2013.0,3897617000.0
China,2014.0,3742716000.0
China,2015.0,3559342000.0
China,2016.0,3753782089.0
China,2017.0,3943261179.0
Colombia,2000.0,2611000.0
Colombia,2001.0,5207000.0
Colombia,2002.0,3357000.0
Colombia,2003.0,4719000.0
Colombia,2004.0,3030000.0
Colombia,2005.0,5435000.0
Colombia,2006.0,3602000.0
Colombia,2007.0,5301000.0
Colombia,2008.0,5715000.0
Colombia,2009.0,5233000.0
Colombia,2010.0,4507000.0
Colombia,2011.0,5019000.0
Colombia,2012.0,3945000.0
Colombia,2013.0,5150000.0
Colombia,2014.0,5415000.0
Colombia,2015.0,8305000.0
Colombia,2016.0,8449200.0
Colombia,2017.0,8593400.0
Costa Rica,2000.0,1000.0
Costa Rica,2001.0,50000.0
Costa Rica,2002.0,28000.0
Costa Rica,2003.0,109000.0
Costa Rica,2004.0,60000.0
Costa Rica,2005.0,53000.0
Costa Rica,2006.0,61000.0
Costa Rica,2007.0,125000.0
Costa Rica,2008.0,122000.0
Costa Rica,2009.0,106000.0
Costa Rica,2010.0,96000.0
Costa Rica,2011.0,96000.0
Costa Rica,2012.0,97000.0
Costa Rica,2013.0,97000.0
Costa Rica,2014.0,97000.0
Costa Rica,2015.0,3000.0
Costa Rica,2016.0,4261.0
Costa Rica,2017.0,5521.0
Croatia,2000.0,797000.0
Croatia,2001.0,744000.0
Croatia,2002.0,996000.0
Croatia,2003.0,1138000.0
Croatia,2004.0,1320000.0
Croatia,2005.0,1064000.0
Croatia,2006.0,1188000.0
Croatia,2007.0,1195000.0
Croatia,2008.0,1353000.0
Croatia,2009.0,786000.0
Croatia,2010.0,1227000.0
Croatia,2011.0,1206000.0
Croatia,2012.0,949000.0
Croatia,2013.0,1251000.0
Croatia,2014.0,1019000.0
Croatia,2015.0,1023000.0
Croatia,2016.0,1027989.0
Croatia,2017.0,1032978.0
Cuba,2000.0,41000.0
Cuba,2001.0,26000.0
Cuba,2002.0,40000.0
Cuba,2003.0,34000.0
Cuba,2004.0,35000.0
Cuba,2005.0,30000.0
Cuba,2006.0,10000.0
Cuba,2007.0,29000.0
Cuba,2008.0,35000.0
Cuba,2009.0,34000.0
Cuba,2010.0,30000.0
Cuba,2011.0,5000.0
Cuba,2012.0,6000.0
Cuba,2013.0,4000.0
Cuba,2014.0,4000.0
Cuba,2015.0,1646.0
Cyprus,2000.0,50000.0
Cyprus,2001.0,59000.0
Cyprus,2002.0,66000.0
Cyprus,2003.0,51000.0
Cyprus,2004.0,40000.0
Cyprus,2005.0,64000.0
Cyprus,2006.0,64000.0
Cyprus,2007.0,34000.0
Cyprus,2008.0,42000.0
Cyprus,2009.0,27000.0
Cyprus,2010.0,18000.0
Cyprus,2011.0,1000.0
Cyprus,2012.0,1000.0
Cyprus,2013.0,1000.0
Cyprus,2014.0,5000.0
Cyprus,2015.0,6000.0
Cyprus,2016.0,889.0
Czechia,2000.0,57137000.0
Czechia,2001.0,58110000.0
Czechia,2002.0,56597000.0
Czechia,2003.0,58286000.0
Czechia,2004.0,56753000.0
Czechia,2005.0,56516000.0
Czechia,2006.0,56806000.0
Czechia,2007.0,57254000.0
Czechia,2008.0,54806000.0
Czechia,2009.0,51044000.0
Czechia,2010.0,50302000.0
Czechia,2011.0,53302000.0
Czechia,2012.0,51191000.0
Czechia,2013.0,45780000.0
Czechia,2014.0,46389000.0
Czechia,2015.0,46171000.0
Czechia,2016.0,45247932.0
Czechia,2017.0,44324864.0
Benin,2014.0,70000.0
Benin,2015.0,41000.0
Benin,2016.0,12000.0
Denmark,2000.0,6587000.0
Denmark,2001.0,7076000.0
Denmark,2002.0,6424000.0
Denmark,2003.0,9691000.0
Denmark,2004.0,7771000.0
Denmark,2005.0,6269000.0
Denmark,2006.0,8879000.0
Denmark,2007.0,8180000.0
Denmark,2008.0,7581000.0
Denmark,2009.0,6797000.0
Denmark,2010.0,4651000.0
Denmark,2011.0,6287000.0
Denmark,2012.0,4119000.0
Denmark,2013.0,4988000.0
Denmark,2014.0,4374000.0
Denmark,2015.0,2789743.0
Denmark,2016.0,2466631.0
Denmark,2017.0,2143520.0
Dominican Republic,2000.0,73000.0
Dominican Republic,2001.0,171000.0
Dominican Republic,2002.0,308000.0
Dominican Republic,2003.0,573000.0
Dominican Republic,2004.0,621000.0
Dominican Republic,2005.0,650000.0
Dominican Republic,2006.0,1028000.0
Dominican Republic,2007.0,1077000.0
Dominican Republic,2008.0,1142000.0
Dominican Republic,2009.0,1103000.0
Dominican Republic,2010.0,1109000.0
Dominican Republic,2011.0,1286000.0
Dominican Republic,2012.0,1320000.0
Dominican Republic,2013.0,1259000.0
Dominican Republic,2014.0,1553000.0
Dominican Republic,2015.0,977000.0
Dominican Republic,2016.0,1053550.0
Dominican Republic,2017.0,1130100.0
El Salvador,2000.0,1000.0
El Salvador,2001.0,1000.0
El Salvador,2002.0,1000.0
El Salvador,2003.0,1000.0
El Salvador,2004.0,1000.0
El Salvador,2005.0,1000.0
El Salvador,2006.0,1000.0
Ethiopia,2008.0,15000.0
Ethiopia,2009.0,43000.0
Ethiopia,2010.0,61000.0
Ethiopia,2011.0,162000.0
Ethiopia,2012.0,246500.0
Ethiopia,2013.0,315000.0
Ethiopia,2014.0,346500.0
Ethiopia,2015.0,352000.0
Ethiopia,2016.0,407440.0
Ethiopia,2017.0,462881.0
Estonia,2000.0,327000.0
Estonia,2001.0,249000.0
Estonia,2002.0,517000.0
Estonia,2003.0,225000.0
Estonia,2004.0,182000.0
Estonia,2005.0,937400.0
Estonia,2006.0,1057400.0
Estonia,2007.0,1418000.0
Estonia,2008.0,710300.0
Estonia,2009.0,831000.0
Estonia,2010.0,787000.0
Estonia,2011.0,793000.0
Estonia,2012.0,619000.0
Estonia,2013.0,981000.0
Estonia,2014.0,967000.0
Estonia,2015.0,81000.0
Estonia,2016.0,100611.0
Estonia,2017.0,115014.0
Finland,2000.0,11111000.0
Finland,2001.0,14086000.0
Finland,2002.0,15749000.0
Finland,2003.0,18686000.0
Finland,2004.0,13320000.0
Finland,2005.0,15101000.0
Finland,2006.0,20852000.0
Finland,2007.0,12833000.0
Finland,2008.0,12462000.0
Finland,2009.0,16409000.0
Finland,2010.0,14701000.0
Finland,2011.0,15236000.0
Finland,2012.0,9272000.0
Finland,2013.0,13464000.0
Finland,2014.0,13203000.0
Finland,2015.0,7574000.0
Finland,2016.0,7175846.0
Finland,2017.0,6777693.0
France,2000.0,23410000.0
France,2001.0,19235000.0
France,2002.0,20934000.0
France,2003.0,19837000.0
France,2004.0,20272000.0
France,2005.0,20792000.0
France,2006.0,21368000.0
France,2007.0,19384000.0
France,2008.0,21799000.0
France,2009.0,16097000.0
France,2010.0,18948000.0
France,2011.0,15851000.0
France,2012.0,16905000.0
France,2013.0,17998000.0
France,2014.0,14070000.0
France,2015.0,13509000.0
France,2016.0,13181550.0
France,2017.0,12854100.0
Georgia,2000.0,18000.0
Georgia,2001.0,19000.0
Georgia,2002.0,23000.0
Georgia,2003.0,49000.0
Georgia,2004.0,14000.0
Georgia,2005.0,18000.0
Georgia,2006.0,16000.0
Georgia,2007.0,48000.0
Georgia,2008.0,119000.0
Georgia,2009.0,226000.0
Georgia,2010.0,113000.0
Georgia,2011.0,147000.0
Georgia,2012.0,258000.0
Georgia,2013.0,633000.0
Georgia,2014.0,554000.0
Georgia,2015.0,463763.0
Georgia,2016.0,504268.0
Georgia,2017.0,543536.0
Germany,2000.0,242629000.0
Germany,2001.0,247885000.0
Germany,2002.0,249755696.0
Germany,2003.0,247221356.0
Germany,2004.0,254353961.0
Germany,2005.0,246025000.0
Germany,2006.0,249153389.0
Germany,2007.0,257424000.0
Germany,2008.0,245378000.0
Germany,2009.0,227566000.0
Germany,2010.0,235169000.0
Germany,2011.0,242553000.0
Germany,2012.0,250283000.0
Germany,2013.0,249797000.0
Germany,2014.0,243576000.0
Germany,2015.0,243627403.0
Germany,2016.0,242984516.0
Germany,2017.0,242986635.0
Greece,2000.0,65053000.0
Greece,2001.0,67662000.0
Greece,2002.0,71413000.0
Greece,2003.0,68914000.0
Greece,2004.0,70766000.0
Greece,2005.0,69981000.0
Greece,2006.0,65139000.0
Greece,2007.0,66905000.0
Greece,2008.0,66396000.0
Greece,2009.0,65189000.0
Greece,2010.0,57172000.0
Greece,2011.0,59155000.0
Greece,2012.0,63342000.0
Greece,2013.0,54337000.0
Greece,2014.0,51172000.0
Greece,2015.0,46509815.0
Greece,2016.0,44999368.0
Greece,2017.0,43485736.0
Guatemala,2000.0,215000.0
Guatemala,2001.0,200000.0
Guatemala,2002.0,390000.0
Guatemala,2003.0,430000.0
Guatemala,2004.0,370000.0
Guatemala,2005.0,408000.0
Guatemala,2006.0,268000.0
Guatemala,2007.0,464000.0
Guatemala,2008.0,477000.0
Guatemala,2009.0,345000.0
Guatemala,2010.0,571000.0
Guatemala,2011.0,571000.0
Guatemala,2012.0,577000.0
Guatemala,2013.0,606000.0
Guatemala,2014.0,720000.0
Guatemala,2015.0,1888000.0
Guatemala,2016.0,1946857.0
Guatemala,2017.0,2005714.0
Honduras,2000.0,135000.0
Honduras,2001.0,123000.0
Honduras,2002.0,169000.0
Honduras,2003.0,169000.0
Honduras,2004.0,177000.0
Honduras,2005.0,241000.0
Honduras,2006.0,123000.0
Honduras,2007.0,129000.0
Honduras,2008.0,207000.0
Honduras,2009.0,172000.0
Honduras,2010.0,179000.0
Honduras,2011.0,246000.0
Honduras,2012.0,268000.0
Honduras,2013.0,273000.0
Honduras,2014.0,210000.0
Honduras,2015.0,218000.0
Honduras,2016.0,225018.0
Honduras,2017.0,232036.0
Hungary,2000.0,15803000.0
Hungary,2001.0,15522000.0
Hungary,2002.0,14573000.0
Hungary,2003.0,15060000.0
Hungary,2004.0,13174000.0
Hungary,2005.0,11674000.0
Hungary,2006.0,11769300.0
Hungary,2007.0,11875000.0
Hungary,2008.0,11791000.0
Hungary,2009.0,10567000.0
Hungary,2010.0,10868000.0
Hungary,2011.0,11155000.0
Hungary,2012.0,10691000.0
Hungary,2013.0,10494000.0
Hungary,2014.0,10343000.0
Hungary,2015.0,10259860.0
Hungary,2016.0,9905816.0
Hungary,2017.0,9551772.0
Iceland,2000.0,148000.0
Iceland,2001.0,140000.0
Iceland,2002.0,146000.0
Iceland,2003.0,138000.0
Iceland,2004.0,156000.0
Iceland,2005.0,150000.0
Iceland,2006.0,134000.0
Iceland,2007.0,174000.0
Iceland,2008.0,128000.0
Iceland,2009.0,136000.0
Iceland,2010.0,131000.0
Iceland,2011.0,134000.0
Iceland,2012.0,147000.0
Iceland,2013.0,147000.0
Iceland,2014.0,131000.0
Iceland,2015.0,136000.0
Iceland,2016.0,135282.0
Iceland,2017.0,134564.0
India,2000.0,351184000.0
India,2001.0,365420000.0
India,2002.0,382971000.0
India,2003.0,403337000.0
India,2004.0,435485000.0
India,2005.0,468399000.0
India,2006.0,499837000.0
India,2007.0,534506000.0
India,2008.0,581193000.0
India,2009.0,653781000.0
India,2010.0,683047000.0
India,2011.0,710438000.0
India,2012.0,758353000.0
India,2013.0,793477000.0
India,2014.0,890151000.0
India,2015.0,905098000.0
India,2016.0,945365179.0
India,2017.0,985632357.0
Indonesia,2000.0,22720000.0
Indonesia,2001.0,27290000.0
Indonesia,2002.0,29172000.0
Indonesia,2003.0,29254000.0
Indonesia,2004.0,38690000.0
Indonesia,2005.0,42031000.0
Indonesia,2006.0,50239000.0
Indonesia,2007.0,54015000.0
Indonesia,2008.0,48926000.0
Indonesia,2009.0,57885000.0
Indonesia,2010.0,60055000.0
Indonesia,2011.0,51162000.0
Indonesia,2012.0,61394000.0
Indonesia,2013.0,66066000.0
Indonesia,2014.0,78990000.0
Indonesia,2015.0,103897000.0
Indonesia,2016.0,108045189.0
Indonesia,2017.0,112193379.0
Iran,2000.0,2126000.0
Iran,2001.0,1836000.0
Iran,2002.0,1709000.0
Iran,2003.0,1950000.0
Iran,2004.0,2017000.0
Iran,2005.0,2499000.0
Iran,2006.0,2463000.0
Iran,2007.0,2605000.0
Iran,2008.0,2423000.0
Iran,2009.0,1772000.0
Iran,2010.0,2220000.0
Iran,2011.0,2186000.0
Iran,2012.0,1689000.0
Iran,2013.0,1736000.0
Iran,2014.0,1331000.0
Iran,2015.0,952286.0
Iran,2016.0,905161.0
Iran,2017.0,858036.0
Ireland,2000.0,7889000.0
Ireland,2001.0,7697000.0
Ireland,2002.0,6111000.0
Ireland,2003.0,8440000.0
Ireland,2004.0,7756000.0
Ireland,2005.0,7472000.0
Ireland,2006.0,6842000.0
Ireland,2007.0,5580000.0
Ireland,2008.0,6137000.0
Ireland,2009.0,5352000.0
Ireland,2010.0,7077000.0
Ireland,2011.0,6488000.0
Ireland,2012.0,4163000.0
Ireland,2013.0,9453000.0
Ireland,2014.0,6987000.0
Ireland,2015.0,5897000.0
Ireland,2016.0,5827854.0
Ireland,2017.0,5758707.0
Israel,2000.0,9917000.0
Israel,2001.0,11419000.0
Israel,2002.0,12746000.0
Israel,2003.0,12295000.0
Israel,2004.0,12801000.0
Israel,2005.0,12685000.0
Israel,2006.0,12756000.0
Israel,2007.0,13490000.0
Israel,2008.0,12774000.0
Israel,2009.0,11843000.0
Israel,2010.0,12310000.0
Israel,2011.0,12475000.0
Israel,2012.0,13970000.0
Israel,2013.0,12815000.0
Israel,2014.0,11021000.0
Israel,2015.0,10606000.0
Israel,2016.0,10563379.0
Israel,2017.0,10520757.0
Italy,2000.0,19422000.0
Italy,2001.0,20184000.0
Italy,2002.0,19926000.0
Italy,2003.0,22230000.0
Italy,2004.0,25615000.0
Italy,2005.0,24872000.0
Italy,2006.0,25156000.0
Italy,2007.0,25326000.0
Italy,2008.0,25209000.0
Italy,2009.0,19295000.0
Italy,2010.0,21923000.0
Italy,2011.0,23320000.0
Italy,2012.0,24269000.0
Italy,2013.0,20893000.0
Italy,2014.0,20890000.0
Italy,2015.0,20000000.0
Italy,2016.0,19911693.0
Italy,2017.0,19823386.0
Jamaica,2000.0,53000.0
Jamaica,2001.0,53000.0
Jamaica,2002.0,88000.0
Jamaica,2003.0,85000.0
Jamaica,2004.0,93000.0
Jamaica,2005.0,60000.0
Jamaica,2006.0,28000.0
Jamaica,2007.0,36000.0
Jamaica,2008.0,48000.0
Jamaica,2009.0,63000.0
Jamaica,2010.0,54000.0
Jamaica,2011.0,72000.0
Jamaica,2012.0,93000.0
Jamaica,2013.0,95000.0
Jamaica,2014.0,95000.0
Jamaica,2015.0,141000.0
Jamaica,2016.0,143939.0
Jamaica,2017.0,146879.0
Japan,2000.0,153674000.0
Japan,2001.0,157425000.0
Japan,2002.0,161772000.0
Japan,2003.0,168222000.0
Japan,2004.0,184622000.0
Japan,2005.0,178700000.0
Japan,2006.0,179354000.0
Japan,2007.0,188368000.0
Japan,2008.0,185960000.0
Japan,2009.0,163957000.0
Japan,2010.0,187024000.0
Japan,2011.0,175270000.0
Japan,2012.0,183333000.0
Japan,2013.0,196556000.0
Japan,2014.0,190905000.0
Japan,2015.0,193493000.0
Japan,2016.0,195513407.0
Japan,2017.0,197533814.0
Kazakhstan,2000.0,44275000.0
Kazakhstan,2001.0,48568000.0
Kazakhstan,2002.0,49190000.0
Kazakhstan,2003.0,54777000.0
Kazakhstan,2004.0,63966000.0
Kazakhstan,2005.0,64370000.0
Kazakhstan,2006.0,69220000.0
Kazakhstan,2007.0,72726000.0
Kazakhstan,2008.0,78975000.0
Kazakhstan,2009.0,73166000.0
Kazakhstan,2010.0,80586000.0
Kazakhstan,2011.0,87020000.0
Kazakhstan,2012.0,88970000.0
Kazakhstan,2013.0,86796000.0
Kazakhstan,2014.0,84258000.0
Kazakhstan,2015.0,79977000.0
Kazakhstan,2016.0,82768086.0
Kazakhstan,2017.0,85559171.0
Jordan,2012.0,354000.0
Jordan,2013.0,333000.0
Jordan,2014.0,564000.0
Jordan,2015.0,253000.0
Jordan,2016.0,245800.0
Jordan,2017.0,238600.0
Kenya,2000.0,107000.0
Kenya,2001.0,107000.0
Kenya,2002.0,160000.0
Kenya,2003.0,150000.0
Kenya,2004.0,175000.0
Kenya,2005.0,145000.0
Kenya,2006.0,194000.0
Kenya,2007.0,178000.0
Kenya,2008.0,177000.0
Kenya,2009.0,154000.0
Kenya,2010.0,268000.0
Kenya,2011.0,383000.0
Kenya,2012.0,343000.0
Kenya,2013.0,339000.0
Kenya,2014.0,533000.0
Kenya,2015.0,614000.0
Kenya,2016.0,643436.0
Kenya,2017.0,672871.0
North Korea,2000.0,29572000.0
North Korea,2001.0,30455000.0
North Korea,2002.0,29008000.0
North Korea,2003.0,29681000.0
North Korea,2004.0,30357000.0
North Korea,2005.0,32035000.0
North Korea,2006.0,32861000.0
North Korea,2007.0,26808000.0
North Korea,2008.0,29922000.0
North Korea,2009.0,29679000.0
North Korea,2010.0,27818000.0
North Korea,2011.0,19206000.0
North Korea,2012.0,19566000.0
North Korea,2013.0,13500000.0
North Korea,2014.0,15534000.0
North Korea,2015.0,16295000.0
North Korea,2016.0,15144681.0
North Korea,2017.0,13994363.0
Korea,2000.0,73195000.0
Korea,2001.0,74015000.0
Korea,2002.0,75319000.0
Korea,2003.0,77128000.0
Korea,2004.0,82843000.0
Korea,2005.0,79931000.0
Korea,2006.0,82845000.0
Korea,2007.0,91722000.0
Korea,2008.0,103057000.0
Korea,2009.0,105757000.0
Korea,2010.0,121304000.0
Korea,2011.0,131640000.0
Korea,2012.0,126729000.0
Korea,2013.0,128686000.0
Korea,2014.0,133185000.0
Korea,2015.0,137237000.0
Korea,2016.0,142579439.0
Korea,2017.0,147921879.0
Kuwait,2015.0,369000.0
Kyrgyzstan,2000.0,1129000.0
Kyrgyzstan,2001.0,802000.0
Kyrgyzstan,2002.0,1243000.0
Kyrgyzstan,2003.0,1464000.0
Kyrgyzstan,2004.0,1368000.0
Kyrgyzstan,2005.0,1308000.0
Kyrgyzstan,2006.0,1223000.0
Kyrgyzstan,2007.0,1419000.0
Kyrgyzstan,2008.0,1966000.0
Kyrgyzstan,2009.0,1731000.0
Kyrgyzstan,2010.0,1688000.0
Kyrgyzstan,2011.0,1829000.0
Kyrgyzstan,2012.0,2569000.0
Kyrgyzstan,2013.0,2527000.0
Kyrgyzstan,2014.0,2859000.0
Kyrgyzstan,2015.0,3134000.0
Kyrgyzstan,2016.0,3273086.0
Kyrgyzstan,2017.0,3412171.0
Laos,2000.0,412096.0
Laos,2001.0,377327.0
Laos,2002.0,500068.0
Laos,2003.0,449111.0
Laos,2004.0,598862.0
Laos,2005.0,621971.0
Laos,2006.0,647717.0
Laos,2007.0,1037469.0
Laos,2008.0,771498.0
Laos,2009.0,877939.0
Laos,2010.0,944973.0
Laos,2011.0,960016.0
Laos,2012.0,980017.0
Laos,2013.0,1200319.0
Laos,2014.0,1249344.0
Laos,2015.0,1342850.0
Laos,2016.0,1436357.0
Laos,2017.0,1529863.0
Latin America and the Caribbean,2000.0,45615159.0
Latin America and the Caribbean,2001.0,46256067.0
Latin America and the Caribbean,2002.0,47111208.0
Latin America and the Caribbean,2003.0,52081728.0
Latin America and the Caribbean,2004.0,50307110.0
Latin America and the Caribbean,2005.0,56814452.0
Latin America and the Caribbean,2006.0,57189119.0
Latin America and the Caribbean,2007.0,60956000.0
Latin America and the Caribbean,2008.0,61288119.0
Latin America and the Caribbean,2009.0,54260752.0
Latin America and the Caribbean,2010.0,63414000.0
Latin America and the Caribbean,2011.0,73131000.0
Latin America and the Caribbean,2012.0,67630023.0
Latin America and the Caribbean,2013.0,74371046.0
Latin America and the Caribbean,2014.0,76740069.0
Latin America and the Caribbean,2015.0,78359823.0
Latin America and the Caribbean,2016.0,80661057.0
Latin America and the Caribbean,2017.0,82640017.0
Lebanon,2000.0,200000.0
Lebanon,2001.0,200000.0
Lebanon,2002.0,200000.0
Lebanon,2003.0,200000.0
Lebanon,2004.0,200000.0
Lebanon,2005.0,200000.0
Lebanon,2006.0,200000.0
Lebanon,2007.0,200000.0
Lebanon,2008.0,200000.0
Lebanon,2009.0,200000.0
Lebanon,2010.0,225000.0
Lebanon,2011.0,250000.0
Lebanon,2012.0,250000.0
Lebanon,2013.0,200000.0
Lebanon,2014.0,250000.0
Lebanon,2015.0,320000.0
Lebanon,2016.0,325500.0
Lebanon,2017.0,331000.0
Latvia,2000.0,611456.0
Latvia,2001.0,717003.0
Latvia,2002.0,1738970.0
Latvia,2003.0,1215142.0
Latvia,2004.0,937938.0
Latvia,2005.0,961865.0
Latvia,2006.0,1111103.0
Latvia,2007.0,1154000.0
Latvia,2008.0,1099404.0
Latvia,2009.0,1308803.0
Latvia,2010.0,1304417.0
Latvia,2011.0,1553681.0
Latvia,2012.0,1518000.0
Latvia,2013.0,1500000.0
Latvia,2014.0,84000.0
Latvia,2015.0,60895.0
Latvia,2016.0,69325.0
Latvia,2017.0,77755.0
Lithuania,2000.0,527500.0
Lithuania,2001.0,420000.0
Lithuania,2002.0,800000.0
Lithuania,2003.0,714000.0
Lithuania,2004.0,608000.0
Lithuania,2005.0,726000.0
Lithuania,2006.0,959000.0
Lithuania,2007.0,761000.0
Lithuania,2008.0,1008000.0
Lithuania,2009.0,836500.0
Lithuania,2010.0,701000.0
Lithuania,2011.0,871000.0
Lithuania,2012.0,754000.0
Lithuania,2013.0,988000.0
Lithuania,2014.0,872000.0
Lithuania,2015.0,752698.0
Lithuania,2016.0,769517.0
Lithuania,2017.0,786335.0
Luxembourg,2000.0,186000.0
Luxembourg,2001.0,202000.0
Luxembourg,2002.0,123000.0
Luxembourg,2003.0,96000.0
Luxembourg,2004.0,136000.0
Luxembourg,2005.0,131000.0
Luxembourg,2006.0,155000.0
Luxembourg,2007.0,129000.0
Luxembourg,2008.0,124000.0
Luxembourg,2009.0,113000.0
Luxembourg,2010.0,113000.0
Luxembourg,2011.0,99000.0
Luxembourg,2012.0,92000.0
Luxembourg,2013.0,80000.0
Luxembourg,2014.0,90000.0
Luxembourg,2015.0,84000.0
Luxembourg,2016.0,78729.0
Luxembourg,2017.0,73457.0
Malawi,2000.0,78741.0
Malawi,2001.0,48271.0
Malawi,2002.0,59731.0
Malawi,2003.0,66101.0
Malawi,2004.0,50001.0
Malawi,2005.0,45001.0
Malawi,2006.0,55001.0
Malawi,2007.0,60001.0
Malawi,2008.0,52281.0
Malawi,2009.0,54001.0
Malawi,2010.0,54001.0
Malawi,2011.0,54001.0
Malawi,2012.0,54001.0
Malawi,2013.0,54432.0
Malawi,2014.0,70762.0
Malawi,2015.0,70516.0
Malawi,2016.0,70271.0
Malawi,2017.0,70026.0
Malaysia,2000.0,3436000.0
Malaysia,2001.0,4719000.0
Malaysia,2002.0,5755000.0
Malaysia,2003.0,5603000.0
Malaysia,2004.0,8896000.0
Malaysia,2005.0,11206000.0
Malaysia,2006.0,11609000.0
Malaysia,2007.0,14007000.0
Malaysia,2008.0,16353000.0
Malaysia,2009.0,16426000.0
Malaysia,2010.0,23036000.0
Malaysia,2011.0,24573000.0
Malaysia,2012.0,25138000.0
Malaysia,2013.0,24440000.0
Malaysia,2014.0,24244000.0
Malaysia,2015.0,26775000.0
Malaysia,2016.0,28524475.0
Malaysia,2017.0,30273950.0
Mauritius,2000.0,222000.0
Mauritius,2001.0,348000.0
Mauritius,2002.0,312000.0
Mauritius,2003.0,289000.0
Mauritius,2004.0,332000.0
Mauritius,2005.0,379000.0
Mauritius,2006.0,490000.0
Mauritius,2007.0,648000.0
Mauritius,2008.0,607000.0
Mauritius,2009.0,560000.0
Mauritius,2010.0,661000.0
Mauritius,2011.0,660000.0
Mauritius,2012.0,729000.0
Mauritius,2013.0,708000.0
Mauritius,2014.0,772000.0
Mauritius,2015.0,804000.0
Mauritius,2016.0,842329.0
Mauritius,2017.0,880657.0
Mexico,2000.0,14405000.0
Mexico,2001.0,15191000.0
Mexico,2002.0,17276000.0
Mexico,2003.0,19731000.0
Mexico,2004.0,17790000.0
Mexico,2005.0,21147000.0
Mexico,2006.0,22997000.0
Mexico,2007.0,21855000.0
Mexico,2008.0,19268000.0
Mexico,2009.0,18917000.0
Mexico,2010.0,23446000.0
Mexico,2011.0,27018000.0
Mexico,2012.0,22722000.0
Mexico,2013.0,23052000.0
Mexico,2014.0,23408000.0
Mexico,2015.0,23678000.0
Mexico,2016.0,24193639.0
Mexico,2017.0,24709279.0
Mongolia,2000.0,5228000.0
Mongolia,2001.0,5151000.0
Mongolia,2002.0,5544000.0
Mongolia,2003.0,5309000.0
Mongolia,2004.0,5400000.0
Mongolia,2005.0,5401000.0
Mongolia,2006.0,5904000.0
Mongolia,2007.0,6163000.0
Mongolia,2008.0,6100000.0
Mongolia,2009.0,7336000.0
Mongolia,2010.0,8487000.0
Mongolia,2011.0,8301000.0
Mongolia,2012.0,5495000.0
Mongolia,2013.0,7526000.0
Mongolia,2014.0,8230000.0
Mongolia,2015.0,9734000.0
Mongolia,2016.0,10757144.0
Mongolia,2017.0,11780287.0
Moldova,2000.0,144000.0
Moldova,2001.0,148000.0
Moldova,2002.0,158000.0
Moldova,2003.0,273000.0
Moldova,2004.0,185000.0
Moldova,2005.0,166000.0
Moldova,2006.0,172000.0
Moldova,2007.0,180000.0
Moldova,2008.0,206000.0
Moldova,2009.0,136000.0
Moldova,2010.0,185000.0
Moldova,2011.0,207000.0
Moldova,2012.0,185000.0
Moldova,2013.0,259000.0
Moldova,2014.0,148000.0
Moldova,2015.0,183000.0
Moldova,2016.0,183786.0
Moldova,2017.0,184571.0
Montenegro,2006.0,1438000.0
Montenegro,2007.0,1164000.0
Montenegro,2008.0,1727000.0
Montenegro,2009.0,937000.0
Montenegro,2010.0,1869000.0
Montenegro,2011.0,1920000.0
Montenegro,2012.0,1732000.0
Montenegro,2013.0,1672000.0
Montenegro,2014.0,1630000.0
Montenegro,2015.0,1718000.0
Montenegro,2016.0,1766124.0
Montenegro,2017.0,1814345.0
Morocco,2000.0,3993000.0
Morocco,2001.0,5137000.0
Morocco,2002.0,5092000.0
Morocco,2003.0,4890000.0
Morocco,2004.0,4624000.0
Morocco,2005.0,4850000.0
Morocco,2006.0,4775000.0
Morocco,2007.0,4927000.0
Morocco,2008.0,4479000.0
Morocco,2009.0,4264000.0
Morocco,2010.0,4264000.0
Morocco,2011.0,4005000.0
Morocco,2012.0,4677000.0
Morocco,2013.0,4480000.0
Morocco,2014.0,6519000.0
Morocco,2015.0,6441000.0
Morocco,2016.0,6483093.0
Morocco,2017.0,6525186.0
Mozambique,2007.0,9000.0
Mozambique,2008.0,10000.0
Mozambique,2009.0,10000.0
Mozambique,2010.0,10000.0
Mozambique,2011.0,455000.0
Mozambique,2012.0,1448000.0
Mozambique,2013.0,1984000.0
Mozambique,2014.0,1653000.0
Mozambique,2015.0,2122000.0
Mozambique,2016.0,2818264.0
Mozambique,2017.0,3514529.0
Oman,2015.0,11000.0
Europe and North America,2000.0,2112459956.0
Europe and North America,2001.0,2211274003.0
Europe and North America,2002.0,2159863666.0
Europe and North America,2003.0,2167833498.0
Europe and North America,2004.0,2188535899.0
Europe and North America,2005.0,2202955265.0
Europe and North America,2006.0,2293954989.0
Europe and North America,2007.0,2259672000.0
Europe and North America,2008.0,2259382328.0
Europe and North America,2009.0,2048264438.0
Europe and North America,2010.0,2020393417.0
Europe and North America,2011.0,2065590681.0
Europe and North America,2012.0,2005153000.0
Europe and North America,2013.0,1932200000.0
Europe and North America,2014.0,1907476038.0
Europe and North America,2015.0,1818131634.0
Europe and North America,2016.0,1788368230.0
Europe and North America,2017.0,1759541026.0
Namibia,2000.0,3000.0
Namibia,2001.0,4000.0
Namibia,2003.0,8000.0
Namibia,2004.0,1000.0
Namibia,2005.0,20000.0
Namibia,2006.0,64000.0
Namibia,2007.0,77000.0
Namibia,2008.0,106000.0
Namibia,2009.0,50000.0
Namibia,2012.0,60000.0
Namibia,2013.0,64407.0
Namibia,2014.0,68814.0
Namibia,2015.0,73221.0
Namibia,2016.0,77629.0
Namibia,2017.0,82036.0
Nepal,2000.0,430000.0
Nepal,2001.0,492000.0
Nepal,2002.0,228000.0
Nepal,2003.0,290000.0
Nepal,2004.0,257000.0
Nepal,2005.0,413000.0
Nepal,2006.0,259000.0
Nepal,2007.0,328000.0
Nepal,2008.0,309000.0
Nepal,2009.0,312000.0
Nepal,2010.0,505000.0
Nepal,2011.0,600000.0
Nepal,2012.0,720000.0
Nepal,2013.0,556000.0
Nepal,2014.0,806000.0
Nepal,2015.0,543000.0
Nepal,2016.0,571729.0
Nepal,2017.0,600457.0
Netherlands,2000.0,12942000.0
Netherlands,2001.0,13541000.0
Netherlands,2002.0,13005000.0
Netherlands,2003.0,14372000.0
Netherlands,2004.0,13302000.0
Netherlands,2005.0,13041000.0
Netherlands,2006.0,11733000.0
Netherlands,2007.0,14236000.0
Netherlands,2008.0,13672000.0
Netherlands,2009.0,15244000.0
Netherlands,2010.0,14773000.0
Netherlands,2011.0,12087000.0
Netherlands,2012.0,10887000.0
Netherlands,2013.0,14705000.0
Netherlands,2014.0,15963000.0
Netherlands,2015.0,20415000.0
Netherlands,2016.0,20636775.0
Netherlands,2017.0,20858550.0
New Zealand,2000.0,1924000.0
New Zealand,2001.0,2231000.0
New Zealand,2002.0,2603000.0
New Zealand,2003.0,3390000.0
New Zealand,2004.0,4123000.0
New Zealand,2005.0,4020000.0
New Zealand,2006.0,4190000.0
New Zealand,2007.0,3542000.0
New Zealand,2008.0,2869000.0
New Zealand,2009.0,3159000.0
New Zealand,2010.0,3162000.0
New Zealand,2011.0,2957000.0
New Zealand,2012.0,2718000.0
New Zealand,2013.0,3050000.0
New Zealand,2014.0,2708000.0
New Zealand,2015.0,2463000.0
New Zealand,2016.0,2424807.0
New Zealand,2017.0,2386614.0
Niger,2000.0,158203.0
Niger,2001.0,163303.0
Niger,2002.0,182903.0
Niger,2003.0,188903.0
Niger,2004.0,236588.0
Niger,2005.0,182063.0
Niger,2006.0,176323.0
Niger,2007.0,171299.0
Niger,2008.0,182915.0
Niger,2009.0,190922.0
Niger,2010.0,237636.0
Niger,2011.0,238004.0
Niger,2012.0,238004.0
Niger,2013.0,242426.0
Niger,2014.0,246848.0
Niger,2015.0,251271.0
Niger,2016.0,255693.0
Niger,2017.0,260115.0
Nigeria,2000.0,3000.0
Nigeria,2001.0,3000.0
Nigeria,2002.0,43000.0
Nigeria,2003.0,23000.0
Nigeria,2004.0,8000.0
Nigeria,2005.0,8000.0
Nigeria,2006.0,8000.0
Nigeria,2007.0,23000.0
Nigeria,2008.0,32000.0
Nigeria,2009.0,34000.0
Nigeria,2010.0,38000.0
Nigeria,2011.0,32000.0
Nigeria,2012.0,48000.0
Nigeria,2013.0,44000.0
Nigeria,2014.0,46000.0
Nigeria,2015.0,191000.0
Nigeria,2016.0,196970.0
Nigeria,2017.0,202940.0
Norway,2000.0,1548000.0
Norway,2001.0,1624000.0
Norway,2002.0,1136000.0
Norway,2003.0,1329000.0
Norway,2004.0,1416000.0
Norway,2005.0,882000.0
Norway,2006.0,1116687.0
Norway,2007.0,1894000.0
Norway,2008.0,1617658.0
Norway,2009.0,1370000.0
Norway,2010.0,1848000.0
Norway,2011.0,1546000.0
Norway,2012.0,1646000.0
Norway,2013.0,1347000.0
Norway,2014.0,1783000.0
Norway,2015.0,1644982.0
Norway,2016.0,1672293.0
Norway,2017.0,1699603.0
Pakistan,2000.0,4044000.0
Pakistan,2001.0,4409000.0
Pakistan,2002.0,4890000.0
Pakistan,2003.0,6064000.0
Pakistan,2004.0,7894000.0
Pakistan,2005.0,7714000.0
Pakistan,2006.0,7894000.0
Pakistan,2007.0,10111000.0
Pakistan,2008.0,8391000.0
Pakistan,2009.0,8139000.0
Pakistan,2010.0,7718000.0
Pakistan,2011.0,7670000.0
Pakistan,2012.0,6889000.0
Pakistan,2013.0,6557000.0
Pakistan,2014.0,6311000.0
Pakistan,2015.0,9215000.0
Pakistan,2016.0,9351275.0
Pakistan,2017.0,9487550.0
Panama,2000.0,60000.0
Panama,2001.0,63000.0
Panama,2002.0,45000.0
Panama,2011.0,227000.0
Panama,2012.0,309000.0
Panama,2013.0,327000.0
Panama,2014.0,337000.0
Panama,2015.0,354000.0
Panama,2016.0,368476.0
Panama,2017.0,382952.0
Peru,2000.0,865000.0
Peru,2001.0,702000.0
Peru,2002.0,1079000.0
Peru,2003.0,976000.0
Peru,2004.0,1184000.0
Peru,2005.0,1208000.0
Peru,2006.0,1138000.0
Peru,2007.0,1367000.0
Peru,2008.0,1080000.0
Peru,2009.0,1115000.0
Peru,2010.0,984000.0
Peru,2011.0,623000.0
Peru,2012.0,695000.0
Peru,2013.0,1105000.0
Peru,2014.0,464000.0
Peru,2015.0,570000.0
Peru,2016.0,552667.0
Peru,2017.0,535333.0
Philippines,2000.0,8867000.0
Philippines,2001.0,9070000.0
Philippines,2002.0,8612000.0
Philippines,2003.0,9035000.0
Philippines,2004.0,9757000.0
Philippines,2005.0,10150000.0
Philippines,2006.0,10356000.0
Philippines,2007.0,10668000.0
Philippines,2008.0,12082000.0
Philippines,2009.0,10354000.0
Philippines,2010.0,13517000.0
Philippines,2011.0,15141000.0
Philippines,2012.0,16086000.0
Philippines,2013.0,18105000.0
Philippines,2014.0,17536000.0
Philippines,2015.0,20758000.0
Philippines,2016.0,21526711.0
Philippines,2017.0,22295421.0
Poland,2000.0,136606000.0
Poland,2001.0,138097000.0
Poland,2002.0,137116000.0
Poland,2003.0,140133000.0
Poland,2004.0,139391000.0
Poland,2005.0,138577000.0
Poland,2006.0,137838000.0
Poland,2007.0,133096000.0
Poland,2008.0,139519000.0
Poland,2009.0,132490000.0
Poland,2010.0,130289000.0
Poland,2011.0,140441000.0
Poland,2012.0,140780000.0
Poland,2013.0,135980000.0
Poland,2014.0,131778811.0
Poland,2015.0,128439621.0
Poland,2016.0,127993939.0
Poland,2017.0,127548257.0
Portugal,2000.0,6287000.0
Portugal,2001.0,4807000.0
Portugal,2002.0,5686000.0
Portugal,2003.0,5357000.0
Portugal,2004.0,5257000.0
Portugal,2005.0,5278000.0
Portugal,2006.0,5777000.0
Portugal,2007.0,4770000.0
Portugal,2008.0,3793000.0
Portugal,2009.0,4995000.0
Portugal,2010.0,2660000.0
Portugal,2011.0,3598000.0
Portugal,2012.0,5036000.0
Portugal,2013.0,4246000.0
Portugal,2014.0,4371000.0
Portugal,2015.0,5416000.0
Portugal,2016.0,5340589.0
Portugal,2017.0,5265179.0
Romania,2000.0,32334000.0
Romania,2001.0,36944000.0
Romania,2002.0,34666000.0
Romania,2003.0,37492000.0
Romania,2004.0,36563000.0
Romania,2005.0,35885000.0
Romania,2006.0,39548000.0
Romania,2007.0,41801000.0
Romania,2008.0,40082000.0
Romania,2009.0,35730000.0
Romania,2010.0,33128000.0
Romania,2011.0,37308000.0
Romania,2012.0,35953000.0
Romania,2013.0,26572000.0
Romania,2014.0,25378000.0
Romania,2015.0,26264046.0
Romania,2016.0,25499206.0
Romania,2017.0,24782227.0
Russia,2000.0,228037000.0
Russia,2001.0,233913000.0
Russia,2002.0,213019000.0
Russia,2003.0,224169000.0
Russia,2004.0,210258000.0
Russia,2005.0,217883000.0
Russia,2006.0,218299000.0
Russia,2007.0,212374000.0
Russia,2008.0,236005000.0
Russia,2009.0,192963000.0
Russia,2010.0,190349000.0
Russia,2011.0,202462000.0
Russia,2012.0,227267000.0
Russia,2013.0,213752000.0
Russia,2014.0,202986000.0
Russia,2015.0,221574671.0
Russia,2016.0,220372330.0
Russia,2017.0,219169988.0
Rwanda,2008.0,6000.0
Rwanda,2009.0,19000.0
Rwanda,2010.0,29000.0
Rwanda,2011.0,46000.0
Rwanda,2012.0,46000.0
Rwanda,2013.0,46000.0
Rwanda,2014.0,46000.0
Rwanda,2015.0,52821.0
Rwanda,2016.0,59643.0
Rwanda,2017.0,66464.0
Senegal,2004.0,127000.0
Senegal,2005.0,152000.0
Senegal,2006.0,167000.0
Senegal,2007.0,215000.0
Senegal,2008.0,215000.0
Senegal,2009.0,254000.0
Senegal,2010.0,287000.0
Senegal,2011.0,402000.0
Senegal,2012.0,349000.0
Senegal,2013.0,350000.0
Senegal,2014.0,367000.0
Senegal,2015.0,846000.0
Senegal,2016.0,889318.0
Senegal,2017.0,932636.0
Serbia,2006.0,38284000.0
Serbia,2007.0,38248000.0
Serbia,2008.0,40065000.0
Serbia,2009.0,39407000.0
Serbia,2010.0,39116000.0
Serbia,2011.0,42539000.0
Serbia,2012.0,39044000.0
Serbia,2013.0,40777000.0
Serbia,2014.0,30872000.0
Serbia,2015.0,38309000.0
Serbia,2016.0,38025848.0
Serbia,2017.0,37728697.0
Singapore,2002.0,11000.0
Singapore,2003.0,13000.0
Singapore,2004.0,19000.0
Singapore,2005.0,5000.0
Singapore,2006.0,8000.0
Singapore,2007.0,12000.0
Singapore,2008.0,7000.0
Singapore,2009.0,6000.0
Singapore,2010.0,11000.0
Singapore,2011.0,11000.0
Singapore,2012.0,41000.0
Singapore,2013.0,432000.0
Singapore,2014.0,643000.0
Singapore,2015.0,778000.0
Singapore,2016.0,813742.0
Singapore,2017.0,849483.0
Slovakia,2000.0,9398000.0
Slovakia,2001.0,9122000.0
Slovakia,2002.0,8753000.0
Slovakia,2003.0,9059000.0
Slovakia,2004.0,9041000.0
Slovakia,2005.0,8575000.0
Slovakia,2006.0,8118000.0
Slovakia,2007.0,8572000.0
Slovakia,2008.0,8242000.0
Slovakia,2009.0,7775000.0
Slovakia,2010.0,7061000.0
Slovakia,2011.0,7203000.0
Slovakia,2012.0,7326000.0
Slovakia,2013.0,6738000.0
Slovakia,2014.0,6597000.0
Slovakia,2015.0,6234000.0
Slovakia,2016.0,6024557.0
Slovakia,2017.0,5815114.0
Vietnam,2000.0,8358000.0
Vietnam,2001.0,8672000.0
Vietnam,2002.0,9851000.0
Vietnam,2003.0,10400000.0
Vietnam,2004.0,15713000.0
Vietnam,2005.0,16710000.0
Vietnam,2006.0,10229000.0
Vietnam,2007.0,11195000.0
Vietnam,2008.0,21229000.0
Vietnam,2009.0,19917000.0
Vietnam,2010.0,25988000.0
Vietnam,2011.0,30833000.0
Vietnam,2012.0,28905000.0
Vietnam,2013.0,30533000.0
Vietnam,2014.0,34330000.0
Vietnam,2015.0,41616000.0
Vietnam,2016.0,43656568.0
Vietnam,2017.0,45697136.0
Slovenia,2000.0,4999000.0
Slovenia,2001.0,4639000.0
Slovenia,2002.0,5314000.0
Slovenia,2003.0,5445000.0
Slovenia,2004.0,5451000.0
Slovenia,2005.0,5169000.0
Slovenia,2006.0,5141000.0
Slovenia,2007.0,5224000.0
Slovenia,2008.0,5463000.0
Slovenia,2009.0,4988000.0
Slovenia,2010.0,5034000.0
Slovenia,2011.0,5057000.0
Slovenia,2012.0,4935000.0
Slovenia,2013.0,4455000.0
Slovenia,2014.0,3627000.0
Slovenia,2015.0,3606000.0
Slovenia,2016.0,3515739.0
Slovenia,2017.0,3425478.0
South Africa,2000.0,155399000.0
South Africa,2001.0,155475000.0
South Africa,2002.0,152564000.0
South Africa,2003.0,168806000.0
South Africa,2004.0,176556000.0
South Africa,2005.0,175403000.0
South Africa,2006.0,177880000.0
South Africa,2007.0,182486000.0
South Africa,2008.0,196727000.0
South Africa,2009.0,199488000.0
South Africa,2010.0,189401000.0
South Africa,2011.0,186340000.0
South Africa,2012.0,185157000.0
South Africa,2013.0,182632000.0
South Africa,2014.0,192364000.0
South Africa,2015.0,176005000.0
South Africa,2016.0,177976757.0
South Africa,2017.0,179948514.0
Zimbabwe,2000.0,4297000.0
Zimbabwe,2001.0,4361000.0
Zimbabwe,2002.0,3957000.0
Zimbabwe,2003.0,3253000.0
Zimbabwe,2004.0,3054000.0
Zimbabwe,2005.0,3475000.0
Zimbabwe,2006.0,3355000.0
Zimbabwe,2007.0,3233000.0
Zimbabwe,2008.0,2427000.0
Zimbabwe,2009.0,2544000.0
Zimbabwe,2010.0,2703000.0
Zimbabwe,2011.0,2795000.0
Zimbabwe,2012.0,2872000.0
Zimbabwe,2013.0,2906000.0
Zimbabwe,2014.0,5600000.0
Zimbabwe,2015.0,4112918.0
Zimbabwe,2016.0,4119746.0
Zimbabwe,2017.0,4126575.0
Spain,2000.0,44513000.0
Spain,2001.0,41114000.0
Spain,2002.0,46124000.0
Spain,2003.0,41582000.0
Spain,2004.0,44145000.0
Spain,2005.0,43763000.0
Spain,2006.0,41259000.0
Spain,2007.0,39730000.0
Spain,2008.0,28905000.0
Spain,2009.0,25031000.0
Spain,2010.0,19658000.0
Spain,2011.0,21477000.0
Spain,2012.0,26487000.0
Spain,2013.0,17467000.0
Spain,2014.0,19219000.0
Spain,2015.0,21829900.0
Spain,2016.0,20135110.0
Spain,2017.0,18784363.0
Eswatini,2000.0,348256.0
Eswatini,2001.0,450008.0
Eswatini,2002.0,509814.0
Eswatini,2003.0,410517.0
Eswatini,2004.0,443357.0
Eswatini,2005.0,450946.0
Eswatini,2006.0,443542.0
Eswatini,2007.0,461727.0
Eswatini,2008.0,475558.0
Eswatini,2009.0,481438.0
Eswatini,2010.0,488968.0
Eswatini,2011.0,488968.0
Eswatini,2012.0,488968.0
Eswatini,2013.0,225893.0
Eswatini,2014.0,257645.0
Eswatini,2015.0,250498.0
Eswatini,2016.0,243351.0
Eswatini,2017.0,236204.0
Sweden,2000.0,4465000.0
Sweden,2001.0,4755000.0
Sweden,2002.0,5000000.0
Sweden,2003.0,5315000.0
Sweden,2004.0,5251000.0
Sweden,2005.0,4935000.0
Sweden,2006.0,5642110.0
Sweden,2007.0,5815000.0
Sweden,2008.0,5594000.0
Sweden,2009.0,3955959.0
Sweden,2010.0,5761000.0
Sweden,2011.0,5779000.0
Sweden,2012.0,4066000.0
Sweden,2013.0,4964000.0
Sweden,2014.0,4981000.0
Sweden,2015.0,3290000.0
Sweden,2016.0,3233024.0
Sweden,2017.0,3176048.0
Eastern and South-Eastern Asia,2000.0,1562584096.0
Eastern and South-Eastern Asia,2001.0,1635974327.0
Eastern and South-Eastern Asia,2002.0,1747925068.0
Eastern and South-Eastern Asia,2003.0,2011581111.0
Eastern and South-Eastern Asia,2004.0,2323968862.0
Eastern and South-Eastern Asia,2005.0,2573900971.0
Eastern and South-Eastern Asia,2006.0,2784849717.0
Eastern and South-Eastern Asia,2007.0,3013692469.0
Eastern and South-Eastern Asia,2008.0,3159760498.0
Eastern and South-Eastern Asia,2009.0,3449145939.0
Eastern and South-Eastern Asia,2010.0,3824833973.0
Eastern and South-Eastern Asia,2011.0,4144985016.0
Eastern and South-Eastern Asia,2012.0,4287368017.0
Eastern and South-Eastern Asia,2013.0,4422026263.0
Eastern and South-Eastern Asia,2014.0,4288574233.0
Eastern and South-Eastern Asia,2015.0,4151818045.0
Eastern and South-Eastern Asia,2016.0,4363620909.0
Eastern and South-Eastern Asia,2017.0,4570462773.0
Switzerland,2000.0,284000.0
Switzerland,2001.0,194000.0
Switzerland,2002.0,158000.0
Switzerland,2003.0,114000.0
Switzerland,2004.0,201000.0
Switzerland,2005.0,159000.0
Switzerland,2006.0,260000.0
Switzerland,2007.0,334000.0
Switzerland,2008.0,261000.0
Switzerland,2009.0,271000.0
Switzerland,2010.0,214000.0
Switzerland,2011.0,191000.0
Switzerland,2012.0,215000.0
Switzerland,2013.0,227000.0
Switzerland,2014.0,190000.0
Switzerland,2015.0,223000.0
Switzerland,2016.0,226354.0
Switzerland,2017.0,229707.0
Syria,2000.0,4000.0
Syria,2001.0,4000.0
Syria,2002.0,3000.0
Syria,2003.0,4000.0
Syria,2004.0,4000.0
Syria,2005.0,4000.0
Syria,2006.0,4000.0
Syria,2007.0,4000.0
Syria,2008.0,4000.0
Syria,2009.0,4000.0
Syria,2010.0,4000.0
Syria,2011.0,4000.0
Syria,2012.0,1000.0
Syria,2013.0,1000.0
Syria,2014.0,1000.0
Syria,2015.0,414.0
Tajikistan,2000.0,30000.0
Tajikistan,2001.0,29000.0
Tajikistan,2002.0,41000.0
Tajikistan,2003.0,53000.0
Tajikistan,2004.0,98000.0
Tajikistan,2005.0,103000.0
Tajikistan,2006.0,109000.0
Tajikistan,2007.0,187000.0
Tajikistan,2008.0,205000.0
Tajikistan,2009.0,205000.0
Tajikistan,2010.0,207000.0
Tajikistan,2011.0,229000.0
Tajikistan,2012.0,434000.0
Tajikistan,2013.0,526000.0
Tajikistan,2014.0,925754.0
Tajikistan,2015.0,1124232.0
Tajikistan,2016.0,1176767.0
Tajikistan,2017.0,1229301.0
Thailand,2000.0,21887000.0
Thailand,2001.0,24554000.0
Thailand,2002.0,25198000.0
Thailand,2003.0,25950000.0
Thailand,2004.0,27596000.0
Thailand,2005.0,29450000.0
Thailand,2006.0,30158000.0
Thailand,2007.0,32278000.0
Thailand,2008.0,33919000.0
Thailand,2009.0,34616000.0
Thailand,2010.0,35334000.0
Thailand,2011.0,37939000.0
Thailand,2012.0,36688000.0
Thailand,2013.0,36346000.0
Thailand,2014.0,39300000.0
Thailand,2015.0,38142362.0
Thailand,2016.0,39237020.0
Thailand,2017.0,40331678.0
United Arab Emirates,2001.0,30000.0
United Arab Emirates,2002.0,153000.0
United Arab Emirates,2003.0,180000.0
United Arab Emirates,2004.0,204000.0
United Arab Emirates,2005.0,236000.0
United Arab Emirates,2006.0,457000.0
United Arab Emirates,2007.0,220000.0
United Arab Emirates,2008.0,557000.0
United Arab Emirates,2009.0,894000.0
United Arab Emirates,2010.0,1162000.0
United Arab Emirates,2011.0,2203000.0
United Arab Emirates,2012.0,2827000.0
United Arab Emirates,2013.0,2367000.0
United Arab Emirates,2014.0,2389000.0
United Arab Emirates,2015.0,1969000.0
United Arab Emirates,2016.0,2170432.0
United Arab Emirates,2017.0,2371864.0
Tunisia,2000.0,117000.0
Tunisia,2001.0,107000.0
Tunisia,2002.0,91000.0
Tunisia,2003.0,26000.0
Tunisia,2011.0,21000.0
Tunisia,2012.0,17000.0
Tunisia,2013.0,12097.0
Tunisia,2014.0,7194.0
Tunisia,2015.0,2291.0
Turkey,2000.0,76991000.0
Turkey,2001.0,70659000.0
Turkey,2002.0,66371000.0
Turkey,2003.0,65223000.0
Turkey,2004.0,63194000.0
Turkey,2005.0,76114000.0
Turkey,2006.0,85024000.0
Turkey,2007.0,98751000.0
Turkey,2008.0,99107000.0
Turkey,2009.0,100137000.0
Turkey,2010.0,94905000.0
Turkey,2011.0,100103000.0
Turkey,2012.0,101027000.0
Turkey,2013.0,87544000.0
Turkey,2014.0,95292000.0
Turkey,2015.0,87707000.0
Turkey,2016.0,90032986.0
Turkey,2017.0,92358972.0
Ukraine,2000.0,66294000.0
Ukraine,2001.0,64094000.0
Ukraine,2002.0,64978000.0
Ukraine,2003.0,71056000.0
Ukraine,2004.0,63854000.0
Ukraine,2005.0,64962000.0
Ukraine,2006.0,69630000.0
Ukraine,2007.0,70492000.0
Ukraine,2008.0,68294000.0
Ukraine,2009.0,57320000.0
Ukraine,2010.0,60108000.0
Ukraine,2011.0,67009000.0
Ukraine,2012.0,73144000.0
Ukraine,2013.0,69728000.0
Ukraine,2014.0,54206000.0
Ukraine,2015.0,42530546.0
Ukraine,2016.0,41831061.0
Ukraine,2017.0,41131575.0
North Macedonia,2000.0,7662000.0
North Macedonia,2001.0,8244000.0
North Macedonia,2002.0,7746000.0
North Macedonia,2003.0,7747000.0
North Macedonia,2004.0,7494000.0
North Macedonia,2005.0,7188000.0
North Macedonia,2006.0,6941000.0
North Macedonia,2007.0,6834000.0
North Macedonia,2008.0,7947000.0
North Macedonia,2009.0,7508000.0
North Macedonia,2010.0,6954000.0
North Macedonia,2011.0,8478000.0
North Macedonia,2012.0,7569000.0
North Macedonia,2013.0,6971000.0
North Macedonia,2014.0,6760227.0
North Macedonia,2015.0,6156454.0
North Macedonia,2016.0,6087806.0
North Macedonia,2017.0,6019158.0
Egypt,2000.0,1370000.0
Egypt,2001.0,1197000.0
Egypt,2002.0,1284000.0
Egypt,2003.0,1331000.0
Egypt,2004.0,1361000.0
Egypt,2005.0,1331000.0
Egypt,2006.0,1330000.0
Egypt,2007.0,1209000.0
Egypt,2008.0,1088000.0
Egypt,2009.0,967000.0
Egypt,2010.0,725000.0
Egypt,2011.0,712000.0
Egypt,2012.0,621000.0
Egypt,2013.0,610000.0
Egypt,2014.0,630000.0
Egypt,2015.0,1907757.0
Egypt,2016.0,1831154.0
Egypt,2017.0,1798550.0
United Kingdom,2000.0,53423000.0
United Kingdom,2001.0,66276000.0
United Kingdom,2002.0,57559000.0
United Kingdom,2003.0,59896000.0
United Kingdom,2004.0,60936000.0
United Kingdom,2005.0,64221000.0
United Kingdom,2006.0,69003000.0
United Kingdom,2007.0,60178000.0
United Kingdom,2008.0,61409000.0
United Kingdom,2009.0,54901000.0
United Kingdom,2010.0,43246000.0
United Kingdom,2011.0,49477000.0
United Kingdom,2012.0,60270000.0
United Kingdom,2013.0,62198000.0
United Kingdom,2014.0,53814000.0
United Kingdom,2015.0,34532000.0
United Kingdom,2016.0,33328946.0
United Kingdom,2017.0,32125893.0
Tanzania,2000.0,79000.0
Tanzania,2001.0,78000.0
Tanzania,2002.0,79000.0
Tanzania,2003.0,55000.0
Tanzania,2004.0,65000.0
Tanzania,2005.0,31000.0
Tanzania,2006.0,18000.0
Tanzania,2007.0,27000.0
Tanzania,2008.0,15000.0
Tanzania,2011.0,81000.0
Tanzania,2012.0,79000.0
Tanzania,2013.0,85000.0
Tanzania,2014.0,246000.0
Tanzania,2015.0,405000.0
Tanzania,2016.0,416578.0
Tanzania,2017.0,428156.0
United States,2000.0,933064000.0
United States,2001.0,998795000.0
United States,2002.0,974940000.0
United States,2003.0,957468000.0
United States,2004.0,994923000.0
United States,2005.0,1010476000.0
United States,2006.0,1044948000.0
United States,2007.0,1020020000.0
United States,2008.0,1020956966.0
United States,2009.0,939380276.0
United States,2010.0,925864000.0
United States,2011.0,907985000.0
United States,2012.0,815783000.0
United States,2013.0,792811000.0
United States,2014.0,827503000.0
United States,2015.0,754467705.0
United States,2016.0,737378054.0
United States,2017.0,720288403.0
Uruguay,2000.0,1000.0
Uruguay,2001.0,2000.0
Uruguay,2002.0,2000.0
Uruguay,2003.0,2000.0
Uruguay,2004.0,2000.0
Uruguay,2005.0,2000.0
Uruguay,2006.0,3000.0
Uruguay,2007.0,4000.0
Uruguay,2008.0,2000.0
Uruguay,2009.0,3000.0
Uruguay,2010.0,4000.0
Uruguay,2011.0,2000.0
Uruguay,2012.0,3000.0
Uruguay,2013.0,4000.0
Uruguay,2014.0,3000.0
Uruguay,2015.0,3000.0
Uruguay,2016.0,3100.0
Uruguay,2017.0,3200.0
Uzbekistan,2000.0,3543000.0
Uzbekistan,2001.0,3652000.0
Uzbekistan,2002.0,3647000.0
Uzbekistan,2003.0,2803000.0
Uzbekistan,2004.0,3296000.0
Uzbekistan,2005.0,3185000.0
Uzbekistan,2006.0,3413000.0
Uzbekistan,2007.0,3608000.0
Uzbekistan,2008.0,3518000.0
Uzbekistan,2009.0,3817000.0
Uzbekistan,2010.0,3713000.0
Uzbekistan,2011.0,3905000.0
Uzbekistan,2012.0,3944000.0
Uzbekistan,2013.0,4070000.0
Uzbekistan,2014.0,4356000.0
Uzbekistan,2015.0,4356825.0
Uzbekistan,2016.0,4491175.0
Uzbekistan,2017.0,4625525.0
Venezuela,2001.0,25000.0
Venezuela,2002.0,25000.0
Venezuela,2003.0,59000.0
Venezuela,2005.0,52000.0
Venezuela,2006.0,244000.0
Venezuela,2008.0,193000.0
Venezuela,2009.0,325000.0
Venezuela,2010.0,273000.0
Venezuela,2011.0,281000.0
Venezuela,2012.0,289000.0
Venezuela,2013.0,288000.0
Venezuela,2014.0,270000.0
Venezuela,2015.0,275000.0
Venezuela,2016.0,299461.0
Yemen,2008.0,48000.0
Yemen,2009.0,90000.0
Yemen,2010.0,170000.0
Yemen,2011.0,174000.0
Yemen,2012.0,178000.0
Yemen,2013.0,185000.0
Yemen,2014.0,189000.0
Yemen,2015.0,145000.0
Yemen,2016.0,159560.0
Yemen,2017.0,174119.0
Serbia and Montenegro [former],2000.0,42613000.0
Serbia and Montenegro [former],2001.0,42972000.0
Serbia and Montenegro [former],2002.0,45012000.0
Serbia and Montenegro [former],2003.0,47474000.0
Serbia and Montenegro [former],2004.0,47881000.0
Serbia and Montenegro [former],2005.0,44111000.0
Zambia,2000.0,190000.0
Zambia,2001.0,198000.0
Zambia,2002.0,207000.0
Zambia,2003.0,216000.0
Zambia,2004.0,108000.0
Zambia,2005.0,140000.0
Zambia,2006.0,58000.0
Zambia,2007.0,14000.0
Zambia,2008.0,1000.0
Zambia,2009.0,1000.0
Zambia,2010.0,1000.0
Zambia,2011.0,1000.0
Zambia,2012.0,121000.0
Zambia,2013.0,149000.0
Zambia,2014.0,159000.0
Zambia,2015.0,200000.0
Zambia,2016.0,195254.0
Zambia,2017.0,190507.0
