country,year,value
Austria,2016.0,0.7568
Belgium,2016.0,0.70974
Bulgaria,2016.0,0.69822
Croatia,2016.0,0.77855
Cyprus,2016.0,0.87771
Czechia,2016.0,0.56022
Denmark,2016.0,0.89495
Estonia,2016.0,0.72084
Finland,2016.0,0.82546
France,2016.0,0.78287
Germany,2016.0,0.80057
Greece,2016.0,0.75099
Hungary,2016.0,0.64066
Iran,2015.0,0.71212
Ireland,2016.0,0.83186
Italy,2016.0,0.7284
Jamaica,2015.0,0.92593
Latvia,2016.0,0.77461
Lithuania,2016.0,0.71318
Luxembourg,2016.0,0.81196
Malta,2016.0,0.84879
Norway,2016.0,0.94599
Poland,2016.0,0.6599
Portugal,2016.0,0.73046
Qatar,2015.0,1.13754
Romania,2016.0,0.77251
Slovakia,2016.0,0.59767
Slovenia,2016.0,0.80223
Zimbabwe,2014.0,0.5
Spain,2016.0,0.81655
Sweden,2016.0,0.93197
North Macedonia,2016.0,0.80928
Egypt,2015.0,0.52941
United Kingdom,2016.0,0.90125
